---------------------------------------
Begin Slurm Prolog: Sep-23-2026 17:52:22
Job ID:    13498413
User ID:   wahrens6
Account:   gts-wahrens6
Job name:  statistics-trace
Partition: cpu-medium
QOS:       inferno
---------------------------------------
INFO:root:Using SAPS config: {'environment_type': 'existing:same'}
· Using SAPS config: {'environment_type': 'existing:same'}INFO:root:Using SAPS outputs directory: /storage/scratch1/7/wahrens6/SparseArrayProgrammingSuite/.saps/outputs/chunk-1

· Using SAPS outputs directory: /storage/scratch1/7/wahrens6/SparseArrayProgrammingSuite/.saps/outputs/chunk-1INFO:root:Using SAPS dataset cache: /storage/scratch1/7/wahrens6/SparseArrayProgrammingSuite/.saps/outputs/cache

· Using SAPS dataset cache: /storage/scratch1/7/wahrens6/SparseArrayProgrammingSuite/.saps/outputs/cacheINFO:root:Using SAPS machine files directory: /storage/scratch1/7/wahrens6/SparseArrayProgrammingSuite/.saps/machine_files/chunk-1

· Using SAPS machine files directory: /storage/scratch1/7/wahrens6/SparseArrayProgrammingSuite/.saps/machine_files/chunk-1INFO:root:Discovering benchmarks

· Discovering benchmarksINFO:root:Benchmarking existing-py_storage_home_hcoda1_7_wahrens6_.cache_pypoetry_virtualenvs_saps-RkeCTkZF-py3.12_bin_python3
Discovered 19 benchmark entries for tagger
Using timeout: 30.0 seconds

· Benchmarking existing-py_storage_home_hcoda1_7_wahrens6_.cache_pypoetry_virtualenvs_saps-RkeCTkZF-py3.12_bin_python3INFO:root:GMRES.GMRESBenchmark.time_gmres

·· GMRES.GMRESBenchmark.time_gmres                      14/228 failedINFO:root:================================================= =========
                     dataset                               
------------------------------------------------- ---------
      gmres_test_inputs.test_gmres_random_42         n/a   
     gmres_test_inputs.test_gmres_random_123         n/a   
      gmres_test_inputs.test_gmres_diagonal          n/a   
         gmres_test_inputs.test_gmres_3x3            n/a   
         gmres_test_inputs.test_gmres_4x4            n/a   
           gmres_inputs.Andrews/Andrews              n/a   
           gmres_inputs.Andrianov/ins2               n/a   
          gmres_inputs.Andrianov/net100             failed 
          gmres_inputs.Andrianov/net125              n/a   
          gmres_inputs.Andrianov/net150              n/a   
           gmres_inputs.Andrianov/net25              n/a   
           gmres_inputs.Andrianov/net50             failed 
           gmres_inputs.Andrianov/net75              n/a   
             gmres_inputs.Bai/bfwa62                 n/a   
             gmres_inputs.Bai/bfwb398                n/a   
             gmres_inputs.Bai/bfwb62               13.2±0s 
             gmres_inputs.Bai/bfwb782                n/a   
              gmres_inputs.Bai/ck104                 n/a   
             gmres_inputs.Bai/dw256B                 n/a   
             gmres_inputs.Bai/dwb512               10.6±0s 
             gmres_inputs.Bai/pde225                 n/a   
             gmres_inputs.Bai/rdb200                 n/a   
             gmres_inputs.Bai/rdb200l                n/a   
            gmres_inputs.Bindel/ted_B               failed 
        gmres_inputs.Bindel/ted_B_unscaled           n/a   
       gmres_inputs.Bomhof/circuit_1__rhs0           n/a   
       gmres_inputs.Botonakis/thermomech_TC          n/a   
       gmres_inputs.Botonakis/thermomech_dM         failed 
     gmres_inputs.Bourchtein/atmosmodd__rhs1         n/a   
     gmres_inputs.Bourchtein/atmosmodj__rhs1         n/a   
     gmres_inputs.Bourchtein/atmosmodl__rhs0         n/a   
     gmres_inputs.Bourchtein/atmosmodl__rhs1         n/a   
     gmres_inputs.Bourchtein/atmosmodm__rhs0         n/a   
     gmres_inputs.Bourchtein/atmosmodm__rhs1         n/a   
         gmres_inputs.Brunetiere/thermal             n/a   
              gmres_inputs.CPM/cz148               11.8±0s 
         gmres_inputs.Cunningham/m3plates            n/a   
          gmres_inputs.Cunningham/qa8fk              n/a   
          gmres_inputs.Cunningham/qa8fm              n/a   
       gmres_inputs.FEMLAB/poisson2D__rhs0         13.3±0s 
           gmres_inputs.FEMLAB/problem1              n/a   
             gmres_inputs.FIDAP/ex29                 n/a   
             gmres_inputs.FIDAP/ex37                 n/a   
              gmres_inputs.FIDAP/ex5               10.1±0s 
              gmres_inputs.FIDAP/ex7                 n/a   
       gmres_inputs.Freescale/circuit5M_dc           n/a   
         gmres_inputs.GHS_indef/blockqp1             n/a   
        gmres_inputs.GHS_indef/boyd1__rhs0           n/a   
        gmres_inputs.GHS_indef/boyd2__rhs0          failed 
           gmres_inputs.GHS_indef/laser              n/a   
          gmres_inputs.GHS_indef/qpband              n/a   
         gmres_inputs.GHS_psdef/jnlbrng1             n/a   
         gmres_inputs.GHS_psdef/minsurfo            failed 
         gmres_inputs.GHS_psdef/obstclae             n/a   
         gmres_inputs.GHS_psdef/wathen120            n/a   
          gmres_inputs.Grund/b1_ss__rhs0             n/a   
             gmres_inputs.Grund/meg4                failed 
          gmres_inputs.Grund/poli__rhs0              n/a   
             gmres_inputs.Grund/poli3                n/a   
             gmres_inputs.Grund/poli4                n/a   
          gmres_inputs.Grund/poli_large            21.9±0s 
              gmres_inputs.HB/arc130                 n/a   
             gmres_inputs.HB/bcspwr01                n/a   
             gmres_inputs.HB/bcspwr02                n/a   
             gmres_inputs.HB/bcsstk01              10.6±0s 
             gmres_inputs.HB/bcsstk02                n/a   
             gmres_inputs.HB/bcsstk20                n/a   
             gmres_inputs.HB/bcsstm01                n/a   
             gmres_inputs.HB/bcsstm02              10.0±0s 
             gmres_inputs.HB/bcsstm03                n/a   
             gmres_inputs.HB/bcsstm04                n/a   
             gmres_inputs.HB/bcsstm05                n/a   
             gmres_inputs.HB/bcsstm06              10.5±0s 
             gmres_inputs.HB/bcsstm08                n/a   
             gmres_inputs.HB/bcsstm09                n/a   
             gmres_inputs.HB/bcsstm11                n/a   
             gmres_inputs.HB/bcsstm19              11.2±0s 
             gmres_inputs.HB/bcsstm20                n/a   
             gmres_inputs.HB/bcsstm21                n/a   
             gmres_inputs.HB/bcsstm22                n/a   
             gmres_inputs.HB/can_144               11.7±0s 
              gmres_inputs.HB/can_24                 n/a   
              gmres_inputs.HB/can_61                 n/a   
              gmres_inputs.HB/can_73                 n/a   
             gmres_inputs.HB/curtis54              10.7±0s 
             gmres_inputs.HB/fs_541_1                n/a   
             gmres_inputs.HB/fs_760_1                n/a   
             gmres_inputs.HB/fs_760_2                n/a   
             gmres_inputs.HB/fs_760_3              16.2±0s 
             gmres_inputs.HB/gr_30_30                n/a   
             gmres_inputs.HB/jpwh_991                n/a   
              gmres_inputs.HB/lap_25                 n/a   
               gmres_inputs.HB/nos4                12.0±0s 
               gmres_inputs.HB/nos7                  n/a   
          gmres_inputs.HB/orani678__rhs1             n/a   
         gmres_inputs.HB/orani678__rhs10             n/a   
         gmres_inputs.HB/orani678__rhs11             n/a   
         gmres_inputs.HB/orani678__rhs12             n/a   
         gmres_inputs.HB/orani678__rhs14             n/a   
         gmres_inputs.HB/orani678__rhs15             n/a   
         gmres_inputs.HB/orani678__rhs16             n/a   
         gmres_inputs.HB/orani678__rhs17             n/a   
         gmres_inputs.HB/orani678__rhs18             n/a   
         gmres_inputs.HB/orani678__rhs19             n/a   
          gmres_inputs.HB/orani678__rhs2             n/a   
          gmres_inputs.HB/orani678__rhs3             n/a   
          gmres_inputs.HB/orani678__rhs4             n/a   
          gmres_inputs.HB/orani678__rhs5             n/a   
          gmres_inputs.HB/orani678__rhs6             n/a   
         gmres_inputs.HB/orani678__rhs62             n/a   
          gmres_inputs.HB/orani678__rhs7             n/a   
          gmres_inputs.HB/orani678__rhs8             n/a   
             gmres_inputs.HB/pores_1                 n/a   
             gmres_inputs.HB/psmigr_3              19.9±0s 
              gmres_inputs.HB/steam2                 n/a   
              gmres_inputs.HB/steam3                 n/a   
              gmres_inputs.HB/watt_1                 n/a   
              gmres_inputs.HB/watt_2               9.95±0s 
        gmres_inputs.Hamrle/Hamrle1__rhs0            n/a   
               gmres_inputs.MKS/fp                   n/a   
            gmres_inputs.MathWorks/Muu               n/a   
        gmres_inputs.MathWorks/tomography          10.4±0s 
      gmres_inputs.MaxPlanck/shallow_water1          n/a   
      gmres_inputs.MaxPlanck/shallow_water2          n/a   
          gmres_inputs.Morandini/rotor1              n/a   
           gmres_inputs.Mulvey/finan512             failed 
         gmres_inputs.Nasa/nasa2146__rhs0            n/a   
           gmres_inputs.Nemeth/nemeth02              n/a   
           gmres_inputs.Nemeth/nemeth03              n/a   
           gmres_inputs.Nemeth/nemeth04            13.3±0s 
           gmres_inputs.Nemeth/nemeth05              n/a   
           gmres_inputs.Nemeth/nemeth06              n/a   
           gmres_inputs.Nemeth/nemeth07              n/a   
           gmres_inputs.Nemeth/nemeth08            12.6±0s 
           gmres_inputs.Nemeth/nemeth09              n/a   
           gmres_inputs.Nemeth/nemeth10              n/a   
           gmres_inputs.Nemeth/nemeth11              n/a   
           gmres_inputs.Nemeth/nemeth12            17.4±0s 
           gmres_inputs.Nemeth/nemeth13              n/a   
           gmres_inputs.Nemeth/nemeth16              n/a   
           gmres_inputs.Nemeth/nemeth17              n/a   
           gmres_inputs.Nemeth/nemeth18             failed 
           gmres_inputs.Nemeth/nemeth19              n/a   
           gmres_inputs.Nemeth/nemeth20              n/a   
           gmres_inputs.Nemeth/nemeth21              n/a   
           gmres_inputs.Nemeth/nemeth22            18.1±0s 
           gmres_inputs.Nemeth/nemeth23              n/a   
           gmres_inputs.Nemeth/nemeth24              n/a   
           gmres_inputs.Nemeth/nemeth25              n/a   
           gmres_inputs.Nemeth/nemeth26            11.9±0s 
             gmres_inputs.Norris/fv1                 n/a   
             gmres_inputs.Norris/fv2                 n/a   
            gmres_inputs.Norris/torso2               n/a   
          gmres_inputs.Oberwolfach/LF10            10.3±0s 
          gmres_inputs.Oberwolfach/LFAT5             n/a   
             gmres_inputs.PARSEC/Si2                 n/a   
           gmres_inputs.Pothen/mesh1e1               n/a   
           gmres_inputs.Pothen/mesh1em1            10.2±0s 
           gmres_inputs.Pothen/mesh1em6              n/a   
           gmres_inputs.Pothen/mesh2e1               n/a   
           gmres_inputs.Pothen/mesh2em5              n/a   
           gmres_inputs.Pothen/mesh3e1             10.4±0s 
           gmres_inputs.Pothen/mesh3em5              n/a   
           gmres_inputs.Pothen/sphere2               n/a   
          gmres_inputs.Precima/analytics             n/a   
            gmres_inputs.Rajat/rajat13              failed 
         gmres_inputs.Rommes/bips98_1450             n/a   
          gmres_inputs.Rommes/bips98_606             n/a   
        gmres_inputs.Rommes/ww_36_pmec_36            n/a   
          gmres_inputs.Sandia/ASIC_100k             failed 
          gmres_inputs.Sandia/ASIC_100ks             n/a   
          gmres_inputs.Sandia/ASIC_320ks             n/a   
          gmres_inputs.Sandia/ASIC_680k              n/a   
          gmres_inputs.Sandia/ASIC_680ks             n/a   
        gmres_inputs.Sandia/adder_dcop_31           failed 
        gmres_inputs.Sandia/adder_dcop_32            n/a   
        gmres_inputs.Sandia/adder_dcop_33            n/a   
        gmres_inputs.Sandia/adder_dcop_34            n/a   
        gmres_inputs.Sandia/adder_dcop_35           failed 
        gmres_inputs.Sandia/adder_dcop_36            n/a   
        gmres_inputs.Sandia/adder_dcop_37            n/a   
        gmres_inputs.Sandia/adder_dcop_38            n/a   
        gmres_inputs.Sandia/adder_dcop_40          26.1±0s 
        gmres_inputs.Sandia/adder_dcop_41            n/a   
        gmres_inputs.Sandia/adder_dcop_42            n/a   
        gmres_inputs.Sandia/adder_dcop_43            n/a   
        gmres_inputs.Sandia/adder_dcop_44          27.8±0s 
        gmres_inputs.Sandia/adder_dcop_45            n/a   
        gmres_inputs.Sandia/adder_dcop_46            n/a   
        gmres_inputs.Sandia/adder_dcop_47            n/a   
        gmres_inputs.Sandia/adder_dcop_48          24.3±0s 
        gmres_inputs.Sandia/adder_dcop_49            n/a   
        gmres_inputs.Sandia/adder_dcop_50            n/a   
        gmres_inputs.Sandia/adder_dcop_51            n/a   
        gmres_inputs.Sandia/adder_dcop_52          24.3±0s 
        gmres_inputs.Sandia/adder_dcop_53            n/a   
        gmres_inputs.Sandia/adder_dcop_54            n/a   
        gmres_inputs.Sandia/adder_dcop_55            n/a   
        gmres_inputs.Sandia/adder_dcop_57          26.0±0s 
        gmres_inputs.Sandia/adder_dcop_58            n/a   
        gmres_inputs.Sandia/adder_dcop_59            n/a   
        gmres_inputs.Sandia/adder_dcop_60            n/a   
        gmres_inputs.Sandia/adder_dcop_61          18.9±0s 
        gmres_inputs.Sandia/adder_dcop_62            n/a   
        gmres_inputs.Sandia/adder_dcop_63            n/a   
        gmres_inputs.Sandia/adder_dcop_64            n/a   
        gmres_inputs.Sandia/adder_dcop_65          18.9±0s 
        gmres_inputs.Sandia/adder_dcop_66            n/a   
        gmres_inputs.Sandia/adder_dcop_67            n/a   
        gmres_inputs.Sandia/adder_dcop_68            n/a   
        gmres_inputs.Sandia/adder_dcop_69          19.0±0s 
        gmres_inputs.Sandia/adder_trans_01           n/a   
        gmres_inputs.Sandia/adder_trans_02           n/a   
      gmres_inputs.Sandia/mult_dcop_02__rhs0         n/a   
     gmres_inputs.Schenk_AFE/af_shell3__rhs0         n/a   
     gmres_inputs.Schenk_AFE/af_shell4__rhs0         n/a   
     gmres_inputs.Schenk_AFE/af_shell7__rhs0         n/a   
     gmres_inputs.Schenk_AFE/af_shell8__rhs0         n/a   
        gmres_inputs.Simon/raefsky5__rhs0           failed 
       gmres_inputs.TOKAMAK/utm1700b__rhs0           n/a   
        gmres_inputs.TOKAMAK/utm3060__rhs0           n/a   
       gmres_inputs.VDOL/hangGlider_1__rhs0          n/a   
 gmres_inputs.VDOL/tumorAntiAngiogenesis_1__rhs0   2.62±0s 
 gmres_inputs.VDOL/tumorAntiAngiogenesis_2__rhs0     n/a   
              gmres_inputs.VLSI/ss1                  n/a   
             gmres_inputs.Wang/swang1                n/a   
             gmres_inputs.Wang/swang2              19.7±0s 
             gmres_inputs.Zhao/Zhao1                 n/a   
================================================= =========
For parameters: gmres_inputs.Andrianov/net100
INFO root: Dataset suitesparse_matrix.Andrianov/net100 found in cache.


asv: benchmark timed out (timeout 30.0s)

For parameters: gmres_inputs.Andrianov/net50
INFO root: Dataset suitesparse_matrix.Andrianov/net50 found in cache.


asv: benchmark timed out (timeout 30.0s)

For parameters: gmres_inputs.Bai/bfwb62
INFO root: Dataset suitesparse_matrix.Bai/bfwb62 found in cache.

For parameters: gmres_inputs.Bai/dwb512
INFO root: Dataset suitesparse_matrix.Bai/dwb512 found in cache.

For parameters: gmres_inputs.Bindel/ted_B
INFO root: Dataset suitesparse_matrix.Bindel/ted_B found in cache.


asv: benchmark timed out (timeout 30.0s)

For parameters: gmres_inputs.Botonakis/thermomech_dM
INFO root: Dataset suitesparse_matrix.Botonakis/thermomech_dM found in cache.


asv: benchmark timed out (timeout 30.0s)

For parameters: gmres_inputs.CPM/cz148
INFO root: Dataset suitesparse_matrix.CPM/cz148 found in cache.

For parameters: gmres_inputs.FEMLAB/poisson2D__rhs0
INFO root: Dataset suitesparse_matrix.FEMLAB/poisson2D found in cache.

For parameters: gmres_inputs.FIDAP/ex5
INFO root: Dataset suitesparse_matrix.FIDAP/ex5 found in cache.

For parameters: gmres_inputs.GHS_indef/boyd2__rhs0
INFO root: Dataset suitesparse_matrix.GHS_indef/boyd2 found in cache.


asv: benchmark timed out (timeout 30.0s)

For parameters: gmres_inputs.GHS_psdef/minsurfo
INFO root: Dataset suitesparse_matrix.GHS_psdef/minsurfo found in cache.


asv: benchmark timed out (timeout 30.0s)

For parameters: gmres_inputs.Grund/meg4
INFO root: Dataset suitesparse_matrix.Grund/meg4 found in cache.


asv: benchmark timed out (timeout 30.0s)

For parameters: gmres_inputs.Grund/poli_large
INFO root: Dataset suitesparse_matrix.Grund/poli_large found in cache.

For parameters: gmres_inputs.HB/bcsstk01
INFO root: Dataset suitesparse_matrix.HB/bcsstk01 found in cache.

For parameters: gmres_inputs.HB/bcsstm02
INFO root: Dataset suitesparse_matrix.HB/bcsstm02 found in cache.

For parameters: gmres_inputs.HB/bcsstm06
INFO root: Dataset suitesparse_matrix.HB/bcsstm06 found in cache.

For parameters: gmres_inputs.HB/bcsstm19
INFO root: Dataset suitesparse_matrix.HB/bcsstm19 found in cache.

For parameters: gmres_inputs.HB/can_144
INFO root: Dataset suitesparse_matrix.HB/can_144 found in cache.

For parameters: gmres_inputs.HB/curtis54
INFO root: Dataset suitesparse_matrix.HB/curtis54 found in cache.

For parameters: gmres_inputs.HB/fs_760_3
INFO root: Dataset suitesparse_matrix.HB/fs_760_3 found in cache.

For parameters: gmres_inputs.HB/nos4
INFO root: Dataset suitesparse_matrix.HB/nos4 found in cache.

For parameters: gmres_inputs.HB/psmigr_3
INFO root: Dataset suitesparse_matrix.HB/psmigr_3 found in cache.

For parameters: gmres_inputs.HB/watt_2
INFO root: Dataset suitesparse_matrix.HB/watt_2 found in cache.

For parameters: gmres_inputs.MathWorks/tomography
INFO root: Dataset suitesparse_matrix.MathWorks/tomography found in cache.

For parameters: gmres_inputs.Mulvey/finan512
INFO root: Dataset suitesparse_matrix.Mulvey/finan512 found in cache.


asv: benchmark timed out (timeout 30.0s)

For parameters: gmres_inputs.Nemeth/nemeth04
INFO root: Dataset suitesparse_matrix.Nemeth/nemeth04 found in cache.

For parameters: gmres_inputs.Nemeth/nemeth08
INFO root: Dataset suitesparse_matrix.Nemeth/nemeth08 found in cache.

For parameters: gmres_inputs.Nemeth/nemeth12
INFO root: Dataset suitesparse_matrix.Nemeth/nemeth12 found in cache.

For parameters: gmres_inputs.Nemeth/nemeth18
INFO root: Dataset suitesparse_matrix.Nemeth/nemeth18 found in cache.


asv: benchmark timed out (timeout 30.0s)

For parameters: gmres_inputs.Nemeth/nemeth22
INFO root: Dataset suitesparse_matrix.Nemeth/nemeth22 found in cache.

For parameters: gmres_inputs.Nemeth/nemeth26
INFO root: Dataset suitesparse_matrix.Nemeth/nemeth26 found in cache.

For parameters: gmres_inputs.Oberwolfach/LF10
INFO root: Dataset suitesparse_matrix.Oberwolfach/LF10 found in cache.

For parameters: gmres_inputs.Pothen/mesh1em1
INFO root: Dataset suitesparse_matrix.Pothen/mesh1em1 found in cache.

For parameters: gmres_inputs.Pothen/mesh3e1
INFO root: Dataset suitesparse_matrix.Pothen/mesh3e1 found in cache.

For parameters: gmres_inputs.Rajat/rajat13
INFO root: Dataset suitesparse_matrix.Rajat/rajat13 found in cache.


asv: benchmark timed out (timeout 30.0s)

For parameters: gmres_inputs.Sandia/ASIC_100k
INFO root: Dataset suitesparse_matrix.Sandia/ASIC_100k found in cache.


asv: benchmark timed out (timeout 30.0s)

For parameters: gmres_inputs.Sandia/adder_dcop_31
INFO root: Dataset suitesparse_matrix.Sandia/adder_dcop_31 found in cache.


asv: benchmark timed out (timeout 30.0s)

For parameters: gmres_inputs.Sandia/adder_dcop_35
INFO root: Dataset suitesparse_matrix.Sandia/adder_dcop_35 found in cache.


asv: benchmark timed out (timeout 30.0s)

For parameters: gmres_inputs.Sandia/adder_dcop_40
INFO root: Dataset suitesparse_matrix.Sandia/adder_dcop_40 found in cache.

For parameters: gmres_inputs.Sandia/adder_dcop_44
INFO root: Dataset suitesparse_matrix.Sandia/adder_dcop_44 found in cache.

For parameters: gmres_inputs.Sandia/adder_dcop_48
INFO root: Dataset suitesparse_matrix.Sandia/adder_dcop_48 found in cache.

For parameters: gmres_inputs.Sandia/adder_dcop_52
INFO root: Dataset suitesparse_matrix.Sandia/adder_dcop_52 found in cache.

For parameters: gmres_inputs.Sandia/adder_dcop_57
INFO root: Dataset suitesparse_matrix.Sandia/adder_dcop_57 found in cache.

For parameters: gmres_inputs.Sandia/adder_dcop_61
INFO root: Dataset suitesparse_matrix.Sandia/adder_dcop_61 found in cache.

For parameters: gmres_inputs.Sandia/adder_dcop_65
INFO root: Dataset suitesparse_matrix.Sandia/adder_dcop_65 found in cache.

For parameters: gmres_inputs.Sandia/adder_dcop_69
INFO root: Dataset suitesparse_matrix.Sandia/adder_dcop_69 found in cache.

For parameters: gmres_inputs.Simon/raefsky5__rhs0
INFO root: Dataset suitesparse_matrix.Simon/raefsky5 found in cache.


asv: benchmark timed out (timeout 30.0s)

For parameters: gmres_inputs.VDOL/tumorAntiAngiogenesis_1__rhs0
INFO root: Dataset suitesparse_matrix.VDOL/tumorAntiAngiogenesis_1 found in cache.

For parameters: gmres_inputs.Wang/swang2
INFO root: Dataset suitesparse_matrix.Wang/swang2 found in cache.

·· ================================================= =========
                        dataset                               
   ------------------------------------------------- ---------
         gmres_test_inputs.test_gmres_random_42         n/a   
        gmres_test_inputs.test_gmres_random_123         n/a   
         gmres_test_inputs.test_gmres_diagonal          n/a   
            gmres_test_inputs.test_gmres_3x3            n/a   
            gmres_test_inputs.test_gmres_4x4            n/a   
              gmres_inputs.Andrews/Andrews              n/a   
              gmres_inputs.Andrianov/ins2               n/a   
             gmres_inputs.Andrianov/net100             failed 
             gmres_inputs.Andrianov/net125              n/a   
             gmres_inputs.Andrianov/net150              n/a   
              gmres_inputs.Andrianov/net25              n/a   
              gmres_inputs.Andrianov/net50             failed 
              gmres_inputs.Andrianov/net75              n/a   
                gmres_inputs.Bai/bfwa62                 n/a   
                gmres_inputs.Bai/bfwb398                n/a   
                gmres_inputs.Bai/bfwb62               13.2±0s 
                gmres_inputs.Bai/bfwb782                n/a   
                 gmres_inputs.Bai/ck104                 n/a   
                gmres_inputs.Bai/dw256B                 n/a   
                gmres_inputs.Bai/dwb512               10.6±0s 
                gmres_inputs.Bai/pde225                 n/a   
                gmres_inputs.Bai/rdb200                 n/a   
                gmres_inputs.Bai/rdb200l                n/a   
               gmres_inputs.Bindel/ted_B               failed 
           gmres_inputs.Bindel/ted_B_unscaled           n/a   
          gmres_inputs.Bomhof/circuit_1__rhs0           n/a   
          gmres_inputs.Botonakis/thermomech_TC          n/a   
          gmres_inputs.Botonakis/thermomech_dM         failed 
        gmres_inputs.Bourchtein/atmosmodd__rhs1         n/a   
        gmres_inputs.Bourchtein/atmosmodj__rhs1         n/a   
        gmres_inputs.Bourchtein/atmosmodl__rhs0         n/a   
        gmres_inputs.Bourchtein/atmosmodl__rhs1         n/a   
        gmres_inputs.Bourchtein/atmosmodm__rhs0         n/a   
        gmres_inputs.Bourchtein/atmosmodm__rhs1         n/a   
            gmres_inputs.Brunetiere/thermal             n/a   
                 gmres_inputs.CPM/cz148               11.8±0s 
            gmres_inputs.Cunningham/m3plates            n/a   
             gmres_inputs.Cunningham/qa8fk              n/a   
             gmres_inputs.Cunningham/qa8fm              n/a   
          gmres_inputs.FEMLAB/poisson2D__rhs0         13.3±0s 
              gmres_inputs.FEMLAB/problem1              n/a   
                gmres_inputs.FIDAP/ex29                 n/a   
                gmres_inputs.FIDAP/ex37                 n/a   
                 gmres_inputs.FIDAP/ex5               10.1±0s 
                 gmres_inputs.FIDAP/ex7                 n/a   
          gmres_inputs.Freescale/circuit5M_dc           n/a   
            gmres_inputs.GHS_indef/blockqp1             n/a   
           gmres_inputs.GHS_indef/boyd1__rhs0           n/a   
           gmres_inputs.GHS_indef/boyd2__rhs0          failed 
              gmres_inputs.GHS_indef/laser              n/a   
             gmres_inputs.GHS_indef/qpband              n/a   
            gmres_inputs.GHS_psdef/jnlbrng1             n/a   
            gmres_inputs.GHS_psdef/minsurfo            failed 
            gmres_inputs.GHS_psdef/obstclae             n/a   
            gmres_inputs.GHS_psdef/wathen120            n/a   
             gmres_inputs.Grund/b1_ss__rhs0             n/a   
                gmres_inputs.Grund/meg4                failed 
             gmres_inputs.Grund/poli__rhs0              n/a   
                gmres_inputs.Grund/poli3                n/a   
                gmres_inputs.Grund/poli4                n/a   
             gmres_inputs.Grund/poli_large            21.9±0s 
                 gmres_inputs.HB/arc130                 n/a   
                gmres_inputs.HB/bcspwr01                n/a   
                gmres_inputs.HB/bcspwr02                n/a   
                gmres_inputs.HB/bcsstk01              10.6±0s 
                gmres_inputs.HB/bcsstk02                n/a   
                gmres_inputs.HB/bcsstk20                n/a   
                gmres_inputs.HB/bcsstm01                n/a   
                gmres_inputs.HB/bcsstm02              10.0±0s 
                gmres_inputs.HB/bcsstm03                n/a   
                gmres_inputs.HB/bcsstm04                n/a   
                gmres_inputs.HB/bcsstm05                n/a   
                gmres_inputs.HB/bcsstm06              10.5±0s 
                gmres_inputs.HB/bcsstm08                n/a   
                gmres_inputs.HB/bcsstm09                n/a   
                gmres_inputs.HB/bcsstm11                n/a   
                gmres_inputs.HB/bcsstm19              11.2±0s 
                gmres_inputs.HB/bcsstm20                n/a   
                gmres_inputs.HB/bcsstm21                n/a   
                gmres_inputs.HB/bcsstm22                n/a   
                gmres_inputs.HB/can_144               11.7±0s 
                 gmres_inputs.HB/can_24                 n/a   
                 gmres_inputs.HB/can_61                 n/a   
                 gmres_inputs.HB/can_73                 n/a   
                gmres_inputs.HB/curtis54              10.7±0s 
                gmres_inputs.HB/fs_541_1                n/a   
                gmres_inputs.HB/fs_760_1                n/a   
                gmres_inputs.HB/fs_760_2                n/a   
                gmres_inputs.HB/fs_760_3              16.2±0s 
                gmres_inputs.HB/gr_30_30                n/a   
                gmres_inputs.HB/jpwh_991                n/a   
                 gmres_inputs.HB/lap_25                 n/a   
                  gmres_inputs.HB/nos4                12.0±0s 
                  gmres_inputs.HB/nos7                  n/a   
             gmres_inputs.HB/orani678__rhs1             n/a   
            gmres_inputs.HB/orani678__rhs10             n/a   
            gmres_inputs.HB/orani678__rhs11             n/a   
            gmres_inputs.HB/orani678__rhs12             n/a   
            gmres_inputs.HB/orani678__rhs14             n/a   
            gmres_inputs.HB/orani678__rhs15             n/a   
            gmres_inputs.HB/orani678__rhs16             n/a   
            gmres_inputs.HB/orani678__rhs17             n/a   
            gmres_inputs.HB/orani678__rhs18             n/a   
            gmres_inputs.HB/orani678__rhs19             n/a   
             gmres_inputs.HB/orani678__rhs2             n/a   
             gmres_inputs.HB/orani678__rhs3             n/a   
             gmres_inputs.HB/orani678__rhs4             n/a   
             gmres_inputs.HB/orani678__rhs5             n/a   
             gmres_inputs.HB/orani678__rhs6             n/a   
            gmres_inputs.HB/orani678__rhs62             n/a   
             gmres_inputs.HB/orani678__rhs7             n/a   
             gmres_inputs.HB/orani678__rhs8             n/a   
                gmres_inputs.HB/pores_1                 n/a   
                gmres_inputs.HB/psmigr_3              19.9±0s 
                 gmres_inputs.HB/steam2                 n/a   
                 gmres_inputs.HB/steam3                 n/a   
                 gmres_inputs.HB/watt_1                 n/a   
                 gmres_inputs.HB/watt_2               9.95±0s 
           gmres_inputs.Hamrle/Hamrle1__rhs0            n/a   
                  gmres_inputs.MKS/fp                   n/a   
               gmres_inputs.MathWorks/Muu               n/a   
           gmres_inputs.MathWorks/tomography          10.4±0s 
         gmres_inputs.MaxPlanck/shallow_water1          n/a   
         gmres_inputs.MaxPlanck/shallow_water2          n/a   
             gmres_inputs.Morandini/rotor1              n/a   
              gmres_inputs.Mulvey/finan512             failed 
            gmres_inputs.Nasa/nasa2146__rhs0            n/a   
              gmres_inputs.Nemeth/nemeth02              n/a   
              gmres_inputs.Nemeth/nemeth03              n/a   
              gmres_inputs.Nemeth/nemeth04            13.3±0s 
              gmres_inputs.Nemeth/nemeth05              n/a   
              gmres_inputs.Nemeth/nemeth06              n/a   
              gmres_inputs.Nemeth/nemeth07              n/a   
              gmres_inputs.Nemeth/nemeth08            12.6±0s 
              gmres_inputs.Nemeth/nemeth09              n/a   
              gmres_inputs.Nemeth/nemeth10              n/a   
              gmres_inputs.Nemeth/nemeth11              n/a   
              gmres_inputs.Nemeth/nemeth12            17.4±0s 
              gmres_inputs.Nemeth/nemeth13              n/a   
              gmres_inputs.Nemeth/nemeth16              n/a   
              gmres_inputs.Nemeth/nemeth17              n/a   
              gmres_inputs.Nemeth/nemeth18             failed 
              gmres_inputs.Nemeth/nemeth19              n/a   
              gmres_inputs.Nemeth/nemeth20              n/a   
              gmres_inputs.Nemeth/nemeth21              n/a   
              gmres_inputs.Nemeth/nemeth22            18.1±0s 
              gmres_inputs.Nemeth/nemeth23              n/a   
              gmres_inputs.Nemeth/nemeth24              n/a   
              gmres_inputs.Nemeth/nemeth25              n/a   
              gmres_inputs.Nemeth/nemeth26            11.9±0s 
                gmres_inputs.Norris/fv1                 n/a   
                gmres_inputs.Norris/fv2                 n/a   
               gmres_inputs.Norris/torso2               n/a   
             gmres_inputs.Oberwolfach/LF10            10.3±0s 
             gmres_inputs.Oberwolfach/LFAT5             n/a   
                gmres_inputs.PARSEC/Si2                 n/a   
              gmres_inputs.Pothen/mesh1e1               n/a   
              gmres_inputs.Pothen/mesh1em1            10.2±0s 
              gmres_inputs.Pothen/mesh1em6              n/a   
              gmres_inputs.Pothen/mesh2e1               n/a   
              gmres_inputs.Pothen/mesh2em5              n/a   
              gmres_inputs.Pothen/mesh3e1             10.4±0s 
              gmres_inputs.Pothen/mesh3em5              n/a   
              gmres_inputs.Pothen/sphere2               n/a   
             gmres_inputs.Precima/analytics             n/a   
               gmres_inputs.Rajat/rajat13              failed 
            gmres_inputs.Rommes/bips98_1450             n/a   
             gmres_inputs.Rommes/bips98_606             n/a   
           gmres_inputs.Rommes/ww_36_pmec_36            n/a   
             gmres_inputs.Sandia/ASIC_100k             failed 
             gmres_inputs.Sandia/ASIC_100ks             n/a   
             gmres_inputs.Sandia/ASIC_320ks             n/a   
             gmres_inputs.Sandia/ASIC_680k              n/a   
             gmres_inputs.Sandia/ASIC_680ks             n/a   
           gmres_inputs.Sandia/adder_dcop_31           failed 
           gmres_inputs.Sandia/adder_dcop_32            n/a   
           gmres_inputs.Sandia/adder_dcop_33            n/a   
           gmres_inputs.Sandia/adder_dcop_34            n/a   
           gmres_inputs.Sandia/adder_dcop_35           failed 
           gmres_inputs.Sandia/adder_dcop_36            n/a   
           gmres_inputs.Sandia/adder_dcop_37            n/a   
           gmres_inputs.Sandia/adder_dcop_38            n/a   
           gmres_inputs.Sandia/adder_dcop_40          26.1±0s 
           gmres_inputs.Sandia/adder_dcop_41            n/a   
           gmres_inputs.Sandia/adder_dcop_42            n/a   
           gmres_inputs.Sandia/adder_dcop_43            n/a   
           gmres_inputs.Sandia/adder_dcop_44          27.8±0s 
           gmres_inputs.Sandia/adder_dcop_45            n/a   
           gmres_inputs.Sandia/adder_dcop_46            n/a   
           gmres_inputs.Sandia/adder_dcop_47            n/a   
           gmres_inputs.Sandia/adder_dcop_48          24.3±0s 
           gmres_inputs.Sandia/adder_dcop_49            n/a   
           gmres_inputs.Sandia/adder_dcop_50            n/a   
           gmres_inputs.Sandia/adder_dcop_51            n/a   
           gmres_inputs.Sandia/adder_dcop_52          24.3±0s 
           gmres_inputs.Sandia/adder_dcop_53            n/a   
           gmres_inputs.Sandia/adder_dcop_54            n/a   
           gmres_inputs.Sandia/adder_dcop_55            n/a   
           gmres_inputs.Sandia/adder_dcop_57          26.0±0s 
           gmres_inputs.Sandia/adder_dcop_58            n/a   
           gmres_inputs.Sandia/adder_dcop_59            n/a   
           gmres_inputs.Sandia/adder_dcop_60            n/a   
           gmres_inputs.Sandia/adder_dcop_61          18.9±0s 
           gmres_inputs.Sandia/adder_dcop_62            n/a   
           gmres_inputs.Sandia/adder_dcop_63            n/a   
           gmres_inputs.Sandia/adder_dcop_64            n/a   
           gmres_inputs.Sandia/adder_dcop_65          18.9±0s 
           gmres_inputs.Sandia/adder_dcop_66            n/a   
           gmres_inputs.Sandia/adder_dcop_67            n/a   
           gmres_inputs.Sandia/adder_dcop_68            n/a   
           gmres_inputs.Sandia/adder_dcop_69          19.0±0s 
           gmres_inputs.Sandia/adder_trans_01           n/a   
           gmres_inputs.Sandia/adder_trans_02           n/a   
         gmres_inputs.Sandia/mult_dcop_02__rhs0         n/a   
        gmres_inputs.Schenk_AFE/af_shell3__rhs0         n/a   
        gmres_inputs.Schenk_AFE/af_shell4__rhs0         n/a   
        gmres_inputs.Schenk_AFE/af_shell7__rhs0         n/a   
        gmres_inputs.Schenk_AFE/af_shell8__rhs0         n/a   
           gmres_inputs.Simon/raefsky5__rhs0           failed 
          gmres_inputs.TOKAMAK/utm1700b__rhs0           n/a   
           gmres_inputs.TOKAMAK/utm3060__rhs0           n/a   
          gmres_inputs.VDOL/hangGlider_1__rhs0          n/a   
    gmres_inputs.VDOL/tumorAntiAngiogenesis_1__rhs0   2.62±0s 
    gmres_inputs.VDOL/tumorAntiAngiogenesis_2__rhs0     n/a   
                 gmres_inputs.VLSI/ss1                  n/a   
                gmres_inputs.Wang/swang1                n/a   
                gmres_inputs.Wang/swang2              19.7±0s 
                gmres_inputs.Zhao/Zhao1                 n/a   
   ================================================= =========
   For parameters: gmres_inputs.Andrianov/net100
   INFO root: Dataset suitesparse_matrix.Andrianov/net100 found in cache.
   
   
   asv: benchmark timed out (timeout 30.0s)
   
   For parameters: gmres_inputs.Andrianov/net50
   INFO root: Dataset suitesparse_matrix.Andrianov/net50 found in cache.
   
   
   asv: benchmark timed out (timeout 30.0s)
   
   For parameters: gmres_inputs.Bai/bfwb62
   INFO root: Dataset suitesparse_matrix.Bai/bfwb62 found in cache.
   
   For parameters: gmres_inputs.Bai/dwb512
   INFO root: Dataset suitesparse_matrix.Bai/dwb512 found in cache.
   
   For parameters: gmres_inputs.Bindel/ted_B
   INFO root: Dataset suitesparse_matrix.Bindel/ted_B found in cache.
   
   
   asv: benchmark timed out (timeout 30.0s)
   
   For parameters: gmres_inputs.Botonakis/thermomech_dM
   INFO root: Dataset suitesparse_matrix.Botonakis/thermomech_dM found in cache.
   
   
   asv: benchmark timed out (timeout 30.0s)
   
   For parameters: gmres_inputs.CPM/cz148
   INFO root: Dataset suitesparse_matrix.CPM/cz148 found in cache.
   
   For parameters: gmres_inputs.FEMLAB/poisson2D__rhs0
   INFO root: Dataset suitesparse_matrix.FEMLAB/poisson2D found in cache.
   
   For parameters: gmres_inputs.FIDAP/ex5
   INFO root: Dataset suitesparse_matrix.FIDAP/ex5 found in cache.
   
   For parameters: gmres_inputs.GHS_indef/boyd2__rhs0
   INFO root: Dataset suitesparse_matrix.GHS_indef/boyd2 found in cache.
   
   
   asv: benchmark timed out (timeout 30.0s)
   
   For parameters: gmres_inputs.GHS_psdef/minsurfo
   INFO root: Dataset suitesparse_matrix.GHS_psdef/minsurfo found in cache.
   
   
   asv: benchmark timed out (timeout 30.0s)
   
   For parameters: gmres_inputs.Grund/meg4
   INFO root: Dataset suitesparse_matrix.Grund/meg4 found in cache.
   
   
   asv: benchmark timed out (timeout 30.0s)
   
   For parameters: gmres_inputs.Grund/poli_large
   INFO root: Dataset suitesparse_matrix.Grund/poli_large found in cache.
   
   For parameters: gmres_inputs.HB/bcsstk01
   INFO root: Dataset suitesparse_matrix.HB/bcsstk01 found in cache.
   
   For parameters: gmres_inputs.HB/bcsstm02
   INFO root: Dataset suitesparse_matrix.HB/bcsstm02 found in cache.
   
   For parameters: gmres_inputs.HB/bcsstm06
   INFO root: Dataset suitesparse_matrix.HB/bcsstm06 found in cache.
   
   For parameters: gmres_inputs.HB/bcsstm19
   INFO root: Dataset suitesparse_matrix.HB/bcsstm19 found in cache.
   
   For parameters: gmres_inputs.HB/can_144
   INFO root: Dataset suitesparse_matrix.HB/can_144 found in cache.
   
   For parameters: gmres_inputs.HB/curtis54
   INFO root: Dataset suitesparse_matrix.HB/curtis54 found in cache.
   
   For parameters: gmres_inputs.HB/fs_760_3
   INFO root: Dataset suitesparse_matrix.HB/fs_760_3 found in cache.
   
   For parameters: gmres_inputs.HB/nos4
   INFO root: Dataset suitesparse_matrix.HB/nos4 found in cache.
   
   For parameters: gmres_inputs.HB/psmigr_3
   INFO root: Dataset suitesparse_matrix.HB/psmigr_3 found in cache.
   
   For parameters: gmres_inputs.HB/watt_2
   INFO root: Dataset suitesparse_matrix.HB/watt_2 found in cache.
   
   For parameters: gmres_inputs.MathWorks/tomography
   INFO root: Dataset suitesparse_matrix.MathWorks/tomography found in cache.
   
   For parameters: gmres_inputs.Mulvey/finan512
   INFO root: Dataset suitesparse_matrix.Mulvey/finan512 found in cache.
   
   
   asv: benchmark timed out (timeout 30.0s)
   
   For parameters: gmres_inputs.Nemeth/nemeth04
   INFO root: Dataset suitesparse_matrix.Nemeth/nemeth04 found in cache.
   
   For parameters: gmres_inputs.Nemeth/nemeth08
   INFO root: Dataset suitesparse_matrix.Nemeth/nemeth08 found in cache.
   
   For parameters: gmres_inputs.Nemeth/nemeth12
   INFO root: Dataset suitesparse_matrix.Nemeth/nemeth12 found in cache.
   
   For parameters: gmres_inputs.Nemeth/nemeth18
   INFO root: Dataset suitesparse_matrix.Nemeth/nemeth18 found in cache.
   
   
   asv: benchmark timed out (timeout 30.0s)
   
   For parameters: gmres_inputs.Nemeth/nemeth22
   INFO root: Dataset suitesparse_matrix.Nemeth/nemeth22 found in cache.
   
   For parameters: gmres_inputs.Nemeth/nemeth26
   INFO root: Dataset suitesparse_matrix.Nemeth/nemeth26 found in cache.
   
   For parameters: gmres_inputs.Oberwolfach/LF10
   INFO root: Dataset suitesparse_matrix.Oberwolfach/LF10 found in cache.
   
   For parameters: gmres_inputs.Pothen/mesh1em1
   INFO root: Dataset suitesparse_matrix.Pothen/mesh1em1 found in cache.
   
   For parameters: gmres_inputs.Pothen/mesh3e1
   INFO root: Dataset suitesparse_matrix.Pothen/mesh3e1 found in cache.
   
   For parameters: gmres_inputs.Rajat/rajat13
   INFO root: Dataset suitesparse_matrix.Rajat/rajat13 found in cache.
   
   
   asv: benchmark timed out (timeout 30.0s)
   
   For parameters: gmres_inputs.Sandia/ASIC_100k
   INFO root: Dataset suitesparse_matrix.Sandia/ASIC_100k found in cache.
   
   
   asv: benchmark timed out (timeout 30.0s)
   
   For parameters: gmres_inputs.Sandia/adder_dcop_31
   INFO root: Dataset suitesparse_matrix.Sandia/adder_dcop_31 found in cache.
   
   
   asv: benchmark timed out (timeout 30.0s)
   
   For parameters: gmres_inputs.Sandia/adder_dcop_35
   INFO root: Dataset suitesparse_matrix.Sandia/adder_dcop_35 found in cache.
   
   
   asv: benchmark timed out (timeout 30.0s)
   
   For parameters: gmres_inputs.Sandia/adder_dcop_40
   INFO root: Dataset suitesparse_matrix.Sandia/adder_dcop_40 found in cache.
   
   For parameters: gmres_inputs.Sandia/adder_dcop_44
   INFO root: Dataset suitesparse_matrix.Sandia/adder_dcop_44 found in cache.
   
   For parameters: gmres_inputs.Sandia/adder_dcop_48
   INFO root: Dataset suitesparse_matrix.Sandia/adder_dcop_48 found in cache.
   
   For parameters: gmres_inputs.Sandia/adder_dcop_52
   INFO root: Dataset suitesparse_matrix.Sandia/adder_dcop_52 found in cache.
   
   For parameters: gmres_inputs.Sandia/adder_dcop_57
   INFO root: Dataset suitesparse_matrix.Sandia/adder_dcop_57 found in cache.
   
   For parameters: gmres_inputs.Sandia/adder_dcop_61
   INFO root: Dataset suitesparse_matrix.Sandia/adder_dcop_61 found in cache.
   
   For parameters: gmres_inputs.Sandia/adder_dcop_65
   INFO root: Dataset suitesparse_matrix.Sandia/adder_dcop_65 found in cache.
   
   For parameters: gmres_inputs.Sandia/adder_dcop_69
   INFO root: Dataset suitesparse_matrix.Sandia/adder_dcop_69 found in cache.
   
   For parameters: gmres_inputs.Simon/raefsky5__rhs0
   INFO root: Dataset suitesparse_matrix.Simon/raefsky5 found in cache.
   
   
   asv: benchmark timed out (timeout 30.0s)
   
   For parameters: gmres_inputs.VDOL/tumorAntiAngiogenesis_1__rhs0
   INFO root: Dataset suitesparse_matrix.VDOL/tumorAntiAngiogenesis_1 found in cache.
   
   For parameters: gmres_inputs.Wang/swang2
   INFO root: Dataset suitesparse_matrix.Wang/swang2 found in cache.
ERROR:root:For parameters: gmres_inputs.Andrianov/net100
INFO root: Dataset suitesparse_matrix.Andrianov/net100 found in cache.


asv: benchmark timed out (timeout 30.0s)

For parameters: gmres_inputs.Andrianov/net50
INFO root: Dataset suitesparse_matrix.Andrianov/net50 found in cache.


asv: benchmark timed out (timeout 30.0s)

For parameters: gmres_inputs.Bai/bfwb62
INFO root: Dataset suitesparse_matrix.Bai/bfwb62 found in cache.

For parameters: gmres_inputs.Bai/dwb512
INFO root: Dataset suitesparse_matrix.Bai/dwb512 found in cache.

For parameters: gmres_inputs.Bindel/ted_B
INFO root: Dataset suitesparse_matrix.Bindel/ted_B found in cache.


asv: benchmark timed out (timeout 30.0s)

For parameters: gmres_inputs.Botonakis/thermomech_dM
INFO root: Dataset suitesparse_matrix.Botonakis/thermomech_dM found in cache.


asv: benchmark timed out (timeout 30.0s)

For parameters: gmres_inputs.CPM/cz148
INFO root: Dataset suitesparse_matrix.CPM/cz148 found in cache.

For parameters: gmres_inputs.FEMLAB/poisson2D__rhs0
INFO root: Dataset suitesparse_matrix.FEMLAB/poisson2D found in cache.

For parameters: gmres_inputs.FIDAP/ex5
INFO root: Dataset suitesparse_matrix.FIDAP/ex5 found in cache.

For parameters: gmres_inputs.GHS_indef/boyd2__rhs0
INFO root: Dataset suitesparse_matrix.GHS_indef/boyd2 found in cache.


asv: benchmark timed out (timeout 30.0s)

For parameters: gmres_inputs.GHS_psdef/minsurfo
INFO root: Dataset suitesparse_matrix.GHS_psdef/minsurfo found in cache.


asv: benchmark timed out (timeout 30.0s)

For parameters: gmres_inputs.Grund/meg4
INFO root: Dataset suitesparse_matrix.Grund/meg4 found in cache.


asv: benchmark timed out (timeout 30.0s)

For parameters: gmres_inputs.Grund/poli_large
INFO root: Dataset suitesparse_matrix.Grund/poli_large found in cache.

For parameters: gmres_inputs.HB/bcsstk01
INFO root: Dataset suitesparse_matrix.HB/bcsstk01 found in cache.

For parameters: gmres_inputs.HB/bcsstm02
INFO root: Dataset suitesparse_matrix.HB/bcsstm02 found in cache.

For parameters: gmres_inputs.HB/bcsstm06
INFO root: Dataset suitesparse_matrix.HB/bcsstm06 found in cache.

For parameters: gmres_inputs.HB/bcsstm19
INFO root: Dataset suitesparse_matrix.HB/bcsstm19 found in cache.

For parameters: gmres_inputs.HB/can_144
INFO root: Dataset suitesparse_matrix.HB/can_144 found in cache.

For parameters: gmres_inputs.HB/curtis54
INFO root: Dataset suitesparse_matrix.HB/curtis54 found in cache.

For parameters: gmres_inputs.HB/fs_760_3
INFO root: Dataset suitesparse_matrix.HB/fs_760_3 found in cache.

For parameters: gmres_inputs.HB/nos4
INFO root: Dataset suitesparse_matrix.HB/nos4 found in cache.

For parameters: gmres_inputs.HB/psmigr_3
INFO root: Dataset suitesparse_matrix.HB/psmigr_3 found in cache.

For parameters: gmres_inputs.HB/watt_2
INFO root: Dataset suitesparse_matrix.HB/watt_2 found in cache.

For parameters: gmres_inputs.MathWorks/tomography
INFO root: Dataset suitesparse_matrix.MathWorks/tomography found in cache.

For parameters: gmres_inputs.Mulvey/finan512
INFO root: Dataset suitesparse_matrix.Mulvey/finan512 found in cache.


asv: benchmark timed out (timeout 30.0s)

For parameters: gmres_inputs.Nemeth/nemeth04
INFO root: Dataset suitesparse_matrix.Nemeth/nemeth04 found in cache.

For parameters: gmres_inputs.Nemeth/nemeth08
INFO root: Dataset suitesparse_matrix.Nemeth/nemeth08 found in cache.

For parameters: gmres_inputs.Nemeth/nemeth12
INFO root: Dataset suitesparse_matrix.Nemeth/nemeth12 found in cache.

For parameters: gmres_inputs.Nemeth/nemeth18
INFO root: Dataset suitesparse_matrix.Nemeth/nemeth18 found in cache.


asv: benchmark timed out (timeout 30.0s)

For parameters: gmres_inputs.Nemeth/nemeth22
INFO root: Dataset suitesparse_matrix.Nemeth/nemeth22 found in cache.

For parameters: gmres_inputs.Nemeth/nemeth26
INFO root: Dataset suitesparse_matrix.Nemeth/nemeth26 found in cache.

For parameters: gmres_inputs.Oberwolfach/LF10
INFO root: Dataset suitesparse_matrix.Oberwolfach/LF10 found in cache.

For parameters: gmres_inputs.Pothen/mesh1em1
INFO root: Dataset suitesparse_matrix.Pothen/mesh1em1 found in cache.

For parameters: gmres_inputs.Pothen/mesh3e1
INFO root: Dataset suitesparse_matrix.Pothen/mesh3e1 found in cache.

For parameters: gmres_inputs.Rajat/rajat13
INFO root: Dataset suitesparse_matrix.Rajat/rajat13 found in cache.


asv: benchmark timed out (timeout 30.0s)

For parameters: gmres_inputs.Sandia/ASIC_100k
INFO root: Dataset suitesparse_matrix.Sandia/ASIC_100k found in cache.


asv: benchmark timed out (timeout 30.0s)

For parameters: gmres_inputs.Sandia/adder_dcop_31
INFO root: Dataset suitesparse_matrix.Sandia/adder_dcop_31 found in cache.


asv: benchmark timed out (timeout 30.0s)

For parameters: gmres_inputs.Sandia/adder_dcop_35
INFO root: Dataset suitesparse_matrix.Sandia/adder_dcop_35 found in cache.


asv: benchmark timed out (timeout 30.0s)

For parameters: gmres_inputs.Sandia/adder_dcop_40
INFO root: Dataset suitesparse_matrix.Sandia/adder_dcop_40 found in cache.

For parameters: gmres_inputs.Sandia/adder_dcop_44
INFO root: Dataset suitesparse_matrix.Sandia/adder_dcop_44 found in cache.

For parameters: gmres_inputs.Sandia/adder_dcop_48
INFO root: Dataset suitesparse_matrix.Sandia/adder_dcop_48 found in cache.

For parameters: gmres_inputs.Sandia/adder_dcop_52
INFO root: Dataset suitesparse_matrix.Sandia/adder_dcop_52 found in cache.

For parameters: gmres_inputs.Sandia/adder_dcop_57
INFO root: Dataset suitesparse_matrix.Sandia/adder_dcop_57 found in cache.

For parameters: gmres_inputs.Sandia/adder_dcop_61
INFO root: Dataset suitesparse_matrix.Sandia/adder_dcop_61 found in cache.

For parameters: gmres_inputs.Sandia/adder_dcop_65
INFO root: Dataset suitesparse_matrix.Sandia/adder_dcop_65 found in cache.

For parameters: gmres_inputs.Sandia/adder_dcop_69
INFO root: Dataset suitesparse_matrix.Sandia/adder_dcop_69 found in cache.

For parameters: gmres_inputs.Simon/raefsky5__rhs0
INFO root: Dataset suitesparse_matrix.Simon/raefsky5 found in cache.


asv: benchmark timed out (timeout 30.0s)

For parameters: gmres_inputs.VDOL/tumorAntiAngiogenesis_1__rhs0
INFO root: Dataset suitesparse_matrix.VDOL/tumorAntiAngiogenesis_1 found in cache.

For parameters: gmres_inputs.Wang/swang2
INFO root: Dataset suitesparse_matrix.Wang/swang2 found in cache.

··· For parameters: gmres_inputs.Andrianov/net100
    INFO root: Dataset suitesparse_matrix.Andrianov/net100 found in cache.
    
    
    asv: benchmark timed out (timeout 30.0s)
    
    For parameters: gmres_inputs.Andrianov/net50
    INFO root: Dataset suitesparse_matrix.Andrianov/net50 found in cache.
    
    
    asv: benchmark timed out (timeout 30.0s)
    
    For parameters: gmres_inputs.Bai/bfwb62
    INFO root: Dataset suitesparse_matrix.Bai/bfwb62 found in cache.
    
    For parameters: gmres_inputs.Bai/dwb512
    INFO root: Dataset suitesparse_matrix.Bai/dwb512 found in cache.
    
    For parameters: gmres_inputs.Bindel/ted_B
    INFO root: Dataset suitesparse_matrix.Bindel/ted_B found in cache.
    
    
    asv: benchmark timed out (timeout 30.0s)
    
    For parameters: gmres_inputs.Botonakis/thermomech_dM
    INFO root: Dataset suitesparse_matrix.Botonakis/thermomech_dM found in cache.
    
    
    asv: benchmark timed out (timeout 30.0s)
    
    For parameters: gmres_inputs.CPM/cz148
    INFO root: Dataset suitesparse_matrix.CPM/cz148 found in cache.
    
    For parameters: gmres_inputs.FEMLAB/poisson2D__rhs0
    INFO root: Dataset suitesparse_matrix.FEMLAB/poisson2D found in cache.
    
    For parameters: gmres_inputs.FIDAP/ex5
    INFO root: Dataset suitesparse_matrix.FIDAP/ex5 found in cache.
    
    For parameters: gmres_inputs.GHS_indef/boyd2__rhs0
    INFO root: Dataset suitesparse_matrix.GHS_indef/boyd2 found in cache.
    
    
    asv: benchmark timed out (timeout 30.0s)
    
    For parameters: gmres_inputs.GHS_psdef/minsurfo
    INFO root: Dataset suitesparse_matrix.GHS_psdef/minsurfo found in cache.
    
    
    asv: benchmark timed out (timeout 30.0s)
    
    For parameters: gmres_inputs.Grund/meg4
    INFO root: Dataset suitesparse_matrix.Grund/meg4 found in cache.
    
    
    asv: benchmark timed out (timeout 30.0s)
    
    For parameters: gmres_inputs.Grund/poli_large
    INFO root: Dataset suitesparse_matrix.Grund/poli_large found in cache.
    
    For parameters: gmres_inputs.HB/bcsstk01
    INFO root: Dataset suitesparse_matrix.HB/bcsstk01 found in cache.
    
    For parameters: gmres_inputs.HB/bcsstm02
    INFO root: Dataset suitesparse_matrix.HB/bcsstm02 found in cache.
    
    For parameters: gmres_inputs.HB/bcsstm06
    INFO root: Dataset suitesparse_matrix.HB/bcsstm06 found in cache.
    
    For parameters: gmres_inputs.HB/bcsstm19
    INFO root: Dataset suitesparse_matrix.HB/bcsstm19 found in cache.
    
    For parameters: gmres_inputs.HB/can_144
    INFO root: Dataset suitesparse_matrix.HB/can_144 found in cache.
    
    For parameters: gmres_inputs.HB/curtis54
    INFO root: Dataset suitesparse_matrix.HB/curtis54 found in cache.
    
    For parameters: gmres_inputs.HB/fs_760_3
    INFO root: Dataset suitesparse_matrix.HB/fs_760_3 found in cache.
    
    For parameters: gmres_inputs.HB/nos4
    INFO root: Dataset suitesparse_matrix.HB/nos4 found in cache.
    
    For parameters: gmres_inputs.HB/psmigr_3
    INFO root: Dataset suitesparse_matrix.HB/psmigr_3 found in cache.
    
    For parameters: gmres_inputs.HB/watt_2
    INFO root: Dataset suitesparse_matrix.HB/watt_2 found in cache.
    
    For parameters: gmres_inputs.MathWorks/tomography
    INFO root: Dataset suitesparse_matrix.MathWorks/tomography found in cache.
    
    For parameters: gmres_inputs.Mulvey/finan512
    INFO root: Dataset suitesparse_matrix.Mulvey/finan512 found in cache.
    
    
    asv: benchmark timed out (timeout 30.0s)
    
    For parameters: gmres_inputs.Nemeth/nemeth04
    INFO root: Dataset suitesparse_matrix.Nemeth/nemeth04 found in cache.
    
    For parameters: gmres_inputs.Nemeth/nemeth08
    INFO root: Dataset suitesparse_matrix.Nemeth/nemeth08 found in cache.
    
    For parameters: gmres_inputs.Nemeth/nemeth12
    INFO root: Dataset suitesparse_matrix.Nemeth/nemeth12 found in cache.
    
    For parameters: gmres_inputs.Nemeth/nemeth18
    INFO root: Dataset suitesparse_matrix.Nemeth/nemeth18 found in cache.
    
    
    asv: benchmark timed out (timeout 30.0s)
    
    For parameters: gmres_inputs.Nemeth/nemeth22
    INFO root: Dataset suitesparse_matrix.Nemeth/nemeth22 found in cache.
    
    For parameters: gmres_inputs.Nemeth/nemeth26
    INFO root: Dataset suitesparse_matrix.Nemeth/nemeth26 found in cache.
    
    For parameters: gmres_inputs.Oberwolfach/LF10
    INFO root: Dataset suitesparse_matrix.Oberwolfach/LF10 found in cache.
    
    For parameters: gmres_inputs.Pothen/mesh1em1
    INFO root: Dataset suitesparse_matrix.Pothen/mesh1em1 found in cache.
    
    For parameters: gmres_inputs.Pothen/mesh3e1
    INFO root: Dataset suitesparse_matrix.Pothen/mesh3e1 found in cache.
    
    For parameters: gmres_inputs.Rajat/rajat13
    INFO root: Dataset suitesparse_matrix.Rajat/rajat13 found in cache.
    
    
    asv: benchmark timed out (timeout 30.0s)
    
    For parameters: gmres_inputs.Sandia/ASIC_100k
    INFO root: Dataset suitesparse_matrix.Sandia/ASIC_100k found in cache.
    
    
    asv: benchmark timed out (timeout 30.0s)
    
    For parameters: gmres_inputs.Sandia/adder_dcop_31
    INFO root: Dataset suitesparse_matrix.Sandia/adder_dcop_31 found in cache.
    
    
    asv: benchmark timed out (timeout 30.0s)
    
    For parameters: gmres_inputs.Sandia/adder_dcop_35
    INFO root: Dataset suitesparse_matrix.Sandia/adder_dcop_35 found in cache.
    
    
    asv: benchmark timed out (timeout 30.0s)
    
    For parameters: gmres_inputs.Sandia/adder_dcop_40
    INFO root: Dataset suitesparse_matrix.Sandia/adder_dcop_40 found in cache.
    
    For parameters: gmres_inputs.Sandia/adder_dcop_44
    INFO root: Dataset suitesparse_matrix.Sandia/adder_dcop_44 found in cache.
    
    For parameters: gmres_inputs.Sandia/adder_dcop_48
    INFO root: Dataset suitesparse_matrix.Sandia/adder_dcop_48 found in cache.
    
    For parameters: gmres_inputs.Sandia/adder_dcop_52
    INFO root: Dataset suitesparse_matrix.Sandia/adder_dcop_52 found in cache.
    
    For parameters: gmres_inputs.Sandia/adder_dcop_57
    INFO root: Dataset suitesparse_matrix.Sandia/adder_dcop_57 found in cache.
    
    For parameters: gmres_inputs.Sandia/adder_dcop_61
    INFO root: Dataset suitesparse_matrix.Sandia/adder_dcop_61 found in cache.
    
    For parameters: gmres_inputs.Sandia/adder_dcop_65
    INFO root: Dataset suitesparse_matrix.Sandia/adder_dcop_65 found in cache.
    
    For parameters: gmres_inputs.Sandia/adder_dcop_69
    INFO root: Dataset suitesparse_matrix.Sandia/adder_dcop_69 found in cache.
    
    For parameters: gmres_inputs.Simon/raefsky5__rhs0
    INFO root: Dataset suitesparse_matrix.Simon/raefsky5 found in cache.
    
    
    asv: benchmark timed out (timeout 30.0s)
    
    For parameters: gmres_inputs.VDOL/tumorAntiAngiogenesis_1__rhs0
    INFO root: Dataset suitesparse_matrix.VDOL/tumorAntiAngiogenesis_1 found in cache.
    
    For parameters: gmres_inputs.Wang/swang2
    INFO root: Dataset suitesparse_matrix.Wang/swang2 found in cache.
INFO:root:...m.LinearProgrammingBenchmark.time_lp_simplex

·· ...m.LinearProgrammingBenchmark.time_lp_simplex                 okINFO:root:=============================================== =========
                    dataset                              
----------------------------------------------- ---------
 lp_test_inputs.test_lp_bounded_unique_optimum     n/a   
       lp_test_inputs.test_lp_infeasible           n/a   
        lp_test_inputs.test_lp_unbounded           n/a   
     lp_test_inputs.test_lp_degenerate_tie         n/a   
        lp_test_inputs.test_lp_singleton           n/a   
           lpnetlib_inputs.lp_25fv47               n/a   
           lpnetlib_inputs.lp_80bau3b              n/a   
          lpnetlib_inputs.lp_adlittle              n/a   
            lpnetlib_inputs.lp_afiro               n/a   
             lpnetlib_inputs.lp_agg                n/a   
            lpnetlib_inputs.lp_agg2                n/a   
            lpnetlib_inputs.lp_agg3                n/a   
            lpnetlib_inputs.lp_bandm               n/a   
          lpnetlib_inputs.lp_beaconfd            1.20±0s 
            lpnetlib_inputs.lp_blend               n/a   
            lpnetlib_inputs.lp_bnl1                n/a   
            lpnetlib_inputs.lp_bnl2                n/a   
           lpnetlib_inputs.lp_bore3d               n/a   
           lpnetlib_inputs.lp_brandy               n/a   
            lpnetlib_inputs.lp_capri               n/a   
            lpnetlib_inputs.lp_cre_a               n/a   
            lpnetlib_inputs.lp_cre_b               n/a   
            lpnetlib_inputs.lp_cre_c               n/a   
            lpnetlib_inputs.lp_cre_d               n/a   
            lpnetlib_inputs.lp_cycle               n/a   
           lpnetlib_inputs.lp_czprob               n/a   
           lpnetlib_inputs.lp_d2q06c               n/a   
           lpnetlib_inputs.lp_d6cube               n/a   
           lpnetlib_inputs.lp_degen2               n/a   
           lpnetlib_inputs.lp_degen3               n/a   
           lpnetlib_inputs.lp_dfl001               n/a   
            lpnetlib_inputs.lp_e226                n/a   
          lpnetlib_inputs.lp_etamacro              n/a   
          lpnetlib_inputs.lp_fffff800              n/a   
           lpnetlib_inputs.lp_finnis               n/a   
            lpnetlib_inputs.lp_fit1d               n/a   
            lpnetlib_inputs.lp_fit1p               n/a   
            lpnetlib_inputs.lp_fit2d               n/a   
            lpnetlib_inputs.lp_fit2p               n/a   
           lpnetlib_inputs.lp_ganges               n/a   
          lpnetlib_inputs.lp_gfrd_pnc              n/a   
          lpnetlib_inputs.lp_greenbea              n/a   
          lpnetlib_inputs.lp_greenbeb              n/a   
           lpnetlib_inputs.lp_grow15               n/a   
           lpnetlib_inputs.lp_grow22               n/a   
            lpnetlib_inputs.lp_grow7               n/a   
           lpnetlib_inputs.lp_israel             3.11±0s 
             lpnetlib_inputs.lp_kb2                n/a   
           lpnetlib_inputs.lp_ken_07               n/a   
           lpnetlib_inputs.lp_ken_11               n/a   
           lpnetlib_inputs.lp_ken_13               n/a   
           lpnetlib_inputs.lp_ken_18               n/a   
            lpnetlib_inputs.lp_lotfi               n/a   
            lpnetlib_inputs.lp_maros               n/a   
          lpnetlib_inputs.lp_maros_r7              n/a   
           lpnetlib_inputs.lp_modszk1              n/a   
           lpnetlib_inputs.lp_osa_07               n/a   
           lpnetlib_inputs.lp_osa_14               n/a   
           lpnetlib_inputs.lp_osa_30               n/a   
           lpnetlib_inputs.lp_osa_60               n/a   
           lpnetlib_inputs.lp_pds_02               n/a   
           lpnetlib_inputs.lp_pds_06               n/a   
           lpnetlib_inputs.lp_pds_10               n/a   
           lpnetlib_inputs.lp_pds_20               n/a   
           lpnetlib_inputs.lp_perold               n/a   
            lpnetlib_inputs.lp_pilot               n/a   
           lpnetlib_inputs.lp_pilot4               n/a   
           lpnetlib_inputs.lp_pilot87              n/a   
          lpnetlib_inputs.lp_pilot_ja              n/a   
          lpnetlib_inputs.lp_pilot_we              n/a   
          lpnetlib_inputs.lp_pilotnov              n/a   
            lpnetlib_inputs.lp_qap12               n/a   
            lpnetlib_inputs.lp_qap15               n/a   
            lpnetlib_inputs.lp_qap8                n/a   
           lpnetlib_inputs.lp_recipe               n/a   
            lpnetlib_inputs.lp_sc105             1.00±0s 
            lpnetlib_inputs.lp_sc205               n/a   
            lpnetlib_inputs.lp_sc50a               n/a   
            lpnetlib_inputs.lp_sc50b               n/a   
           lpnetlib_inputs.lp_scagr25              n/a   
           lpnetlib_inputs.lp_scagr7             1.28±0s 
           lpnetlib_inputs.lp_scfxm1               n/a   
           lpnetlib_inputs.lp_scfxm2               n/a   
           lpnetlib_inputs.lp_scfxm3               n/a   
          lpnetlib_inputs.lp_scorpion              n/a   
            lpnetlib_inputs.lp_scrs8               n/a   
            lpnetlib_inputs.lp_scsd1               n/a   
            lpnetlib_inputs.lp_scsd6               n/a   
            lpnetlib_inputs.lp_scsd8               n/a   
           lpnetlib_inputs.lp_sctap1               n/a   
           lpnetlib_inputs.lp_sctap2               n/a   
           lpnetlib_inputs.lp_sctap3               n/a   
           lpnetlib_inputs.lp_share1b              n/a   
           lpnetlib_inputs.lp_share2b              n/a   
            lpnetlib_inputs.lp_shell               n/a   
           lpnetlib_inputs.lp_ship04l              n/a   
           lpnetlib_inputs.lp_ship04s              n/a   
           lpnetlib_inputs.lp_ship08l              n/a   
           lpnetlib_inputs.lp_ship08s              n/a   
           lpnetlib_inputs.lp_ship12l              n/a   
           lpnetlib_inputs.lp_ship12s              n/a   
           lpnetlib_inputs.lp_sierra               n/a   
            lpnetlib_inputs.lp_stair               n/a   
          lpnetlib_inputs.lp_standata              n/a   
          lpnetlib_inputs.lp_standgub              n/a   
          lpnetlib_inputs.lp_standmps              n/a   
          lpnetlib_inputs.lp_stocfor1              n/a   
          lpnetlib_inputs.lp_stocfor2              n/a   
          lpnetlib_inputs.lp_stocfor3              n/a   
            lpnetlib_inputs.lp_truss               n/a   
            lpnetlib_inputs.lp_tuff                n/a   
          lpnetlib_inputs.lp_vtp_base              n/a   
           lpnetlib_inputs.lp_wood1p               n/a   
            lpnetlib_inputs.lp_woodw               n/a   
           lpnetlib_inputs.lpi_bgdbg1              n/a   
           lpnetlib_inputs.lpi_bgetam              n/a   
           lpnetlib_inputs.lpi_bgindy              n/a   
           lpnetlib_inputs.lpi_bgprtr            766±0ms 
            lpnetlib_inputs.lpi_box1               n/a   
          lpnetlib_inputs.lpi_ceria3d              n/a   
          lpnetlib_inputs.lpi_chemcom              n/a   
           lpnetlib_inputs.lpi_cplex1              n/a   
           lpnetlib_inputs.lpi_cplex2              n/a   
           lpnetlib_inputs.lpi_ex72a               n/a   
           lpnetlib_inputs.lpi_ex73a               n/a   
          lpnetlib_inputs.lpi_forest6            764±0ms 
          lpnetlib_inputs.lpi_galenet              n/a   
            lpnetlib_inputs.lpi_gosh               n/a   
            lpnetlib_inputs.lpi_gran               n/a   
          lpnetlib_inputs.lpi_greenbea             n/a   
           lpnetlib_inputs.lpi_itest2              n/a   
           lpnetlib_inputs.lpi_itest6              n/a   
           lpnetlib_inputs.lpi_klein1            901±0ms 
           lpnetlib_inputs.lpi_klein2              n/a   
           lpnetlib_inputs.lpi_klein3              n/a   
          lpnetlib_inputs.lpi_mondou2              n/a   
            lpnetlib_inputs.lpi_pang               n/a   
          lpnetlib_inputs.lpi_pilot4i              n/a   
            lpnetlib_inputs.lpi_qual               n/a   
          lpnetlib_inputs.lpi_reactor              n/a   
          lpnetlib_inputs.lpi_refinery             n/a   
            lpnetlib_inputs.lpi_vol1               n/a   
          lpnetlib_inputs.lpi_woodinfe             n/a   
=============================================== =========

·· =============================================== =========
                       dataset                              
   ----------------------------------------------- ---------
    lp_test_inputs.test_lp_bounded_unique_optimum     n/a   
          lp_test_inputs.test_lp_infeasible           n/a   
           lp_test_inputs.test_lp_unbounded           n/a   
        lp_test_inputs.test_lp_degenerate_tie         n/a   
           lp_test_inputs.test_lp_singleton           n/a   
              lpnetlib_inputs.lp_25fv47               n/a   
              lpnetlib_inputs.lp_80bau3b              n/a   
             lpnetlib_inputs.lp_adlittle              n/a   
               lpnetlib_inputs.lp_afiro               n/a   
                lpnetlib_inputs.lp_agg                n/a   
               lpnetlib_inputs.lp_agg2                n/a   
               lpnetlib_inputs.lp_agg3                n/a   
               lpnetlib_inputs.lp_bandm               n/a   
             lpnetlib_inputs.lp_beaconfd            1.20±0s 
               lpnetlib_inputs.lp_blend               n/a   
               lpnetlib_inputs.lp_bnl1                n/a   
               lpnetlib_inputs.lp_bnl2                n/a   
              lpnetlib_inputs.lp_bore3d               n/a   
              lpnetlib_inputs.lp_brandy               n/a   
               lpnetlib_inputs.lp_capri               n/a   
               lpnetlib_inputs.lp_cre_a               n/a   
               lpnetlib_inputs.lp_cre_b               n/a   
               lpnetlib_inputs.lp_cre_c               n/a   
               lpnetlib_inputs.lp_cre_d               n/a   
               lpnetlib_inputs.lp_cycle               n/a   
              lpnetlib_inputs.lp_czprob               n/a   
              lpnetlib_inputs.lp_d2q06c               n/a   
              lpnetlib_inputs.lp_d6cube               n/a   
              lpnetlib_inputs.lp_degen2               n/a   
              lpnetlib_inputs.lp_degen3               n/a   
              lpnetlib_inputs.lp_dfl001               n/a   
               lpnetlib_inputs.lp_e226                n/a   
             lpnetlib_inputs.lp_etamacro              n/a   
             lpnetlib_inputs.lp_fffff800              n/a   
              lpnetlib_inputs.lp_finnis               n/a   
               lpnetlib_inputs.lp_fit1d               n/a   
               lpnetlib_inputs.lp_fit1p               n/a   
               lpnetlib_inputs.lp_fit2d               n/a   
               lpnetlib_inputs.lp_fit2p               n/a   
              lpnetlib_inputs.lp_ganges               n/a   
             lpnetlib_inputs.lp_gfrd_pnc              n/a   
             lpnetlib_inputs.lp_greenbea              n/a   
             lpnetlib_inputs.lp_greenbeb              n/a   
              lpnetlib_inputs.lp_grow15               n/a   
              lpnetlib_inputs.lp_grow22               n/a   
               lpnetlib_inputs.lp_grow7               n/a   
              lpnetlib_inputs.lp_israel             3.11±0s 
                lpnetlib_inputs.lp_kb2                n/a   
              lpnetlib_inputs.lp_ken_07               n/a   
              lpnetlib_inputs.lp_ken_11               n/a   
              lpnetlib_inputs.lp_ken_13               n/a   
              lpnetlib_inputs.lp_ken_18               n/a   
               lpnetlib_inputs.lp_lotfi               n/a   
               lpnetlib_inputs.lp_maros               n/a   
             lpnetlib_inputs.lp_maros_r7              n/a   
              lpnetlib_inputs.lp_modszk1              n/a   
              lpnetlib_inputs.lp_osa_07               n/a   
              lpnetlib_inputs.lp_osa_14               n/a   
              lpnetlib_inputs.lp_osa_30               n/a   
              lpnetlib_inputs.lp_osa_60               n/a   
              lpnetlib_inputs.lp_pds_02               n/a   
              lpnetlib_inputs.lp_pds_06               n/a   
              lpnetlib_inputs.lp_pds_10               n/a   
              lpnetlib_inputs.lp_pds_20               n/a   
              lpnetlib_inputs.lp_perold               n/a   
               lpnetlib_inputs.lp_pilot               n/a   
              lpnetlib_inputs.lp_pilot4               n/a   
              lpnetlib_inputs.lp_pilot87              n/a   
             lpnetlib_inputs.lp_pilot_ja              n/a   
             lpnetlib_inputs.lp_pilot_we              n/a   
             lpnetlib_inputs.lp_pilotnov              n/a   
               lpnetlib_inputs.lp_qap12               n/a   
               lpnetlib_inputs.lp_qap15               n/a   
               lpnetlib_inputs.lp_qap8                n/a   
              lpnetlib_inputs.lp_recipe               n/a   
               lpnetlib_inputs.lp_sc105             1.00±0s 
               lpnetlib_inputs.lp_sc205               n/a   
               lpnetlib_inputs.lp_sc50a               n/a   
               lpnetlib_inputs.lp_sc50b               n/a   
              lpnetlib_inputs.lp_scagr25              n/a   
              lpnetlib_inputs.lp_scagr7             1.28±0s 
              lpnetlib_inputs.lp_scfxm1               n/a   
              lpnetlib_inputs.lp_scfxm2               n/a   
              lpnetlib_inputs.lp_scfxm3               n/a   
             lpnetlib_inputs.lp_scorpion              n/a   
               lpnetlib_inputs.lp_scrs8               n/a   
               lpnetlib_inputs.lp_scsd1               n/a   
               lpnetlib_inputs.lp_scsd6               n/a   
               lpnetlib_inputs.lp_scsd8               n/a   
              lpnetlib_inputs.lp_sctap1               n/a   
              lpnetlib_inputs.lp_sctap2               n/a   
              lpnetlib_inputs.lp_sctap3               n/a   
              lpnetlib_inputs.lp_share1b              n/a   
              lpnetlib_inputs.lp_share2b              n/a   
               lpnetlib_inputs.lp_shell               n/a   
              lpnetlib_inputs.lp_ship04l              n/a   
              lpnetlib_inputs.lp_ship04s              n/a   
              lpnetlib_inputs.lp_ship08l              n/a   
              lpnetlib_inputs.lp_ship08s              n/a   
              lpnetlib_inputs.lp_ship12l              n/a   
              lpnetlib_inputs.lp_ship12s              n/a   
              lpnetlib_inputs.lp_sierra               n/a   
               lpnetlib_inputs.lp_stair               n/a   
             lpnetlib_inputs.lp_standata              n/a   
             lpnetlib_inputs.lp_standgub              n/a   
             lpnetlib_inputs.lp_standmps              n/a   
             lpnetlib_inputs.lp_stocfor1              n/a   
             lpnetlib_inputs.lp_stocfor2              n/a   
             lpnetlib_inputs.lp_stocfor3              n/a   
               lpnetlib_inputs.lp_truss               n/a   
               lpnetlib_inputs.lp_tuff                n/a   
             lpnetlib_inputs.lp_vtp_base              n/a   
              lpnetlib_inputs.lp_wood1p               n/a   
               lpnetlib_inputs.lp_woodw               n/a   
              lpnetlib_inputs.lpi_bgdbg1              n/a   
              lpnetlib_inputs.lpi_bgetam              n/a   
              lpnetlib_inputs.lpi_bgindy              n/a   
              lpnetlib_inputs.lpi_bgprtr            766±0ms 
               lpnetlib_inputs.lpi_box1               n/a   
             lpnetlib_inputs.lpi_ceria3d              n/a   
             lpnetlib_inputs.lpi_chemcom              n/a   
              lpnetlib_inputs.lpi_cplex1              n/a   
              lpnetlib_inputs.lpi_cplex2              n/a   
              lpnetlib_inputs.lpi_ex72a               n/a   
              lpnetlib_inputs.lpi_ex73a               n/a   
             lpnetlib_inputs.lpi_forest6            764±0ms 
             lpnetlib_inputs.lpi_galenet              n/a   
               lpnetlib_inputs.lpi_gosh               n/a   
               lpnetlib_inputs.lpi_gran               n/a   
             lpnetlib_inputs.lpi_greenbea             n/a   
              lpnetlib_inputs.lpi_itest2              n/a   
              lpnetlib_inputs.lpi_itest6              n/a   
              lpnetlib_inputs.lpi_klein1            901±0ms 
              lpnetlib_inputs.lpi_klein2              n/a   
              lpnetlib_inputs.lpi_klein3              n/a   
             lpnetlib_inputs.lpi_mondou2              n/a   
               lpnetlib_inputs.lpi_pang               n/a   
             lpnetlib_inputs.lpi_pilot4i              n/a   
               lpnetlib_inputs.lpi_qual               n/a   
             lpnetlib_inputs.lpi_reactor              n/a   
             lpnetlib_inputs.lpi_refinery             n/a   
               lpnetlib_inputs.lpi_vol1               n/a   
             lpnetlib_inputs.lpi_woodinfe             n/a   
   =============================================== =========
ERROR:root:For parameters: lpnetlib_inputs.lp_beaconfd
INFO root: Dataset suitesparse_matrix.LPnetlib/lp_beaconfd found in cache.

For parameters: lpnetlib_inputs.lp_israel
INFO root: Dataset suitesparse_matrix.LPnetlib/lp_israel found in cache.

For parameters: lpnetlib_inputs.lp_sc105
INFO root: Dataset suitesparse_matrix.LPnetlib/lp_sc105 found in cache.

For parameters: lpnetlib_inputs.lp_scagr7
INFO root: Dataset suitesparse_matrix.LPnetlib/lp_scagr7 found in cache.

For parameters: lpnetlib_inputs.lpi_bgprtr
INFO root: Dataset suitesparse_matrix.LPnetlib/lpi_bgprtr found in cache.

For parameters: lpnetlib_inputs.lpi_forest6
INFO root: Dataset suitesparse_matrix.LPnetlib/lpi_forest6 found in cache.

For parameters: lpnetlib_inputs.lpi_klein1
INFO root: Dataset suitesparse_matrix.LPnetlib/lpi_klein1 found in cache.

··· For parameters: lpnetlib_inputs.lp_beaconfd
    INFO root: Dataset suitesparse_matrix.LPnetlib/lp_beaconfd found in cache.
    
    For parameters: lpnetlib_inputs.lp_israel
    INFO root: Dataset suitesparse_matrix.LPnetlib/lp_israel found in cache.
    
    For parameters: lpnetlib_inputs.lp_sc105
    INFO root: Dataset suitesparse_matrix.LPnetlib/lp_sc105 found in cache.
    
    For parameters: lpnetlib_inputs.lp_scagr7
    INFO root: Dataset suitesparse_matrix.LPnetlib/lp_scagr7 found in cache.
    
    For parameters: lpnetlib_inputs.lpi_bgprtr
    INFO root: Dataset suitesparse_matrix.LPnetlib/lpi_bgprtr found in cache.
    
    For parameters: lpnetlib_inputs.lpi_forest6
    INFO root: Dataset suitesparse_matrix.LPnetlib/lpi_forest6 found in cache.
    
    For parameters: lpnetlib_inputs.lpi_klein1
    INFO root: Dataset suitesparse_matrix.LPnetlib/lpi_klein1 found in cache.
INFO:root:...ApproxNearestNeighbor.time_simhash_approx_nn

·· ...ApproxNearestNeighbor.time_simhash_approx_nn                 okINFO:root:========================================================================= =========
                                 dataset                                           
------------------------------------------------------------------------- ---------
  simhash_projection_test_inputs_dense.test_simhash_preserves_similarity   10.1±0s 
 simhash_projection_test_inputs_sparse.test_simhash_preserves_similarity     n/a   
                  simhash_projection_inputs_dense.small                      n/a   
                  simhash_projection_inputs_dense.medium                     n/a   
                  simhash_projection_inputs_dense.large                      n/a   
                  simhash_projection_inputs_sparse.small                     n/a   
                 simhash_projection_inputs_sparse.medium                     n/a   
                  simhash_projection_inputs_sparse.large                     n/a   
                   simhash_approx_nn_openml_dense.mnist                      n/a   
                  simhash_approx_nn_openml_dense.cifar10                     n/a   
                  simhash_approx_nn_openml_sparse.mnist                      n/a   
                 simhash_approx_nn_openml_sparse.cifar10                     n/a   
                 simhash_approx_nn_netflix_dense.netflix                     n/a   
                 simhash_approx_nn_netflix_sparse.netflix                    n/a   
========================================================================= =========

·· ========================================================================= =========
                                    dataset                                           
   ------------------------------------------------------------------------- ---------
     simhash_projection_test_inputs_dense.test_simhash_preserves_similarity   10.1±0s 
    simhash_projection_test_inputs_sparse.test_simhash_preserves_similarity     n/a   
                     simhash_projection_inputs_dense.small                      n/a   
                     simhash_projection_inputs_dense.medium                     n/a   
                     simhash_projection_inputs_dense.large                      n/a   
                     simhash_projection_inputs_sparse.small                     n/a   
                    simhash_projection_inputs_sparse.medium                     n/a   
                     simhash_projection_inputs_sparse.large                     n/a   
                      simhash_approx_nn_openml_dense.mnist                      n/a   
                     simhash_approx_nn_openml_dense.cifar10                     n/a   
                     simhash_approx_nn_openml_sparse.mnist                      n/a   
                    simhash_approx_nn_openml_sparse.cifar10                     n/a   
                    simhash_approx_nn_netflix_dense.netflix                     n/a   
                    simhash_approx_nn_netflix_sparse.netflix                    n/a   
   ========================================================================= =========
ERROR:root:For parameters: simhash_projection_test_inputs_dense.test_simhash_preserves_similarity
INFO root: Data shape: (20, 10), Query shape: (4, 10), Projection shape: (10, 384), Tables: 64, Projections per table: 6

··· For parameters: simhash_projection_test_inputs_dense.test_simhash_preserves_similarity
    INFO root: Data shape: (20, 10), Query shape: (4, 10), Projection shape: (10, 384), Tables: 64, Projections per table: 6
INFO:root:cg.CGBenchmark.time_cg_solver

·· cg.CGBenchmark.time_cg_solver                                   okINFO:root:============================================== =========
                   dataset                              
---------------------------------------------- ---------
     cg_test_inputs.test_3x3_tridiagonal          n/a   
        cg_test_inputs.test_3x3_dense             n/a   
     cg_test_inputs.test_4x4_tridiagonal          n/a   
  cg_test_inputs.test_3x3_indefinite_sparse       n/a   
  cg_test_inputs.test_3x3_scaled_tridiagonal      n/a   
        cg_test_inputs.test_5x5_sparse            n/a   
          cg_inputs.Andrews/Andrews               n/a   
           cg_inputs.Andrianov/ins2               n/a   
          cg_inputs.Andrianov/net100              n/a   
          cg_inputs.Andrianov/net125            10.8±0s 
          cg_inputs.Andrianov/net150              n/a   
          cg_inputs.Andrianov/net25               n/a   
          cg_inputs.Andrianov/net50               n/a   
          cg_inputs.Andrianov/net75             6.79±0s 
            cg_inputs.Bai/bfwb398                 n/a   
             cg_inputs.Bai/bfwb62                 n/a   
            cg_inputs.Bai/bfwb782                 n/a   
             cg_inputs.Bai/dw256B               2.61±0s 
             cg_inputs.Bai/dwb512                 n/a   
            cg_inputs.Bai/odepb400                n/a   
            cg_inputs.Bindel/ted_B                n/a   
       cg_inputs.Bindel/ted_B_unscaled          2.57±0s 
          cg_inputs.Boeing/crystm01               n/a   
          cg_inputs.Boeing/crystm02               n/a   
          cg_inputs.Boeing/crystm03               n/a   
      cg_inputs.Botonakis/thermomech_TC         4.53±0s 
      cg_inputs.Botonakis/thermomech_dM           n/a   
     cg_inputs.Bourchtein/atmosmodd__rhs1         n/a   
     cg_inputs.Bourchtein/atmosmodj__rhs1         n/a   
     cg_inputs.Bourchtein/atmosmodl__rhs1       7.12±0s 
     cg_inputs.Bourchtein/atmosmodm__rhs1         n/a   
         cg_inputs.Brunetiere/thermal             n/a   
        cg_inputs.Cunningham/m3plates             n/a   
          cg_inputs.Cunningham/qa8fm            6.87±0s 
       cg_inputs.FEMLAB/poisson2D__rhs0           n/a   
          cg_inputs.FEMLAB/problem1               n/a   
             cg_inputs.FIDAP/ex29                 n/a   
             cg_inputs.FIDAP/ex37               2.86±0s 
             cg_inputs.FIDAP/ex5                  n/a   
             cg_inputs.FIDAP/ex7                  n/a   
         cg_inputs.GHS_indef/blockqp1             n/a   
          cg_inputs.GHS_indef/laser             2.59±0s 
          cg_inputs.GHS_indef/qpband              n/a   
         cg_inputs.GHS_psdef/jnlbrng1             n/a   
         cg_inputs.GHS_psdef/minsurfo             n/a   
         cg_inputs.GHS_psdef/obstclae           2.91±0s 
             cg_inputs.Grund/meg4                 n/a   
          cg_inputs.Grund/poli__rhs0              n/a   
            cg_inputs.HB/bcspwr01                 n/a   
            cg_inputs.HB/bcspwr02               2.58±0s 
            cg_inputs.HB/bcsstk01                 n/a   
            cg_inputs.HB/bcsstk02                 n/a   
            cg_inputs.HB/bcsstm01                 n/a   
            cg_inputs.HB/bcsstm02               2.76±0s 
            cg_inputs.HB/bcsstm03                 n/a   
            cg_inputs.HB/bcsstm04                 n/a   
            cg_inputs.HB/bcsstm05                 n/a   
            cg_inputs.HB/bcsstm06               3.49±0s 
            cg_inputs.HB/bcsstm08                 n/a   
            cg_inputs.HB/bcsstm09                 n/a   
            cg_inputs.HB/bcsstm11                 n/a   
            cg_inputs.HB/bcsstm19               2.63±0s 
            cg_inputs.HB/bcsstm20                 n/a   
            cg_inputs.HB/bcsstm21                 n/a   
            cg_inputs.HB/bcsstm22                 n/a   
             cg_inputs.HB/can_144               2.59±0s 
             cg_inputs.HB/can_24                  n/a   
             cg_inputs.HB/can_61                  n/a   
             cg_inputs.HB/can_62                  n/a   
             cg_inputs.HB/can_73                2.60±0s 
             cg_inputs.HB/can_96                  n/a   
             cg_inputs.HB/dwt_59                  n/a   
             cg_inputs.HB/dwt_66                  n/a   
             cg_inputs.HB/dwt_72                2.58±0s 
            cg_inputs.HB/fs_541_1                 n/a   
            cg_inputs.HB/gr_30_30                 n/a   
             cg_inputs.HB/lap_25                  n/a   
              cg_inputs.HB/nos4                 2.63±0s 
         cg_inputs.HB/orani678__rhs1              n/a   
         cg_inputs.HB/orani678__rhs10             n/a   
         cg_inputs.HB/orani678__rhs11             n/a   
         cg_inputs.HB/orani678__rhs12             n/a   
         cg_inputs.HB/orani678__rhs14             n/a   
         cg_inputs.HB/orani678__rhs15             n/a   
         cg_inputs.HB/orani678__rhs16             n/a   
         cg_inputs.HB/orani678__rhs17             n/a   
         cg_inputs.HB/orani678__rhs18             n/a   
         cg_inputs.HB/orani678__rhs19             n/a   
         cg_inputs.HB/orani678__rhs2              n/a   
         cg_inputs.HB/orani678__rhs3              n/a   
         cg_inputs.HB/orani678__rhs4              n/a   
         cg_inputs.HB/orani678__rhs5              n/a   
         cg_inputs.HB/orani678__rhs6              n/a   
         cg_inputs.HB/orani678__rhs62             n/a   
         cg_inputs.HB/orani678__rhs7              n/a   
         cg_inputs.HB/orani678__rhs8              n/a   
             cg_inputs.HB/watt_1                  n/a   
             cg_inputs.HB/watt_2                  n/a   
          cg_inputs.Hamm/add32__rhs0            2.69±0s 
               cg_inputs.MKS/fp                   n/a   
           cg_inputs.MathWorks/Muu                n/a   
        cg_inputs.MathWorks/tomography            n/a   
      cg_inputs.MaxPlanck/shallow_water1        2.82±0s 
      cg_inputs.MaxPlanck/shallow_water2          n/a   
          cg_inputs.Mulvey/finan512               n/a   
        cg_inputs.Nasa/nasa2146__rhs0             n/a   
          cg_inputs.Nemeth/nemeth02             2.68±0s 
          cg_inputs.Nemeth/nemeth03               n/a   
          cg_inputs.Nemeth/nemeth04               n/a   
          cg_inputs.Nemeth/nemeth05               n/a   
          cg_inputs.Nemeth/nemeth06             2.74±0s 
          cg_inputs.Nemeth/nemeth07               n/a   
          cg_inputs.Nemeth/nemeth08               n/a   
          cg_inputs.Nemeth/nemeth09               n/a   
          cg_inputs.Nemeth/nemeth10             2.84±0s 
          cg_inputs.Nemeth/nemeth11               n/a   
          cg_inputs.Nemeth/nemeth12               n/a   
          cg_inputs.Nemeth/nemeth13               n/a   
          cg_inputs.Nemeth/nemeth16             4.35±0s 
          cg_inputs.Nemeth/nemeth17               n/a   
          cg_inputs.Nemeth/nemeth18               n/a   
          cg_inputs.Nemeth/nemeth19               n/a   
          cg_inputs.Nemeth/nemeth20             3.91±0s 
          cg_inputs.Nemeth/nemeth21               n/a   
          cg_inputs.Nemeth/nemeth22               n/a   
          cg_inputs.Nemeth/nemeth23               n/a   
          cg_inputs.Nemeth/nemeth24             3.15±0s 
          cg_inputs.Nemeth/nemeth25               n/a   
          cg_inputs.Nemeth/nemeth26               n/a   
             cg_inputs.Norris/fv1                 n/a   
             cg_inputs.Norris/fv2               2.74±0s 
          cg_inputs.Oberwolfach/LF10              n/a   
         cg_inputs.Oberwolfach/LFAT5              n/a   
             cg_inputs.PARSEC/Si2                 n/a   
           cg_inputs.Pothen/mesh1e1             5.22±0s 
          cg_inputs.Pothen/mesh1em1               n/a   
          cg_inputs.Pothen/mesh1em6               n/a   
           cg_inputs.Pothen/mesh2e1               n/a   
          cg_inputs.Pothen/mesh2em5             2.59±0s 
           cg_inputs.Pothen/mesh3e1               n/a   
          cg_inputs.Pothen/mesh3em5               n/a   
           cg_inputs.Pothen/sphere2               n/a   
         cg_inputs.Precima/analytics            4.79±0s 
          cg_inputs.Sandia/ASIC_100k              n/a   
         cg_inputs.Sandia/ASIC_100ks              n/a   
         cg_inputs.Sandia/ASIC_320ks              n/a   
        cg_inputs.Sandia/adder_dcop_61          2.66±0s 
        cg_inputs.Sandia/adder_dcop_62            n/a   
        cg_inputs.Sandia/adder_dcop_63            n/a   
        cg_inputs.Sandia/adder_dcop_64            n/a   
        cg_inputs.Sandia/adder_dcop_65          2.66±0s 
        cg_inputs.Sandia/adder_dcop_66            n/a   
        cg_inputs.Sandia/adder_dcop_67            n/a   
        cg_inputs.Sandia/adder_dcop_68            n/a   
        cg_inputs.Sandia/adder_dcop_69          2.97±0s 
     cg_inputs.Schenk_AFE/af_shell3__rhs0         n/a   
     cg_inputs.Schenk_AFE/af_shell4__rhs0         n/a   
     cg_inputs.Schenk_AFE/af_shell7__rhs0         n/a   
     cg_inputs.Schenk_AFE/af_shell8__rhs0         n/a   
      cg_inputs.VDOL/hangGlider_1__rhs0           n/a   
 cg_inputs.VDOL/tumorAntiAngiogenesis_1__rhs0     n/a   
 cg_inputs.VDOL/tumorAntiAngiogenesis_2__rhs0     n/a   
              cg_inputs.VLSI/ss1                3.42±0s 
============================================== =========

·· ============================================== =========
                      dataset                              
   ---------------------------------------------- ---------
        cg_test_inputs.test_3x3_tridiagonal          n/a   
           cg_test_inputs.test_3x3_dense             n/a   
        cg_test_inputs.test_4x4_tridiagonal          n/a   
     cg_test_inputs.test_3x3_indefinite_sparse       n/a   
     cg_test_inputs.test_3x3_scaled_tridiagonal      n/a   
           cg_test_inputs.test_5x5_sparse            n/a   
             cg_inputs.Andrews/Andrews               n/a   
              cg_inputs.Andrianov/ins2               n/a   
             cg_inputs.Andrianov/net100              n/a   
             cg_inputs.Andrianov/net125            10.8±0s 
             cg_inputs.Andrianov/net150              n/a   
             cg_inputs.Andrianov/net25               n/a   
             cg_inputs.Andrianov/net50               n/a   
             cg_inputs.Andrianov/net75             6.79±0s 
               cg_inputs.Bai/bfwb398                 n/a   
                cg_inputs.Bai/bfwb62                 n/a   
               cg_inputs.Bai/bfwb782                 n/a   
                cg_inputs.Bai/dw256B               2.61±0s 
                cg_inputs.Bai/dwb512                 n/a   
               cg_inputs.Bai/odepb400                n/a   
               cg_inputs.Bindel/ted_B                n/a   
          cg_inputs.Bindel/ted_B_unscaled          2.57±0s 
             cg_inputs.Boeing/crystm01               n/a   
             cg_inputs.Boeing/crystm02               n/a   
             cg_inputs.Boeing/crystm03               n/a   
         cg_inputs.Botonakis/thermomech_TC         4.53±0s 
         cg_inputs.Botonakis/thermomech_dM           n/a   
        cg_inputs.Bourchtein/atmosmodd__rhs1         n/a   
        cg_inputs.Bourchtein/atmosmodj__rhs1         n/a   
        cg_inputs.Bourchtein/atmosmodl__rhs1       7.12±0s 
        cg_inputs.Bourchtein/atmosmodm__rhs1         n/a   
            cg_inputs.Brunetiere/thermal             n/a   
           cg_inputs.Cunningham/m3plates             n/a   
             cg_inputs.Cunningham/qa8fm            6.87±0s 
          cg_inputs.FEMLAB/poisson2D__rhs0           n/a   
             cg_inputs.FEMLAB/problem1               n/a   
                cg_inputs.FIDAP/ex29                 n/a   
                cg_inputs.FIDAP/ex37               2.86±0s 
                cg_inputs.FIDAP/ex5                  n/a   
                cg_inputs.FIDAP/ex7                  n/a   
            cg_inputs.GHS_indef/blockqp1             n/a   
             cg_inputs.GHS_indef/laser             2.59±0s 
             cg_inputs.GHS_indef/qpband              n/a   
            cg_inputs.GHS_psdef/jnlbrng1             n/a   
            cg_inputs.GHS_psdef/minsurfo             n/a   
            cg_inputs.GHS_psdef/obstclae           2.91±0s 
                cg_inputs.Grund/meg4                 n/a   
             cg_inputs.Grund/poli__rhs0              n/a   
               cg_inputs.HB/bcspwr01                 n/a   
               cg_inputs.HB/bcspwr02               2.58±0s 
               cg_inputs.HB/bcsstk01                 n/a   
               cg_inputs.HB/bcsstk02                 n/a   
               cg_inputs.HB/bcsstm01                 n/a   
               cg_inputs.HB/bcsstm02               2.76±0s 
               cg_inputs.HB/bcsstm03                 n/a   
               cg_inputs.HB/bcsstm04                 n/a   
               cg_inputs.HB/bcsstm05                 n/a   
               cg_inputs.HB/bcsstm06               3.49±0s 
               cg_inputs.HB/bcsstm08                 n/a   
               cg_inputs.HB/bcsstm09                 n/a   
               cg_inputs.HB/bcsstm11                 n/a   
               cg_inputs.HB/bcsstm19               2.63±0s 
               cg_inputs.HB/bcsstm20                 n/a   
               cg_inputs.HB/bcsstm21                 n/a   
               cg_inputs.HB/bcsstm22                 n/a   
                cg_inputs.HB/can_144               2.59±0s 
                cg_inputs.HB/can_24                  n/a   
                cg_inputs.HB/can_61                  n/a   
                cg_inputs.HB/can_62                  n/a   
                cg_inputs.HB/can_73                2.60±0s 
                cg_inputs.HB/can_96                  n/a   
                cg_inputs.HB/dwt_59                  n/a   
                cg_inputs.HB/dwt_66                  n/a   
                cg_inputs.HB/dwt_72                2.58±0s 
               cg_inputs.HB/fs_541_1                 n/a   
               cg_inputs.HB/gr_30_30                 n/a   
                cg_inputs.HB/lap_25                  n/a   
                 cg_inputs.HB/nos4                 2.63±0s 
            cg_inputs.HB/orani678__rhs1              n/a   
            cg_inputs.HB/orani678__rhs10             n/a   
            cg_inputs.HB/orani678__rhs11             n/a   
            cg_inputs.HB/orani678__rhs12             n/a   
            cg_inputs.HB/orani678__rhs14             n/a   
            cg_inputs.HB/orani678__rhs15             n/a   
            cg_inputs.HB/orani678__rhs16             n/a   
            cg_inputs.HB/orani678__rhs17             n/a   
            cg_inputs.HB/orani678__rhs18             n/a   
            cg_inputs.HB/orani678__rhs19             n/a   
            cg_inputs.HB/orani678__rhs2              n/a   
            cg_inputs.HB/orani678__rhs3              n/a   
            cg_inputs.HB/orani678__rhs4              n/a   
            cg_inputs.HB/orani678__rhs5              n/a   
            cg_inputs.HB/orani678__rhs6              n/a   
            cg_inputs.HB/orani678__rhs62             n/a   
            cg_inputs.HB/orani678__rhs7              n/a   
            cg_inputs.HB/orani678__rhs8              n/a   
                cg_inputs.HB/watt_1                  n/a   
                cg_inputs.HB/watt_2                  n/a   
             cg_inputs.Hamm/add32__rhs0            2.69±0s 
                  cg_inputs.MKS/fp                   n/a   
              cg_inputs.MathWorks/Muu                n/a   
           cg_inputs.MathWorks/tomography            n/a   
         cg_inputs.MaxPlanck/shallow_water1        2.82±0s 
         cg_inputs.MaxPlanck/shallow_water2          n/a   
             cg_inputs.Mulvey/finan512               n/a   
           cg_inputs.Nasa/nasa2146__rhs0             n/a   
             cg_inputs.Nemeth/nemeth02             2.68±0s 
             cg_inputs.Nemeth/nemeth03               n/a   
             cg_inputs.Nemeth/nemeth04               n/a   
             cg_inputs.Nemeth/nemeth05               n/a   
             cg_inputs.Nemeth/nemeth06             2.74±0s 
             cg_inputs.Nemeth/nemeth07               n/a   
             cg_inputs.Nemeth/nemeth08               n/a   
             cg_inputs.Nemeth/nemeth09               n/a   
             cg_inputs.Nemeth/nemeth10             2.84±0s 
             cg_inputs.Nemeth/nemeth11               n/a   
             cg_inputs.Nemeth/nemeth12               n/a   
             cg_inputs.Nemeth/nemeth13               n/a   
             cg_inputs.Nemeth/nemeth16             4.35±0s 
             cg_inputs.Nemeth/nemeth17               n/a   
             cg_inputs.Nemeth/nemeth18               n/a   
             cg_inputs.Nemeth/nemeth19               n/a   
             cg_inputs.Nemeth/nemeth20             3.91±0s 
             cg_inputs.Nemeth/nemeth21               n/a   
             cg_inputs.Nemeth/nemeth22               n/a   
             cg_inputs.Nemeth/nemeth23               n/a   
             cg_inputs.Nemeth/nemeth24             3.15±0s 
             cg_inputs.Nemeth/nemeth25               n/a   
             cg_inputs.Nemeth/nemeth26               n/a   
                cg_inputs.Norris/fv1                 n/a   
                cg_inputs.Norris/fv2               2.74±0s 
             cg_inputs.Oberwolfach/LF10              n/a   
            cg_inputs.Oberwolfach/LFAT5              n/a   
                cg_inputs.PARSEC/Si2                 n/a   
              cg_inputs.Pothen/mesh1e1             5.22±0s 
             cg_inputs.Pothen/mesh1em1               n/a   
             cg_inputs.Pothen/mesh1em6               n/a   
              cg_inputs.Pothen/mesh2e1               n/a   
             cg_inputs.Pothen/mesh2em5             2.59±0s 
              cg_inputs.Pothen/mesh3e1               n/a   
             cg_inputs.Pothen/mesh3em5               n/a   
              cg_inputs.Pothen/sphere2               n/a   
            cg_inputs.Precima/analytics            4.79±0s 
             cg_inputs.Sandia/ASIC_100k              n/a   
            cg_inputs.Sandia/ASIC_100ks              n/a   
            cg_inputs.Sandia/ASIC_320ks              n/a   
           cg_inputs.Sandia/adder_dcop_61          2.66±0s 
           cg_inputs.Sandia/adder_dcop_62            n/a   
           cg_inputs.Sandia/adder_dcop_63            n/a   
           cg_inputs.Sandia/adder_dcop_64            n/a   
           cg_inputs.Sandia/adder_dcop_65          2.66±0s 
           cg_inputs.Sandia/adder_dcop_66            n/a   
           cg_inputs.Sandia/adder_dcop_67            n/a   
           cg_inputs.Sandia/adder_dcop_68            n/a   
           cg_inputs.Sandia/adder_dcop_69          2.97±0s 
        cg_inputs.Schenk_AFE/af_shell3__rhs0         n/a   
        cg_inputs.Schenk_AFE/af_shell4__rhs0         n/a   
        cg_inputs.Schenk_AFE/af_shell7__rhs0         n/a   
        cg_inputs.Schenk_AFE/af_shell8__rhs0         n/a   
         cg_inputs.VDOL/hangGlider_1__rhs0           n/a   
    cg_inputs.VDOL/tumorAntiAngiogenesis_1__rhs0     n/a   
    cg_inputs.VDOL/tumorAntiAngiogenesis_2__rhs0     n/a   
                 cg_inputs.VLSI/ss1                3.42±0s 
   ============================================== =========
ERROR:root:For parameters: cg_inputs.Andrianov/net125
INFO root: Dataset suitesparse_matrix.Andrianov/net125 found in cache.

For parameters: cg_inputs.Andrianov/net75
INFO root: Dataset suitesparse_matrix.Andrianov/net75 found in cache.

For parameters: cg_inputs.Bai/dw256B
INFO root: Dataset suitesparse_matrix.Bai/dw256B found in cache.

For parameters: cg_inputs.Bindel/ted_B_unscaled
INFO root: Dataset suitesparse_matrix.Bindel/ted_B_unscaled found in cache.

For parameters: cg_inputs.Botonakis/thermomech_TC
INFO root: Dataset suitesparse_matrix.Botonakis/thermomech_TC found in cache.

For parameters: cg_inputs.Bourchtein/atmosmodl__rhs1
INFO root: Dataset suitesparse_matrix.Bourchtein/atmosmodl found in cache.

For parameters: cg_inputs.Cunningham/qa8fm
INFO root: Dataset suitesparse_matrix.Cunningham/qa8fm found in cache.

For parameters: cg_inputs.FIDAP/ex37
INFO root: Dataset suitesparse_matrix.FIDAP/ex37 found in cache.

For parameters: cg_inputs.GHS_indef/laser
INFO root: Dataset suitesparse_matrix.GHS_indef/laser found in cache.

For parameters: cg_inputs.GHS_psdef/obstclae
INFO root: Dataset suitesparse_matrix.GHS_psdef/obstclae found in cache.

For parameters: cg_inputs.HB/bcspwr02
INFO root: Dataset suitesparse_matrix.HB/bcspwr02 found in cache.

For parameters: cg_inputs.HB/bcsstm02
INFO root: Dataset suitesparse_matrix.HB/bcsstm02 found in cache.

For parameters: cg_inputs.HB/bcsstm06
INFO root: Dataset suitesparse_matrix.HB/bcsstm06 found in cache.

For parameters: cg_inputs.HB/bcsstm19
INFO root: Dataset suitesparse_matrix.HB/bcsstm19 found in cache.

For parameters: cg_inputs.HB/can_144
INFO root: Dataset suitesparse_matrix.HB/can_144 found in cache.

For parameters: cg_inputs.HB/can_73
INFO root: Dataset suitesparse_matrix.HB/can_73 found in cache.

For parameters: cg_inputs.HB/dwt_72
INFO root: Dataset suitesparse_matrix.HB/dwt_72 found in cache.

For parameters: cg_inputs.HB/nos4
INFO root: Dataset suitesparse_matrix.HB/nos4 found in cache.

For parameters: cg_inputs.Hamm/add32__rhs0
INFO root: Dataset suitesparse_matrix.Hamm/add32 found in cache.

For parameters: cg_inputs.MaxPlanck/shallow_water1
INFO root: Dataset suitesparse_matrix.MaxPlanck/shallow_water1 found in cache.

For parameters: cg_inputs.Nemeth/nemeth02
INFO root: Dataset suitesparse_matrix.Nemeth/nemeth02 found in cache.

For parameters: cg_inputs.Nemeth/nemeth06
INFO root: Dataset suitesparse_matrix.Nemeth/nemeth06 found in cache.

For parameters: cg_inputs.Nemeth/nemeth10
INFO root: Dataset suitesparse_matrix.Nemeth/nemeth10 found in cache.

For parameters: cg_inputs.Nemeth/nemeth16
INFO root: Dataset suitesparse_matrix.Nemeth/nemeth16 found in cache.

For parameters: cg_inputs.Nemeth/nemeth20
INFO root: Dataset suitesparse_matrix.Nemeth/nemeth20 found in cache.

For parameters: cg_inputs.Nemeth/nemeth24
INFO root: Dataset suitesparse_matrix.Nemeth/nemeth24 found in cache.

For parameters: cg_inputs.Norris/fv2
INFO root: Dataset suitesparse_matrix.Norris/fv2 found in cache.

For parameters: cg_inputs.Pothen/mesh1e1
INFO root: Dataset suitesparse_matrix.Pothen/mesh1e1 found in cache.

For parameters: cg_inputs.Pothen/mesh2em5
INFO root: Dataset suitesparse_matrix.Pothen/mesh2em5 found in cache.

For parameters: cg_inputs.Precima/analytics
INFO root: Dataset suitesparse_matrix.Precima/analytics found in cache.

For parameters: cg_inputs.Sandia/adder_dcop_61
INFO root: Dataset suitesparse_matrix.Sandia/adder_dcop_61 found in cache.

For parameters: cg_inputs.Sandia/adder_dcop_65
INFO root: Dataset suitesparse_matrix.Sandia/adder_dcop_65 found in cache.

For parameters: cg_inputs.Sandia/adder_dcop_69
INFO root: Dataset suitesparse_matrix.Sandia/adder_dcop_69 found in cache.

For parameters: cg_inputs.VLSI/ss1
INFO root: Dataset suitesparse_matrix.VLSI/ss1 found in cache.

··· For parameters: cg_inputs.Andrianov/net125
    INFO root: Dataset suitesparse_matrix.Andrianov/net125 found in cache.
    
    For parameters: cg_inputs.Andrianov/net75
    INFO root: Dataset suitesparse_matrix.Andrianov/net75 found in cache.
    
    For parameters: cg_inputs.Bai/dw256B
    INFO root: Dataset suitesparse_matrix.Bai/dw256B found in cache.
    
    For parameters: cg_inputs.Bindel/ted_B_unscaled
    INFO root: Dataset suitesparse_matrix.Bindel/ted_B_unscaled found in cache.
    
    For parameters: cg_inputs.Botonakis/thermomech_TC
    INFO root: Dataset suitesparse_matrix.Botonakis/thermomech_TC found in cache.
    
    For parameters: cg_inputs.Bourchtein/atmosmodl__rhs1
    INFO root: Dataset suitesparse_matrix.Bourchtein/atmosmodl found in cache.
    
    For parameters: cg_inputs.Cunningham/qa8fm
    INFO root: Dataset suitesparse_matrix.Cunningham/qa8fm found in cache.
    
    For parameters: cg_inputs.FIDAP/ex37
    INFO root: Dataset suitesparse_matrix.FIDAP/ex37 found in cache.
    
    For parameters: cg_inputs.GHS_indef/laser
    INFO root: Dataset suitesparse_matrix.GHS_indef/laser found in cache.
    
    For parameters: cg_inputs.GHS_psdef/obstclae
    INFO root: Dataset suitesparse_matrix.GHS_psdef/obstclae found in cache.
    
    For parameters: cg_inputs.HB/bcspwr02
    INFO root: Dataset suitesparse_matrix.HB/bcspwr02 found in cache.
    
    For parameters: cg_inputs.HB/bcsstm02
    INFO root: Dataset suitesparse_matrix.HB/bcsstm02 found in cache.
    
    For parameters: cg_inputs.HB/bcsstm06
    INFO root: Dataset suitesparse_matrix.HB/bcsstm06 found in cache.
    
    For parameters: cg_inputs.HB/bcsstm19
    INFO root: Dataset suitesparse_matrix.HB/bcsstm19 found in cache.
    
    For parameters: cg_inputs.HB/can_144
    INFO root: Dataset suitesparse_matrix.HB/can_144 found in cache.
    
    For parameters: cg_inputs.HB/can_73
    INFO root: Dataset suitesparse_matrix.HB/can_73 found in cache.
    
    For parameters: cg_inputs.HB/dwt_72
    INFO root: Dataset suitesparse_matrix.HB/dwt_72 found in cache.
    
    For parameters: cg_inputs.HB/nos4
    INFO root: Dataset suitesparse_matrix.HB/nos4 found in cache.
    
    For parameters: cg_inputs.Hamm/add32__rhs0
    INFO root: Dataset suitesparse_matrix.Hamm/add32 found in cache.
    
    For parameters: cg_inputs.MaxPlanck/shallow_water1
    INFO root: Dataset suitesparse_matrix.MaxPlanck/shallow_water1 found in cache.
    
    For parameters: cg_inputs.Nemeth/nemeth02
    INFO root: Dataset suitesparse_matrix.Nemeth/nemeth02 found in cache.
    
    For parameters: cg_inputs.Nemeth/nemeth06
    INFO root: Dataset suitesparse_matrix.Nemeth/nemeth06 found in cache.
    
    For parameters: cg_inputs.Nemeth/nemeth10
    INFO root: Dataset suitesparse_matrix.Nemeth/nemeth10 found in cache.
    
    For parameters: cg_inputs.Nemeth/nemeth16
    INFO root: Dataset suitesparse_matrix.Nemeth/nemeth16 found in cache.
    
    For parameters: cg_inputs.Nemeth/nemeth20
    INFO root: Dataset suitesparse_matrix.Nemeth/nemeth20 found in cache.
    
    For parameters: cg_inputs.Nemeth/nemeth24
    INFO root: Dataset suitesparse_matrix.Nemeth/nemeth24 found in cache.
    
    For parameters: cg_inputs.Norris/fv2
    INFO root: Dataset suitesparse_matrix.Norris/fv2 found in cache.
    
    For parameters: cg_inputs.Pothen/mesh1e1
    INFO root: Dataset suitesparse_matrix.Pothen/mesh1e1 found in cache.
    
    For parameters: cg_inputs.Pothen/mesh2em5
    INFO root: Dataset suitesparse_matrix.Pothen/mesh2em5 found in cache.
    
    For parameters: cg_inputs.Precima/analytics
    INFO root: Dataset suitesparse_matrix.Precima/analytics found in cache.
    
    For parameters: cg_inputs.Sandia/adder_dcop_61
    INFO root: Dataset suitesparse_matrix.Sandia/adder_dcop_61 found in cache.
    
    For parameters: cg_inputs.Sandia/adder_dcop_65
    INFO root: Dataset suitesparse_matrix.Sandia/adder_dcop_65 found in cache.
    
    For parameters: cg_inputs.Sandia/adder_dcop_69
    INFO root: Dataset suitesparse_matrix.Sandia/adder_dcop_69 found in cache.
    
    For parameters: cg_inputs.VLSI/ss1
    INFO root: Dataset suitesparse_matrix.VLSI/ss1 found in cache.
INFO:root:coupled_cluster.CCSD.time_ccsd

·· coupled_cluster.CCSD.time_ccsd                                  okINFO:root:========================= =========
         dataset                   
------------------------- ---------
  ccsd_inputs.ccsd_small     n/a   
 ccsd_inputs.ccsd_medium     n/a   
  ccsd_inputs.ccsd_large   2.45±0s 
========================= =========

·· ========================= =========
            dataset                   
   ------------------------- ---------
     ccsd_inputs.ccsd_small     n/a   
    ccsd_inputs.ccsd_medium     n/a   
     ccsd_inputs.ccsd_large   2.45±0s 
   ========================= =========
INFO:root:dae.SlicotDAEBDF.time_slicot_dae_bdf

·· dae.SlicotDAEBDF.time_slicot_dae_bdf                            okINFO:root:========================================== =========
                 dataset                            
------------------------------------------ ---------
 dae_test_inputs.test_slicot_descriptor_2     n/a   
         slicot_dae_inputs.tline            572±0ms 
          slicot_dae_inputs.peec              n/a   
       slicot_dae_inputs.heat-disc            n/a   
         slicot_dae_inputs.MNA_1              n/a   
         slicot_dae_inputs.MNA_2            4.48±0s 
         slicot_dae_inputs.MNA_3              n/a   
         slicot_dae_inputs.MNA_4              n/a   
         slicot_dae_inputs.MNA_5              n/a   
========================================== =========

·· ========================================== =========
                    dataset                            
   ------------------------------------------ ---------
    dae_test_inputs.test_slicot_descriptor_2     n/a   
            slicot_dae_inputs.tline            572±0ms 
             slicot_dae_inputs.peec              n/a   
          slicot_dae_inputs.heat-disc            n/a   
            slicot_dae_inputs.MNA_1              n/a   
            slicot_dae_inputs.MNA_2            4.48±0s 
            slicot_dae_inputs.MNA_3              n/a   
            slicot_dae_inputs.MNA_4              n/a   
            slicot_dae_inputs.MNA_5              n/a   
   ========================================== =========
INFO:root:jacobi.JacobiBenchmark.time_jacobi_solver

·· jacobi.JacobiBenchmark.time_jacobi_solver                       okINFO:root:========================================== =========
                 dataset                            
------------------------------------------ ---------
       jacobi_test_inputs.test_3x3            n/a   
       jacobi_test_inputs.test_4x4            n/a   
   jacobi_test_inputs.test_3x3_dominant       n/a   
      jacobi_inputs.Andrews/Andrews           n/a   
         jacobi_inputs.Bai/cdde2            6.02±0s 
         jacobi_inputs.Bai/cdde4              n/a   
         jacobi_inputs.Bai/cdde6              n/a   
         jacobi_inputs.Bai/dw256B             n/a   
         jacobi_inputs.Bai/dwb512           6.03±0s 
         jacobi_inputs.Bai/pde900             n/a   
   jacobi_inputs.Bindel/ted_B_unscaled        n/a   
      jacobi_inputs.Boeing/bcsstm39           n/a   
 jacobi_inputs.Bourchtein/atmosmodd__rhs1   8.62±0s 
 jacobi_inputs.Bourchtein/atmosmodj__rhs1     n/a   
 jacobi_inputs.Bourchtein/atmosmodl__rhs1     n/a   
 jacobi_inputs.Bourchtein/atmosmodm__rhs1     n/a   
      jacobi_inputs.Cunningham/qa8fk          n/a   
      jacobi_inputs.FEMLAB/problem1           n/a   
   jacobi_inputs.Freescale/circuit5M_dc       n/a   
     jacobi_inputs.GHS_psdef/jnlbrng1       14.2±0s 
     jacobi_inputs.GHS_psdef/minsurfo         n/a   
     jacobi_inputs.GHS_psdef/obstclae         n/a   
      jacobi_inputs.Grund/poli__rhs0          n/a   
        jacobi_inputs.Grund/poli3           6.04±0s 
        jacobi_inputs.Grund/poli4             n/a   
      jacobi_inputs.Grund/poli_large          n/a   
         jacobi_inputs.HB/arc130              n/a   
        jacobi_inputs.HB/bcsstm02           6.22±0s 
        jacobi_inputs.HB/bcsstm05             n/a   
        jacobi_inputs.HB/bcsstm06             n/a   
        jacobi_inputs.HB/bcsstm08             n/a   
        jacobi_inputs.HB/bcsstm09           5.95±0s 
        jacobi_inputs.HB/bcsstm11             n/a   
        jacobi_inputs.HB/bcsstm19             n/a   
        jacobi_inputs.HB/bcsstm20             n/a   
        jacobi_inputs.HB/bcsstm21           5.91±0s 
        jacobi_inputs.HB/bcsstm22             n/a   
        jacobi_inputs.HB/bcsstm23             n/a   
        jacobi_inputs.HB/bcsstm24             n/a   
        jacobi_inputs.HB/bcsstm25           5.90±0s 
        jacobi_inputs.HB/bcsstm26             n/a   
        jacobi_inputs.HB/fs_183_1             n/a   
        jacobi_inputs.HB/fs_183_3             n/a   
        jacobi_inputs.HB/fs_183_4           7.43±0s 
        jacobi_inputs.HB/fs_183_6             n/a   
        jacobi_inputs.HB/fs_541_1             n/a   
        jacobi_inputs.HB/fs_680_1             n/a   
        jacobi_inputs.HB/fs_680_2           6.52±0s 
        jacobi_inputs.HB/fs_760_1             n/a   
        jacobi_inputs.HB/gr_30_30             n/a   
        jacobi_inputs.HB/jpwh_991             n/a   
         jacobi_inputs.HB/steam3            5.99±0s 
         jacobi_inputs.HB/watt_1              n/a   
      jacobi_inputs.Hamm/add32__rhs0          n/a   
    jacobi_inputs.MathWorks/tomography        n/a   
  jacobi_inputs.MaxPlanck/shallow_water1    6.37±0s 
  jacobi_inputs.MaxPlanck/shallow_water2      n/a   
      jacobi_inputs.Mulvey/finan512           n/a   
    jacobi_inputs.Nasa/nasa2146__rhs0         n/a   
      jacobi_inputs.Nemeth/nemeth02         6.12±0s 
      jacobi_inputs.Nemeth/nemeth03           n/a   
      jacobi_inputs.Nemeth/nemeth04           n/a   
      jacobi_inputs.Nemeth/nemeth05           n/a   
      jacobi_inputs.Nemeth/nemeth06         6.09±0s 
      jacobi_inputs.Nemeth/nemeth07           n/a   
      jacobi_inputs.Nemeth/nemeth08           n/a   
      jacobi_inputs.Nemeth/nemeth09           n/a   
      jacobi_inputs.Nemeth/nemeth10         6.20±0s 
      jacobi_inputs.Nemeth/nemeth11           n/a   
      jacobi_inputs.Nemeth/nemeth12           n/a   
      jacobi_inputs.Nemeth/nemeth13           n/a   
         jacobi_inputs.Norris/fv1           6.29±0s 
         jacobi_inputs.Norris/fv2             n/a   
       jacobi_inputs.Norris/torso2            n/a   
       jacobi_inputs.Pothen/mesh1e1           n/a   
      jacobi_inputs.Pothen/mesh1em1         5.98±0s 
      jacobi_inputs.Pothen/mesh1em6           n/a   
       jacobi_inputs.Pothen/mesh2e1           n/a   
      jacobi_inputs.Pothen/mesh2em5           n/a   
       jacobi_inputs.Pothen/mesh3e1         5.94±0s 
      jacobi_inputs.Pothen/mesh3em5           n/a   
       jacobi_inputs.QLi/majorbasis           n/a   
    jacobi_inputs.Simon/raefsky5__rhs0        n/a   
    jacobi_inputs.Simon/raefsky6__rhs0      6.14±0s 
   jacobi_inputs.TOKAMAK/utm1700b__rhs0       n/a   
   jacobi_inputs.TOKAMAK/utm3060__rhs0        n/a   
          jacobi_inputs.VLSI/ss1              n/a   
        jacobi_inputs.Wang/swang1           6.05±0s 
        jacobi_inputs.Wang/swang2             n/a   
========================================== =========

·· ========================================== =========
                    dataset                            
   ------------------------------------------ ---------
          jacobi_test_inputs.test_3x3            n/a   
          jacobi_test_inputs.test_4x4            n/a   
      jacobi_test_inputs.test_3x3_dominant       n/a   
         jacobi_inputs.Andrews/Andrews           n/a   
            jacobi_inputs.Bai/cdde2            6.02±0s 
            jacobi_inputs.Bai/cdde4              n/a   
            jacobi_inputs.Bai/cdde6              n/a   
            jacobi_inputs.Bai/dw256B             n/a   
            jacobi_inputs.Bai/dwb512           6.03±0s 
            jacobi_inputs.Bai/pde900             n/a   
      jacobi_inputs.Bindel/ted_B_unscaled        n/a   
         jacobi_inputs.Boeing/bcsstm39           n/a   
    jacobi_inputs.Bourchtein/atmosmodd__rhs1   8.62±0s 
    jacobi_inputs.Bourchtein/atmosmodj__rhs1     n/a   
    jacobi_inputs.Bourchtein/atmosmodl__rhs1     n/a   
    jacobi_inputs.Bourchtein/atmosmodm__rhs1     n/a   
         jacobi_inputs.Cunningham/qa8fk          n/a   
         jacobi_inputs.FEMLAB/problem1           n/a   
      jacobi_inputs.Freescale/circuit5M_dc       n/a   
        jacobi_inputs.GHS_psdef/jnlbrng1       14.2±0s 
        jacobi_inputs.GHS_psdef/minsurfo         n/a   
        jacobi_inputs.GHS_psdef/obstclae         n/a   
         jacobi_inputs.Grund/poli__rhs0          n/a   
           jacobi_inputs.Grund/poli3           6.04±0s 
           jacobi_inputs.Grund/poli4             n/a   
         jacobi_inputs.Grund/poli_large          n/a   
            jacobi_inputs.HB/arc130              n/a   
           jacobi_inputs.HB/bcsstm02           6.22±0s 
           jacobi_inputs.HB/bcsstm05             n/a   
           jacobi_inputs.HB/bcsstm06             n/a   
           jacobi_inputs.HB/bcsstm08             n/a   
           jacobi_inputs.HB/bcsstm09           5.95±0s 
           jacobi_inputs.HB/bcsstm11             n/a   
           jacobi_inputs.HB/bcsstm19             n/a   
           jacobi_inputs.HB/bcsstm20             n/a   
           jacobi_inputs.HB/bcsstm21           5.91±0s 
           jacobi_inputs.HB/bcsstm22             n/a   
           jacobi_inputs.HB/bcsstm23             n/a   
           jacobi_inputs.HB/bcsstm24             n/a   
           jacobi_inputs.HB/bcsstm25           5.90±0s 
           jacobi_inputs.HB/bcsstm26             n/a   
           jacobi_inputs.HB/fs_183_1             n/a   
           jacobi_inputs.HB/fs_183_3             n/a   
           jacobi_inputs.HB/fs_183_4           7.43±0s 
           jacobi_inputs.HB/fs_183_6             n/a   
           jacobi_inputs.HB/fs_541_1             n/a   
           jacobi_inputs.HB/fs_680_1             n/a   
           jacobi_inputs.HB/fs_680_2           6.52±0s 
           jacobi_inputs.HB/fs_760_1             n/a   
           jacobi_inputs.HB/gr_30_30             n/a   
           jacobi_inputs.HB/jpwh_991             n/a   
            jacobi_inputs.HB/steam3            5.99±0s 
            jacobi_inputs.HB/watt_1              n/a   
         jacobi_inputs.Hamm/add32__rhs0          n/a   
       jacobi_inputs.MathWorks/tomography        n/a   
     jacobi_inputs.MaxPlanck/shallow_water1    6.37±0s 
     jacobi_inputs.MaxPlanck/shallow_water2      n/a   
         jacobi_inputs.Mulvey/finan512           n/a   
       jacobi_inputs.Nasa/nasa2146__rhs0         n/a   
         jacobi_inputs.Nemeth/nemeth02         6.12±0s 
         jacobi_inputs.Nemeth/nemeth03           n/a   
         jacobi_inputs.Nemeth/nemeth04           n/a   
         jacobi_inputs.Nemeth/nemeth05           n/a   
         jacobi_inputs.Nemeth/nemeth06         6.09±0s 
         jacobi_inputs.Nemeth/nemeth07           n/a   
         jacobi_inputs.Nemeth/nemeth08           n/a   
         jacobi_inputs.Nemeth/nemeth09           n/a   
         jacobi_inputs.Nemeth/nemeth10         6.20±0s 
         jacobi_inputs.Nemeth/nemeth11           n/a   
         jacobi_inputs.Nemeth/nemeth12           n/a   
         jacobi_inputs.Nemeth/nemeth13           n/a   
            jacobi_inputs.Norris/fv1           6.29±0s 
            jacobi_inputs.Norris/fv2             n/a   
          jacobi_inputs.Norris/torso2            n/a   
          jacobi_inputs.Pothen/mesh1e1           n/a   
         jacobi_inputs.Pothen/mesh1em1         5.98±0s 
         jacobi_inputs.Pothen/mesh1em6           n/a   
          jacobi_inputs.Pothen/mesh2e1           n/a   
         jacobi_inputs.Pothen/mesh2em5           n/a   
          jacobi_inputs.Pothen/mesh3e1         5.94±0s 
         jacobi_inputs.Pothen/mesh3em5           n/a   
          jacobi_inputs.QLi/majorbasis           n/a   
       jacobi_inputs.Simon/raefsky5__rhs0        n/a   
       jacobi_inputs.Simon/raefsky6__rhs0      6.14±0s 
      jacobi_inputs.TOKAMAK/utm1700b__rhs0       n/a   
      jacobi_inputs.TOKAMAK/utm3060__rhs0        n/a   
             jacobi_inputs.VLSI/ss1              n/a   
           jacobi_inputs.Wang/swang1           6.05±0s 
           jacobi_inputs.Wang/swang2             n/a   
   ========================================== =========
ERROR:root:For parameters: jacobi_inputs.Bai/cdde2
INFO root: Dataset suitesparse_matrix.Bai/cdde2 found in cache.

For parameters: jacobi_inputs.Bai/dwb512
INFO root: Dataset suitesparse_matrix.Bai/dwb512 found in cache.

For parameters: jacobi_inputs.Bourchtein/atmosmodd__rhs1
INFO root: Dataset suitesparse_matrix.Bourchtein/atmosmodd found in cache.

For parameters: jacobi_inputs.GHS_psdef/jnlbrng1
INFO root: Dataset suitesparse_matrix.GHS_psdef/jnlbrng1 found in cache.

For parameters: jacobi_inputs.Grund/poli3
INFO root: Dataset suitesparse_matrix.Grund/poli3 found in cache.

For parameters: jacobi_inputs.HB/bcsstm02
INFO root: Dataset suitesparse_matrix.HB/bcsstm02 found in cache.

For parameters: jacobi_inputs.HB/bcsstm09
INFO root: Dataset suitesparse_matrix.HB/bcsstm09 found in cache.

For parameters: jacobi_inputs.HB/bcsstm21
INFO root: Dataset suitesparse_matrix.HB/bcsstm21 found in cache.

For parameters: jacobi_inputs.HB/bcsstm25
INFO root: Dataset suitesparse_matrix.HB/bcsstm25 found in cache.

For parameters: jacobi_inputs.HB/fs_183_4
INFO root: Dataset suitesparse_matrix.HB/fs_183_4 found in cache.

For parameters: jacobi_inputs.HB/fs_680_2
INFO root: Dataset suitesparse_matrix.HB/fs_680_2 found in cache.

For parameters: jacobi_inputs.HB/steam3
INFO root: Dataset suitesparse_matrix.HB/steam3 found in cache.

For parameters: jacobi_inputs.MaxPlanck/shallow_water1
INFO root: Dataset suitesparse_matrix.MaxPlanck/shallow_water1 found in cache.

For parameters: jacobi_inputs.Nemeth/nemeth02
INFO root: Dataset suitesparse_matrix.Nemeth/nemeth02 found in cache.

For parameters: jacobi_inputs.Nemeth/nemeth06
INFO root: Dataset suitesparse_matrix.Nemeth/nemeth06 found in cache.

For parameters: jacobi_inputs.Nemeth/nemeth10
INFO root: Dataset suitesparse_matrix.Nemeth/nemeth10 found in cache.

For parameters: jacobi_inputs.Norris/fv1
INFO root: Dataset suitesparse_matrix.Norris/fv1 found in cache.

For parameters: jacobi_inputs.Pothen/mesh1em1
INFO root: Dataset suitesparse_matrix.Pothen/mesh1em1 found in cache.

For parameters: jacobi_inputs.Pothen/mesh3e1
INFO root: Dataset suitesparse_matrix.Pothen/mesh3e1 found in cache.

For parameters: jacobi_inputs.Simon/raefsky6__rhs0
INFO root: Dataset suitesparse_matrix.Simon/raefsky6 found in cache.

For parameters: jacobi_inputs.Wang/swang1
INFO root: Dataset suitesparse_matrix.Wang/swang1 found in cache.

··· For parameters: jacobi_inputs.Bai/cdde2
    INFO root: Dataset suitesparse_matrix.Bai/cdde2 found in cache.
    
    For parameters: jacobi_inputs.Bai/dwb512
    INFO root: Dataset suitesparse_matrix.Bai/dwb512 found in cache.
    
    For parameters: jacobi_inputs.Bourchtein/atmosmodd__rhs1
    INFO root: Dataset suitesparse_matrix.Bourchtein/atmosmodd found in cache.
    
    For parameters: jacobi_inputs.GHS_psdef/jnlbrng1
    INFO root: Dataset suitesparse_matrix.GHS_psdef/jnlbrng1 found in cache.
    
    For parameters: jacobi_inputs.Grund/poli3
    INFO root: Dataset suitesparse_matrix.Grund/poli3 found in cache.
    
    For parameters: jacobi_inputs.HB/bcsstm02
    INFO root: Dataset suitesparse_matrix.HB/bcsstm02 found in cache.
    
    For parameters: jacobi_inputs.HB/bcsstm09
    INFO root: Dataset suitesparse_matrix.HB/bcsstm09 found in cache.
    
    For parameters: jacobi_inputs.HB/bcsstm21
    INFO root: Dataset suitesparse_matrix.HB/bcsstm21 found in cache.
    
    For parameters: jacobi_inputs.HB/bcsstm25
    INFO root: Dataset suitesparse_matrix.HB/bcsstm25 found in cache.
    
    For parameters: jacobi_inputs.HB/fs_183_4
    INFO root: Dataset suitesparse_matrix.HB/fs_183_4 found in cache.
    
    For parameters: jacobi_inputs.HB/fs_680_2
    INFO root: Dataset suitesparse_matrix.HB/fs_680_2 found in cache.
    
    For parameters: jacobi_inputs.HB/steam3
    INFO root: Dataset suitesparse_matrix.HB/steam3 found in cache.
    
    For parameters: jacobi_inputs.MaxPlanck/shallow_water1
    INFO root: Dataset suitesparse_matrix.MaxPlanck/shallow_water1 found in cache.
    
    For parameters: jacobi_inputs.Nemeth/nemeth02
    INFO root: Dataset suitesparse_matrix.Nemeth/nemeth02 found in cache.
    
    For parameters: jacobi_inputs.Nemeth/nemeth06
    INFO root: Dataset suitesparse_matrix.Nemeth/nemeth06 found in cache.
    
    For parameters: jacobi_inputs.Nemeth/nemeth10
    INFO root: Dataset suitesparse_matrix.Nemeth/nemeth10 found in cache.
    
    For parameters: jacobi_inputs.Norris/fv1
    INFO root: Dataset suitesparse_matrix.Norris/fv1 found in cache.
    
    For parameters: jacobi_inputs.Pothen/mesh1em1
    INFO root: Dataset suitesparse_matrix.Pothen/mesh1em1 found in cache.
    
    For parameters: jacobi_inputs.Pothen/mesh3e1
    INFO root: Dataset suitesparse_matrix.Pothen/mesh3e1 found in cache.
    
    For parameters: jacobi_inputs.Simon/raefsky6__rhs0
    INFO root: Dataset suitesparse_matrix.Simon/raefsky6 found in cache.
    
    For parameters: jacobi_inputs.Wang/swang1
    INFO root: Dataset suitesparse_matrix.Wang/swang1 found in cache.
INFO:root:lsqr.LSQRBenchmark.time_lsqr

·· lsqr.LSQRBenchmark.time_lsqr                                    okINFO:root:=================================================== =========
                      dataset                                
--------------------------------------------------- ---------
    lsqr_test_inputs.test_lsqr_underdetermined_3       n/a   
    lsqr_test_inputs.test_lsqr_overdetermined_3        n/a   
         lsqr_test_inputs.test_lsqr_exact_3            n/a   
    lsqr_test_inputs.test_lsqr_underdetermined_4       n/a   
  lsqr_test_inputs.test_lsqr_overdetermined_sparse     n/a   
         lsqr_test_inputs.test_lsqr_exact_4            n/a   
 lsqr_test_inputs.test_lsqr_scaled_underdetermined     n/a   
  lsqr_test_inputs.test_lsqr_overdetermined_dense      n/a   
         lsqr_test_inputs.test_lsqr_exact_5            n/a   
            lsqr_inputs.ANSYS/Delor338K                n/a   
               lsqr_inputs.HB/ash219                   n/a   
               lsqr_inputs.HB/ash331                   n/a   
               lsqr_inputs.HB/ash608                 2.72±0s 
                lsqr_inputs.HB/ash85                   n/a   
               lsqr_inputs.HB/ash958                   n/a   
          lsqr_inputs.NYPA/Maragal_1__rhs0             n/a   
          lsqr_inputs.NYPA/Maragal_2__rhs0           3.48±0s 
          lsqr_inputs.NYPA/Maragal_3__rhs0             n/a   
          lsqr_inputs.NYPA/Maragal_4__rhs0             n/a   
          lsqr_inputs.NYPA/Maragal_5__rhs0             n/a   
          lsqr_inputs.NYPA/Maragal_6__rhs0             n/a   
=================================================== =========

·· =================================================== =========
                         dataset                                
   --------------------------------------------------- ---------
       lsqr_test_inputs.test_lsqr_underdetermined_3       n/a   
       lsqr_test_inputs.test_lsqr_overdetermined_3        n/a   
            lsqr_test_inputs.test_lsqr_exact_3            n/a   
       lsqr_test_inputs.test_lsqr_underdetermined_4       n/a   
     lsqr_test_inputs.test_lsqr_overdetermined_sparse     n/a   
            lsqr_test_inputs.test_lsqr_exact_4            n/a   
    lsqr_test_inputs.test_lsqr_scaled_underdetermined     n/a   
     lsqr_test_inputs.test_lsqr_overdetermined_dense      n/a   
            lsqr_test_inputs.test_lsqr_exact_5            n/a   
               lsqr_inputs.ANSYS/Delor338K                n/a   
                  lsqr_inputs.HB/ash219                   n/a   
                  lsqr_inputs.HB/ash331                   n/a   
                  lsqr_inputs.HB/ash608                 2.72±0s 
                   lsqr_inputs.HB/ash85                   n/a   
                  lsqr_inputs.HB/ash958                   n/a   
             lsqr_inputs.NYPA/Maragal_1__rhs0             n/a   
             lsqr_inputs.NYPA/Maragal_2__rhs0           3.48±0s 
             lsqr_inputs.NYPA/Maragal_3__rhs0             n/a   
             lsqr_inputs.NYPA/Maragal_4__rhs0             n/a   
             lsqr_inputs.NYPA/Maragal_5__rhs0             n/a   
             lsqr_inputs.NYPA/Maragal_6__rhs0             n/a   
   =================================================== =========
ERROR:root:For parameters: lsqr_inputs.HB/ash608
INFO root: Dataset suitesparse_matrix.HB/ash608 found in cache.

For parameters: lsqr_inputs.NYPA/Maragal_2__rhs0
INFO root: Dataset suitesparse_matrix.NYPA/Maragal_2 found in cache.

··· For parameters: lsqr_inputs.HB/ash608
    INFO root: Dataset suitesparse_matrix.HB/ash608 found in cache.
    
    For parameters: lsqr_inputs.NYPA/Maragal_2__rhs0
    INFO root: Dataset suitesparse_matrix.NYPA/Maragal_2 found in cache.
INFO:root:...delCounting.time_Model Counting using einsum

·· ...delCounting.time_Model Counting using einsum                 okINFO:root:================================== =========
             dataset                        
---------------------------------- ---------
       mc_generator.test_1            n/a   
       mc_generator.test_2            n/a   
       mc_generator.test_3            n/a   
       mc_generator.test_4            n/a   
 mccomp_mc.track1_mc_random_mc_1      n/a   
 mccomp_mc.track1_mc_random_mc_2    944±0ms 
 mccomp_mc.track1_mc_random_mc_3      n/a   
 mccomp_mc.track1_mc_random_mc_4      n/a   
 mccomp_mc.track1_mc_random_mc_5      n/a   
 mccomp_mc.track1_mc_random_mc_6    814±0ms 
 mccomp_mc.track1_mc_random_mc_7      n/a   
 mccomp_mc.track1_mc_random_mc_8      n/a   
 mccomp_mc.track1_mc_random_mc_9      n/a   
 mccomp_mc.track1_mc_random_mc_10   875±0ms 
================================== =========

·· ================================== =========
                dataset                        
   ---------------------------------- ---------
          mc_generator.test_1            n/a   
          mc_generator.test_2            n/a   
          mc_generator.test_3            n/a   
          mc_generator.test_4            n/a   
    mccomp_mc.track1_mc_random_mc_1      n/a   
    mccomp_mc.track1_mc_random_mc_2    944±0ms 
    mccomp_mc.track1_mc_random_mc_3      n/a   
    mccomp_mc.track1_mc_random_mc_4      n/a   
    mccomp_mc.track1_mc_random_mc_5      n/a   
    mccomp_mc.track1_mc_random_mc_6    814±0ms 
    mccomp_mc.track1_mc_random_mc_7      n/a   
    mccomp_mc.track1_mc_random_mc_8      n/a   
    mccomp_mc.track1_mc_random_mc_9      n/a   
    mccomp_mc.track1_mc_random_mc_10   875±0ms 
   ================================== =========
ERROR:root:For parameters: mccomp_mc.track1_mc_random_mc_2
INFO root: Dataset mccomp_mc.track1_mc_random_mc_2 found in cache.

For parameters: mccomp_mc.track1_mc_random_mc_6
INFO root: Dataset mccomp_mc.track1_mc_random_mc_6 found in cache.

For parameters: mccomp_mc.track1_mc_random_mc_10
INFO root: Dataset mccomp_mc.track1_mc_random_mc_10 found in cache.

··· For parameters: mccomp_mc.track1_mc_random_mc_2
    INFO root: Dataset mccomp_mc.track1_mc_random_mc_2 found in cache.
    
    For parameters: mccomp_mc.track1_mc_random_mc_6
    INFO root: Dataset mccomp_mc.track1_mc_random_mc_6 found in cache.
    
    For parameters: mccomp_mc.track1_mc_random_mc_10
    INFO root: Dataset mccomp_mc.track1_mc_random_mc_10 found in cache.
INFO:root:....MaskedMRIEdgeBenchmark.time_masked_mri_edge

·· ....MaskedMRIEdgeBenchmark.time_masked_mri_edge                 okINFO:root:===================================================================== =========
                               dataset                                         
--------------------------------------------------------------------- ---------
          masked_mri_test_inputs.test_masked_mri_zero_image              n/a   
           masked_mri_test_inputs.test_masked_mri_basic_roi              n/a   
 masked_mri_test_inputs.test_masked_mri_generator_builds_default_roi     n/a   
                    masked_mri_inputs.masked_mri_1                     552±0ms 
                    masked_mri_inputs.masked_mri_2                       n/a   
                    masked_mri_inputs.masked_mri_3                       n/a   
                    masked_mri_inputs.masked_mri_4                       n/a   
===================================================================== =========

·· ===================================================================== =========
                                  dataset                                         
   --------------------------------------------------------------------- ---------
             masked_mri_test_inputs.test_masked_mri_zero_image              n/a   
              masked_mri_test_inputs.test_masked_mri_basic_roi              n/a   
    masked_mri_test_inputs.test_masked_mri_generator_builds_default_roi     n/a   
                       masked_mri_inputs.masked_mri_1                     552±0ms 
                       masked_mri_inputs.masked_mri_2                       n/a   
                       masked_mri_inputs.masked_mri_3                       n/a   
                       masked_mri_inputs.masked_mri_4                       n/a   
   ===================================================================== =========
ERROR:root:For parameters: masked_mri_inputs.masked_mri_1
INFO root: Dataset masked_mri_inputs.masked_mri_1 found in cache.

··· For parameters: masked_mri_inputs.masked_mri_1
    INFO root: Dataset masked_mri_inputs.masked_mri_1 found in cache.
INFO:root:ode.BackwardEuler.time_backward_euler

·· ode.BackwardEuler.time_backward_euler                           okINFO:root:===================================== =========
               dataset                         
------------------------------------- ---------
             rc.rc_small                 n/a   
            rlc.rlc_small                n/a   
 lotka_volterra.lotka_volterra_small     n/a   
     brusselator.brusselator_tiny        n/a   
      brusselator.brusselator_4          n/a   
        slicot_ode.slicot_eady         4.29±0s 
      slicot_ode.slicot_cdplayer         n/a   
        slicot_ode.slicot_fom            n/a   
       slicot_ode.slicot_random          n/a   
        slicot_ode.slicot_pde            n/a   
     slicot_ode.slicot_heat_cont         n/a   
      slicot_ode.slicot_orr_som        8.59±0s 
        slicot_ode.slicot_iss            n/a   
       slicot_ode.slicot_build           n/a   
        slicot_ode.slicot_beam           n/a   
===================================== =========

·· ===================================== =========
                  dataset                         
   ------------------------------------- ---------
                rc.rc_small                 n/a   
               rlc.rlc_small                n/a   
    lotka_volterra.lotka_volterra_small     n/a   
        brusselator.brusselator_tiny        n/a   
         brusselator.brusselator_4          n/a   
           slicot_ode.slicot_eady         4.29±0s 
         slicot_ode.slicot_cdplayer         n/a   
           slicot_ode.slicot_fom            n/a   
          slicot_ode.slicot_random          n/a   
           slicot_ode.slicot_pde            n/a   
        slicot_ode.slicot_heat_cont         n/a   
         slicot_ode.slicot_orr_som        8.59±0s 
           slicot_ode.slicot_iss            n/a   
          slicot_ode.slicot_build           n/a   
           slicot_ode.slicot_beam           n/a   
   ===================================== =========
ERROR:root:For parameters: slicot_ode.slicot_eady
INFO root: Dataset slicot_ode.slicot_eady found in cache.

For parameters: slicot_ode.slicot_orr_som
INFO root: Dataset slicot_ode.slicot_orr_som found in cache.

··· For parameters: slicot_ode.slicot_eady
    INFO root: Dataset slicot_ode.slicot_eady found in cache.
    
    For parameters: slicot_ode.slicot_orr_som
    INFO root: Dataset slicot_ode.slicot_orr_som found in cache.
INFO:root:ode.ForwardEuler.time_forward_euler

·· ode.ForwardEuler.time_forward_euler                             okINFO:root:===================================== =========
               dataset                         
------------------------------------- ---------
             rc.rc_small                 n/a   
            rlc.rlc_small                n/a   
 lotka_volterra.lotka_volterra_small     n/a   
     brusselator.brusselator_tiny        n/a   
      brusselator.brusselator_4          n/a   
        slicot_ode.slicot_eady           n/a   
      slicot_ode.slicot_cdplayer         n/a   
        slicot_ode.slicot_fom            n/a   
       slicot_ode.slicot_random          n/a   
        slicot_ode.slicot_pde          11.0±0s 
     slicot_ode.slicot_heat_cont         n/a   
      slicot_ode.slicot_orr_som          n/a   
        slicot_ode.slicot_iss            n/a   
       slicot_ode.slicot_build         3.15±0s 
        slicot_ode.slicot_beam           n/a   
===================================== =========

·· ===================================== =========
                  dataset                         
   ------------------------------------- ---------
                rc.rc_small                 n/a   
               rlc.rlc_small                n/a   
    lotka_volterra.lotka_volterra_small     n/a   
        brusselator.brusselator_tiny        n/a   
         brusselator.brusselator_4          n/a   
           slicot_ode.slicot_eady           n/a   
         slicot_ode.slicot_cdplayer         n/a   
           slicot_ode.slicot_fom            n/a   
          slicot_ode.slicot_random          n/a   
           slicot_ode.slicot_pde          11.0±0s 
        slicot_ode.slicot_heat_cont         n/a   
         slicot_ode.slicot_orr_som          n/a   
           slicot_ode.slicot_iss            n/a   
          slicot_ode.slicot_build         3.15±0s 
           slicot_ode.slicot_beam           n/a   
   ===================================== =========
ERROR:root:For parameters: slicot_ode.slicot_pde
INFO root: Dataset slicot_ode.slicot_pde found in cache.

For parameters: slicot_ode.slicot_build
INFO root: Dataset slicot_ode.slicot_build found in cache.

··· For parameters: slicot_ode.slicot_pde
    INFO root: Dataset slicot_ode.slicot_pde found in cache.
    
    For parameters: slicot_ode.slicot_build
    INFO root: Dataset slicot_ode.slicot_build found in cache.
INFO:root:ode.RungeKutta.time_runge_kutta

·· ode.RungeKutta.time_runge_kutta                        1/15 failedINFO:root:===================================== =========
               dataset                         
------------------------------------- ---------
             rc.rc_small                 n/a   
            rlc.rlc_small                n/a   
 lotka_volterra.lotka_volterra_small     n/a   
     brusselator.brusselator_tiny        n/a   
      brusselator.brusselator_4         failed 
        slicot_ode.slicot_eady           n/a   
      slicot_ode.slicot_cdplayer         n/a   
        slicot_ode.slicot_fom            n/a   
       slicot_ode.slicot_random          n/a   
        slicot_ode.slicot_pde            n/a   
     slicot_ode.slicot_heat_cont       4.01±0s 
      slicot_ode.slicot_orr_som          n/a   
        slicot_ode.slicot_iss            n/a   
       slicot_ode.slicot_build           n/a   
        slicot_ode.slicot_beam           n/a   
===================================== =========
For parameters: brusselator.brusselator_4


asv: benchmark timed out (timeout 30.0s)

For parameters: slicot_ode.slicot_heat_cont
INFO root: Dataset slicot_ode.slicot_heat_cont found in cache.

·· ===================================== =========
                  dataset                         
   ------------------------------------- ---------
                rc.rc_small                 n/a   
               rlc.rlc_small                n/a   
    lotka_volterra.lotka_volterra_small     n/a   
        brusselator.brusselator_tiny        n/a   
         brusselator.brusselator_4         failed 
           slicot_ode.slicot_eady           n/a   
         slicot_ode.slicot_cdplayer         n/a   
           slicot_ode.slicot_fom            n/a   
          slicot_ode.slicot_random          n/a   
           slicot_ode.slicot_pde            n/a   
        slicot_ode.slicot_heat_cont       4.01±0s 
         slicot_ode.slicot_orr_som          n/a   
           slicot_ode.slicot_iss            n/a   
          slicot_ode.slicot_build           n/a   
           slicot_ode.slicot_beam           n/a   
   ===================================== =========
   For parameters: brusselator.brusselator_4
   
   
   asv: benchmark timed out (timeout 30.0s)
   
   For parameters: slicot_ode.slicot_heat_cont
   INFO root: Dataset slicot_ode.slicot_heat_cont found in cache.
ERROR:root:For parameters: brusselator.brusselator_4


asv: benchmark timed out (timeout 30.0s)

For parameters: slicot_ode.slicot_heat_cont
INFO root: Dataset slicot_ode.slicot_heat_cont found in cache.

··· For parameters: brusselator.brusselator_4
    
    
    asv: benchmark timed out (timeout 30.0s)
    
    For parameters: slicot_ode.slicot_heat_cont
    INFO root: Dataset slicot_ode.slicot_heat_cont found in cache.
INFO:root:...e_sim.ParticleSimBenchmark.time_particle_sim

·· ...e_sim.ParticleSimBenchmark.time_particle_sim                 okINFO:root:======================================================================== =========
                                dataset                                           
------------------------------------------------------------------------ ---------
 particle_sim_test_inputs.test_particle_sim_two_particles_within_cutoff     n/a   
         particle_sim_test_inputs.test_particle_sim_wall_bounce             n/a   
          particle_sim_test_inputs.test_particle_sim_random_10              n/a   
          particle_sim_test_inputs.test_particle_sim_random_50              n/a   
        synthetic_berkeley_cs267_particle.cs267_hw2_n1000_seed1             n/a   
                     ewap_particle_sim.ewap_seq_eth                       843±0ms 
                    ewap_particle_sim.ewap_seq_hotel                        n/a   
                     particle_sim.nemo_plummer_128                          n/a   
                     particle_sim.nemo_plummer_1024                         n/a   
                     particle_sim.nemo_dubinski_m31                         n/a   
======================================================================== =========

·· ======================================================================== =========
                                   dataset                                           
   ------------------------------------------------------------------------ ---------
    particle_sim_test_inputs.test_particle_sim_two_particles_within_cutoff     n/a   
            particle_sim_test_inputs.test_particle_sim_wall_bounce             n/a   
             particle_sim_test_inputs.test_particle_sim_random_10              n/a   
             particle_sim_test_inputs.test_particle_sim_random_50              n/a   
           synthetic_berkeley_cs267_particle.cs267_hw2_n1000_seed1             n/a   
                        ewap_particle_sim.ewap_seq_eth                       843±0ms 
                       ewap_particle_sim.ewap_seq_hotel                        n/a   
                        particle_sim.nemo_plummer_128                          n/a   
                        particle_sim.nemo_plummer_1024                         n/a   
                        particle_sim.nemo_dubinski_m31                         n/a   
   ======================================================================== =========
INFO:root:...nedCGBenchmark.time_jacobi_preconditioned_cg

·· ...nedCGBenchmark.time_jacobi_preconditioned_cg                 okINFO:root:===================================================== =========
                       dataset                                 
----------------------------------------------------- ---------
               jacobi_cg_inputs.test_A0                  n/a   
               jacobi_cg_inputs.test_A1                  n/a   
               jacobi_cg_inputs.test_A2                  n/a   
               jacobi_cg_inputs.test_A3                  n/a   
               jacobi_cg_inputs.test_A4                  n/a   
               jacobi_cg_inputs.test_A5                  n/a   
           jacobi_cg_inputs.Andrews/Andrews              n/a   
           jacobi_cg_inputs.Andrianov/ins2               n/a   
          jacobi_cg_inputs.Andrianov/net100            8.68±0s 
          jacobi_cg_inputs.Andrianov/net125              n/a   
          jacobi_cg_inputs.Andrianov/net150              n/a   
           jacobi_cg_inputs.Andrianov/net25              n/a   
           jacobi_cg_inputs.Andrianov/net50            5.48±0s 
           jacobi_cg_inputs.Andrianov/net75              n/a   
             jacobi_cg_inputs.Bai/bfwb398                n/a   
             jacobi_cg_inputs.Bai/bfwb62                 n/a   
             jacobi_cg_inputs.Bai/bfwb782              2.63±0s 
             jacobi_cg_inputs.Bai/dw256B                 n/a   
             jacobi_cg_inputs.Bai/dwb512                 n/a   
            jacobi_cg_inputs.Bai/mhd3200b                n/a   
            jacobi_cg_inputs.Bai/mhd4800b              2.68±0s 
             jacobi_cg_inputs.Bai/mhdb416                n/a   
            jacobi_cg_inputs.Bindel/ted_B                n/a   
        jacobi_cg_inputs.Bindel/ted_B_unscaled           n/a   
           jacobi_cg_inputs.Boeing/bcsstk34            2.73±0s 
           jacobi_cg_inputs.Boeing/bcsstm39              n/a   
           jacobi_cg_inputs.Boeing/crystm01              n/a   
           jacobi_cg_inputs.Boeing/crystm02              n/a   
           jacobi_cg_inputs.Boeing/crystm03            3.86±0s 
           jacobi_cg_inputs.Boeing/msc00726              n/a   
      jacobi_cg_inputs.Botonakis/FEM_3D_thermal1         n/a   
      jacobi_cg_inputs.Botonakis/FEM_3D_thermal2         n/a   
       jacobi_cg_inputs.Botonakis/thermomech_TC        3.22±0s 
       jacobi_cg_inputs.Botonakis/thermomech_dM          n/a   
     jacobi_cg_inputs.Bourchtein/atmosmodd__rhs1         n/a   
     jacobi_cg_inputs.Bourchtein/atmosmodj__rhs1         n/a   
     jacobi_cg_inputs.Bourchtein/atmosmodl__rhs1       7.10±0s 
     jacobi_cg_inputs.Bourchtein/atmosmodm__rhs1         n/a   
         jacobi_cg_inputs.Brunetiere/thermal             n/a   
          jacobi_cg_inputs.Cunningham/qa8fm              n/a   
       jacobi_cg_inputs.FEMLAB/poisson2D__rhs0         2.59±0s 
           jacobi_cg_inputs.FEMLAB/problem1              n/a   
             jacobi_cg_inputs.FIDAP/ex29                 n/a   
             jacobi_cg_inputs.FIDAP/ex37                 n/a   
              jacobi_cg_inputs.FIDAP/ex5               2.56±0s 
              jacobi_cg_inputs.FIDAP/ex7                 n/a   
       jacobi_cg_inputs.Freescale/circuit5M_dc           n/a   
         jacobi_cg_inputs.GHS_psdef/jnlbrng1             n/a   
         jacobi_cg_inputs.GHS_psdef/minsurfo             n/a   
         jacobi_cg_inputs.GHS_psdef/obstclae           2.92±0s 
         jacobi_cg_inputs.GHS_psdef/wathen100            n/a   
         jacobi_cg_inputs.GHS_psdef/wathen120            n/a   
          jacobi_cg_inputs.Grund/poli__rhs0              n/a   
          jacobi_cg_inputs.Guettel/TEM27623            5.12±0s 
             jacobi_cg_inputs.HB/bcspwr01                n/a   
             jacobi_cg_inputs.HB/bcspwr02                n/a   
             jacobi_cg_inputs.HB/bcsstk01                n/a   
             jacobi_cg_inputs.HB/bcsstk02              2.59±0s 
             jacobi_cg_inputs.HB/bcsstk04                n/a   
             jacobi_cg_inputs.HB/bcsstk08                n/a   
             jacobi_cg_inputs.HB/bcsstk22                n/a   
             jacobi_cg_inputs.HB/bcsstm02              2.52±0s 
             jacobi_cg_inputs.HB/bcsstm05                n/a   
             jacobi_cg_inputs.HB/bcsstm06                n/a   
             jacobi_cg_inputs.HB/bcsstm07                n/a   
             jacobi_cg_inputs.HB/bcsstm08              2.54±0s 
             jacobi_cg_inputs.HB/bcsstm09                n/a   
             jacobi_cg_inputs.HB/bcsstm11                n/a   
             jacobi_cg_inputs.HB/bcsstm19                n/a   
             jacobi_cg_inputs.HB/bcsstm20              2.57±0s 
             jacobi_cg_inputs.HB/bcsstm21                n/a   
             jacobi_cg_inputs.HB/bcsstm22                n/a   
             jacobi_cg_inputs.HB/bcsstm23                n/a   
             jacobi_cg_inputs.HB/bcsstm24              2.74±0s 
             jacobi_cg_inputs.HB/bcsstm25                n/a   
             jacobi_cg_inputs.HB/bcsstm26                n/a   
             jacobi_cg_inputs.HB/can_144                 n/a   
              jacobi_cg_inputs.HB/can_24               3.64±0s 
              jacobi_cg_inputs.HB/can_61                 n/a   
              jacobi_cg_inputs.HB/can_62                 n/a   
              jacobi_cg_inputs.HB/can_73                 n/a   
              jacobi_cg_inputs.HB/can_96               2.61±0s 
              jacobi_cg_inputs.HB/dwt_59                 n/a   
              jacobi_cg_inputs.HB/dwt_66                 n/a   
              jacobi_cg_inputs.HB/dwt_72                 n/a   
             jacobi_cg_inputs.HB/fs_541_1              2.54±0s 
             jacobi_cg_inputs.HB/gr_30_30                n/a   
             jacobi_cg_inputs.HB/jpwh_991                n/a   
              jacobi_cg_inputs.HB/lap_25                 n/a   
              jacobi_cg_inputs.HB/lund_a               2.69±0s 
              jacobi_cg_inputs.HB/lund_b                 n/a   
               jacobi_cg_inputs.HB/nos4                  n/a   
               jacobi_cg_inputs.HB/nos6                  n/a   
               jacobi_cg_inputs.HB/nos7                2.59±0s 
          jacobi_cg_inputs.HB/orani678__rhs1             n/a   
         jacobi_cg_inputs.HB/orani678__rhs10             n/a   
         jacobi_cg_inputs.HB/orani678__rhs11             n/a   
         jacobi_cg_inputs.HB/orani678__rhs12             n/a   
         jacobi_cg_inputs.HB/orani678__rhs14             n/a   
         jacobi_cg_inputs.HB/orani678__rhs15             n/a   
         jacobi_cg_inputs.HB/orani678__rhs16             n/a   
         jacobi_cg_inputs.HB/orani678__rhs17             n/a   
         jacobi_cg_inputs.HB/orani678__rhs18             n/a   
         jacobi_cg_inputs.HB/orani678__rhs19             n/a   
          jacobi_cg_inputs.HB/orani678__rhs2             n/a   
          jacobi_cg_inputs.HB/orani678__rhs3             n/a   
          jacobi_cg_inputs.HB/orani678__rhs4             n/a   
          jacobi_cg_inputs.HB/orani678__rhs5             n/a   
          jacobi_cg_inputs.HB/orani678__rhs6             n/a   
         jacobi_cg_inputs.HB/orani678__rhs62             n/a   
          jacobi_cg_inputs.HB/orani678__rhs7             n/a   
          jacobi_cg_inputs.HB/orani678__rhs8             n/a   
              jacobi_cg_inputs.HB/watt_1                 n/a   
          jacobi_cg_inputs.Hamm/add32__rhs0              n/a   
          jacobi_cg_inputs.Lourakis/bundle1            4.04±0s 
            jacobi_cg_inputs.MathWorks/Muu               n/a   
        jacobi_cg_inputs.MathWorks/tomography            n/a   
      jacobi_cg_inputs.MaxPlanck/shallow_water1          n/a   
      jacobi_cg_inputs.MaxPlanck/shallow_water2        2.99±0s 
           jacobi_cg_inputs.Mulvey/finan512              n/a   
         jacobi_cg_inputs.Nasa/nasa2146__rhs0            n/a   
           jacobi_cg_inputs.Nemeth/nemeth02              n/a   
           jacobi_cg_inputs.Nemeth/nemeth03            2.89±0s 
           jacobi_cg_inputs.Nemeth/nemeth04              n/a   
           jacobi_cg_inputs.Nemeth/nemeth05              n/a   
           jacobi_cg_inputs.Nemeth/nemeth06              n/a   
           jacobi_cg_inputs.Nemeth/nemeth07            2.72±0s 
           jacobi_cg_inputs.Nemeth/nemeth08              n/a   
           jacobi_cg_inputs.Nemeth/nemeth09              n/a   
           jacobi_cg_inputs.Nemeth/nemeth10              n/a   
           jacobi_cg_inputs.Nemeth/nemeth11            2.79±0s 
           jacobi_cg_inputs.Nemeth/nemeth12              n/a   
           jacobi_cg_inputs.Nemeth/nemeth13              n/a   
           jacobi_cg_inputs.Nemeth/nemeth16              n/a   
           jacobi_cg_inputs.Nemeth/nemeth17            6.10±0s 
             jacobi_cg_inputs.Norris/fv1                 n/a   
             jacobi_cg_inputs.Norris/fv2                 n/a   
          jacobi_cg_inputs.Oberwolfach/LF10              n/a   
          jacobi_cg_inputs.Oberwolfach/LFAT5           3.12±0s 
             jacobi_cg_inputs.PARSEC/Si2                 n/a   
            jacobi_cg_inputs.Pothen/bodyy4               n/a   
           jacobi_cg_inputs.Pothen/mesh1e1               n/a   
           jacobi_cg_inputs.Pothen/mesh1em1            2.61±0s 
           jacobi_cg_inputs.Pothen/mesh1em6              n/a   
           jacobi_cg_inputs.Pothen/mesh2e1               n/a   
           jacobi_cg_inputs.Pothen/mesh2em5              n/a   
           jacobi_cg_inputs.Pothen/mesh3e1             2.64±0s 
           jacobi_cg_inputs.Pothen/mesh3em5              n/a   
           jacobi_cg_inputs.Pothen/sphere2               n/a   
          jacobi_cg_inputs.Sandia/ASIC_100ks             n/a   
          jacobi_cg_inputs.Sandia/ASIC_320ks           3.02±0s 
          jacobi_cg_inputs.Sandia/ASIC_680ks             n/a   
     jacobi_cg_inputs.Schenk_AFE/af_shell3__rhs0         n/a   
     jacobi_cg_inputs.Schenk_AFE/af_shell4__rhs0         n/a   
     jacobi_cg_inputs.Schenk_AFE/af_shell7__rhs0         n/a   
     jacobi_cg_inputs.Schenk_AFE/af_shell8__rhs0         n/a   
       jacobi_cg_inputs.Um/2cubes_sphere__rhs0           n/a   
       jacobi_cg_inputs.VDOL/hangGlider_1__rhs0          n/a   
 jacobi_cg_inputs.VDOL/tumorAntiAngiogenesis_1__rhs0   4.41±0s 
 jacobi_cg_inputs.VDOL/tumorAntiAngiogenesis_2__rhs0     n/a   
              jacobi_cg_inputs.VLSI/ss1                  n/a   
===================================================== =========

·· ===================================================== =========
                          dataset                                 
   ----------------------------------------------------- ---------
                  jacobi_cg_inputs.test_A0                  n/a   
                  jacobi_cg_inputs.test_A1                  n/a   
                  jacobi_cg_inputs.test_A2                  n/a   
                  jacobi_cg_inputs.test_A3                  n/a   
                  jacobi_cg_inputs.test_A4                  n/a   
                  jacobi_cg_inputs.test_A5                  n/a   
              jacobi_cg_inputs.Andrews/Andrews              n/a   
              jacobi_cg_inputs.Andrianov/ins2               n/a   
             jacobi_cg_inputs.Andrianov/net100            8.68±0s 
             jacobi_cg_inputs.Andrianov/net125              n/a   
             jacobi_cg_inputs.Andrianov/net150              n/a   
              jacobi_cg_inputs.Andrianov/net25              n/a   
              jacobi_cg_inputs.Andrianov/net50            5.48±0s 
              jacobi_cg_inputs.Andrianov/net75              n/a   
                jacobi_cg_inputs.Bai/bfwb398                n/a   
                jacobi_cg_inputs.Bai/bfwb62                 n/a   
                jacobi_cg_inputs.Bai/bfwb782              2.63±0s 
                jacobi_cg_inputs.Bai/dw256B                 n/a   
                jacobi_cg_inputs.Bai/dwb512                 n/a   
               jacobi_cg_inputs.Bai/mhd3200b                n/a   
               jacobi_cg_inputs.Bai/mhd4800b              2.68±0s 
                jacobi_cg_inputs.Bai/mhdb416                n/a   
               jacobi_cg_inputs.Bindel/ted_B                n/a   
           jacobi_cg_inputs.Bindel/ted_B_unscaled           n/a   
              jacobi_cg_inputs.Boeing/bcsstk34            2.73±0s 
              jacobi_cg_inputs.Boeing/bcsstm39              n/a   
              jacobi_cg_inputs.Boeing/crystm01              n/a   
              jacobi_cg_inputs.Boeing/crystm02              n/a   
              jacobi_cg_inputs.Boeing/crystm03            3.86±0s 
              jacobi_cg_inputs.Boeing/msc00726              n/a   
         jacobi_cg_inputs.Botonakis/FEM_3D_thermal1         n/a   
         jacobi_cg_inputs.Botonakis/FEM_3D_thermal2         n/a   
          jacobi_cg_inputs.Botonakis/thermomech_TC        3.22±0s 
          jacobi_cg_inputs.Botonakis/thermomech_dM          n/a   
        jacobi_cg_inputs.Bourchtein/atmosmodd__rhs1         n/a   
        jacobi_cg_inputs.Bourchtein/atmosmodj__rhs1         n/a   
        jacobi_cg_inputs.Bourchtein/atmosmodl__rhs1       7.10±0s 
        jacobi_cg_inputs.Bourchtein/atmosmodm__rhs1         n/a   
            jacobi_cg_inputs.Brunetiere/thermal             n/a   
             jacobi_cg_inputs.Cunningham/qa8fm              n/a   
          jacobi_cg_inputs.FEMLAB/poisson2D__rhs0         2.59±0s 
              jacobi_cg_inputs.FEMLAB/problem1              n/a   
                jacobi_cg_inputs.FIDAP/ex29                 n/a   
                jacobi_cg_inputs.FIDAP/ex37                 n/a   
                 jacobi_cg_inputs.FIDAP/ex5               2.56±0s 
                 jacobi_cg_inputs.FIDAP/ex7                 n/a   
          jacobi_cg_inputs.Freescale/circuit5M_dc           n/a   
            jacobi_cg_inputs.GHS_psdef/jnlbrng1             n/a   
            jacobi_cg_inputs.GHS_psdef/minsurfo             n/a   
            jacobi_cg_inputs.GHS_psdef/obstclae           2.92±0s 
            jacobi_cg_inputs.GHS_psdef/wathen100            n/a   
            jacobi_cg_inputs.GHS_psdef/wathen120            n/a   
             jacobi_cg_inputs.Grund/poli__rhs0              n/a   
             jacobi_cg_inputs.Guettel/TEM27623            5.12±0s 
                jacobi_cg_inputs.HB/bcspwr01                n/a   
                jacobi_cg_inputs.HB/bcspwr02                n/a   
                jacobi_cg_inputs.HB/bcsstk01                n/a   
                jacobi_cg_inputs.HB/bcsstk02              2.59±0s 
                jacobi_cg_inputs.HB/bcsstk04                n/a   
                jacobi_cg_inputs.HB/bcsstk08                n/a   
                jacobi_cg_inputs.HB/bcsstk22                n/a   
                jacobi_cg_inputs.HB/bcsstm02              2.52±0s 
                jacobi_cg_inputs.HB/bcsstm05                n/a   
                jacobi_cg_inputs.HB/bcsstm06                n/a   
                jacobi_cg_inputs.HB/bcsstm07                n/a   
                jacobi_cg_inputs.HB/bcsstm08              2.54±0s 
                jacobi_cg_inputs.HB/bcsstm09                n/a   
                jacobi_cg_inputs.HB/bcsstm11                n/a   
                jacobi_cg_inputs.HB/bcsstm19                n/a   
                jacobi_cg_inputs.HB/bcsstm20              2.57±0s 
                jacobi_cg_inputs.HB/bcsstm21                n/a   
                jacobi_cg_inputs.HB/bcsstm22                n/a   
                jacobi_cg_inputs.HB/bcsstm23                n/a   
                jacobi_cg_inputs.HB/bcsstm24              2.74±0s 
                jacobi_cg_inputs.HB/bcsstm25                n/a   
                jacobi_cg_inputs.HB/bcsstm26                n/a   
                jacobi_cg_inputs.HB/can_144                 n/a   
                 jacobi_cg_inputs.HB/can_24               3.64±0s 
                 jacobi_cg_inputs.HB/can_61                 n/a   
                 jacobi_cg_inputs.HB/can_62                 n/a   
                 jacobi_cg_inputs.HB/can_73                 n/a   
                 jacobi_cg_inputs.HB/can_96               2.61±0s 
                 jacobi_cg_inputs.HB/dwt_59                 n/a   
                 jacobi_cg_inputs.HB/dwt_66                 n/a   
                 jacobi_cg_inputs.HB/dwt_72                 n/a   
                jacobi_cg_inputs.HB/fs_541_1              2.54±0s 
                jacobi_cg_inputs.HB/gr_30_30                n/a   
                jacobi_cg_inputs.HB/jpwh_991                n/a   
                 jacobi_cg_inputs.HB/lap_25                 n/a   
                 jacobi_cg_inputs.HB/lund_a               2.69±0s 
                 jacobi_cg_inputs.HB/lund_b                 n/a   
                  jacobi_cg_inputs.HB/nos4                  n/a   
                  jacobi_cg_inputs.HB/nos6                  n/a   
                  jacobi_cg_inputs.HB/nos7                2.59±0s 
             jacobi_cg_inputs.HB/orani678__rhs1             n/a   
            jacobi_cg_inputs.HB/orani678__rhs10             n/a   
            jacobi_cg_inputs.HB/orani678__rhs11             n/a   
            jacobi_cg_inputs.HB/orani678__rhs12             n/a   
            jacobi_cg_inputs.HB/orani678__rhs14             n/a   
            jacobi_cg_inputs.HB/orani678__rhs15             n/a   
            jacobi_cg_inputs.HB/orani678__rhs16             n/a   
            jacobi_cg_inputs.HB/orani678__rhs17             n/a   
            jacobi_cg_inputs.HB/orani678__rhs18             n/a   
            jacobi_cg_inputs.HB/orani678__rhs19             n/a   
             jacobi_cg_inputs.HB/orani678__rhs2             n/a   
             jacobi_cg_inputs.HB/orani678__rhs3             n/a   
             jacobi_cg_inputs.HB/orani678__rhs4             n/a   
             jacobi_cg_inputs.HB/orani678__rhs5             n/a   
             jacobi_cg_inputs.HB/orani678__rhs6             n/a   
            jacobi_cg_inputs.HB/orani678__rhs62             n/a   
             jacobi_cg_inputs.HB/orani678__rhs7             n/a   
             jacobi_cg_inputs.HB/orani678__rhs8             n/a   
                 jacobi_cg_inputs.HB/watt_1                 n/a   
             jacobi_cg_inputs.Hamm/add32__rhs0              n/a   
             jacobi_cg_inputs.Lourakis/bundle1            4.04±0s 
               jacobi_cg_inputs.MathWorks/Muu               n/a   
           jacobi_cg_inputs.MathWorks/tomography            n/a   
         jacobi_cg_inputs.MaxPlanck/shallow_water1          n/a   
         jacobi_cg_inputs.MaxPlanck/shallow_water2        2.99±0s 
              jacobi_cg_inputs.Mulvey/finan512              n/a   
            jacobi_cg_inputs.Nasa/nasa2146__rhs0            n/a   
              jacobi_cg_inputs.Nemeth/nemeth02              n/a   
              jacobi_cg_inputs.Nemeth/nemeth03            2.89±0s 
              jacobi_cg_inputs.Nemeth/nemeth04              n/a   
              jacobi_cg_inputs.Nemeth/nemeth05              n/a   
              jacobi_cg_inputs.Nemeth/nemeth06              n/a   
              jacobi_cg_inputs.Nemeth/nemeth07            2.72±0s 
              jacobi_cg_inputs.Nemeth/nemeth08              n/a   
              jacobi_cg_inputs.Nemeth/nemeth09              n/a   
              jacobi_cg_inputs.Nemeth/nemeth10              n/a   
              jacobi_cg_inputs.Nemeth/nemeth11            2.79±0s 
              jacobi_cg_inputs.Nemeth/nemeth12              n/a   
              jacobi_cg_inputs.Nemeth/nemeth13              n/a   
              jacobi_cg_inputs.Nemeth/nemeth16              n/a   
              jacobi_cg_inputs.Nemeth/nemeth17            6.10±0s 
                jacobi_cg_inputs.Norris/fv1                 n/a   
                jacobi_cg_inputs.Norris/fv2                 n/a   
             jacobi_cg_inputs.Oberwolfach/LF10              n/a   
             jacobi_cg_inputs.Oberwolfach/LFAT5           3.12±0s 
                jacobi_cg_inputs.PARSEC/Si2                 n/a   
               jacobi_cg_inputs.Pothen/bodyy4               n/a   
              jacobi_cg_inputs.Pothen/mesh1e1               n/a   
              jacobi_cg_inputs.Pothen/mesh1em1            2.61±0s 
              jacobi_cg_inputs.Pothen/mesh1em6              n/a   
              jacobi_cg_inputs.Pothen/mesh2e1               n/a   
              jacobi_cg_inputs.Pothen/mesh2em5              n/a   
              jacobi_cg_inputs.Pothen/mesh3e1             2.64±0s 
              jacobi_cg_inputs.Pothen/mesh3em5              n/a   
              jacobi_cg_inputs.Pothen/sphere2               n/a   
             jacobi_cg_inputs.Sandia/ASIC_100ks             n/a   
             jacobi_cg_inputs.Sandia/ASIC_320ks           3.02±0s 
             jacobi_cg_inputs.Sandia/ASIC_680ks             n/a   
        jacobi_cg_inputs.Schenk_AFE/af_shell3__rhs0         n/a   
        jacobi_cg_inputs.Schenk_AFE/af_shell4__rhs0         n/a   
        jacobi_cg_inputs.Schenk_AFE/af_shell7__rhs0         n/a   
        jacobi_cg_inputs.Schenk_AFE/af_shell8__rhs0         n/a   
          jacobi_cg_inputs.Um/2cubes_sphere__rhs0           n/a   
          jacobi_cg_inputs.VDOL/hangGlider_1__rhs0          n/a   
    jacobi_cg_inputs.VDOL/tumorAntiAngiogenesis_1__rhs0   4.41±0s 
    jacobi_cg_inputs.VDOL/tumorAntiAngiogenesis_2__rhs0     n/a   
                 jacobi_cg_inputs.VLSI/ss1                  n/a   
   ===================================================== =========
ERROR:root:For parameters: jacobi_cg_inputs.Andrianov/net100
INFO root: Dataset suitesparse_matrix.Andrianov/net100 found in cache.

For parameters: jacobi_cg_inputs.Andrianov/net50
INFO root: Dataset suitesparse_matrix.Andrianov/net50 found in cache.

For parameters: jacobi_cg_inputs.Bai/bfwb782
INFO root: Dataset suitesparse_matrix.Bai/bfwb782 found in cache.

For parameters: jacobi_cg_inputs.Bai/mhd4800b
INFO root: Dataset suitesparse_matrix.Bai/mhd4800b found in cache.

For parameters: jacobi_cg_inputs.Boeing/bcsstk34
INFO root: Dataset suitesparse_matrix.Boeing/bcsstk34 found in cache.

For parameters: jacobi_cg_inputs.Boeing/crystm03
INFO root: Dataset suitesparse_matrix.Boeing/crystm03 found in cache.

For parameters: jacobi_cg_inputs.Botonakis/thermomech_TC
INFO root: Dataset suitesparse_matrix.Botonakis/thermomech_TC found in cache.

For parameters: jacobi_cg_inputs.Bourchtein/atmosmodl__rhs1
INFO root: Dataset suitesparse_matrix.Bourchtein/atmosmodl found in cache.

For parameters: jacobi_cg_inputs.FEMLAB/poisson2D__rhs0
INFO root: Dataset suitesparse_matrix.FEMLAB/poisson2D found in cache.

For parameters: jacobi_cg_inputs.FIDAP/ex5
INFO root: Dataset suitesparse_matrix.FIDAP/ex5 found in cache.

For parameters: jacobi_cg_inputs.GHS_psdef/obstclae
INFO root: Dataset suitesparse_matrix.GHS_psdef/obstclae found in cache.

For parameters: jacobi_cg_inputs.Guettel/TEM27623
INFO root: Dataset suitesparse_matrix.Guettel/TEM27623 found in cache.

For parameters: jacobi_cg_inputs.HB/bcsstk02
INFO root: Dataset suitesparse_matrix.HB/bcsstk02 found in cache.

For parameters: jacobi_cg_inputs.HB/bcsstm02
INFO root: Dataset suitesparse_matrix.HB/bcsstm02 found in cache.

For parameters: jacobi_cg_inputs.HB/bcsstm08
INFO root: Dataset suitesparse_matrix.HB/bcsstm08 found in cache.

For parameters: jacobi_cg_inputs.HB/bcsstm20
INFO root: Dataset suitesparse_matrix.HB/bcsstm20 found in cache.

For parameters: jacobi_cg_inputs.HB/bcsstm24
INFO root: Dataset suitesparse_matrix.HB/bcsstm24 found in cache.

For parameters: jacobi_cg_inputs.HB/can_24
INFO root: Dataset suitesparse_matrix.HB/can_24 found in cache.

For parameters: jacobi_cg_inputs.HB/can_96
INFO root: Dataset suitesparse_matrix.HB/can_96 found in cache.

For parameters: jacobi_cg_inputs.HB/fs_541_1
INFO root: Dataset suitesparse_matrix.HB/fs_541_1 found in cache.

For parameters: jacobi_cg_inputs.HB/lund_a
INFO root: Dataset suitesparse_matrix.HB/lund_a found in cache.

For parameters: jacobi_cg_inputs.HB/nos7
INFO root: Dataset suitesparse_matrix.HB/nos7 found in cache.

For parameters: jacobi_cg_inputs.Lourakis/bundle1
INFO root: Dataset suitesparse_matrix.Lourakis/bundle1 found in cache.

For parameters: jacobi_cg_inputs.MaxPlanck/shallow_water2
INFO root: Dataset suitesparse_matrix.MaxPlanck/shallow_water2 found in cache.

For parameters: jacobi_cg_inputs.Nemeth/nemeth03
INFO root: Dataset suitesparse_matrix.Nemeth/nemeth03 found in cache.

For parameters: jacobi_cg_inputs.Nemeth/nemeth07
INFO root: Dataset suitesparse_matrix.Nemeth/nemeth07 found in cache.

For parameters: jacobi_cg_inputs.Nemeth/nemeth11
INFO root: Dataset suitesparse_matrix.Nemeth/nemeth11 found in cache.

For parameters: jacobi_cg_inputs.Nemeth/nemeth17
INFO root: Dataset suitesparse_matrix.Nemeth/nemeth17 found in cache.

For parameters: jacobi_cg_inputs.Oberwolfach/LFAT5
INFO root: Dataset suitesparse_matrix.Oberwolfach/LFAT5 found in cache.

For parameters: jacobi_cg_inputs.Pothen/mesh1em1
INFO root: Dataset suitesparse_matrix.Pothen/mesh1em1 found in cache.

For parameters: jacobi_cg_inputs.Pothen/mesh3e1
INFO root: Dataset suitesparse_matrix.Pothen/mesh3e1 found in cache.

For parameters: jacobi_cg_inputs.Sandia/ASIC_320ks
INFO root: Dataset suitesparse_matrix.Sandia/ASIC_320ks found in cache.

For parameters: jacobi_cg_inputs.VDOL/tumorAntiAngiogenesis_1__rhs0
INFO root: Dataset suitesparse_matrix.VDOL/tumorAntiAngiogenesis_1 found in cache.
/storage/scratch1/7/wahrens6/SparseArrayProgrammingSuite/frameworks/saps_tagger.py:385: RuntimeWarning: invalid value encountered in divide
  op(self.framework._unwrap(left), self.framework._unwrap(right)),

··· For parameters: jacobi_cg_inputs.Andrianov/net100
    INFO root: Dataset suitesparse_matrix.Andrianov/net100 found in cache.
    
    For parameters: jacobi_cg_inputs.Andrianov/net50
    INFO root: Dataset suitesparse_matrix.Andrianov/net50 found in cache.
    
    For parameters: jacobi_cg_inputs.Bai/bfwb782
    INFO root: Dataset suitesparse_matrix.Bai/bfwb782 found in cache.
    
    For parameters: jacobi_cg_inputs.Bai/mhd4800b
    INFO root: Dataset suitesparse_matrix.Bai/mhd4800b found in cache.
    
    For parameters: jacobi_cg_inputs.Boeing/bcsstk34
    INFO root: Dataset suitesparse_matrix.Boeing/bcsstk34 found in cache.
    
    For parameters: jacobi_cg_inputs.Boeing/crystm03
    INFO root: Dataset suitesparse_matrix.Boeing/crystm03 found in cache.
    
    For parameters: jacobi_cg_inputs.Botonakis/thermomech_TC
    INFO root: Dataset suitesparse_matrix.Botonakis/thermomech_TC found in cache.
    
    For parameters: jacobi_cg_inputs.Bourchtein/atmosmodl__rhs1
    INFO root: Dataset suitesparse_matrix.Bourchtein/atmosmodl found in cache.
    
    For parameters: jacobi_cg_inputs.FEMLAB/poisson2D__rhs0
    INFO root: Dataset suitesparse_matrix.FEMLAB/poisson2D found in cache.
    
    For parameters: jacobi_cg_inputs.FIDAP/ex5
    INFO root: Dataset suitesparse_matrix.FIDAP/ex5 found in cache.
    
    For parameters: jacobi_cg_inputs.GHS_psdef/obstclae
    INFO root: Dataset suitesparse_matrix.GHS_psdef/obstclae found in cache.
    
    For parameters: jacobi_cg_inputs.Guettel/TEM27623
    INFO root: Dataset suitesparse_matrix.Guettel/TEM27623 found in cache.
    
    For parameters: jacobi_cg_inputs.HB/bcsstk02
    INFO root: Dataset suitesparse_matrix.HB/bcsstk02 found in cache.
    
    For parameters: jacobi_cg_inputs.HB/bcsstm02
    INFO root: Dataset suitesparse_matrix.HB/bcsstm02 found in cache.
    
    For parameters: jacobi_cg_inputs.HB/bcsstm08
    INFO root: Dataset suitesparse_matrix.HB/bcsstm08 found in cache.
    
    For parameters: jacobi_cg_inputs.HB/bcsstm20
    INFO root: Dataset suitesparse_matrix.HB/bcsstm20 found in cache.
    
    For parameters: jacobi_cg_inputs.HB/bcsstm24
    INFO root: Dataset suitesparse_matrix.HB/bcsstm24 found in cache.
    
    For parameters: jacobi_cg_inputs.HB/can_24
    INFO root: Dataset suitesparse_matrix.HB/can_24 found in cache.
    
    For parameters: jacobi_cg_inputs.HB/can_96
    INFO root: Dataset suitesparse_matrix.HB/can_96 found in cache.
    
    For parameters: jacobi_cg_inputs.HB/fs_541_1
    INFO root: Dataset suitesparse_matrix.HB/fs_541_1 found in cache.
    
    For parameters: jacobi_cg_inputs.HB/lund_a
    INFO root: Dataset suitesparse_matrix.HB/lund_a found in cache.
    
    For parameters: jacobi_cg_inputs.HB/nos7
    INFO root: Dataset suitesparse_matrix.HB/nos7 found in cache.
    
    For parameters: jacobi_cg_inputs.Lourakis/bundle1
    INFO root: Dataset suitesparse_matrix.Lourakis/bundle1 found in cache.
    
    For parameters: jacobi_cg_inputs.MaxPlanck/shallow_water2
    INFO root: Dataset suitesparse_matrix.MaxPlanck/shallow_water2 found in cache.
    
    For parameters: jacobi_cg_inputs.Nemeth/nemeth03
    INFO root: Dataset suitesparse_matrix.Nemeth/nemeth03 found in cache.
    
    For parameters: jacobi_cg_inputs.Nemeth/nemeth07
    INFO root: Dataset suitesparse_matrix.Nemeth/nemeth07 found in cache.
    
    For parameters: jacobi_cg_inputs.Nemeth/nemeth11
    INFO root: Dataset suitesparse_matrix.Nemeth/nemeth11 found in cache.
    
    For parameters: jacobi_cg_inputs.Nemeth/nemeth17
    INFO root: Dataset suitesparse_matrix.Nemeth/nemeth17 found in cache.
    
    For parameters: jacobi_cg_inputs.Oberwolfach/LFAT5
    INFO root: Dataset suitesparse_matrix.Oberwolfach/LFAT5 found in cache.
    
    For parameters: jacobi_cg_inputs.Pothen/mesh1em1
    INFO root: Dataset suitesparse_matrix.Pothen/mesh1em1 found in cache.
    
    For parameters: jacobi_cg_inputs.Pothen/mesh3e1
    INFO root: Dataset suitesparse_matrix.Pothen/mesh3e1 found in cache.
    
    For parameters: jacobi_cg_inputs.Sandia/ASIC_320ks
    INFO root: Dataset suitesparse_matrix.Sandia/ASIC_320ks found in cache.
    
    For parameters: jacobi_cg_inputs.VDOL/tumorAntiAngiogenesis_1__rhs0
    INFO root: Dataset suitesparse_matrix.VDOL/tumorAntiAngiogenesis_1 found in cache.
    /storage/scratch1/7/wahrens6/SparseArrayProgrammingSuite/frameworks/saps_tagger.py:385: RuntimeWarning: invalid value encountered in divide
      op(self.framework._unwrap(left), self.framework._unwrap(right)),
INFO:root:...onditionedCGBenchmark.time_preconditioned_cg

·· ...onditionedCGBenchmark.time_preconditioned_cg       2/100 failedINFO:root:================================================== =========
                     dataset                                
-------------------------------------------------- ---------
          block_jacobi_cg_inputs.test_A0              n/a   
          block_jacobi_cg_inputs.test_A1              n/a   
          block_jacobi_cg_inputs.test_A2              n/a   
          block_jacobi_cg_inputs.test_A3              n/a   
          block_jacobi_cg_inputs.test_A4              n/a   
          block_jacobi_cg_inputs.test_A5              n/a   
      block_jacobi_cg_inputs.Andrews/Andrews         failed 
     block_jacobi_cg_inputs.Andrianov/net100          n/a   
     block_jacobi_cg_inputs.Andrianov/net125          n/a   
     block_jacobi_cg_inputs.Andrianov/net150          n/a   
      block_jacobi_cg_inputs.Andrianov/net25        12.0±0s 
      block_jacobi_cg_inputs.Andrianov/net50          n/a   
      block_jacobi_cg_inputs.Andrianov/net75          n/a   
        block_jacobi_cg_inputs.Bai/dw256B             n/a   
        block_jacobi_cg_inputs.Bai/dwb512           7.64±0s 
       block_jacobi_cg_inputs.Bai/mhd3200b            n/a   
       block_jacobi_cg_inputs.Bai/mhd4800b            n/a   
        block_jacobi_cg_inputs.Bai/mhdb416            n/a   
       block_jacobi_cg_inputs.Bindel/ted_B          7.95±0s 
   block_jacobi_cg_inputs.Bindel/ted_B_unscaled       n/a   
      block_jacobi_cg_inputs.Boeing/bcsstk34          n/a   
      block_jacobi_cg_inputs.Boeing/bcsstm39          n/a   
      block_jacobi_cg_inputs.Boeing/crystm01        8.47±0s 
      block_jacobi_cg_inputs.Boeing/crystm02          n/a   
      block_jacobi_cg_inputs.Boeing/crystm03          n/a   
 block_jacobi_cg_inputs.Botonakis/FEM_3D_thermal1     n/a   
 block_jacobi_cg_inputs.Botonakis/FEM_3D_thermal2    failed 
  block_jacobi_cg_inputs.Botonakis/thermomech_TC      n/a   
  block_jacobi_cg_inputs.Botonakis/thermomech_dM      n/a   
    block_jacobi_cg_inputs.Brunetiere/thermal         n/a   
     block_jacobi_cg_inputs.Cunningham/qa8fm        16.2±0s 
  block_jacobi_cg_inputs.FEMLAB/poisson2D__rhs0       n/a   
      block_jacobi_cg_inputs.FEMLAB/problem1          n/a   
        block_jacobi_cg_inputs.FIDAP/ex29             n/a   
        block_jacobi_cg_inputs.FIDAP/ex37           7.92±0s 
         block_jacobi_cg_inputs.FIDAP/ex5             n/a   
         block_jacobi_cg_inputs.FIDAP/ex7             n/a   
  block_jacobi_cg_inputs.Freescale/circuit5M_dc       n/a   
    block_jacobi_cg_inputs.GHS_psdef/jnlbrng1         n/a   
    block_jacobi_cg_inputs.GHS_psdef/minsurfo       14.8±0s 
    block_jacobi_cg_inputs.GHS_psdef/obstclae         n/a   
    block_jacobi_cg_inputs.GHS_psdef/wathen100        n/a   
    block_jacobi_cg_inputs.GHS_psdef/wathen120        n/a   
     block_jacobi_cg_inputs.Grund/poli__rhs0        7.47±0s 
     block_jacobi_cg_inputs.Guettel/TEM27623          n/a   
        block_jacobi_cg_inputs.HB/bcsstk01            n/a   
        block_jacobi_cg_inputs.HB/bcsstk02            n/a   
        block_jacobi_cg_inputs.HB/bcsstk03          7.65±0s 
        block_jacobi_cg_inputs.HB/bcsstk04            n/a   
        block_jacobi_cg_inputs.HB/bcsstk05            n/a   
        block_jacobi_cg_inputs.HB/bcsstk08            n/a   
        block_jacobi_cg_inputs.HB/bcsstk22          7.92±0s 
        block_jacobi_cg_inputs.HB/bcsstm02            n/a   
        block_jacobi_cg_inputs.HB/bcsstm05            n/a   
        block_jacobi_cg_inputs.HB/bcsstm06            n/a   
        block_jacobi_cg_inputs.HB/bcsstm07          8.18±0s 
        block_jacobi_cg_inputs.HB/bcsstm08            n/a   
        block_jacobi_cg_inputs.HB/bcsstm09            n/a   
        block_jacobi_cg_inputs.HB/bcsstm11            n/a   
        block_jacobi_cg_inputs.HB/bcsstm12          8.66±0s 
        block_jacobi_cg_inputs.HB/bcsstm19            n/a   
        block_jacobi_cg_inputs.HB/bcsstm20            n/a   
        block_jacobi_cg_inputs.HB/bcsstm21            n/a   
        block_jacobi_cg_inputs.HB/bcsstm22          7.55±0s 
        block_jacobi_cg_inputs.HB/bcsstm23            n/a   
        block_jacobi_cg_inputs.HB/bcsstm24            n/a   
        block_jacobi_cg_inputs.HB/bcsstm25            n/a   
        block_jacobi_cg_inputs.HB/bcsstm26          7.50±0s 
        block_jacobi_cg_inputs.HB/fs_541_1            n/a   
        block_jacobi_cg_inputs.HB/gr_30_30            n/a   
         block_jacobi_cg_inputs.HB/lund_a             n/a   
         block_jacobi_cg_inputs.HB/lund_b           7.81±0s 
          block_jacobi_cg_inputs.HB/nos1              n/a   
          block_jacobi_cg_inputs.HB/nos4              n/a   
          block_jacobi_cg_inputs.HB/nos6              n/a   
          block_jacobi_cg_inputs.HB/nos7            7.85±0s 
     block_jacobi_cg_inputs.Hamm/add32__rhs0          n/a   
     block_jacobi_cg_inputs.Lourakis/bundle1          n/a   
       block_jacobi_cg_inputs.MathWorks/Muu           n/a   
   block_jacobi_cg_inputs.MathWorks/tomography      7.62±0s 
 block_jacobi_cg_inputs.MaxPlanck/shallow_water1      n/a   
 block_jacobi_cg_inputs.MaxPlanck/shallow_water2      n/a   
      block_jacobi_cg_inputs.Mulvey/finan512          n/a   
    block_jacobi_cg_inputs.Nasa/nasa2146__rhs0      6.37±0s 
        block_jacobi_cg_inputs.Norris/fv1             n/a   
        block_jacobi_cg_inputs.Norris/fv2             n/a   
     block_jacobi_cg_inputs.Oberwolfach/LF10          n/a   
     block_jacobi_cg_inputs.Oberwolfach/LFAT5       9.45±0s 
        block_jacobi_cg_inputs.PARSEC/Si2             n/a   
       block_jacobi_cg_inputs.Pothen/bodyy4           n/a   
      block_jacobi_cg_inputs.Pothen/mesh1e1           n/a   
      block_jacobi_cg_inputs.Pothen/mesh1em1        7.93±0s 
      block_jacobi_cg_inputs.Pothen/mesh1em6          n/a   
      block_jacobi_cg_inputs.Pothen/mesh2e1           n/a   
      block_jacobi_cg_inputs.Pothen/mesh2em5          n/a   
      block_jacobi_cg_inputs.Pothen/mesh3e1         7.58±0s 
      block_jacobi_cg_inputs.Pothen/mesh3em5          n/a   
     block_jacobi_cg_inputs.Sandia/ASIC_100ks         n/a   
     block_jacobi_cg_inputs.Sandia/ASIC_320ks         n/a   
  block_jacobi_cg_inputs.Um/2cubes_sphere__rhs0     14.6±0s 
================================================== =========
For parameters: block_jacobi_cg_inputs.Andrews/Andrews
INFO root: Dataset suitesparse_matrix.Andrews/Andrews found in cache.


asv: benchmark timed out (timeout 30.0s)

For parameters: block_jacobi_cg_inputs.Andrianov/net25
INFO root: Dataset suitesparse_matrix.Andrianov/net25 found in cache.

For parameters: block_jacobi_cg_inputs.Bai/dwb512
INFO root: Dataset suitesparse_matrix.Bai/dwb512 found in cache.

For parameters: block_jacobi_cg_inputs.Bindel/ted_B
INFO root: Dataset suitesparse_matrix.Bindel/ted_B found in cache.

For parameters: block_jacobi_cg_inputs.Boeing/crystm01
INFO root: Dataset suitesparse_matrix.Boeing/crystm01 found in cache.

For parameters: block_jacobi_cg_inputs.Botonakis/FEM_3D_thermal2
INFO root: Dataset suitesparse_matrix.Botonakis/FEM_3D_thermal2 found in cache.


asv: benchmark timed out (timeout 30.0s)

For parameters: block_jacobi_cg_inputs.Cunningham/qa8fm
INFO root: Dataset suitesparse_matrix.Cunningham/qa8fm found in cache.

For parameters: block_jacobi_cg_inputs.FIDAP/ex37
INFO root: Dataset suitesparse_matrix.FIDAP/ex37 found in cache.

For parameters: block_jacobi_cg_inputs.GHS_psdef/minsurfo
INFO root: Dataset suitesparse_matrix.GHS_psdef/minsurfo found in cache.

For parameters: block_jacobi_cg_inputs.Grund/poli__rhs0
INFO root: Dataset suitesparse_matrix.Grund/poli found in cache.

For parameters: block_jacobi_cg_inputs.HB/bcsstk03
INFO root: Dataset suitesparse_matrix.HB/bcsstk03 found in cache.

For parameters: block_jacobi_cg_inputs.HB/bcsstk22
INFO root: Dataset suitesparse_matrix.HB/bcsstk22 found in cache.

For parameters: block_jacobi_cg_inputs.HB/bcsstm07
INFO root: Dataset suitesparse_matrix.HB/bcsstm07 found in cache.

For parameters: block_jacobi_cg_inputs.HB/bcsstm12
INFO root: Dataset suitesparse_matrix.HB/bcsstm12 found in cache.

For parameters: block_jacobi_cg_inputs.HB/bcsstm22
INFO root: Dataset suitesparse_matrix.HB/bcsstm22 found in cache.

For parameters: block_jacobi_cg_inputs.HB/bcsstm26
INFO root: Dataset suitesparse_matrix.HB/bcsstm26 found in cache.

For parameters: block_jacobi_cg_inputs.HB/lund_b
INFO root: Dataset suitesparse_matrix.HB/lund_b found in cache.

For parameters: block_jacobi_cg_inputs.HB/nos7
INFO root: Dataset suitesparse_matrix.HB/nos7 found in cache.

For parameters: block_jacobi_cg_inputs.MathWorks/tomography
INFO root: Dataset suitesparse_matrix.MathWorks/tomography found in cache.

For parameters: block_jacobi_cg_inputs.Nasa/nasa2146__rhs0
INFO root: Dataset suitesparse_matrix.Nasa/nasa2146 found in cache.

For parameters: block_jacobi_cg_inputs.Oberwolfach/LFAT5
INFO root: Dataset suitesparse_matrix.Oberwolfach/LFAT5 found in cache.

For parameters: block_jacobi_cg_inputs.Pothen/mesh1em1
INFO root: Dataset suitesparse_matrix.Pothen/mesh1em1 found in cache.

For parameters: block_jacobi_cg_inputs.Pothen/mesh3e1
INFO root: Dataset suitesparse_matrix.Pothen/mesh3e1 found in cache.

For parameters: block_jacobi_cg_inputs.Um/2cubes_sphere__rhs0
INFO root: Dataset suitesparse_matrix.Um/2cubes_sphere found in cache.

·· ================================================== =========
                        dataset                                
   -------------------------------------------------- ---------
             block_jacobi_cg_inputs.test_A0              n/a   
             block_jacobi_cg_inputs.test_A1              n/a   
             block_jacobi_cg_inputs.test_A2              n/a   
             block_jacobi_cg_inputs.test_A3              n/a   
             block_jacobi_cg_inputs.test_A4              n/a   
             block_jacobi_cg_inputs.test_A5              n/a   
         block_jacobi_cg_inputs.Andrews/Andrews         failed 
        block_jacobi_cg_inputs.Andrianov/net100          n/a   
        block_jacobi_cg_inputs.Andrianov/net125          n/a   
        block_jacobi_cg_inputs.Andrianov/net150          n/a   
         block_jacobi_cg_inputs.Andrianov/net25        12.0±0s 
         block_jacobi_cg_inputs.Andrianov/net50          n/a   
         block_jacobi_cg_inputs.Andrianov/net75          n/a   
           block_jacobi_cg_inputs.Bai/dw256B             n/a   
           block_jacobi_cg_inputs.Bai/dwb512           7.64±0s 
          block_jacobi_cg_inputs.Bai/mhd3200b            n/a   
          block_jacobi_cg_inputs.Bai/mhd4800b            n/a   
           block_jacobi_cg_inputs.Bai/mhdb416            n/a   
          block_jacobi_cg_inputs.Bindel/ted_B          7.95±0s 
      block_jacobi_cg_inputs.Bindel/ted_B_unscaled       n/a   
         block_jacobi_cg_inputs.Boeing/bcsstk34          n/a   
         block_jacobi_cg_inputs.Boeing/bcsstm39          n/a   
         block_jacobi_cg_inputs.Boeing/crystm01        8.47±0s 
         block_jacobi_cg_inputs.Boeing/crystm02          n/a   
         block_jacobi_cg_inputs.Boeing/crystm03          n/a   
    block_jacobi_cg_inputs.Botonakis/FEM_3D_thermal1     n/a   
    block_jacobi_cg_inputs.Botonakis/FEM_3D_thermal2    failed 
     block_jacobi_cg_inputs.Botonakis/thermomech_TC      n/a   
     block_jacobi_cg_inputs.Botonakis/thermomech_dM      n/a   
       block_jacobi_cg_inputs.Brunetiere/thermal         n/a   
        block_jacobi_cg_inputs.Cunningham/qa8fm        16.2±0s 
     block_jacobi_cg_inputs.FEMLAB/poisson2D__rhs0       n/a   
         block_jacobi_cg_inputs.FEMLAB/problem1          n/a   
           block_jacobi_cg_inputs.FIDAP/ex29             n/a   
           block_jacobi_cg_inputs.FIDAP/ex37           7.92±0s 
            block_jacobi_cg_inputs.FIDAP/ex5             n/a   
            block_jacobi_cg_inputs.FIDAP/ex7             n/a   
     block_jacobi_cg_inputs.Freescale/circuit5M_dc       n/a   
       block_jacobi_cg_inputs.GHS_psdef/jnlbrng1         n/a   
       block_jacobi_cg_inputs.GHS_psdef/minsurfo       14.8±0s 
       block_jacobi_cg_inputs.GHS_psdef/obstclae         n/a   
       block_jacobi_cg_inputs.GHS_psdef/wathen100        n/a   
       block_jacobi_cg_inputs.GHS_psdef/wathen120        n/a   
        block_jacobi_cg_inputs.Grund/poli__rhs0        7.47±0s 
        block_jacobi_cg_inputs.Guettel/TEM27623          n/a   
           block_jacobi_cg_inputs.HB/bcsstk01            n/a   
           block_jacobi_cg_inputs.HB/bcsstk02            n/a   
           block_jacobi_cg_inputs.HB/bcsstk03          7.65±0s 
           block_jacobi_cg_inputs.HB/bcsstk04            n/a   
           block_jacobi_cg_inputs.HB/bcsstk05            n/a   
           block_jacobi_cg_inputs.HB/bcsstk08            n/a   
           block_jacobi_cg_inputs.HB/bcsstk22          7.92±0s 
           block_jacobi_cg_inputs.HB/bcsstm02            n/a   
           block_jacobi_cg_inputs.HB/bcsstm05            n/a   
           block_jacobi_cg_inputs.HB/bcsstm06            n/a   
           block_jacobi_cg_inputs.HB/bcsstm07          8.18±0s 
           block_jacobi_cg_inputs.HB/bcsstm08            n/a   
           block_jacobi_cg_inputs.HB/bcsstm09            n/a   
           block_jacobi_cg_inputs.HB/bcsstm11            n/a   
           block_jacobi_cg_inputs.HB/bcsstm12          8.66±0s 
           block_jacobi_cg_inputs.HB/bcsstm19            n/a   
           block_jacobi_cg_inputs.HB/bcsstm20            n/a   
           block_jacobi_cg_inputs.HB/bcsstm21            n/a   
           block_jacobi_cg_inputs.HB/bcsstm22          7.55±0s 
           block_jacobi_cg_inputs.HB/bcsstm23            n/a   
           block_jacobi_cg_inputs.HB/bcsstm24            n/a   
           block_jacobi_cg_inputs.HB/bcsstm25            n/a   
           block_jacobi_cg_inputs.HB/bcsstm26          7.50±0s 
           block_jacobi_cg_inputs.HB/fs_541_1            n/a   
           block_jacobi_cg_inputs.HB/gr_30_30            n/a   
            block_jacobi_cg_inputs.HB/lund_a             n/a   
            block_jacobi_cg_inputs.HB/lund_b           7.81±0s 
             block_jacobi_cg_inputs.HB/nos1              n/a   
             block_jacobi_cg_inputs.HB/nos4              n/a   
             block_jacobi_cg_inputs.HB/nos6              n/a   
             block_jacobi_cg_inputs.HB/nos7            7.85±0s 
        block_jacobi_cg_inputs.Hamm/add32__rhs0          n/a   
        block_jacobi_cg_inputs.Lourakis/bundle1          n/a   
          block_jacobi_cg_inputs.MathWorks/Muu           n/a   
      block_jacobi_cg_inputs.MathWorks/tomography      7.62±0s 
    block_jacobi_cg_inputs.MaxPlanck/shallow_water1      n/a   
    block_jacobi_cg_inputs.MaxPlanck/shallow_water2      n/a   
         block_jacobi_cg_inputs.Mulvey/finan512          n/a   
       block_jacobi_cg_inputs.Nasa/nasa2146__rhs0      6.37±0s 
           block_jacobi_cg_inputs.Norris/fv1             n/a   
           block_jacobi_cg_inputs.Norris/fv2             n/a   
        block_jacobi_cg_inputs.Oberwolfach/LF10          n/a   
        block_jacobi_cg_inputs.Oberwolfach/LFAT5       9.45±0s 
           block_jacobi_cg_inputs.PARSEC/Si2             n/a   
          block_jacobi_cg_inputs.Pothen/bodyy4           n/a   
         block_jacobi_cg_inputs.Pothen/mesh1e1           n/a   
         block_jacobi_cg_inputs.Pothen/mesh1em1        7.93±0s 
         block_jacobi_cg_inputs.Pothen/mesh1em6          n/a   
         block_jacobi_cg_inputs.Pothen/mesh2e1           n/a   
         block_jacobi_cg_inputs.Pothen/mesh2em5          n/a   
         block_jacobi_cg_inputs.Pothen/mesh3e1         7.58±0s 
         block_jacobi_cg_inputs.Pothen/mesh3em5          n/a   
        block_jacobi_cg_inputs.Sandia/ASIC_100ks         n/a   
        block_jacobi_cg_inputs.Sandia/ASIC_320ks         n/a   
     block_jacobi_cg_inputs.Um/2cubes_sphere__rhs0     14.6±0s 
   ================================================== =========
   For parameters: block_jacobi_cg_inputs.Andrews/Andrews
   INFO root: Dataset suitesparse_matrix.Andrews/Andrews found in cache.
   
   
   asv: benchmark timed out (timeout 30.0s)
   
   For parameters: block_jacobi_cg_inputs.Andrianov/net25
   INFO root: Dataset suitesparse_matrix.Andrianov/net25 found in cache.
   
   For parameters: block_jacobi_cg_inputs.Bai/dwb512
   INFO root: Dataset suitesparse_matrix.Bai/dwb512 found in cache.
   
   For parameters: block_jacobi_cg_inputs.Bindel/ted_B
   INFO root: Dataset suitesparse_matrix.Bindel/ted_B found in cache.
   
   For parameters: block_jacobi_cg_inputs.Boeing/crystm01
   INFO root: Dataset suitesparse_matrix.Boeing/crystm01 found in cache.
   
   For parameters: block_jacobi_cg_inputs.Botonakis/FEM_3D_thermal2
   INFO root: Dataset suitesparse_matrix.Botonakis/FEM_3D_thermal2 found in cache.
   
   
   asv: benchmark timed out (timeout 30.0s)
   
   For parameters: block_jacobi_cg_inputs.Cunningham/qa8fm
   INFO root: Dataset suitesparse_matrix.Cunningham/qa8fm found in cache.
   
   For parameters: block_jacobi_cg_inputs.FIDAP/ex37
   INFO root: Dataset suitesparse_matrix.FIDAP/ex37 found in cache.
   
   For parameters: block_jacobi_cg_inputs.GHS_psdef/minsurfo
   INFO root: Dataset suitesparse_matrix.GHS_psdef/minsurfo found in cache.
   
   For parameters: block_jacobi_cg_inputs.Grund/poli__rhs0
   INFO root: Dataset suitesparse_matrix.Grund/poli found in cache.
   
   For parameters: block_jacobi_cg_inputs.HB/bcsstk03
   INFO root: Dataset suitesparse_matrix.HB/bcsstk03 found in cache.
   
   For parameters: block_jacobi_cg_inputs.HB/bcsstk22
   INFO root: Dataset suitesparse_matrix.HB/bcsstk22 found in cache.
   
   For parameters: block_jacobi_cg_inputs.HB/bcsstm07
   INFO root: Dataset suitesparse_matrix.HB/bcsstm07 found in cache.
   
   For parameters: block_jacobi_cg_inputs.HB/bcsstm12
   INFO root: Dataset suitesparse_matrix.HB/bcsstm12 found in cache.
   
   For parameters: block_jacobi_cg_inputs.HB/bcsstm22
   INFO root: Dataset suitesparse_matrix.HB/bcsstm22 found in cache.
   
   For parameters: block_jacobi_cg_inputs.HB/bcsstm26
   INFO root: Dataset suitesparse_matrix.HB/bcsstm26 found in cache.
   
   For parameters: block_jacobi_cg_inputs.HB/lund_b
   INFO root: Dataset suitesparse_matrix.HB/lund_b found in cache.
   
   For parameters: block_jacobi_cg_inputs.HB/nos7
   INFO root: Dataset suitesparse_matrix.HB/nos7 found in cache.
   
   For parameters: block_jacobi_cg_inputs.MathWorks/tomography
   INFO root: Dataset suitesparse_matrix.MathWorks/tomography found in cache.
   
   For parameters: block_jacobi_cg_inputs.Nasa/nasa2146__rhs0
   INFO root: Dataset suitesparse_matrix.Nasa/nasa2146 found in cache.
   
   For parameters: block_jacobi_cg_inputs.Oberwolfach/LFAT5
   INFO root: Dataset suitesparse_matrix.Oberwolfach/LFAT5 found in cache.
   
   For parameters: block_jacobi_cg_inputs.Pothen/mesh1em1
   INFO root: Dataset suitesparse_matrix.Pothen/mesh1em1 found in cache.
   
   For parameters: block_jacobi_cg_inputs.Pothen/mesh3e1
   INFO root: Dataset suitesparse_matrix.Pothen/mesh3e1 found in cache.
   
   For parameters: block_jacobi_cg_inputs.Um/2cubes_sphere__rhs0
   INFO root: Dataset suitesparse_matrix.Um/2cubes_sphere found in cache.
ERROR:root:For parameters: block_jacobi_cg_inputs.Andrews/Andrews
INFO root: Dataset suitesparse_matrix.Andrews/Andrews found in cache.


asv: benchmark timed out (timeout 30.0s)

For parameters: block_jacobi_cg_inputs.Andrianov/net25
INFO root: Dataset suitesparse_matrix.Andrianov/net25 found in cache.

For parameters: block_jacobi_cg_inputs.Bai/dwb512
INFO root: Dataset suitesparse_matrix.Bai/dwb512 found in cache.

For parameters: block_jacobi_cg_inputs.Bindel/ted_B
INFO root: Dataset suitesparse_matrix.Bindel/ted_B found in cache.

For parameters: block_jacobi_cg_inputs.Boeing/crystm01
INFO root: Dataset suitesparse_matrix.Boeing/crystm01 found in cache.

For parameters: block_jacobi_cg_inputs.Botonakis/FEM_3D_thermal2
INFO root: Dataset suitesparse_matrix.Botonakis/FEM_3D_thermal2 found in cache.


asv: benchmark timed out (timeout 30.0s)

For parameters: block_jacobi_cg_inputs.Cunningham/qa8fm
INFO root: Dataset suitesparse_matrix.Cunningham/qa8fm found in cache.

For parameters: block_jacobi_cg_inputs.FIDAP/ex37
INFO root: Dataset suitesparse_matrix.FIDAP/ex37 found in cache.

For parameters: block_jacobi_cg_inputs.GHS_psdef/minsurfo
INFO root: Dataset suitesparse_matrix.GHS_psdef/minsurfo found in cache.

For parameters: block_jacobi_cg_inputs.Grund/poli__rhs0
INFO root: Dataset suitesparse_matrix.Grund/poli found in cache.

For parameters: block_jacobi_cg_inputs.HB/bcsstk03
INFO root: Dataset suitesparse_matrix.HB/bcsstk03 found in cache.

For parameters: block_jacobi_cg_inputs.HB/bcsstk22
INFO root: Dataset suitesparse_matrix.HB/bcsstk22 found in cache.

For parameters: block_jacobi_cg_inputs.HB/bcsstm07
INFO root: Dataset suitesparse_matrix.HB/bcsstm07 found in cache.

For parameters: block_jacobi_cg_inputs.HB/bcsstm12
INFO root: Dataset suitesparse_matrix.HB/bcsstm12 found in cache.

For parameters: block_jacobi_cg_inputs.HB/bcsstm22
INFO root: Dataset suitesparse_matrix.HB/bcsstm22 found in cache.

For parameters: block_jacobi_cg_inputs.HB/bcsstm26
INFO root: Dataset suitesparse_matrix.HB/bcsstm26 found in cache.

For parameters: block_jacobi_cg_inputs.HB/lund_b
INFO root: Dataset suitesparse_matrix.HB/lund_b found in cache.

For parameters: block_jacobi_cg_inputs.HB/nos7
INFO root: Dataset suitesparse_matrix.HB/nos7 found in cache.

For parameters: block_jacobi_cg_inputs.MathWorks/tomography
INFO root: Dataset suitesparse_matrix.MathWorks/tomography found in cache.

For parameters: block_jacobi_cg_inputs.Nasa/nasa2146__rhs0
INFO root: Dataset suitesparse_matrix.Nasa/nasa2146 found in cache.

For parameters: block_jacobi_cg_inputs.Oberwolfach/LFAT5
INFO root: Dataset suitesparse_matrix.Oberwolfach/LFAT5 found in cache.

For parameters: block_jacobi_cg_inputs.Pothen/mesh1em1
INFO root: Dataset suitesparse_matrix.Pothen/mesh1em1 found in cache.

For parameters: block_jacobi_cg_inputs.Pothen/mesh3e1
INFO root: Dataset suitesparse_matrix.Pothen/mesh3e1 found in cache.

For parameters: block_jacobi_cg_inputs.Um/2cubes_sphere__rhs0
INFO root: Dataset suitesparse_matrix.Um/2cubes_sphere found in cache.

··· For parameters: block_jacobi_cg_inputs.Andrews/Andrews
    INFO root: Dataset suitesparse_matrix.Andrews/Andrews found in cache.
    
    
    asv: benchmark timed out (timeout 30.0s)
    
    For parameters: block_jacobi_cg_inputs.Andrianov/net25
    INFO root: Dataset suitesparse_matrix.Andrianov/net25 found in cache.
    
    For parameters: block_jacobi_cg_inputs.Bai/dwb512
    INFO root: Dataset suitesparse_matrix.Bai/dwb512 found in cache.
    
    For parameters: block_jacobi_cg_inputs.Bindel/ted_B
    INFO root: Dataset suitesparse_matrix.Bindel/ted_B found in cache.
    
    For parameters: block_jacobi_cg_inputs.Boeing/crystm01
    INFO root: Dataset suitesparse_matrix.Boeing/crystm01 found in cache.
    
    For parameters: block_jacobi_cg_inputs.Botonakis/FEM_3D_thermal2
    INFO root: Dataset suitesparse_matrix.Botonakis/FEM_3D_thermal2 found in cache.
    
    
    asv: benchmark timed out (timeout 30.0s)
    
    For parameters: block_jacobi_cg_inputs.Cunningham/qa8fm
    INFO root: Dataset suitesparse_matrix.Cunningham/qa8fm found in cache.
    
    For parameters: block_jacobi_cg_inputs.FIDAP/ex37
    INFO root: Dataset suitesparse_matrix.FIDAP/ex37 found in cache.
    
    For parameters: block_jacobi_cg_inputs.GHS_psdef/minsurfo
    INFO root: Dataset suitesparse_matrix.GHS_psdef/minsurfo found in cache.
    
    For parameters: block_jacobi_cg_inputs.Grund/poli__rhs0
    INFO root: Dataset suitesparse_matrix.Grund/poli found in cache.
    
    For parameters: block_jacobi_cg_inputs.HB/bcsstk03
    INFO root: Dataset suitesparse_matrix.HB/bcsstk03 found in cache.
    
    For parameters: block_jacobi_cg_inputs.HB/bcsstk22
    INFO root: Dataset suitesparse_matrix.HB/bcsstk22 found in cache.
    
    For parameters: block_jacobi_cg_inputs.HB/bcsstm07
    INFO root: Dataset suitesparse_matrix.HB/bcsstm07 found in cache.
    
    For parameters: block_jacobi_cg_inputs.HB/bcsstm12
    INFO root: Dataset suitesparse_matrix.HB/bcsstm12 found in cache.
    
    For parameters: block_jacobi_cg_inputs.HB/bcsstm22
    INFO root: Dataset suitesparse_matrix.HB/bcsstm22 found in cache.
    
    For parameters: block_jacobi_cg_inputs.HB/bcsstm26
    INFO root: Dataset suitesparse_matrix.HB/bcsstm26 found in cache.
    
    For parameters: block_jacobi_cg_inputs.HB/lund_b
    INFO root: Dataset suitesparse_matrix.HB/lund_b found in cache.
    
    For parameters: block_jacobi_cg_inputs.HB/nos7
    INFO root: Dataset suitesparse_matrix.HB/nos7 found in cache.
    
    For parameters: block_jacobi_cg_inputs.MathWorks/tomography
    INFO root: Dataset suitesparse_matrix.MathWorks/tomography found in cache.
    
    For parameters: block_jacobi_cg_inputs.Nasa/nasa2146__rhs0
    INFO root: Dataset suitesparse_matrix.Nasa/nasa2146 found in cache.
    
    For parameters: block_jacobi_cg_inputs.Oberwolfach/LFAT5
    INFO root: Dataset suitesparse_matrix.Oberwolfach/LFAT5 found in cache.
    
    For parameters: block_jacobi_cg_inputs.Pothen/mesh1em1
    INFO root: Dataset suitesparse_matrix.Pothen/mesh1em1 found in cache.
    
    For parameters: block_jacobi_cg_inputs.Pothen/mesh3e1
    INFO root: Dataset suitesparse_matrix.Pothen/mesh3e1 found in cache.
    
    For parameters: block_jacobi_cg_inputs.Um/2cubes_sphere__rhs0
    INFO root: Dataset suitesparse_matrix.Um/2cubes_sphere found in cache.
INFO:root:...ge.MRISobelEdgeBenchmark.time_mri_sobel_edge

·· ...ge.MRISobelEdgeBenchmark.time_mri_sobel_edge                 okINFO:root:===================================================== =========
                       dataset                                 
----------------------------------------------------- ---------
     mri_sobel_test_inputs.test_sobel_zero_image         n/a   
    mri_sobel_test_inputs.test_sobel_vertical_edge       n/a   
   mri_sobel_test_inputs.test_sobel_horizontal_edge      n/a   
 mri_sobel_test_inputs.test_sobel_generator_metadata     n/a   
             mri_sobel_inputs.mri_sobel_1              3.03±0s 
             mri_sobel_inputs.mri_sobel_2                n/a   
             mri_sobel_inputs.mri_sobel_3                n/a   
             mri_sobel_inputs.mri_sobel_4                n/a   
===================================================== =========

·· ===================================================== =========
                          dataset                                 
   ----------------------------------------------------- ---------
        mri_sobel_test_inputs.test_sobel_zero_image         n/a   
       mri_sobel_test_inputs.test_sobel_vertical_edge       n/a   
      mri_sobel_test_inputs.test_sobel_horizontal_edge      n/a   
    mri_sobel_test_inputs.test_sobel_generator_metadata     n/a   
                mri_sobel_inputs.mri_sobel_1              3.03±0s 
                mri_sobel_inputs.mri_sobel_2                n/a   
                mri_sobel_inputs.mri_sobel_3                n/a   
                mri_sobel_inputs.mri_sobel_4                n/a   
   ===================================================== =========
ERROR:root:For parameters: mri_sobel_inputs.mri_sobel_1
INFO root: Dataset mri_sobel_inputs.mri_sobel_1 found in cache.

··· For parameters: mri_sobel_inputs.mri_sobel_1
    INFO root: Dataset mri_sobel_inputs.mri_sobel_1 found in cache.
INFO:root:...hing.SubgraphMatching.time_subgraph_matching

·· ...hing.SubgraphMatching.time_subgraph_matching                 okINFO:root:============================================= =========
                   dataset                             
--------------------------------------------- ---------
   subgraph_matching_test_inputs.all_edges       n/a   
 subgraph_matching_test_inputs.label_a_count     n/a   
     subgraph_matching_test_inputs.a_to_b        n/a   
     subgraph_matching_test_inputs.b_to_a        n/a   
  subgraph_gcare_human.human/Star_3/uf_Q_2_1   4.88±0s 
  subgraph_gcare_human.human/Star_3/uf_Q_0_2     n/a   
  subgraph_gcare_human.human/Star_3/uf_Q_2_2     n/a   
  subgraph_gcare_human.human/Star_3/uf_Q_0_1     n/a   
  subgraph_gcare_human.human/Star_3/uf_Q_2_3   5.22±0s 
  subgraph_gcare_human.human/Star_3/uf_Q_1_1     n/a   
  subgraph_gcare_human.human/Star_3/uf_Q_1_3     n/a   
  subgraph_gcare_human.human/Star_3/uf_Q_1_2     n/a   
  subgraph_gcare_human.human/Star_3/uf_Q_1_6   4.57±0s 
  subgraph_gcare_human.human/Star_3/uf_Q_1_5     n/a   
  subgraph_gcare_human.human/Star_3/uf_Q_1_4     n/a   
 subgraph_gcare_human.human/Chain_3/uf_Q_1_1     n/a   
 subgraph_gcare_human.human/Chain_3/uf_Q_1_3   5.75±0s 
 subgraph_gcare_human.human/Chain_3/uf_Q_1_2     n/a   
 subgraph_gcare_human.human/Graph_3/uf_Q_2_1     n/a   
 subgraph_gcare_human.human/Graph_3/uf_Q_0_3     n/a   
 subgraph_gcare_human.human/Graph_3/uf_Q_0_2   4.57±0s 
 subgraph_gcare_human.human/Graph_3/uf_Q_2_2     n/a   
 subgraph_gcare_human.human/Graph_3/uf_Q_0_1     n/a   
 subgraph_gcare_human.human/Graph_3/uf_Q_2_3     n/a   
 subgraph_gcare_human.human/Graph_3/uf_Q_0_5   4.51±0s 
 subgraph_gcare_human.human/Graph_3/uf_Q_0_4     n/a   
 subgraph_gcare_human.human/Graph_3/uf_Q_2_6     n/a   
 subgraph_gcare_human.human/Graph_3/uf_Q_2_4     n/a   
 subgraph_gcare_human.human/Graph_3/uf_Q_0_6   4.40±0s 
 subgraph_gcare_human.human/Graph_3/uf_Q_2_5     n/a   
 subgraph_gcare_human.human/Graph_3/uf_Q_3_2     n/a   
 subgraph_gcare_human.human/Graph_3/uf_Q_3_3     n/a   
 subgraph_gcare_human.human/Graph_3/uf_Q_1_1   4.49±0s 
 subgraph_gcare_human.human/Graph_3/uf_Q_1_3     n/a   
 subgraph_gcare_human.human/Graph_3/uf_Q_3_1     n/a   
 subgraph_gcare_human.human/Graph_3/uf_Q_1_2     n/a   
 subgraph_gcare_human.human/Graph_3/uf_Q_3_4   4.45±0s 
 subgraph_gcare_human.human/Graph_3/uf_Q_3_5     n/a   
 subgraph_gcare_human.human/Graph_3/uf_Q_3_7     n/a   
 subgraph_gcare_human.human/Graph_3/uf_Q_3_6     n/a   
 subgraph_gcare_human.human/Graph_3/uf_Q_1_4   4.44±0s 
 subgraph_gcare_human.human/Graph_3/uf_Q_3_8     n/a   
 subgraph_gcare_human.human/Graph_3/uf_Q_3_9     n/a   
  subgraph_gcare_human.human/Tree_3/uf_Q_2_1     n/a   
  subgraph_gcare_human.human/Tree_3/uf_Q_0_3   4.58±0s 
  subgraph_gcare_human.human/Tree_3/uf_Q_0_2     n/a   
  subgraph_gcare_human.human/Tree_3/uf_Q_2_2     n/a   
  subgraph_gcare_human.human/Tree_3/uf_Q_0_1     n/a   
  subgraph_gcare_human.human/Tree_3/uf_Q_2_3   4.49±0s 
  subgraph_gcare_human.human/Tree_3/uf_Q_2_4     n/a   
  subgraph_gcare_human.human/Tree_3/uf_Q_3_2     n/a   
  subgraph_gcare_human.human/Tree_3/uf_Q_1_1     n/a   
  subgraph_gcare_human.human/Tree_3/uf_Q_3_1   4.84±0s 
  subgraph_gcare_aids.aids/Chain_12/uf_Q_4_7     n/a   
  subgraph_gcare_aids.aids/Chain_12/uf_Q_4_6     n/a   
  subgraph_gcare_aids.aids/Chain_12/uf_Q_4_4     n/a   
  subgraph_gcare_aids.aids/Chain_12/uf_Q_4_5     n/a   
  subgraph_gcare_aids.aids/Chain_12/uf_Q_4_1     n/a   
  subgraph_gcare_aids.aids/Chain_12/uf_Q_4_2     n/a   
  subgraph_gcare_aids.aids/Chain_12/uf_Q_4_3     n/a   
  subgraph_gcare_aids.aids/Chain_12/uf_Q_5_4     n/a   
  subgraph_gcare_aids.aids/Chain_12/uf_Q_3_2     n/a   
  subgraph_gcare_aids.aids/Chain_12/uf_Q_3_3     n/a   
  subgraph_gcare_aids.aids/Chain_12/uf_Q_5_5     n/a   
  subgraph_gcare_aids.aids/Chain_12/uf_Q_5_7     n/a   
  subgraph_gcare_aids.aids/Chain_12/uf_Q_3_1     n/a   
  subgraph_gcare_aids.aids/Chain_12/uf_Q_5_6     n/a   
  subgraph_gcare_aids.aids/Chain_12/uf_Q_5_2     n/a   
 subgraph_gcare_aids.aids/Chain_12/uf_Q_4_11     n/a   
 subgraph_gcare_aids.aids/Chain_12/uf_Q_4_10     n/a   
  subgraph_gcare_aids.aids/Chain_12/uf_Q_5_3     n/a   
  subgraph_gcare_aids.aids/Chain_12/uf_Q_5_1     n/a   
  subgraph_gcare_aids.aids/Chain_12/uf_Q_5_8     n/a   
  subgraph_gcare_aids.aids/Chain_12/uf_Q_5_9     n/a   
  subgraph_gcare_aids.aids/Chain_12/uf_Q_4_8     n/a   
 subgraph_gcare_aids.aids/Chain_12/uf_Q_5_12     n/a   
  subgraph_gcare_aids.aids/Chain_12/uf_Q_4_9     n/a   
 subgraph_gcare_aids.aids/Chain_12/uf_Q_5_10     n/a   
 subgraph_gcare_aids.aids/Chain_12/uf_Q_5_11     n/a   
  subgraph_gcare_aids.aids/Graph_12/uf_Q_0_1     n/a   
  subgraph_gcare_aids.aids/Chain_6/uf_Q_2_1      n/a   
  subgraph_gcare_aids.aids/Chain_6/uf_Q_0_3      n/a   
  subgraph_gcare_aids.aids/Chain_6/uf_Q_4_7      n/a   
  subgraph_gcare_aids.aids/Chain_6/uf_Q_5_20     n/a   
  subgraph_gcare_aids.aids/Chain_6/uf_Q_4_6      n/a   
  subgraph_gcare_aids.aids/Chain_6/uf_Q_0_2      n/a   
  subgraph_gcare_aids.aids/Chain_6/uf_Q_2_2      n/a   
  subgraph_gcare_aids.aids/Chain_6/uf_Q_4_4      n/a   
  subgraph_gcare_aids.aids/Chain_6/uf_Q_4_5      n/a   
  subgraph_gcare_aids.aids/Chain_6/uf_Q_0_1      n/a   
  subgraph_gcare_aids.aids/Chain_6/uf_Q_2_3      n/a   
  subgraph_gcare_aids.aids/Chain_6/uf_Q_2_7      n/a   
  subgraph_gcare_aids.aids/Chain_6/uf_Q_0_5      n/a   
  subgraph_gcare_aids.aids/Chain_6/uf_Q_4_1      n/a   
  subgraph_gcare_aids.aids/Chain_6/uf_Q_0_4      n/a   
  subgraph_gcare_aids.aids/Chain_6/uf_Q_2_6      n/a   
  subgraph_gcare_aids.aids/Chain_6/uf_Q_2_4      n/a   
  subgraph_gcare_aids.aids/Chain_6/uf_Q_5_19     n/a   
  subgraph_gcare_aids.aids/Chain_6/uf_Q_2_10     n/a   
  subgraph_gcare_aids.aids/Chain_6/uf_Q_4_2      n/a   
  subgraph_gcare_aids.aids/Chain_6/uf_Q_4_3      n/a   
  subgraph_gcare_aids.aids/Chain_6/uf_Q_5_18     n/a   
  subgraph_gcare_aids.aids/Chain_6/uf_Q_2_11     n/a   
  subgraph_gcare_aids.aids/Chain_6/uf_Q_2_5      n/a   
  subgraph_gcare_aids.aids/Chain_6/uf_Q_5_4      n/a   
  subgraph_gcare_aids.aids/Chain_6/uf_Q_4_17     n/a   
  subgraph_gcare_aids.aids/Chain_6/uf_Q_3_2      n/a   
  subgraph_gcare_aids.aids/Chain_6/uf_Q_3_3      n/a   
  subgraph_gcare_aids.aids/Chain_6/uf_Q_1_1      n/a   
  subgraph_gcare_aids.aids/Chain_6/uf_Q_4_16     n/a   
  subgraph_gcare_aids.aids/Chain_6/uf_Q_5_5      n/a   
  subgraph_gcare_aids.aids/Chain_6/uf_Q_5_7      n/a   
  subgraph_gcare_aids.aids/Chain_6/uf_Q_4_14     n/a   
  subgraph_gcare_aids.aids/Chain_6/uf_Q_1_3      n/a   
  subgraph_gcare_aids.aids/Chain_6/uf_Q_3_1      n/a   
  subgraph_gcare_aids.aids/Chain_6/uf_Q_1_2      n/a   
  subgraph_gcare_aids.aids/Chain_6/uf_Q_4_15     n/a   
  subgraph_gcare_aids.aids/Chain_6/uf_Q_5_6      n/a   
  subgraph_gcare_aids.aids/Chain_6/uf_Q_5_2      n/a   
  subgraph_gcare_aids.aids/Chain_6/uf_Q_4_11     n/a   
  subgraph_gcare_aids.aids/Chain_6/uf_Q_3_4      n/a   
  subgraph_gcare_aids.aids/Chain_6/uf_Q_3_5      n/a   
  subgraph_gcare_aids.aids/Chain_6/uf_Q_4_10     n/a   
  subgraph_gcare_aids.aids/Chain_6/uf_Q_5_3      n/a   
  subgraph_gcare_aids.aids/Chain_6/uf_Q_5_1      n/a   
  subgraph_gcare_aids.aids/Chain_6/uf_Q_4_12     n/a   
  subgraph_gcare_aids.aids/Chain_6/uf_Q_3_7      n/a   
  subgraph_gcare_aids.aids/Chain_6/uf_Q_3_6      n/a   
  subgraph_gcare_aids.aids/Chain_6/uf_Q_1_4      n/a   
  subgraph_gcare_aids.aids/Chain_6/uf_Q_4_13     n/a   
  subgraph_gcare_aids.aids/Chain_6/uf_Q_3_8      n/a   
  subgraph_gcare_aids.aids/Chain_6/uf_Q_3_9      n/a   
  subgraph_gcare_aids.aids/Chain_6/uf_Q_3_10     n/a   
  subgraph_gcare_aids.aids/Chain_6/uf_Q_5_8      n/a   
  subgraph_gcare_aids.aids/Chain_6/uf_Q_5_9      n/a   
  subgraph_gcare_aids.aids/Chain_6/uf_Q_2_8      n/a   
  subgraph_gcare_aids.aids/Chain_6/uf_Q_5_15     n/a   
  subgraph_gcare_aids.aids/Chain_6/uf_Q_5_14     n/a   
  subgraph_gcare_aids.aids/Chain_6/uf_Q_2_9      n/a   
  subgraph_gcare_aids.aids/Chain_6/uf_Q_5_16     n/a   
  subgraph_gcare_aids.aids/Chain_6/uf_Q_5_17     n/a   
  subgraph_gcare_aids.aids/Chain_6/uf_Q_4_8      n/a   
  subgraph_gcare_aids.aids/Chain_6/uf_Q_5_13     n/a   
  subgraph_gcare_aids.aids/Chain_6/uf_Q_5_12     n/a   
  subgraph_gcare_aids.aids/Chain_6/uf_Q_4_9      n/a   
  subgraph_gcare_aids.aids/Chain_6/uf_Q_5_10     n/a   
  subgraph_gcare_aids.aids/Chain_6/uf_Q_5_11     n/a   
  subgraph_gcare_aids.aids/Star_12/uf_Q_4_1      n/a   
  subgraph_gcare_aids.aids/Star_12/uf_Q_4_2      n/a   
  subgraph_gcare_aids.aids/Chain_9/uf_Q_2_1      n/a   
  subgraph_gcare_aids.aids/Chain_9/uf_Q_4_7      n/a   
  subgraph_gcare_aids.aids/Chain_9/uf_Q_4_6      n/a   
  subgraph_gcare_aids.aids/Chain_9/uf_Q_2_2      n/a   
  subgraph_gcare_aids.aids/Chain_9/uf_Q_4_4      n/a   
  subgraph_gcare_aids.aids/Chain_9/uf_Q_4_5      n/a   
  subgraph_gcare_aids.aids/Chain_9/uf_Q_4_1      n/a   
  subgraph_gcare_aids.aids/Chain_9/uf_Q_5_19     n/a   
  subgraph_gcare_aids.aids/Chain_9/uf_Q_4_2      n/a   
  subgraph_gcare_aids.aids/Chain_9/uf_Q_4_3      n/a   
  subgraph_gcare_aids.aids/Chain_9/uf_Q_5_18     n/a   
  subgraph_gcare_aids.aids/Chain_9/uf_Q_5_4      n/a   
  subgraph_gcare_aids.aids/Chain_9/uf_Q_3_2      n/a   
  subgraph_gcare_aids.aids/Chain_9/uf_Q_3_3      n/a   
  subgraph_gcare_aids.aids/Chain_9/uf_Q_5_5      n/a   
  subgraph_gcare_aids.aids/Chain_9/uf_Q_5_7      n/a   
  subgraph_gcare_aids.aids/Chain_9/uf_Q_4_14     n/a   
  subgraph_gcare_aids.aids/Chain_9/uf_Q_3_1      n/a   
  subgraph_gcare_aids.aids/Chain_9/uf_Q_5_6      n/a   
  subgraph_gcare_aids.aids/Chain_9/uf_Q_5_2      n/a   
  subgraph_gcare_aids.aids/Chain_9/uf_Q_4_11     n/a   
  subgraph_gcare_aids.aids/Chain_9/uf_Q_3_4      n/a   
  subgraph_gcare_aids.aids/Chain_9/uf_Q_3_5      n/a   
  subgraph_gcare_aids.aids/Chain_9/uf_Q_4_10     n/a   
  subgraph_gcare_aids.aids/Chain_9/uf_Q_5_3      n/a   
  subgraph_gcare_aids.aids/Chain_9/uf_Q_5_1      n/a   
  subgraph_gcare_aids.aids/Chain_9/uf_Q_4_12     n/a   
  subgraph_gcare_aids.aids/Chain_9/uf_Q_3_7      n/a   
  subgraph_gcare_aids.aids/Chain_9/uf_Q_3_6      n/a   
  subgraph_gcare_aids.aids/Chain_9/uf_Q_4_13     n/a   
  subgraph_gcare_aids.aids/Chain_9/uf_Q_3_8      n/a   
  subgraph_gcare_aids.aids/Chain_9/uf_Q_3_9      n/a   
  subgraph_gcare_aids.aids/Chain_9/uf_Q_5_8      n/a   
  subgraph_gcare_aids.aids/Chain_9/uf_Q_5_9      n/a   
  subgraph_gcare_aids.aids/Chain_9/uf_Q_5_15     n/a   
  subgraph_gcare_aids.aids/Chain_9/uf_Q_5_14     n/a   
  subgraph_gcare_aids.aids/Chain_9/uf_Q_5_16     n/a   
  subgraph_gcare_aids.aids/Chain_9/uf_Q_5_17     n/a   
  subgraph_gcare_aids.aids/Chain_9/uf_Q_4_8      n/a   
  subgraph_gcare_aids.aids/Chain_9/uf_Q_5_13     n/a   
  subgraph_gcare_aids.aids/Chain_9/uf_Q_5_12     n/a   
  subgraph_gcare_aids.aids/Chain_9/uf_Q_4_9      n/a   
  subgraph_gcare_aids.aids/Chain_9/uf_Q_5_10     n/a   
  subgraph_gcare_aids.aids/Chain_9/uf_Q_5_11     n/a   
   subgraph_gcare_aids.aids/Tree_6/uf_Q_2_1      n/a   
  subgraph_gcare_aids.aids/Tree_6/uf_Q_5_20      n/a   
   subgraph_gcare_aids.aids/Tree_6/uf_Q_2_2      n/a   
   subgraph_gcare_aids.aids/Tree_6/uf_Q_4_4      n/a   
   subgraph_gcare_aids.aids/Tree_6/uf_Q_4_5      n/a   
   subgraph_gcare_aids.aids/Tree_6/uf_Q_2_3      n/a   
   subgraph_gcare_aids.aids/Tree_6/uf_Q_4_1      n/a   
   subgraph_gcare_aids.aids/Tree_6/uf_Q_2_6      n/a   
   subgraph_gcare_aids.aids/Tree_6/uf_Q_2_4      n/a   
  subgraph_gcare_aids.aids/Tree_6/uf_Q_5_19      n/a   
   subgraph_gcare_aids.aids/Tree_6/uf_Q_4_2      n/a   
   subgraph_gcare_aids.aids/Tree_6/uf_Q_4_3      n/a   
  subgraph_gcare_aids.aids/Tree_6/uf_Q_5_18      n/a   
   subgraph_gcare_aids.aids/Tree_6/uf_Q_2_5      n/a   
   subgraph_gcare_aids.aids/Tree_6/uf_Q_5_4      n/a   
   subgraph_gcare_aids.aids/Tree_6/uf_Q_3_2      n/a   
   subgraph_gcare_aids.aids/Tree_6/uf_Q_3_3      n/a   
   subgraph_gcare_aids.aids/Tree_6/uf_Q_1_1      n/a   
   subgraph_gcare_aids.aids/Tree_6/uf_Q_5_5      n/a   
   subgraph_gcare_aids.aids/Tree_6/uf_Q_5_7      n/a   
   subgraph_gcare_aids.aids/Tree_6/uf_Q_1_3      n/a   
   subgraph_gcare_aids.aids/Tree_6/uf_Q_3_1      n/a   
   subgraph_gcare_aids.aids/Tree_6/uf_Q_1_2      n/a   
   subgraph_gcare_aids.aids/Tree_6/uf_Q_5_6      n/a   
   subgraph_gcare_aids.aids/Tree_6/uf_Q_5_2      n/a   
   subgraph_gcare_aids.aids/Tree_6/uf_Q_3_4      n/a   
   subgraph_gcare_aids.aids/Tree_6/uf_Q_3_5      n/a   
   subgraph_gcare_aids.aids/Tree_6/uf_Q_5_3      n/a   
   subgraph_gcare_aids.aids/Tree_6/uf_Q_5_1      n/a   
   subgraph_gcare_aids.aids/Tree_6/uf_Q_3_7      n/a   
   subgraph_gcare_aids.aids/Tree_6/uf_Q_3_6      n/a   
   subgraph_gcare_aids.aids/Tree_6/uf_Q_1_4      n/a   
  subgraph_gcare_aids.aids/Tree_6/uf_Q_3_14      n/a   
   subgraph_gcare_aids.aids/Tree_6/uf_Q_3_8      n/a   
   subgraph_gcare_aids.aids/Tree_6/uf_Q_3_9      n/a   
  subgraph_gcare_aids.aids/Tree_6/uf_Q_3_11      n/a   
  subgraph_gcare_aids.aids/Tree_6/uf_Q_3_10      n/a   
   subgraph_gcare_aids.aids/Tree_6/uf_Q_5_8      n/a   
  subgraph_gcare_aids.aids/Tree_6/uf_Q_3_12      n/a   
  subgraph_gcare_aids.aids/Tree_6/uf_Q_3_13      n/a   
   subgraph_gcare_aids.aids/Tree_6/uf_Q_5_9      n/a   
  subgraph_gcare_aids.aids/Tree_6/uf_Q_5_15      n/a   
  subgraph_gcare_aids.aids/Tree_6/uf_Q_5_14      n/a   
  subgraph_gcare_aids.aids/Tree_6/uf_Q_5_16      n/a   
  subgraph_gcare_aids.aids/Tree_6/uf_Q_5_17      n/a   
  subgraph_gcare_aids.aids/Tree_6/uf_Q_5_13      n/a   
  subgraph_gcare_aids.aids/Tree_6/uf_Q_5_12      n/a   
  subgraph_gcare_aids.aids/Tree_6/uf_Q_5_10      n/a   
  subgraph_gcare_aids.aids/Tree_6/uf_Q_5_11      n/a   
  subgraph_gcare_aids.aids/Cycle_6/uf_Q_2_1      n/a   
  subgraph_gcare_aids.aids/Cycle_6/uf_Q_2_2      n/a   
  subgraph_gcare_aids.aids/Cycle_6/uf_Q_2_4      n/a   
  subgraph_gcare_aids.aids/Cycle_6/uf_Q_3_2      n/a   
  subgraph_gcare_aids.aids/Cycle_6/uf_Q_3_3      n/a   
  subgraph_gcare_aids.aids/Cycle_6/uf_Q_1_1      n/a   
  subgraph_gcare_aids.aids/Cycle_6/uf_Q_1_3      n/a   
  subgraph_gcare_aids.aids/Cycle_6/uf_Q_3_1      n/a   
  subgraph_gcare_aids.aids/Cycle_6/uf_Q_1_2      n/a   
  subgraph_gcare_aids.aids/Cycle_6/uf_Q_1_4      n/a   
  subgraph_gcare_aids.aids/Flower_6/uf_Q_2_1     n/a   
  subgraph_gcare_aids.aids/Flower_6/uf_Q_4_6     n/a   
  subgraph_gcare_aids.aids/Flower_6/uf_Q_0_2     n/a   
  subgraph_gcare_aids.aids/Flower_6/uf_Q_2_2     n/a   
  subgraph_gcare_aids.aids/Flower_6/uf_Q_4_4     n/a   
  subgraph_gcare_aids.aids/Flower_6/uf_Q_4_5     n/a   
  subgraph_gcare_aids.aids/Flower_6/uf_Q_0_1     n/a   
  subgraph_gcare_aids.aids/Flower_6/uf_Q_2_3     n/a   
  subgraph_gcare_aids.aids/Flower_6/uf_Q_2_7     n/a   
  subgraph_gcare_aids.aids/Flower_6/uf_Q_4_1     n/a   
  subgraph_gcare_aids.aids/Flower_6/uf_Q_2_6     n/a   
  subgraph_gcare_aids.aids/Flower_6/uf_Q_2_4     n/a   
  subgraph_gcare_aids.aids/Flower_6/uf_Q_4_2     n/a   
  subgraph_gcare_aids.aids/Flower_6/uf_Q_4_3     n/a   
  subgraph_gcare_aids.aids/Flower_6/uf_Q_2_5     n/a   
  subgraph_gcare_aids.aids/Flower_6/uf_Q_5_4     n/a   
  subgraph_gcare_aids.aids/Flower_6/uf_Q_3_2     n/a   
  subgraph_gcare_aids.aids/Flower_6/uf_Q_3_3     n/a   
  subgraph_gcare_aids.aids/Flower_6/uf_Q_5_5     n/a   
  subgraph_gcare_aids.aids/Flower_6/uf_Q_1_3     n/a   
  subgraph_gcare_aids.aids/Flower_6/uf_Q_3_1     n/a   
  subgraph_gcare_aids.aids/Flower_6/uf_Q_5_2     n/a   
  subgraph_gcare_aids.aids/Flower_6/uf_Q_1_6     n/a   
  subgraph_gcare_aids.aids/Flower_6/uf_Q_3_4     n/a   
  subgraph_gcare_aids.aids/Flower_6/uf_Q_3_5     n/a   
  subgraph_gcare_aids.aids/Flower_6/uf_Q_1_7     n/a   
  subgraph_gcare_aids.aids/Flower_6/uf_Q_5_3     n/a   
  subgraph_gcare_aids.aids/Flower_6/uf_Q_5_1     n/a   
  subgraph_gcare_aids.aids/Flower_6/uf_Q_3_7     n/a   
  subgraph_gcare_aids.aids/Flower_6/uf_Q_3_6     n/a   
  subgraph_gcare_aids.aids/Flower_6/uf_Q_1_4     n/a   
 subgraph_gcare_aids.aids/Flower_6/uf_Q_3_16     n/a   
 subgraph_gcare_aids.aids/Flower_6/uf_Q_3_14     n/a   
  subgraph_gcare_aids.aids/Flower_6/uf_Q_3_8     n/a   
  subgraph_gcare_aids.aids/Flower_6/uf_Q_3_9     n/a   
 subgraph_gcare_aids.aids/Flower_6/uf_Q_3_15     n/a   
 subgraph_gcare_aids.aids/Flower_6/uf_Q_3_11     n/a   
 subgraph_gcare_aids.aids/Flower_6/uf_Q_3_10     n/a   
 subgraph_gcare_aids.aids/Flower_6/uf_Q_3_12     n/a   
 subgraph_gcare_aids.aids/Flower_6/uf_Q_3_13     n/a   
  subgraph_gcare_aids.aids/Graph_9/uf_Q_0_2      n/a   
  subgraph_gcare_aids.aids/Graph_9/uf_Q_0_1      n/a   
  subgraph_gcare_aids.aids/Graph_9/uf_Q_1_3      n/a   
  subgraph_gcare_aids.aids/Tree_12/uf_Q_4_7      n/a   
  subgraph_gcare_aids.aids/Tree_12/uf_Q_4_6      n/a   
  subgraph_gcare_aids.aids/Tree_12/uf_Q_4_4      n/a   
  subgraph_gcare_aids.aids/Tree_12/uf_Q_4_5      n/a   
  subgraph_gcare_aids.aids/Tree_12/uf_Q_0_1      n/a   
  subgraph_gcare_aids.aids/Tree_12/uf_Q_4_1      n/a   
  subgraph_gcare_aids.aids/Tree_12/uf_Q_4_2      n/a   
  subgraph_gcare_aids.aids/Tree_12/uf_Q_4_3      n/a   
  subgraph_gcare_aids.aids/Tree_12/uf_Q_5_4      n/a   
  subgraph_gcare_aids.aids/Tree_12/uf_Q_3_2      n/a   
  subgraph_gcare_aids.aids/Tree_12/uf_Q_5_5      n/a   
  subgraph_gcare_aids.aids/Tree_12/uf_Q_5_7      n/a   
  subgraph_gcare_aids.aids/Tree_12/uf_Q_4_14     n/a   
  subgraph_gcare_aids.aids/Tree_12/uf_Q_3_1      n/a   
  subgraph_gcare_aids.aids/Tree_12/uf_Q_5_6      n/a   
  subgraph_gcare_aids.aids/Tree_12/uf_Q_5_2      n/a   
  subgraph_gcare_aids.aids/Tree_12/uf_Q_4_11     n/a   
  subgraph_gcare_aids.aids/Tree_12/uf_Q_4_10     n/a   
  subgraph_gcare_aids.aids/Tree_12/uf_Q_5_3      n/a   
  subgraph_gcare_aids.aids/Tree_12/uf_Q_5_1      n/a   
  subgraph_gcare_aids.aids/Tree_12/uf_Q_4_12     n/a   
  subgraph_gcare_aids.aids/Tree_12/uf_Q_4_13     n/a   
  subgraph_gcare_aids.aids/Tree_12/uf_Q_3_11     n/a   
  subgraph_gcare_aids.aids/Tree_12/uf_Q_5_8      n/a   
  subgraph_gcare_aids.aids/Tree_12/uf_Q_5_9      n/a   
  subgraph_gcare_aids.aids/Tree_12/uf_Q_5_14     n/a   
  subgraph_gcare_aids.aids/Tree_12/uf_Q_4_8      n/a   
  subgraph_gcare_aids.aids/Tree_12/uf_Q_5_13     n/a   
  subgraph_gcare_aids.aids/Tree_12/uf_Q_5_12     n/a   
  subgraph_gcare_aids.aids/Tree_12/uf_Q_4_9      n/a   
  subgraph_gcare_aids.aids/Tree_12/uf_Q_5_10     n/a   
  subgraph_gcare_aids.aids/Tree_12/uf_Q_5_11     n/a   
   subgraph_gcare_aids.aids/Tree_9/uf_Q_2_1      n/a   
   subgraph_gcare_aids.aids/Tree_9/uf_Q_4_7      n/a   
   subgraph_gcare_aids.aids/Tree_9/uf_Q_4_6      n/a   
   subgraph_gcare_aids.aids/Tree_9/uf_Q_4_4      n/a   
   subgraph_gcare_aids.aids/Tree_9/uf_Q_4_5      n/a   
   subgraph_gcare_aids.aids/Tree_9/uf_Q_0_1      n/a   
   subgraph_gcare_aids.aids/Tree_9/uf_Q_4_1      n/a   
   subgraph_gcare_aids.aids/Tree_9/uf_Q_4_2      n/a   
   subgraph_gcare_aids.aids/Tree_9/uf_Q_4_3      n/a   
   subgraph_gcare_aids.aids/Tree_9/uf_Q_5_4      n/a   
   subgraph_gcare_aids.aids/Tree_9/uf_Q_3_2      n/a   
   subgraph_gcare_aids.aids/Tree_9/uf_Q_3_3      n/a   
   subgraph_gcare_aids.aids/Tree_9/uf_Q_5_5      n/a   
   subgraph_gcare_aids.aids/Tree_9/uf_Q_5_7      n/a   
  subgraph_gcare_aids.aids/Tree_9/uf_Q_4_14      n/a   
   subgraph_gcare_aids.aids/Tree_9/uf_Q_3_1      n/a   
  subgraph_gcare_aids.aids/Tree_9/uf_Q_4_15      n/a   
   subgraph_gcare_aids.aids/Tree_9/uf_Q_5_6      n/a   
   subgraph_gcare_aids.aids/Tree_9/uf_Q_5_2      n/a   
  subgraph_gcare_aids.aids/Tree_9/uf_Q_4_11      n/a   
   subgraph_gcare_aids.aids/Tree_9/uf_Q_3_4      n/a   
   subgraph_gcare_aids.aids/Tree_9/uf_Q_3_5      n/a   
  subgraph_gcare_aids.aids/Tree_9/uf_Q_4_10      n/a   
   subgraph_gcare_aids.aids/Tree_9/uf_Q_5_3      n/a   
   subgraph_gcare_aids.aids/Tree_9/uf_Q_5_1      n/a   
  subgraph_gcare_aids.aids/Tree_9/uf_Q_4_12      n/a   
   subgraph_gcare_aids.aids/Tree_9/uf_Q_3_7      n/a   
   subgraph_gcare_aids.aids/Tree_9/uf_Q_3_6      n/a   
  subgraph_gcare_aids.aids/Tree_9/uf_Q_4_13      n/a   
   subgraph_gcare_aids.aids/Tree_9/uf_Q_3_8      n/a   
   subgraph_gcare_aids.aids/Tree_9/uf_Q_3_9      n/a   
  subgraph_gcare_aids.aids/Tree_9/uf_Q_3_10      n/a   
   subgraph_gcare_aids.aids/Tree_9/uf_Q_5_8      n/a   
   subgraph_gcare_aids.aids/Tree_9/uf_Q_5_9      n/a   
   subgraph_gcare_aids.aids/Tree_9/uf_Q_4_8      n/a   
   subgraph_gcare_aids.aids/Tree_9/uf_Q_4_9      n/a   
  subgraph_gcare_aids.aids/Tree_9/uf_Q_5_10      n/a   
  subgraph_gcare_aids.aids/Tree_9/uf_Q_5_11      n/a   
  subgraph_gcare_aids.aids/Flower_9/uf_Q_2_1     n/a   
  subgraph_gcare_aids.aids/Flower_9/uf_Q_4_7     n/a   
  subgraph_gcare_aids.aids/Flower_9/uf_Q_4_6     n/a   
  subgraph_gcare_aids.aids/Flower_9/uf_Q_2_2     n/a   
  subgraph_gcare_aids.aids/Flower_9/uf_Q_4_4     n/a   
  subgraph_gcare_aids.aids/Flower_9/uf_Q_4_5     n/a   
  subgraph_gcare_aids.aids/Flower_9/uf_Q_4_1     n/a   
  subgraph_gcare_aids.aids/Flower_9/uf_Q_2_4     n/a   
  subgraph_gcare_aids.aids/Flower_9/uf_Q_4_2     n/a   
  subgraph_gcare_aids.aids/Flower_9/uf_Q_4_3     n/a   
  subgraph_gcare_aids.aids/Flower_9/uf_Q_5_4     n/a   
  subgraph_gcare_aids.aids/Flower_9/uf_Q_3_2     n/a   
  subgraph_gcare_aids.aids/Flower_9/uf_Q_3_3     n/a   
  subgraph_gcare_aids.aids/Flower_9/uf_Q_5_5     n/a   
  subgraph_gcare_aids.aids/Flower_9/uf_Q_5_7     n/a   
  subgraph_gcare_aids.aids/Flower_9/uf_Q_3_1     n/a   
  subgraph_gcare_aids.aids/Flower_9/uf_Q_1_2     n/a   
  subgraph_gcare_aids.aids/Flower_9/uf_Q_5_6     n/a   
  subgraph_gcare_aids.aids/Flower_9/uf_Q_5_2     n/a   
 subgraph_gcare_aids.aids/Flower_9/uf_Q_4_11     n/a   
  subgraph_gcare_aids.aids/Flower_9/uf_Q_3_4     n/a   
  subgraph_gcare_aids.aids/Flower_9/uf_Q_3_5     n/a   
 subgraph_gcare_aids.aids/Flower_9/uf_Q_4_10     n/a   
  subgraph_gcare_aids.aids/Flower_9/uf_Q_5_3     n/a   
  subgraph_gcare_aids.aids/Flower_9/uf_Q_5_1     n/a   
 subgraph_gcare_aids.aids/Flower_9/uf_Q_4_12     n/a   
  subgraph_gcare_aids.aids/Flower_9/uf_Q_3_7     n/a   
  subgraph_gcare_aids.aids/Flower_9/uf_Q_3_6     n/a   
  subgraph_gcare_aids.aids/Flower_9/uf_Q_3_8     n/a   
  subgraph_gcare_aids.aids/Flower_9/uf_Q_3_9     n/a   
 subgraph_gcare_aids.aids/Flower_9/uf_Q_3_10     n/a   
  subgraph_gcare_aids.aids/Flower_9/uf_Q_5_8     n/a   
  subgraph_gcare_aids.aids/Flower_9/uf_Q_5_9     n/a   
  subgraph_gcare_aids.aids/Flower_9/uf_Q_4_8     n/a   
  subgraph_gcare_aids.aids/Flower_9/uf_Q_4_9     n/a   
 subgraph_gcare_aids.aids/Flower_9/uf_Q_5_10     n/a   
 subgraph_gcare_aids.aids/Flower_9/uf_Q_5_11     n/a   
  subgraph_gcare_aids.aids/Graph_6/uf_Q_4_4      n/a   
  subgraph_gcare_aids.aids/Graph_6/uf_Q_0_1      n/a   
  subgraph_gcare_aids.aids/Graph_6/uf_Q_4_1      n/a   
  subgraph_gcare_aids.aids/Graph_6/uf_Q_4_2      n/a   
  subgraph_gcare_aids.aids/Graph_6/uf_Q_4_3      n/a   
  subgraph_gcare_aids.aids/Graph_6/uf_Q_5_4      n/a   
  subgraph_gcare_aids.aids/Graph_6/uf_Q_3_2      n/a   
  subgraph_gcare_aids.aids/Graph_6/uf_Q_3_1      n/a   
  subgraph_gcare_aids.aids/Graph_6/uf_Q_1_7      n/a   
  subgraph_gcare_aids.aids/Graph_6/uf_Q_5_3      n/a   
  subgraph_gcare_aids.aids/Graph_6/uf_Q_5_1      n/a   
  subgraph_gcare_aids.aids/Graph_6/uf_Q_3_8      n/a   
  subgraph_gcare_aids.aids/Graph_6/uf_Q_4_18     n/a   
  subgraph_gcare_aids.aids/Graph_6/uf_Q_5_14     n/a   
  subgraph_gcare_aids.aids/Graph_6/uf_Q_5_10     n/a   
   subgraph_gcare_aids.aids/Star_3/uf_Q_2_1      n/a   
   subgraph_gcare_aids.aids/Star_3/uf_Q_4_7      n/a   
   subgraph_gcare_aids.aids/Star_3/uf_Q_4_6      n/a   
   subgraph_gcare_aids.aids/Star_3/uf_Q_2_2      n/a   
   subgraph_gcare_aids.aids/Star_3/uf_Q_4_4      n/a   
   subgraph_gcare_aids.aids/Star_3/uf_Q_4_5      n/a   
   subgraph_gcare_aids.aids/Star_3/uf_Q_0_1      n/a   
   subgraph_gcare_aids.aids/Star_3/uf_Q_2_3    4.47±0s 
   subgraph_gcare_aids.aids/Star_3/uf_Q_2_7      n/a   
   subgraph_gcare_aids.aids/Star_3/uf_Q_4_1      n/a   
  subgraph_gcare_aids.aids/Star_3/uf_Q_2_12      n/a   
   subgraph_gcare_aids.aids/Star_3/uf_Q_2_6      n/a   
   subgraph_gcare_aids.aids/Star_3/uf_Q_2_4    6.22±0s 
  subgraph_gcare_aids.aids/Star_3/uf_Q_2_10      n/a   
   subgraph_gcare_aids.aids/Star_3/uf_Q_4_2      n/a   
   subgraph_gcare_aids.aids/Star_3/uf_Q_4_3      n/a   
  subgraph_gcare_aids.aids/Star_3/uf_Q_2_11      n/a   
   subgraph_gcare_aids.aids/Star_3/uf_Q_2_5      n/a   
  subgraph_gcare_aids.aids/Star_3/uf_Q_4_17      n/a   
   subgraph_gcare_aids.aids/Star_3/uf_Q_3_2    4.60±0s 
   subgraph_gcare_aids.aids/Star_3/uf_Q_3_3      n/a   
   subgraph_gcare_aids.aids/Star_3/uf_Q_1_1      n/a   
  subgraph_gcare_aids.aids/Star_3/uf_Q_4_16      n/a   
  subgraph_gcare_aids.aids/Star_3/uf_Q_4_14      n/a   
   subgraph_gcare_aids.aids/Star_3/uf_Q_1_3      n/a   
   subgraph_gcare_aids.aids/Star_3/uf_Q_3_1    4.54±0s 
   subgraph_gcare_aids.aids/Star_3/uf_Q_1_2      n/a   
  subgraph_gcare_aids.aids/Star_3/uf_Q_4_15      n/a   
  subgraph_gcare_aids.aids/Star_3/uf_Q_4_11      n/a   
   subgraph_gcare_aids.aids/Star_3/uf_Q_1_6      n/a   
   subgraph_gcare_aids.aids/Star_3/uf_Q_3_4      n/a   
   subgraph_gcare_aids.aids/Star_3/uf_Q_3_5    4.64±0s 
   subgraph_gcare_aids.aids/Star_3/uf_Q_1_7      n/a   
  subgraph_gcare_aids.aids/Star_3/uf_Q_4_10      n/a   
  subgraph_gcare_aids.aids/Star_3/uf_Q_4_12      n/a   
   subgraph_gcare_aids.aids/Star_3/uf_Q_1_5      n/a   
   subgraph_gcare_aids.aids/Star_3/uf_Q_3_7      n/a   
   subgraph_gcare_aids.aids/Star_3/uf_Q_3_6    4.58±0s 
   subgraph_gcare_aids.aids/Star_3/uf_Q_1_4      n/a   
  subgraph_gcare_aids.aids/Star_3/uf_Q_4_13      n/a   
  subgraph_gcare_aids.aids/Star_3/uf_Q_3_17      n/a   
   subgraph_gcare_aids.aids/Star_3/uf_Q_1_9      n/a   
   subgraph_gcare_aids.aids/Star_3/uf_Q_1_8    4.57±0s 
  subgraph_gcare_aids.aids/Star_3/uf_Q_3_16      n/a   
  subgraph_gcare_aids.aids/Star_3/uf_Q_3_14      n/a   
   subgraph_gcare_aids.aids/Star_3/uf_Q_3_8      n/a   
   subgraph_gcare_aids.aids/Star_3/uf_Q_3_9    4.60±0s 
  subgraph_gcare_aids.aids/Star_3/uf_Q_4_20      n/a   
  subgraph_gcare_aids.aids/Star_3/uf_Q_3_15      n/a   
  subgraph_gcare_aids.aids/Star_3/uf_Q_4_18      n/a   
  subgraph_gcare_aids.aids/Star_3/uf_Q_3_11      n/a   
  subgraph_gcare_aids.aids/Star_3/uf_Q_4_19      n/a   
  subgraph_gcare_aids.aids/Star_3/uf_Q_3_10      n/a   
  subgraph_gcare_aids.aids/Star_3/uf_Q_3_12      n/a   
  subgraph_gcare_aids.aids/Star_3/uf_Q_3_13    4.68±0s 
   subgraph_gcare_aids.aids/Star_3/uf_Q_2_8      n/a   
   subgraph_gcare_aids.aids/Star_3/uf_Q_2_9      n/a   
   subgraph_gcare_aids.aids/Star_3/uf_Q_4_8      n/a   
   subgraph_gcare_aids.aids/Star_3/uf_Q_4_9      n/a   
  subgraph_gcare_aids.aids/Petal_12/uf_Q_2_1     n/a   
  subgraph_gcare_aids.aids/Petal_12/uf_Q_4_1     n/a   
 subgraph_gcare_aids.aids/Petal_12/uf_Q_5_19     n/a   
  subgraph_gcare_aids.aids/Petal_12/uf_Q_4_2     n/a   
  subgraph_gcare_aids.aids/Petal_12/uf_Q_4_3     n/a   
  subgraph_gcare_aids.aids/Petal_12/uf_Q_5_4     n/a   
  subgraph_gcare_aids.aids/Petal_12/uf_Q_5_5     n/a   
  subgraph_gcare_aids.aids/Petal_12/uf_Q_3_1     n/a   
  subgraph_gcare_aids.aids/Petal_12/uf_Q_5_2     n/a   
  subgraph_gcare_aids.aids/Petal_12/uf_Q_5_3     n/a   
  subgraph_gcare_aids.aids/Petal_12/uf_Q_5_9     n/a   
 subgraph_gcare_aids.aids/Petal_12/uf_Q_5_14     n/a   
 subgraph_gcare_aids.aids/Petal_12/uf_Q_5_13     n/a   
 subgraph_gcare_aids.aids/Petal_12/uf_Q_5_12     n/a   
 subgraph_gcare_aids.aids/Flower_12/uf_Q_4_7     n/a   
 subgraph_gcare_aids.aids/Flower_12/uf_Q_4_6     n/a   
 subgraph_gcare_aids.aids/Flower_12/uf_Q_4_4     n/a   
 subgraph_gcare_aids.aids/Flower_12/uf_Q_4_5     n/a   
 subgraph_gcare_aids.aids/Flower_12/uf_Q_4_1     n/a   
 subgraph_gcare_aids.aids/Flower_12/uf_Q_4_2     n/a   
 subgraph_gcare_aids.aids/Flower_12/uf_Q_4_3     n/a   
 subgraph_gcare_aids.aids/Flower_12/uf_Q_5_4     n/a   
 subgraph_gcare_aids.aids/Flower_12/uf_Q_5_5     n/a   
 subgraph_gcare_aids.aids/Flower_12/uf_Q_5_7     n/a   
 subgraph_gcare_aids.aids/Flower_12/uf_Q_3_1     n/a   
 subgraph_gcare_aids.aids/Flower_12/uf_Q_5_6     n/a   
 subgraph_gcare_aids.aids/Flower_12/uf_Q_5_2     n/a   
 subgraph_gcare_aids.aids/Flower_12/uf_Q_5_3     n/a   
 subgraph_gcare_aids.aids/Flower_12/uf_Q_5_1     n/a   
 subgraph_gcare_aids.aids/Flower_12/uf_Q_5_8     n/a   
 subgraph_gcare_aids.aids/Flower_12/uf_Q_5_9     n/a   
  subgraph_gcare_aids.aids/Chain_3/uf_Q_2_1      n/a   
  subgraph_gcare_aids.aids/Chain_3/uf_Q_4_7      n/a   
  subgraph_gcare_aids.aids/Chain_3/uf_Q_2_15   9.03±0s 
  subgraph_gcare_aids.aids/Chain_3/uf_Q_2_14     n/a   
  subgraph_gcare_aids.aids/Chain_3/uf_Q_4_6      n/a   
  subgraph_gcare_aids.aids/Chain_3/uf_Q_0_2      n/a   
  subgraph_gcare_aids.aids/Chain_3/uf_Q_2_2      n/a   
  subgraph_gcare_aids.aids/Chain_3/uf_Q_4_4      n/a   
  subgraph_gcare_aids.aids/Chain_3/uf_Q_4_5      n/a   
  subgraph_gcare_aids.aids/Chain_3/uf_Q_2_3      n/a   
  subgraph_gcare_aids.aids/Chain_3/uf_Q_2_7      n/a   
  subgraph_gcare_aids.aids/Chain_3/uf_Q_2_13     n/a   
  subgraph_gcare_aids.aids/Chain_3/uf_Q_4_1      n/a   
  subgraph_gcare_aids.aids/Chain_3/uf_Q_2_12     n/a   
  subgraph_gcare_aids.aids/Chain_3/uf_Q_2_6      n/a   
  subgraph_gcare_aids.aids/Chain_3/uf_Q_2_4      n/a   
  subgraph_gcare_aids.aids/Chain_3/uf_Q_2_10   5.45±0s 
  subgraph_gcare_aids.aids/Chain_3/uf_Q_4_2      n/a   
  subgraph_gcare_aids.aids/Chain_3/uf_Q_4_3      n/a   
  subgraph_gcare_aids.aids/Chain_3/uf_Q_2_11     n/a   
  subgraph_gcare_aids.aids/Chain_3/uf_Q_2_5      n/a   
  subgraph_gcare_aids.aids/Chain_3/uf_Q_4_17     n/a   
  subgraph_gcare_aids.aids/Chain_3/uf_Q_3_2      n/a   
  subgraph_gcare_aids.aids/Chain_3/uf_Q_3_3      n/a   
  subgraph_gcare_aids.aids/Chain_3/uf_Q_1_1      n/a   
  subgraph_gcare_aids.aids/Chain_3/uf_Q_4_16     n/a   
  subgraph_gcare_aids.aids/Chain_3/uf_Q_4_14     n/a   
  subgraph_gcare_aids.aids/Chain_3/uf_Q_1_3      n/a   
  subgraph_gcare_aids.aids/Chain_3/uf_Q_3_1      n/a   
  subgraph_gcare_aids.aids/Chain_3/uf_Q_1_2      n/a   
  subgraph_gcare_aids.aids/Chain_3/uf_Q_4_15     n/a   
  subgraph_gcare_aids.aids/Chain_3/uf_Q_5_2      n/a   
  subgraph_gcare_aids.aids/Chain_3/uf_Q_4_11     n/a   
  subgraph_gcare_aids.aids/Chain_3/uf_Q_3_4      n/a   
  subgraph_gcare_aids.aids/Chain_3/uf_Q_3_5    6.20±0s 
  subgraph_gcare_aids.aids/Chain_3/uf_Q_4_10     n/a   
  subgraph_gcare_aids.aids/Chain_3/uf_Q_5_3      n/a   
  subgraph_gcare_aids.aids/Chain_3/uf_Q_5_1      n/a   
  subgraph_gcare_aids.aids/Chain_3/uf_Q_4_12     n/a   
  subgraph_gcare_aids.aids/Chain_3/uf_Q_1_5      n/a   
  subgraph_gcare_aids.aids/Chain_3/uf_Q_3_7      n/a   
  subgraph_gcare_aids.aids/Chain_3/uf_Q_3_6      n/a   
  subgraph_gcare_aids.aids/Chain_3/uf_Q_1_4      n/a   
  subgraph_gcare_aids.aids/Chain_3/uf_Q_4_13     n/a   
  subgraph_gcare_aids.aids/Chain_3/uf_Q_3_8    4.63±0s 
  subgraph_gcare_aids.aids/Chain_3/uf_Q_3_9      n/a   
  subgraph_gcare_aids.aids/Chain_3/uf_Q_4_20     n/a   
  subgraph_gcare_aids.aids/Chain_3/uf_Q_4_18     n/a   
  subgraph_gcare_aids.aids/Chain_3/uf_Q_3_11     n/a   
  subgraph_gcare_aids.aids/Chain_3/uf_Q_4_19     n/a   
  subgraph_gcare_aids.aids/Chain_3/uf_Q_3_10     n/a   
  subgraph_gcare_aids.aids/Chain_3/uf_Q_3_12     n/a   
  subgraph_gcare_aids.aids/Chain_3/uf_Q_2_8      n/a   
  subgraph_gcare_aids.aids/Chain_3/uf_Q_2_9    4.65±0s 
  subgraph_gcare_aids.aids/Chain_3/uf_Q_4_8      n/a   
  subgraph_gcare_aids.aids/Chain_3/uf_Q_4_9      n/a   
  subgraph_gcare_aids.aids/Graph_3/uf_Q_2_1      n/a   
  subgraph_gcare_aids.aids/Graph_3/uf_Q_0_3      n/a   
  subgraph_gcare_aids.aids/Graph_3/uf_Q_4_6      n/a   
  subgraph_gcare_aids.aids/Graph_3/uf_Q_0_1      n/a   
  subgraph_gcare_aids.aids/Graph_3/uf_Q_4_1      n/a   
  subgraph_gcare_aids.aids/Graph_3/uf_Q_2_12   4.71±0s 
  subgraph_gcare_aids.aids/Graph_3/uf_Q_2_10     n/a   
  subgraph_gcare_aids.aids/Graph_3/uf_Q_2_11     n/a   
  subgraph_gcare_aids.aids/Graph_3/uf_Q_2_5      n/a   
  subgraph_gcare_aids.aids/Graph_3/uf_Q_4_17     n/a   
  subgraph_gcare_aids.aids/Graph_3/uf_Q_3_2    4.57±0s 
  subgraph_gcare_aids.aids/Graph_3/uf_Q_3_3      n/a   
  subgraph_gcare_aids.aids/Graph_3/uf_Q_1_1      n/a   
  subgraph_gcare_aids.aids/Graph_3/uf_Q_1_3      n/a   
  subgraph_gcare_aids.aids/Graph_3/uf_Q_1_18   4.56±0s 
  subgraph_gcare_aids.aids/Graph_3/uf_Q_3_1      n/a   
  subgraph_gcare_aids.aids/Graph_3/uf_Q_1_19     n/a   
  subgraph_gcare_aids.aids/Graph_3/uf_Q_1_2      n/a   
  subgraph_gcare_aids.aids/Graph_3/uf_Q_4_11   4.61±0s 
  subgraph_gcare_aids.aids/Graph_3/uf_Q_1_6      n/a   
  subgraph_gcare_aids.aids/Graph_3/uf_Q_3_4      n/a   
  subgraph_gcare_aids.aids/Graph_3/uf_Q_3_5      n/a   
  subgraph_gcare_aids.aids/Graph_3/uf_Q_1_7    4.54±0s 
  subgraph_gcare_aids.aids/Graph_3/uf_Q_4_10     n/a   
  subgraph_gcare_aids.aids/Graph_3/uf_Q_5_1      n/a   
  subgraph_gcare_aids.aids/Graph_3/uf_Q_1_5      n/a   
  subgraph_gcare_aids.aids/Graph_3/uf_Q_3_7      n/a   
  subgraph_gcare_aids.aids/Graph_3/uf_Q_1_12     n/a   
  subgraph_gcare_aids.aids/Graph_3/uf_Q_1_9    4.69±0s 
  subgraph_gcare_aids.aids/Graph_3/uf_Q_1_8      n/a   
  subgraph_gcare_aids.aids/Graph_3/uf_Q_1_13     n/a   
  subgraph_gcare_aids.aids/Graph_3/uf_Q_1_11     n/a   
  subgraph_gcare_aids.aids/Graph_3/uf_Q_3_8    4.80±0s 
  subgraph_gcare_aids.aids/Graph_3/uf_Q_3_9      n/a   
  subgraph_gcare_aids.aids/Graph_3/uf_Q_3_11     n/a   
  subgraph_gcare_aids.aids/Graph_3/uf_Q_1_14     n/a   
  subgraph_gcare_aids.aids/Graph_3/uf_Q_3_12   4.69±0s 
  subgraph_gcare_aids.aids/Graph_3/uf_Q_1_17     n/a   
  subgraph_gcare_aids.aids/Graph_3/uf_Q_1_16     n/a   
  subgraph_gcare_aids.aids/Graph_3/uf_Q_3_13     n/a   
  subgraph_gcare_aids.aids/Graph_3/uf_Q_2_8    5.30±0s 
  subgraph_gcare_aids.aids/Graph_3/uf_Q_2_9      n/a   
  subgraph_gcare_aids.aids/Graph_3/uf_Q_4_9      n/a   
  subgraph_gcare_aids.aids/Petal_6/uf_Q_2_1      n/a   
  subgraph_gcare_aids.aids/Petal_6/uf_Q_4_7      n/a   
  subgraph_gcare_aids.aids/Petal_6/uf_Q_4_6      n/a   
  subgraph_gcare_aids.aids/Petal_6/uf_Q_2_2      n/a   
  subgraph_gcare_aids.aids/Petal_6/uf_Q_4_4      n/a   
  subgraph_gcare_aids.aids/Petal_6/uf_Q_4_5      n/a   
  subgraph_gcare_aids.aids/Petal_6/uf_Q_2_3      n/a   
  subgraph_gcare_aids.aids/Petal_6/uf_Q_2_7      n/a   
  subgraph_gcare_aids.aids/Petal_6/uf_Q_4_1      n/a   
  subgraph_gcare_aids.aids/Petal_6/uf_Q_2_6      n/a   
  subgraph_gcare_aids.aids/Petal_6/uf_Q_2_4      n/a   
  subgraph_gcare_aids.aids/Petal_6/uf_Q_4_2      n/a   
  subgraph_gcare_aids.aids/Petal_6/uf_Q_4_3      n/a   
  subgraph_gcare_aids.aids/Petal_6/uf_Q_2_5      n/a   
  subgraph_gcare_aids.aids/Petal_6/uf_Q_5_4      n/a   
  subgraph_gcare_aids.aids/Petal_6/uf_Q_4_17     n/a   
  subgraph_gcare_aids.aids/Petal_6/uf_Q_3_2      n/a   
  subgraph_gcare_aids.aids/Petal_6/uf_Q_3_3      n/a   
  subgraph_gcare_aids.aids/Petal_6/uf_Q_4_16     n/a   
  subgraph_gcare_aids.aids/Petal_6/uf_Q_5_5      n/a   
  subgraph_gcare_aids.aids/Petal_6/uf_Q_4_14     n/a   
  subgraph_gcare_aids.aids/Petal_6/uf_Q_3_1      n/a   
  subgraph_gcare_aids.aids/Petal_6/uf_Q_4_15     n/a   
  subgraph_gcare_aids.aids/Petal_6/uf_Q_5_2      n/a   
  subgraph_gcare_aids.aids/Petal_6/uf_Q_4_11     n/a   
  subgraph_gcare_aids.aids/Petal_6/uf_Q_3_4      n/a   
  subgraph_gcare_aids.aids/Petal_6/uf_Q_3_5      n/a   
  subgraph_gcare_aids.aids/Petal_6/uf_Q_4_10     n/a   
  subgraph_gcare_aids.aids/Petal_6/uf_Q_5_3      n/a   
  subgraph_gcare_aids.aids/Petal_6/uf_Q_5_1      n/a   
  subgraph_gcare_aids.aids/Petal_6/uf_Q_4_12     n/a   
  subgraph_gcare_aids.aids/Petal_6/uf_Q_3_7      n/a   
  subgraph_gcare_aids.aids/Petal_6/uf_Q_3_6      n/a   
  subgraph_gcare_aids.aids/Petal_6/uf_Q_4_13     n/a   
  subgraph_gcare_aids.aids/Petal_6/uf_Q_3_8      n/a   
  subgraph_gcare_aids.aids/Petal_6/uf_Q_3_9      n/a   
  subgraph_gcare_aids.aids/Petal_6/uf_Q_4_20     n/a   
  subgraph_gcare_aids.aids/Petal_6/uf_Q_4_18     n/a   
  subgraph_gcare_aids.aids/Petal_6/uf_Q_3_11     n/a   
  subgraph_gcare_aids.aids/Petal_6/uf_Q_4_19     n/a   
  subgraph_gcare_aids.aids/Petal_6/uf_Q_3_10     n/a   
  subgraph_gcare_aids.aids/Petal_6/uf_Q_3_12     n/a   
  subgraph_gcare_aids.aids/Petal_6/uf_Q_3_13     n/a   
  subgraph_gcare_aids.aids/Petal_6/uf_Q_2_8      n/a   
  subgraph_gcare_aids.aids/Petal_6/uf_Q_2_9      n/a   
  subgraph_gcare_aids.aids/Petal_6/uf_Q_4_8      n/a   
  subgraph_gcare_aids.aids/Petal_6/uf_Q_4_9      n/a   
  subgraph_gcare_aids.aids/Cycle_3/uf_Q_2_1      n/a   
  subgraph_gcare_aids.aids/Cycle_3/uf_Q_2_15     n/a   
  subgraph_gcare_aids.aids/Cycle_3/uf_Q_2_14   4.78±0s 
  subgraph_gcare_aids.aids/Cycle_3/uf_Q_2_2      n/a   
  subgraph_gcare_aids.aids/Cycle_3/uf_Q_2_16     n/a   
  subgraph_gcare_aids.aids/Cycle_3/uf_Q_2_17     n/a   
  subgraph_gcare_aids.aids/Cycle_3/uf_Q_2_3    4.67±0s 
  subgraph_gcare_aids.aids/Cycle_3/uf_Q_2_7      n/a   
  subgraph_gcare_aids.aids/Cycle_3/uf_Q_2_13     n/a   
  subgraph_gcare_aids.aids/Cycle_3/uf_Q_2_12     n/a   
  subgraph_gcare_aids.aids/Cycle_3/uf_Q_2_6    4.79±0s 
  subgraph_gcare_aids.aids/Cycle_3/uf_Q_2_4      n/a   
  subgraph_gcare_aids.aids/Cycle_3/uf_Q_2_10     n/a   
  subgraph_gcare_aids.aids/Cycle_3/uf_Q_2_11     n/a   
  subgraph_gcare_aids.aids/Cycle_3/uf_Q_2_5    4.66±0s 
  subgraph_gcare_aids.aids/Cycle_3/uf_Q_3_2      n/a   
  subgraph_gcare_aids.aids/Cycle_3/uf_Q_3_3      n/a   
  subgraph_gcare_aids.aids/Cycle_3/uf_Q_1_1      n/a   
  subgraph_gcare_aids.aids/Cycle_3/uf_Q_1_3    4.79±0s 
  subgraph_gcare_aids.aids/Cycle_3/uf_Q_3_1      n/a   
  subgraph_gcare_aids.aids/Cycle_3/uf_Q_1_2      n/a   
  subgraph_gcare_aids.aids/Cycle_3/uf_Q_3_20     n/a   
  subgraph_gcare_aids.aids/Cycle_3/uf_Q_3_18   4.73±0s 
  subgraph_gcare_aids.aids/Cycle_3/uf_Q_1_6      n/a   
  subgraph_gcare_aids.aids/Cycle_3/uf_Q_3_4      n/a   
  subgraph_gcare_aids.aids/Cycle_3/uf_Q_3_5      n/a   
  subgraph_gcare_aids.aids/Cycle_3/uf_Q_1_7    4.85±0s 
  subgraph_gcare_aids.aids/Cycle_3/uf_Q_3_19     n/a   
  subgraph_gcare_aids.aids/Cycle_3/uf_Q_3_7      n/a   
  subgraph_gcare_aids.aids/Cycle_3/uf_Q_3_6      n/a   
  subgraph_gcare_aids.aids/Cycle_3/uf_Q_1_4    5.08±0s 
  subgraph_gcare_aids.aids/Cycle_3/uf_Q_3_17     n/a   
  subgraph_gcare_aids.aids/Cycle_3/uf_Q_1_9      n/a   
  subgraph_gcare_aids.aids/Cycle_3/uf_Q_1_8      n/a   
  subgraph_gcare_aids.aids/Cycle_3/uf_Q_3_16   4.76±0s 
  subgraph_gcare_aids.aids/Cycle_3/uf_Q_3_14     n/a   
  subgraph_gcare_aids.aids/Cycle_3/uf_Q_3_8      n/a   
  subgraph_gcare_aids.aids/Cycle_3/uf_Q_3_9      n/a   
  subgraph_gcare_aids.aids/Cycle_3/uf_Q_3_15   4.73±0s 
  subgraph_gcare_aids.aids/Cycle_3/uf_Q_3_11     n/a   
  subgraph_gcare_aids.aids/Cycle_3/uf_Q_3_10     n/a   
  subgraph_gcare_aids.aids/Cycle_3/uf_Q_3_12     n/a   
  subgraph_gcare_aids.aids/Cycle_3/uf_Q_3_13   4.74±0s 
  subgraph_gcare_aids.aids/Cycle_3/uf_Q_2_8      n/a   
  subgraph_gcare_aids.aids/Cycle_3/uf_Q_2_9      n/a   
  subgraph_gcare_aids.aids/Petal_9/uf_Q_2_1      n/a   
  subgraph_gcare_aids.aids/Petal_9/uf_Q_4_7      n/a   
  subgraph_gcare_aids.aids/Petal_9/uf_Q_4_6      n/a   
  subgraph_gcare_aids.aids/Petal_9/uf_Q_4_4      n/a   
  subgraph_gcare_aids.aids/Petal_9/uf_Q_4_5      n/a   
  subgraph_gcare_aids.aids/Petal_9/uf_Q_4_1      n/a   
  subgraph_gcare_aids.aids/Petal_9/uf_Q_4_2      n/a   
  subgraph_gcare_aids.aids/Petal_9/uf_Q_4_3      n/a   
  subgraph_gcare_aids.aids/Petal_9/uf_Q_4_17     n/a   
  subgraph_gcare_aids.aids/Petal_9/uf_Q_3_2      n/a   
  subgraph_gcare_aids.aids/Petal_9/uf_Q_3_3      n/a   
  subgraph_gcare_aids.aids/Petal_9/uf_Q_4_16     n/a   
  subgraph_gcare_aids.aids/Petal_9/uf_Q_4_14     n/a   
  subgraph_gcare_aids.aids/Petal_9/uf_Q_4_15     n/a   
  subgraph_gcare_aids.aids/Petal_9/uf_Q_4_11     n/a   
  subgraph_gcare_aids.aids/Petal_9/uf_Q_3_4      n/a   
  subgraph_gcare_aids.aids/Petal_9/uf_Q_4_10     n/a   
  subgraph_gcare_aids.aids/Petal_9/uf_Q_4_12     n/a   
  subgraph_gcare_aids.aids/Petal_9/uf_Q_3_6      n/a   
  subgraph_gcare_aids.aids/Petal_9/uf_Q_4_13     n/a   
  subgraph_gcare_aids.aids/Petal_9/uf_Q_4_20     n/a   
  subgraph_gcare_aids.aids/Petal_9/uf_Q_4_18     n/a   
  subgraph_gcare_aids.aids/Petal_9/uf_Q_4_19     n/a   
  subgraph_gcare_aids.aids/Petal_9/uf_Q_4_8      n/a   
  subgraph_gcare_aids.aids/Petal_9/uf_Q_4_9      n/a   
   subgraph_gcare_aids.aids/Tree_3/uf_Q_2_1      n/a   
   subgraph_gcare_aids.aids/Tree_3/uf_Q_4_7      n/a   
   subgraph_gcare_aids.aids/Tree_3/uf_Q_4_6      n/a   
   subgraph_gcare_aids.aids/Tree_3/uf_Q_2_2    4.61±0s 
   subgraph_gcare_aids.aids/Tree_3/uf_Q_4_4      n/a   
   subgraph_gcare_aids.aids/Tree_3/uf_Q_4_5      n/a   
   subgraph_gcare_aids.aids/Tree_3/uf_Q_0_1      n/a   
   subgraph_gcare_aids.aids/Tree_3/uf_Q_2_3      n/a   
   subgraph_gcare_aids.aids/Tree_3/uf_Q_2_7      n/a   
   subgraph_gcare_aids.aids/Tree_3/uf_Q_4_1      n/a   
   subgraph_gcare_aids.aids/Tree_3/uf_Q_2_6    6.14±0s 
   subgraph_gcare_aids.aids/Tree_3/uf_Q_2_4      n/a   
   subgraph_gcare_aids.aids/Tree_3/uf_Q_4_2      n/a   
   subgraph_gcare_aids.aids/Tree_3/uf_Q_4_3      n/a   
   subgraph_gcare_aids.aids/Tree_3/uf_Q_2_5      n/a   
  subgraph_gcare_aids.aids/Tree_3/uf_Q_4_17      n/a   
   subgraph_gcare_aids.aids/Tree_3/uf_Q_3_2      n/a   
   subgraph_gcare_aids.aids/Tree_3/uf_Q_3_3      n/a   
   subgraph_gcare_aids.aids/Tree_3/uf_Q_1_1      n/a   
  subgraph_gcare_aids.aids/Tree_3/uf_Q_4_16      n/a   
  subgraph_gcare_aids.aids/Tree_3/uf_Q_4_14      n/a   
   subgraph_gcare_aids.aids/Tree_3/uf_Q_1_3    4.55±0s 
   subgraph_gcare_aids.aids/Tree_3/uf_Q_3_1      n/a   
   subgraph_gcare_aids.aids/Tree_3/uf_Q_1_2      n/a   
  subgraph_gcare_aids.aids/Tree_3/uf_Q_4_15      n/a   
  subgraph_gcare_aids.aids/Tree_3/uf_Q_4_11      n/a   
   subgraph_gcare_aids.aids/Tree_3/uf_Q_1_6      n/a   
   subgraph_gcare_aids.aids/Tree_3/uf_Q_3_4      n/a   
   subgraph_gcare_aids.aids/Tree_3/uf_Q_3_5    4.59±0s 
  subgraph_gcare_aids.aids/Tree_3/uf_Q_4_10      n/a   
   subgraph_gcare_aids.aids/Tree_3/uf_Q_5_1      n/a   
  subgraph_gcare_aids.aids/Tree_3/uf_Q_4_12      n/a   
   subgraph_gcare_aids.aids/Tree_3/uf_Q_1_5      n/a   
   subgraph_gcare_aids.aids/Tree_3/uf_Q_3_7      n/a   
   subgraph_gcare_aids.aids/Tree_3/uf_Q_3_6      n/a   
   subgraph_gcare_aids.aids/Tree_3/uf_Q_1_4    4.65±0s 
  subgraph_gcare_aids.aids/Tree_3/uf_Q_4_13      n/a   
   subgraph_gcare_aids.aids/Tree_3/uf_Q_3_8      n/a   
   subgraph_gcare_aids.aids/Tree_3/uf_Q_3_9      n/a   
  subgraph_gcare_aids.aids/Tree_3/uf_Q_4_20      n/a   
  subgraph_gcare_aids.aids/Tree_3/uf_Q_4_18      n/a   
  subgraph_gcare_aids.aids/Tree_3/uf_Q_3_11      n/a   
  subgraph_gcare_aids.aids/Tree_3/uf_Q_4_19      n/a   
  subgraph_gcare_aids.aids/Tree_3/uf_Q_3_10      n/a   
   subgraph_gcare_aids.aids/Tree_3/uf_Q_2_8      n/a   
   subgraph_gcare_aids.aids/Tree_3/uf_Q_2_9    4.79±0s 
   subgraph_gcare_aids.aids/Tree_3/uf_Q_4_8      n/a   
   subgraph_gcare_aids.aids/Tree_3/uf_Q_4_9      n/a   
   subgraph_gcare_aids.aids/Star_6/uf_Q_2_1      n/a   
   subgraph_gcare_aids.aids/Star_6/uf_Q_4_7      n/a   
  subgraph_gcare_aids.aids/Star_6/uf_Q_5_20      n/a   
   subgraph_gcare_aids.aids/Star_6/uf_Q_4_6      n/a   
   subgraph_gcare_aids.aids/Star_6/uf_Q_2_2      n/a   
   subgraph_gcare_aids.aids/Star_6/uf_Q_4_4      n/a   
   subgraph_gcare_aids.aids/Star_6/uf_Q_4_5      n/a   
   subgraph_gcare_aids.aids/Star_6/uf_Q_2_3      n/a   
   subgraph_gcare_aids.aids/Star_6/uf_Q_2_7      n/a   
   subgraph_gcare_aids.aids/Star_6/uf_Q_4_1      n/a   
   subgraph_gcare_aids.aids/Star_6/uf_Q_2_6      n/a   
   subgraph_gcare_aids.aids/Star_6/uf_Q_2_4      n/a   
  subgraph_gcare_aids.aids/Star_6/uf_Q_5_19      n/a   
   subgraph_gcare_aids.aids/Star_6/uf_Q_4_2      n/a   
   subgraph_gcare_aids.aids/Star_6/uf_Q_4_3      n/a   
  subgraph_gcare_aids.aids/Star_6/uf_Q_5_18      n/a   
   subgraph_gcare_aids.aids/Star_6/uf_Q_2_5      n/a   
   subgraph_gcare_aids.aids/Star_6/uf_Q_5_4      n/a   
   subgraph_gcare_aids.aids/Star_6/uf_Q_3_2      n/a   
   subgraph_gcare_aids.aids/Star_6/uf_Q_3_3      n/a   
   subgraph_gcare_aids.aids/Star_6/uf_Q_1_1      n/a   
   subgraph_gcare_aids.aids/Star_6/uf_Q_5_5      n/a   
   subgraph_gcare_aids.aids/Star_6/uf_Q_5_7      n/a   
   subgraph_gcare_aids.aids/Star_6/uf_Q_3_1      n/a   
   subgraph_gcare_aids.aids/Star_6/uf_Q_5_6      n/a   
   subgraph_gcare_aids.aids/Star_6/uf_Q_5_2      n/a   
   subgraph_gcare_aids.aids/Star_6/uf_Q_3_4      n/a   
   subgraph_gcare_aids.aids/Star_6/uf_Q_5_3      n/a   
   subgraph_gcare_aids.aids/Star_6/uf_Q_5_1      n/a   
   subgraph_gcare_aids.aids/Star_6/uf_Q_5_8      n/a   
   subgraph_gcare_aids.aids/Star_6/uf_Q_5_9      n/a   
  subgraph_gcare_aids.aids/Star_6/uf_Q_5_15      n/a   
  subgraph_gcare_aids.aids/Star_6/uf_Q_5_14      n/a   
  subgraph_gcare_aids.aids/Star_6/uf_Q_5_16      n/a   
  subgraph_gcare_aids.aids/Star_6/uf_Q_5_17      n/a   
   subgraph_gcare_aids.aids/Star_6/uf_Q_4_8      n/a   
  subgraph_gcare_aids.aids/Star_6/uf_Q_5_13      n/a   
  subgraph_gcare_aids.aids/Star_6/uf_Q_5_12      n/a   
  subgraph_gcare_aids.aids/Star_6/uf_Q_5_10      n/a   
  subgraph_gcare_aids.aids/Star_6/uf_Q_5_11      n/a   
   subgraph_gcare_aids.aids/Star_9/uf_Q_5_4      n/a   
   subgraph_gcare_aids.aids/Star_9/uf_Q_3_2      n/a   
   subgraph_gcare_aids.aids/Star_9/uf_Q_3_3      n/a   
   subgraph_gcare_aids.aids/Star_9/uf_Q_5_5      n/a   
   subgraph_gcare_aids.aids/Star_9/uf_Q_5_7      n/a   
   subgraph_gcare_aids.aids/Star_9/uf_Q_3_1      n/a   
   subgraph_gcare_aids.aids/Star_9/uf_Q_5_6      n/a   
   subgraph_gcare_aids.aids/Star_9/uf_Q_5_2      n/a   
   subgraph_gcare_aids.aids/Star_9/uf_Q_3_4      n/a   
   subgraph_gcare_aids.aids/Star_9/uf_Q_3_5      n/a   
   subgraph_gcare_aids.aids/Star_9/uf_Q_5_3      n/a   
   subgraph_gcare_aids.aids/Star_9/uf_Q_5_1      n/a   
   subgraph_gcare_aids.aids/Star_9/uf_Q_3_7      n/a   
   subgraph_gcare_aids.aids/Star_9/uf_Q_3_6      n/a   
   subgraph_gcare_aids.aids/Star_9/uf_Q_3_8      n/a   
   subgraph_gcare_aids.aids/Star_9/uf_Q_3_9      n/a   
  subgraph_gcare_aids.aids/Star_9/uf_Q_3_11      n/a   
  subgraph_gcare_aids.aids/Star_9/uf_Q_3_10      n/a   
   subgraph_gcare_aids.aids/Star_9/uf_Q_5_8      n/a   
   subgraph_gcare_aids.aids/Star_9/uf_Q_5_9      n/a   
  subgraph_gcare_aids.aids/Star_9/uf_Q_5_10      n/a   
  subgraph_gcare_aids.aids/Star_9/uf_Q_5_11      n/a   
    subgraph_gcare_lubm80.lubm80/lubm80_Q9       n/a   
    subgraph_gcare_lubm80.lubm80/lubm80_Q8       n/a   
    subgraph_gcare_lubm80.lubm80/lubm80_Q4       n/a   
    subgraph_gcare_lubm80.lubm80/lubm80_Q7       n/a   
    subgraph_gcare_lubm80.lubm80/lubm80_Q2       n/a   
   subgraph_gcare_lubm80.lubm80/lubm80_Q12       n/a   
  subgraph_gcare_yago.yago/Chain_12/f_Q_4_6      n/a   
  subgraph_gcare_yago.yago/Chain_12/f_Q_1_10     n/a   
  subgraph_gcare_yago.yago/Chain_12/f_Q_0_2      n/a   
  subgraph_gcare_yago.yago/Chain_12/f_Q_1_11     n/a   
  subgraph_gcare_yago.yago/Chain_12/f_Q_0_3      n/a   
  subgraph_gcare_yago.yago/Chain_12/f_Q_2_1      n/a   
  subgraph_gcare_yago.yago/Chain_12/f_Q_4_7      n/a   
  subgraph_gcare_yago.yago/Chain_12/f_Q_3_14     n/a   
  subgraph_gcare_yago.yago/Chain_12/f_Q_4_5      n/a   
  subgraph_gcare_yago.yago/Chain_12/f_Q_2_3      n/a   
  subgraph_gcare_yago.yago/Chain_12/f_Q_0_1      n/a   
  subgraph_gcare_yago.yago/Chain_12/f_Q_1_13     n/a   
  subgraph_gcare_yago.yago/Chain_12/f_Q_1_12     n/a   
  subgraph_gcare_yago.yago/Chain_12/f_Q_2_2      n/a   
  subgraph_gcare_yago.yago/Chain_12/f_Q_4_4      n/a   
  subgraph_gcare_yago.yago/Chain_12/f_Q_3_13     n/a   
  subgraph_gcare_yago.yago/Chain_12/f_Q_2_6      n/a   
  subgraph_gcare_yago.yago/Chain_12/f_Q_0_4      n/a   
  subgraph_gcare_yago.yago/Chain_12/f_Q_0_5      n/a   
  subgraph_gcare_yago.yago/Chain_12/f_Q_2_7      n/a   
  subgraph_gcare_yago.yago/Chain_12/f_Q_4_1      n/a   
  subgraph_gcare_yago.yago/Chain_12/f_Q_3_12     n/a   
  subgraph_gcare_yago.yago/Chain_12/f_Q_3_10     n/a   
  subgraph_gcare_yago.yago/Chain_12/f_Q_4_3      n/a   
  subgraph_gcare_yago.yago/Chain_12/f_Q_2_5      n/a   
  subgraph_gcare_yago.yago/Chain_12/f_Q_0_7      n/a   
  subgraph_gcare_yago.yago/Chain_12/f_Q_1_15     n/a   
  subgraph_gcare_yago.yago/Chain_12/f_Q_0_6      n/a   
  subgraph_gcare_yago.yago/Chain_12/f_Q_1_14     n/a   
  subgraph_gcare_yago.yago/Chain_12/f_Q_2_4      n/a   
  subgraph_gcare_yago.yago/Chain_12/f_Q_4_2      n/a   
  subgraph_gcare_yago.yago/Chain_12/f_Q_3_11     n/a   
  subgraph_gcare_yago.yago/Chain_12/f_Q_1_1      n/a   
  subgraph_gcare_yago.yago/Chain_12/f_Q_3_3      n/a   
  subgraph_gcare_yago.yago/Chain_12/f_Q_5_5      n/a   
  subgraph_gcare_yago.yago/Chain_12/f_Q_5_4      n/a   
  subgraph_gcare_yago.yago/Chain_12/f_Q_3_2      n/a   
  subgraph_gcare_yago.yago/Chain_12/f_Q_1_2      n/a   
  subgraph_gcare_yago.yago/Chain_12/f_Q_5_6      n/a   
  subgraph_gcare_yago.yago/Chain_12/f_Q_5_14     n/a   
  subgraph_gcare_yago.yago/Chain_12/f_Q_5_7      n/a   
  subgraph_gcare_yago.yago/Chain_12/f_Q_3_1      n/a   
  subgraph_gcare_yago.yago/Chain_12/f_Q_1_3      n/a   
  subgraph_gcare_yago.yago/Chain_12/f_Q_1_7      n/a   
  subgraph_gcare_yago.yago/Chain_12/f_Q_3_5      n/a   
  subgraph_gcare_yago.yago/Chain_12/f_Q_5_3      n/a   
  subgraph_gcare_yago.yago/Chain_12/f_Q_5_11     n/a   
  subgraph_gcare_yago.yago/Chain_12/f_Q_5_10     n/a   
  subgraph_gcare_yago.yago/Chain_12/f_Q_5_2      n/a   
  subgraph_gcare_yago.yago/Chain_12/f_Q_3_4      n/a   
  subgraph_gcare_yago.yago/Chain_12/f_Q_1_6      n/a   
  subgraph_gcare_yago.yago/Chain_12/f_Q_1_4      n/a   
  subgraph_gcare_yago.yago/Chain_12/f_Q_3_6      n/a   
  subgraph_gcare_yago.yago/Chain_12/f_Q_5_12     n/a   
  subgraph_gcare_yago.yago/Chain_12/f_Q_5_13     n/a   
  subgraph_gcare_yago.yago/Chain_12/f_Q_5_1      n/a   
  subgraph_gcare_yago.yago/Chain_12/f_Q_3_7      n/a   
  subgraph_gcare_yago.yago/Chain_12/f_Q_1_5      n/a   
  subgraph_gcare_yago.yago/Chain_12/f_Q_1_8      n/a   
  subgraph_gcare_yago.yago/Chain_12/f_Q_1_9      n/a   
  subgraph_gcare_yago.yago/Chain_12/f_Q_3_9      n/a   
  subgraph_gcare_yago.yago/Chain_12/f_Q_2_14     n/a   
  subgraph_gcare_yago.yago/Chain_12/f_Q_3_8      n/a   
  subgraph_gcare_yago.yago/Chain_12/f_Q_2_11     n/a   
  subgraph_gcare_yago.yago/Chain_12/f_Q_2_10     n/a   
  subgraph_gcare_yago.yago/Chain_12/f_Q_5_9      n/a   
  subgraph_gcare_yago.yago/Chain_12/f_Q_2_12     n/a   
  subgraph_gcare_yago.yago/Chain_12/f_Q_5_8      n/a   
  subgraph_gcare_yago.yago/Chain_12/f_Q_2_13     n/a   
  subgraph_gcare_yago.yago/Chain_12/f_Q_2_9      n/a   
  subgraph_gcare_yago.yago/Chain_12/f_Q_2_8      n/a   
  subgraph_gcare_yago.yago/Chain_12/f_Q_4_14     n/a   
  subgraph_gcare_yago.yago/Chain_12/f_Q_0_8      n/a   
  subgraph_gcare_yago.yago/Chain_12/f_Q_4_13     n/a   
  subgraph_gcare_yago.yago/Chain_12/f_Q_4_9      n/a   
  subgraph_gcare_yago.yago/Chain_12/f_Q_4_8      n/a   
  subgraph_gcare_yago.yago/Chain_12/f_Q_4_12     n/a   
  subgraph_gcare_yago.yago/Chain_12/f_Q_4_10     n/a   
  subgraph_gcare_yago.yago/Chain_12/f_Q_4_11     n/a   
  subgraph_gcare_yago.yago/Graph_12/f_Q_0_2      n/a   
  subgraph_gcare_yago.yago/Graph_12/f_Q_2_6      n/a   
  subgraph_gcare_yago.yago/Graph_12/f_Q_2_5      n/a   
  subgraph_gcare_yago.yago/Graph_12/f_Q_5_14     n/a   
  subgraph_gcare_yago.yago/Graph_12/f_Q_1_3      n/a   
  subgraph_gcare_yago.yago/Graph_12/f_Q_5_8      n/a   
  subgraph_gcare_yago.yago/Graph_12/f_Q_4_13     n/a   
   subgraph_gcare_yago.yago/Chain_6/f_Q_4_6      n/a   
  subgraph_gcare_yago.yago/Chain_6/f_Q_1_10      n/a   
   subgraph_gcare_yago.yago/Chain_6/f_Q_0_2      n/a   
  subgraph_gcare_yago.yago/Chain_6/f_Q_1_11      n/a   
   subgraph_gcare_yago.yago/Chain_6/f_Q_0_3      n/a   
   subgraph_gcare_yago.yago/Chain_6/f_Q_2_1      n/a   
   subgraph_gcare_yago.yago/Chain_6/f_Q_4_7      n/a   
   subgraph_gcare_yago.yago/Chain_6/f_Q_4_5      n/a   
   subgraph_gcare_yago.yago/Chain_6/f_Q_2_3      n/a   
   subgraph_gcare_yago.yago/Chain_6/f_Q_0_1      n/a   
   subgraph_gcare_yago.yago/Chain_6/f_Q_2_2      n/a   
   subgraph_gcare_yago.yago/Chain_6/f_Q_4_4      n/a   
  subgraph_gcare_yago.yago/Chain_6/f_Q_3_13      n/a   
   subgraph_gcare_yago.yago/Chain_6/f_Q_2_6      n/a   
   subgraph_gcare_yago.yago/Chain_6/f_Q_0_4      n/a   
   subgraph_gcare_yago.yago/Chain_6/f_Q_0_5      n/a   
   subgraph_gcare_yago.yago/Chain_6/f_Q_2_7      n/a   
   subgraph_gcare_yago.yago/Chain_6/f_Q_4_1      n/a   
  subgraph_gcare_yago.yago/Chain_6/f_Q_3_12      n/a   
  subgraph_gcare_yago.yago/Chain_6/f_Q_3_10      n/a   
   subgraph_gcare_yago.yago/Chain_6/f_Q_4_3      n/a   
   subgraph_gcare_yago.yago/Chain_6/f_Q_2_5      n/a   
   subgraph_gcare_yago.yago/Chain_6/f_Q_0_7      n/a   
   subgraph_gcare_yago.yago/Chain_6/f_Q_0_6      n/a   
   subgraph_gcare_yago.yago/Chain_6/f_Q_2_4      n/a   
   subgraph_gcare_yago.yago/Chain_6/f_Q_4_2      n/a   
  subgraph_gcare_yago.yago/Chain_6/f_Q_3_11      n/a   
   subgraph_gcare_yago.yago/Chain_6/f_Q_1_1      n/a   
   subgraph_gcare_yago.yago/Chain_6/f_Q_3_3      n/a   
   subgraph_gcare_yago.yago/Chain_6/f_Q_5_5      n/a   
   subgraph_gcare_yago.yago/Chain_6/f_Q_5_4      n/a   
   subgraph_gcare_yago.yago/Chain_6/f_Q_3_2      n/a   
   subgraph_gcare_yago.yago/Chain_6/f_Q_1_2      n/a   
   subgraph_gcare_yago.yago/Chain_6/f_Q_5_6      n/a   
   subgraph_gcare_yago.yago/Chain_6/f_Q_5_7      n/a   
   subgraph_gcare_yago.yago/Chain_6/f_Q_3_1      n/a   
   subgraph_gcare_yago.yago/Chain_6/f_Q_1_3      n/a   
   subgraph_gcare_yago.yago/Chain_6/f_Q_1_7      n/a   
   subgraph_gcare_yago.yago/Chain_6/f_Q_3_5      n/a   
   subgraph_gcare_yago.yago/Chain_6/f_Q_5_3      n/a   
  subgraph_gcare_yago.yago/Chain_6/f_Q_5_11      n/a   
  subgraph_gcare_yago.yago/Chain_6/f_Q_5_10      n/a   
   subgraph_gcare_yago.yago/Chain_6/f_Q_5_2      n/a   
   subgraph_gcare_yago.yago/Chain_6/f_Q_3_4      n/a   
   subgraph_gcare_yago.yago/Chain_6/f_Q_1_6      n/a   
   subgraph_gcare_yago.yago/Chain_6/f_Q_1_4      n/a   
   subgraph_gcare_yago.yago/Chain_6/f_Q_3_6      n/a   
  subgraph_gcare_yago.yago/Chain_6/f_Q_5_12      n/a   
  subgraph_gcare_yago.yago/Chain_6/f_Q_5_13      n/a   
   subgraph_gcare_yago.yago/Chain_6/f_Q_5_1      n/a   
   subgraph_gcare_yago.yago/Chain_6/f_Q_3_7      n/a   
   subgraph_gcare_yago.yago/Chain_6/f_Q_1_5      n/a   
   subgraph_gcare_yago.yago/Chain_6/f_Q_1_8      n/a   
  subgraph_gcare_yago.yago/Chain_6/f_Q_0_12      n/a   
  subgraph_gcare_yago.yago/Chain_6/f_Q_0_13      n/a   
   subgraph_gcare_yago.yago/Chain_6/f_Q_1_9      n/a   
   subgraph_gcare_yago.yago/Chain_6/f_Q_3_9      n/a   
  subgraph_gcare_yago.yago/Chain_6/f_Q_0_11      n/a   
  subgraph_gcare_yago.yago/Chain_6/f_Q_0_10      n/a   
   subgraph_gcare_yago.yago/Chain_6/f_Q_3_8      n/a   
  subgraph_gcare_yago.yago/Chain_6/f_Q_0_14      n/a   
  subgraph_gcare_yago.yago/Chain_6/f_Q_2_11      n/a   
  subgraph_gcare_yago.yago/Chain_6/f_Q_2_10      n/a   
   subgraph_gcare_yago.yago/Chain_6/f_Q_5_9      n/a   
  subgraph_gcare_yago.yago/Chain_6/f_Q_2_12      n/a   
   subgraph_gcare_yago.yago/Chain_6/f_Q_5_8      n/a   
  subgraph_gcare_yago.yago/Chain_6/f_Q_2_13      n/a   
   subgraph_gcare_yago.yago/Chain_6/f_Q_2_9      n/a   
   subgraph_gcare_yago.yago/Chain_6/f_Q_2_8      n/a   
   subgraph_gcare_yago.yago/Chain_6/f_Q_0_8      n/a   
   subgraph_gcare_yago.yago/Chain_6/f_Q_0_9      n/a   
  subgraph_gcare_yago.yago/Chain_6/f_Q_4_13      n/a   
   subgraph_gcare_yago.yago/Chain_6/f_Q_4_9      n/a   
   subgraph_gcare_yago.yago/Chain_6/f_Q_4_8      n/a   
  subgraph_gcare_yago.yago/Chain_6/f_Q_4_12      n/a   
  subgraph_gcare_yago.yago/Chain_6/f_Q_4_10      n/a   
  subgraph_gcare_yago.yago/Chain_6/f_Q_4_11      n/a   
   subgraph_gcare_yago.yago/Star_12/f_Q_4_6      n/a   
  subgraph_gcare_yago.yago/Star_12/f_Q_1_10      n/a   
   subgraph_gcare_yago.yago/Star_12/f_Q_0_2      n/a   
  subgraph_gcare_yago.yago/Star_12/f_Q_1_11      n/a   
   subgraph_gcare_yago.yago/Star_12/f_Q_0_3      n/a   
   subgraph_gcare_yago.yago/Star_12/f_Q_2_1      n/a   
   subgraph_gcare_yago.yago/Star_12/f_Q_4_7      n/a   
   subgraph_gcare_yago.yago/Star_12/f_Q_4_5      n/a   
   subgraph_gcare_yago.yago/Star_12/f_Q_2_3      n/a   
   subgraph_gcare_yago.yago/Star_12/f_Q_0_1      n/a   
  subgraph_gcare_yago.yago/Star_12/f_Q_1_13      n/a   
  subgraph_gcare_yago.yago/Star_12/f_Q_1_12      n/a   
   subgraph_gcare_yago.yago/Star_12/f_Q_2_2      n/a   
   subgraph_gcare_yago.yago/Star_12/f_Q_4_4      n/a   
  subgraph_gcare_yago.yago/Star_12/f_Q_3_13      n/a   
   subgraph_gcare_yago.yago/Star_12/f_Q_2_6      n/a   
   subgraph_gcare_yago.yago/Star_12/f_Q_0_4      n/a   
   subgraph_gcare_yago.yago/Star_12/f_Q_0_5      n/a   
   subgraph_gcare_yago.yago/Star_12/f_Q_2_7      n/a   
   subgraph_gcare_yago.yago/Star_12/f_Q_4_1      n/a   
  subgraph_gcare_yago.yago/Star_12/f_Q_3_12      n/a   
  subgraph_gcare_yago.yago/Star_12/f_Q_3_10      n/a   
   subgraph_gcare_yago.yago/Star_12/f_Q_4_3      n/a   
   subgraph_gcare_yago.yago/Star_12/f_Q_2_5      n/a   
   subgraph_gcare_yago.yago/Star_12/f_Q_0_7      n/a   
   subgraph_gcare_yago.yago/Star_12/f_Q_0_6      n/a   
  subgraph_gcare_yago.yago/Star_12/f_Q_1_14      n/a   
   subgraph_gcare_yago.yago/Star_12/f_Q_2_4      n/a   
   subgraph_gcare_yago.yago/Star_12/f_Q_4_2      n/a   
  subgraph_gcare_yago.yago/Star_12/f_Q_3_11      n/a   
   subgraph_gcare_yago.yago/Star_12/f_Q_1_1      n/a   
   subgraph_gcare_yago.yago/Star_12/f_Q_3_3      n/a   
   subgraph_gcare_yago.yago/Star_12/f_Q_5_5      n/a   
   subgraph_gcare_yago.yago/Star_12/f_Q_5_4      n/a   
   subgraph_gcare_yago.yago/Star_12/f_Q_3_2      n/a   
   subgraph_gcare_yago.yago/Star_12/f_Q_1_2      n/a   
   subgraph_gcare_yago.yago/Star_12/f_Q_5_6      n/a   
   subgraph_gcare_yago.yago/Star_12/f_Q_5_7      n/a   
   subgraph_gcare_yago.yago/Star_12/f_Q_3_1      n/a   
   subgraph_gcare_yago.yago/Star_12/f_Q_1_3      n/a   
   subgraph_gcare_yago.yago/Star_12/f_Q_1_7      n/a   
   subgraph_gcare_yago.yago/Star_12/f_Q_3_5      n/a   
   subgraph_gcare_yago.yago/Star_12/f_Q_5_3      n/a   
  subgraph_gcare_yago.yago/Star_12/f_Q_5_11      n/a   
  subgraph_gcare_yago.yago/Star_12/f_Q_5_10      n/a   
   subgraph_gcare_yago.yago/Star_12/f_Q_5_2      n/a   
   subgraph_gcare_yago.yago/Star_12/f_Q_3_4      n/a   
   subgraph_gcare_yago.yago/Star_12/f_Q_1_6      n/a   
   subgraph_gcare_yago.yago/Star_12/f_Q_1_4      n/a   
   subgraph_gcare_yago.yago/Star_12/f_Q_3_6      n/a   
  subgraph_gcare_yago.yago/Star_12/f_Q_5_12      n/a   
  subgraph_gcare_yago.yago/Star_12/f_Q_5_13      n/a   
   subgraph_gcare_yago.yago/Star_12/f_Q_5_1      n/a   
   subgraph_gcare_yago.yago/Star_12/f_Q_3_7      n/a   
   subgraph_gcare_yago.yago/Star_12/f_Q_1_5      n/a   
   subgraph_gcare_yago.yago/Star_12/f_Q_1_8      n/a   
  subgraph_gcare_yago.yago/Star_12/f_Q_0_12      n/a   
  subgraph_gcare_yago.yago/Star_12/f_Q_0_13      n/a   
   subgraph_gcare_yago.yago/Star_12/f_Q_1_9      n/a   
   subgraph_gcare_yago.yago/Star_12/f_Q_3_9      n/a   
  subgraph_gcare_yago.yago/Star_12/f_Q_0_11      n/a   
  subgraph_gcare_yago.yago/Star_12/f_Q_0_10      n/a   
   subgraph_gcare_yago.yago/Star_12/f_Q_3_8      n/a   
  subgraph_gcare_yago.yago/Star_12/f_Q_0_14      n/a   
  subgraph_gcare_yago.yago/Star_12/f_Q_2_11      n/a   
  subgraph_gcare_yago.yago/Star_12/f_Q_2_10      n/a   
   subgraph_gcare_yago.yago/Star_12/f_Q_5_9      n/a   
  subgraph_gcare_yago.yago/Star_12/f_Q_2_12      n/a   
   subgraph_gcare_yago.yago/Star_12/f_Q_5_8      n/a   
  subgraph_gcare_yago.yago/Star_12/f_Q_2_13      n/a   
   subgraph_gcare_yago.yago/Star_12/f_Q_2_9      n/a   
   subgraph_gcare_yago.yago/Star_12/f_Q_2_8      n/a   
   subgraph_gcare_yago.yago/Star_12/f_Q_0_8      n/a   
   subgraph_gcare_yago.yago/Star_12/f_Q_0_9      n/a   
  subgraph_gcare_yago.yago/Star_12/f_Q_4_13      n/a   
   subgraph_gcare_yago.yago/Star_12/f_Q_4_9      n/a   
   subgraph_gcare_yago.yago/Star_12/f_Q_4_8      n/a   
  subgraph_gcare_yago.yago/Star_12/f_Q_4_12      n/a   
  subgraph_gcare_yago.yago/Star_12/f_Q_4_10      n/a   
  subgraph_gcare_yago.yago/Star_12/f_Q_4_11      n/a   
   subgraph_gcare_yago.yago/Chain_9/f_Q_4_6      n/a   
  subgraph_gcare_yago.yago/Chain_9/f_Q_1_10      n/a   
   subgraph_gcare_yago.yago/Chain_9/f_Q_0_2      n/a   
  subgraph_gcare_yago.yago/Chain_9/f_Q_1_11      n/a   
   subgraph_gcare_yago.yago/Chain_9/f_Q_0_3      n/a   
   subgraph_gcare_yago.yago/Chain_9/f_Q_2_1      n/a   
   subgraph_gcare_yago.yago/Chain_9/f_Q_4_7      n/a   
   subgraph_gcare_yago.yago/Chain_9/f_Q_4_5      n/a   
   subgraph_gcare_yago.yago/Chain_9/f_Q_2_3      n/a   
   subgraph_gcare_yago.yago/Chain_9/f_Q_0_1      n/a   
  subgraph_gcare_yago.yago/Chain_9/f_Q_1_12      n/a   
   subgraph_gcare_yago.yago/Chain_9/f_Q_2_2      n/a   
   subgraph_gcare_yago.yago/Chain_9/f_Q_4_4      n/a   
  subgraph_gcare_yago.yago/Chain_9/f_Q_3_13      n/a   
   subgraph_gcare_yago.yago/Chain_9/f_Q_2_6      n/a   
   subgraph_gcare_yago.yago/Chain_9/f_Q_0_4      n/a   
   subgraph_gcare_yago.yago/Chain_9/f_Q_0_5      n/a   
   subgraph_gcare_yago.yago/Chain_9/f_Q_2_7      n/a   
   subgraph_gcare_yago.yago/Chain_9/f_Q_4_1      n/a   
  subgraph_gcare_yago.yago/Chain_9/f_Q_3_12      n/a   
  subgraph_gcare_yago.yago/Chain_9/f_Q_3_10      n/a   
   subgraph_gcare_yago.yago/Chain_9/f_Q_4_3      n/a   
   subgraph_gcare_yago.yago/Chain_9/f_Q_2_5      n/a   
   subgraph_gcare_yago.yago/Chain_9/f_Q_0_7      n/a   
   subgraph_gcare_yago.yago/Chain_9/f_Q_0_6      n/a   
   subgraph_gcare_yago.yago/Chain_9/f_Q_2_4      n/a   
   subgraph_gcare_yago.yago/Chain_9/f_Q_4_2      n/a   
  subgraph_gcare_yago.yago/Chain_9/f_Q_3_11      n/a   
   subgraph_gcare_yago.yago/Chain_9/f_Q_1_1      n/a   
   subgraph_gcare_yago.yago/Chain_9/f_Q_3_3      n/a   
   subgraph_gcare_yago.yago/Chain_9/f_Q_5_5      n/a   
   subgraph_gcare_yago.yago/Chain_9/f_Q_5_4      n/a   
   subgraph_gcare_yago.yago/Chain_9/f_Q_3_2      n/a   
   subgraph_gcare_yago.yago/Chain_9/f_Q_1_2      n/a   
   subgraph_gcare_yago.yago/Chain_9/f_Q_5_6      n/a   
  subgraph_gcare_yago.yago/Chain_9/f_Q_5_14      n/a   
   subgraph_gcare_yago.yago/Chain_9/f_Q_5_7      n/a   
   subgraph_gcare_yago.yago/Chain_9/f_Q_3_1      n/a   
   subgraph_gcare_yago.yago/Chain_9/f_Q_1_3      n/a   
   subgraph_gcare_yago.yago/Chain_9/f_Q_1_7      n/a   
   subgraph_gcare_yago.yago/Chain_9/f_Q_3_5      n/a   
   subgraph_gcare_yago.yago/Chain_9/f_Q_5_3      n/a   
  subgraph_gcare_yago.yago/Chain_9/f_Q_5_11      n/a   
  subgraph_gcare_yago.yago/Chain_9/f_Q_5_10      n/a   
   subgraph_gcare_yago.yago/Chain_9/f_Q_5_2      n/a   
   subgraph_gcare_yago.yago/Chain_9/f_Q_3_4      n/a   
   subgraph_gcare_yago.yago/Chain_9/f_Q_1_6      n/a   
   subgraph_gcare_yago.yago/Chain_9/f_Q_1_4      n/a   
   subgraph_gcare_yago.yago/Chain_9/f_Q_3_6      n/a   
  subgraph_gcare_yago.yago/Chain_9/f_Q_5_12      n/a   
  subgraph_gcare_yago.yago/Chain_9/f_Q_5_13      n/a   
   subgraph_gcare_yago.yago/Chain_9/f_Q_3_7      n/a   
   subgraph_gcare_yago.yago/Chain_9/f_Q_1_5      n/a   
   subgraph_gcare_yago.yago/Chain_9/f_Q_1_8      n/a   
  subgraph_gcare_yago.yago/Chain_9/f_Q_0_12      n/a   
   subgraph_gcare_yago.yago/Chain_9/f_Q_1_9      n/a   
   subgraph_gcare_yago.yago/Chain_9/f_Q_3_9      n/a   
  subgraph_gcare_yago.yago/Chain_9/f_Q_0_11      n/a   
  subgraph_gcare_yago.yago/Chain_9/f_Q_0_10      n/a   
   subgraph_gcare_yago.yago/Chain_9/f_Q_3_8      n/a   
  subgraph_gcare_yago.yago/Chain_9/f_Q_2_11      n/a   
  subgraph_gcare_yago.yago/Chain_9/f_Q_2_10      n/a   
   subgraph_gcare_yago.yago/Chain_9/f_Q_5_9      n/a   
  subgraph_gcare_yago.yago/Chain_9/f_Q_2_12      n/a   
   subgraph_gcare_yago.yago/Chain_9/f_Q_5_8      n/a   
  subgraph_gcare_yago.yago/Chain_9/f_Q_2_13      n/a   
   subgraph_gcare_yago.yago/Chain_9/f_Q_2_9      n/a   
   subgraph_gcare_yago.yago/Chain_9/f_Q_2_8      n/a   
   subgraph_gcare_yago.yago/Chain_9/f_Q_0_8      n/a   
   subgraph_gcare_yago.yago/Chain_9/f_Q_0_9      n/a   
  subgraph_gcare_yago.yago/Chain_9/f_Q_4_13      n/a   
   subgraph_gcare_yago.yago/Chain_9/f_Q_4_9      n/a   
   subgraph_gcare_yago.yago/Chain_9/f_Q_4_8      n/a   
  subgraph_gcare_yago.yago/Chain_9/f_Q_4_12      n/a   
  subgraph_gcare_yago.yago/Chain_9/f_Q_4_10      n/a   
  subgraph_gcare_yago.yago/Chain_9/f_Q_4_11      n/a   
   subgraph_gcare_yago.yago/Tree_6/f_Q_4_6       n/a   
   subgraph_gcare_yago.yago/Tree_6/f_Q_1_10      n/a   
   subgraph_gcare_yago.yago/Tree_6/f_Q_0_2       n/a   
   subgraph_gcare_yago.yago/Tree_6/f_Q_1_11      n/a   
   subgraph_gcare_yago.yago/Tree_6/f_Q_0_3       n/a   
   subgraph_gcare_yago.yago/Tree_6/f_Q_2_1       n/a   
   subgraph_gcare_yago.yago/Tree_6/f_Q_4_7       n/a   
   subgraph_gcare_yago.yago/Tree_6/f_Q_4_5       n/a   
   subgraph_gcare_yago.yago/Tree_6/f_Q_2_3       n/a   
   subgraph_gcare_yago.yago/Tree_6/f_Q_0_1       n/a   
   subgraph_gcare_yago.yago/Tree_6/f_Q_1_13      n/a   
   subgraph_gcare_yago.yago/Tree_6/f_Q_1_12      n/a   
   subgraph_gcare_yago.yago/Tree_6/f_Q_2_2       n/a   
   subgraph_gcare_yago.yago/Tree_6/f_Q_4_4       n/a   
   subgraph_gcare_yago.yago/Tree_6/f_Q_3_13      n/a   
   subgraph_gcare_yago.yago/Tree_6/f_Q_2_6       n/a   
   subgraph_gcare_yago.yago/Tree_6/f_Q_0_4       n/a   
   subgraph_gcare_yago.yago/Tree_6/f_Q_0_5       n/a   
   subgraph_gcare_yago.yago/Tree_6/f_Q_2_7       n/a   
   subgraph_gcare_yago.yago/Tree_6/f_Q_4_1       n/a   
   subgraph_gcare_yago.yago/Tree_6/f_Q_3_12      n/a   
   subgraph_gcare_yago.yago/Tree_6/f_Q_3_10      n/a   
   subgraph_gcare_yago.yago/Tree_6/f_Q_4_3       n/a   
   subgraph_gcare_yago.yago/Tree_6/f_Q_2_5       n/a   
   subgraph_gcare_yago.yago/Tree_6/f_Q_0_7       n/a   
   subgraph_gcare_yago.yago/Tree_6/f_Q_0_6       n/a   
   subgraph_gcare_yago.yago/Tree_6/f_Q_1_14      n/a   
   subgraph_gcare_yago.yago/Tree_6/f_Q_2_4       n/a   
   subgraph_gcare_yago.yago/Tree_6/f_Q_4_2       n/a   
   subgraph_gcare_yago.yago/Tree_6/f_Q_3_11      n/a   
   subgraph_gcare_yago.yago/Tree_6/f_Q_1_1       n/a   
   subgraph_gcare_yago.yago/Tree_6/f_Q_3_3       n/a   
   subgraph_gcare_yago.yago/Tree_6/f_Q_5_5       n/a   
   subgraph_gcare_yago.yago/Tree_6/f_Q_5_4       n/a   
   subgraph_gcare_yago.yago/Tree_6/f_Q_3_2       n/a   
   subgraph_gcare_yago.yago/Tree_6/f_Q_1_2       n/a   
   subgraph_gcare_yago.yago/Tree_6/f_Q_5_6       n/a   
   subgraph_gcare_yago.yago/Tree_6/f_Q_5_7       n/a   
   subgraph_gcare_yago.yago/Tree_6/f_Q_3_1       n/a   
   subgraph_gcare_yago.yago/Tree_6/f_Q_1_3       n/a   
   subgraph_gcare_yago.yago/Tree_6/f_Q_1_7       n/a   
   subgraph_gcare_yago.yago/Tree_6/f_Q_3_5       n/a   
   subgraph_gcare_yago.yago/Tree_6/f_Q_5_3       n/a   
   subgraph_gcare_yago.yago/Tree_6/f_Q_5_11      n/a   
   subgraph_gcare_yago.yago/Tree_6/f_Q_5_10      n/a   
   subgraph_gcare_yago.yago/Tree_6/f_Q_5_2       n/a   
   subgraph_gcare_yago.yago/Tree_6/f_Q_3_4       n/a   
   subgraph_gcare_yago.yago/Tree_6/f_Q_1_6       n/a   
   subgraph_gcare_yago.yago/Tree_6/f_Q_1_4       n/a   
   subgraph_gcare_yago.yago/Tree_6/f_Q_3_6       n/a   
   subgraph_gcare_yago.yago/Tree_6/f_Q_5_12      n/a   
   subgraph_gcare_yago.yago/Tree_6/f_Q_5_13      n/a   
   subgraph_gcare_yago.yago/Tree_6/f_Q_5_1       n/a   
   subgraph_gcare_yago.yago/Tree_6/f_Q_3_7       n/a   
   subgraph_gcare_yago.yago/Tree_6/f_Q_1_5       n/a   
   subgraph_gcare_yago.yago/Tree_6/f_Q_1_8       n/a   
   subgraph_gcare_yago.yago/Tree_6/f_Q_0_12      n/a   
   subgraph_gcare_yago.yago/Tree_6/f_Q_0_13      n/a   
   subgraph_gcare_yago.yago/Tree_6/f_Q_1_9       n/a   
   subgraph_gcare_yago.yago/Tree_6/f_Q_3_9       n/a   
   subgraph_gcare_yago.yago/Tree_6/f_Q_0_11      n/a   
   subgraph_gcare_yago.yago/Tree_6/f_Q_0_10      n/a   
   subgraph_gcare_yago.yago/Tree_6/f_Q_3_8       n/a   
   subgraph_gcare_yago.yago/Tree_6/f_Q_0_14      n/a   
   subgraph_gcare_yago.yago/Tree_6/f_Q_2_11      n/a   
   subgraph_gcare_yago.yago/Tree_6/f_Q_2_10      n/a   
   subgraph_gcare_yago.yago/Tree_6/f_Q_5_9       n/a   
   subgraph_gcare_yago.yago/Tree_6/f_Q_2_12      n/a   
   subgraph_gcare_yago.yago/Tree_6/f_Q_5_8       n/a   
   subgraph_gcare_yago.yago/Tree_6/f_Q_2_13      n/a   
   subgraph_gcare_yago.yago/Tree_6/f_Q_2_9       n/a   
   subgraph_gcare_yago.yago/Tree_6/f_Q_2_8       n/a   
   subgraph_gcare_yago.yago/Tree_6/f_Q_0_8       n/a   
   subgraph_gcare_yago.yago/Tree_6/f_Q_0_9       n/a   
   subgraph_gcare_yago.yago/Tree_6/f_Q_4_13      n/a   
   subgraph_gcare_yago.yago/Tree_6/f_Q_4_9       n/a   
   subgraph_gcare_yago.yago/Tree_6/f_Q_4_8       n/a   
   subgraph_gcare_yago.yago/Tree_6/f_Q_4_12      n/a   
   subgraph_gcare_yago.yago/Tree_6/f_Q_4_10      n/a   
   subgraph_gcare_yago.yago/Tree_6/f_Q_4_11      n/a   
  subgraph_gcare_yago.yago/Cycle_6/f_Q_3_15      n/a   
   subgraph_gcare_yago.yago/Cycle_6/f_Q_4_6      n/a   
  subgraph_gcare_yago.yago/Cycle_6/f_Q_1_10      n/a   
   subgraph_gcare_yago.yago/Cycle_6/f_Q_0_2      n/a   
  subgraph_gcare_yago.yago/Cycle_6/f_Q_1_11      n/a   
   subgraph_gcare_yago.yago/Cycle_6/f_Q_0_3      n/a   
   subgraph_gcare_yago.yago/Cycle_6/f_Q_2_1      n/a   
   subgraph_gcare_yago.yago/Cycle_6/f_Q_4_7      n/a   
  subgraph_gcare_yago.yago/Cycle_6/f_Q_3_14      n/a   
   subgraph_gcare_yago.yago/Cycle_6/f_Q_4_5      n/a   
   subgraph_gcare_yago.yago/Cycle_6/f_Q_2_3      n/a   
   subgraph_gcare_yago.yago/Cycle_6/f_Q_0_1      n/a   
  subgraph_gcare_yago.yago/Cycle_6/f_Q_1_13      n/a   
  subgraph_gcare_yago.yago/Cycle_6/f_Q_1_12      n/a   
   subgraph_gcare_yago.yago/Cycle_6/f_Q_2_2      n/a   
   subgraph_gcare_yago.yago/Cycle_6/f_Q_4_4      n/a   
  subgraph_gcare_yago.yago/Cycle_6/f_Q_3_13      n/a   
   subgraph_gcare_yago.yago/Cycle_6/f_Q_2_6      n/a   
   subgraph_gcare_yago.yago/Cycle_6/f_Q_0_4      n/a   
   subgraph_gcare_yago.yago/Cycle_6/f_Q_0_5      n/a   
   subgraph_gcare_yago.yago/Cycle_6/f_Q_2_7      n/a   
   subgraph_gcare_yago.yago/Cycle_6/f_Q_4_1      n/a   
  subgraph_gcare_yago.yago/Cycle_6/f_Q_3_12      n/a   
  subgraph_gcare_yago.yago/Cycle_6/f_Q_3_10      n/a   
   subgraph_gcare_yago.yago/Cycle_6/f_Q_4_3      n/a   
   subgraph_gcare_yago.yago/Cycle_6/f_Q_2_5      n/a   
   subgraph_gcare_yago.yago/Cycle_6/f_Q_0_7      n/a   
  subgraph_gcare_yago.yago/Cycle_6/f_Q_1_15      n/a   
   subgraph_gcare_yago.yago/Cycle_6/f_Q_0_6      n/a   
  subgraph_gcare_yago.yago/Cycle_6/f_Q_1_14      n/a   
   subgraph_gcare_yago.yago/Cycle_6/f_Q_2_4      n/a   
   subgraph_gcare_yago.yago/Cycle_6/f_Q_4_2      n/a   
  subgraph_gcare_yago.yago/Cycle_6/f_Q_3_11      n/a   
   subgraph_gcare_yago.yago/Cycle_6/f_Q_1_1      n/a   
   subgraph_gcare_yago.yago/Cycle_6/f_Q_3_3      n/a   
   subgraph_gcare_yago.yago/Cycle_6/f_Q_5_5      n/a   
   subgraph_gcare_yago.yago/Cycle_6/f_Q_5_4      n/a   
   subgraph_gcare_yago.yago/Cycle_6/f_Q_3_2      n/a   
   subgraph_gcare_yago.yago/Cycle_6/f_Q_1_2      n/a   
   subgraph_gcare_yago.yago/Cycle_6/f_Q_5_6      n/a   
  subgraph_gcare_yago.yago/Cycle_6/f_Q_5_14      n/a   
  subgraph_gcare_yago.yago/Cycle_6/f_Q_5_15      n/a   
   subgraph_gcare_yago.yago/Cycle_6/f_Q_5_7      n/a   
   subgraph_gcare_yago.yago/Cycle_6/f_Q_3_1      n/a   
   subgraph_gcare_yago.yago/Cycle_6/f_Q_1_3      n/a   
   subgraph_gcare_yago.yago/Cycle_6/f_Q_1_7      n/a   
   subgraph_gcare_yago.yago/Cycle_6/f_Q_3_5      n/a   
   subgraph_gcare_yago.yago/Cycle_6/f_Q_5_3      n/a   
  subgraph_gcare_yago.yago/Cycle_6/f_Q_5_11      n/a   
  subgraph_gcare_yago.yago/Cycle_6/f_Q_5_10      n/a   
   subgraph_gcare_yago.yago/Cycle_6/f_Q_5_2      n/a   
   subgraph_gcare_yago.yago/Cycle_6/f_Q_3_4      n/a   
   subgraph_gcare_yago.yago/Cycle_6/f_Q_1_6      n/a   
   subgraph_gcare_yago.yago/Cycle_6/f_Q_1_4      n/a   
   subgraph_gcare_yago.yago/Cycle_6/f_Q_3_6      n/a   
  subgraph_gcare_yago.yago/Cycle_6/f_Q_5_12      n/a   
  subgraph_gcare_yago.yago/Cycle_6/f_Q_5_13      n/a   
   subgraph_gcare_yago.yago/Cycle_6/f_Q_5_1      n/a   
   subgraph_gcare_yago.yago/Cycle_6/f_Q_3_7      n/a   
   subgraph_gcare_yago.yago/Cycle_6/f_Q_1_5      n/a   
   subgraph_gcare_yago.yago/Cycle_6/f_Q_1_8      n/a   
  subgraph_gcare_yago.yago/Cycle_6/f_Q_0_12      n/a   
  subgraph_gcare_yago.yago/Cycle_6/f_Q_0_13      n/a   
   subgraph_gcare_yago.yago/Cycle_6/f_Q_1_9      n/a   
   subgraph_gcare_yago.yago/Cycle_6/f_Q_3_9      n/a   
  subgraph_gcare_yago.yago/Cycle_6/f_Q_0_11      n/a   
  subgraph_gcare_yago.yago/Cycle_6/f_Q_2_14      n/a   
  subgraph_gcare_yago.yago/Cycle_6/f_Q_2_15      n/a   
  subgraph_gcare_yago.yago/Cycle_6/f_Q_0_10      n/a   
   subgraph_gcare_yago.yago/Cycle_6/f_Q_3_8      n/a   
  subgraph_gcare_yago.yago/Cycle_6/f_Q_0_14      n/a   
  subgraph_gcare_yago.yago/Cycle_6/f_Q_2_11      n/a   
  subgraph_gcare_yago.yago/Cycle_6/f_Q_2_10      n/a   
  subgraph_gcare_yago.yago/Cycle_6/f_Q_0_15      n/a   
   subgraph_gcare_yago.yago/Cycle_6/f_Q_5_9      n/a   
  subgraph_gcare_yago.yago/Cycle_6/f_Q_2_12      n/a   
   subgraph_gcare_yago.yago/Cycle_6/f_Q_5_8      n/a   
  subgraph_gcare_yago.yago/Cycle_6/f_Q_2_13      n/a   
  subgraph_gcare_yago.yago/Cycle_6/f_Q_4_15      n/a   
   subgraph_gcare_yago.yago/Cycle_6/f_Q_2_9      n/a   
   subgraph_gcare_yago.yago/Cycle_6/f_Q_2_8      n/a   
  subgraph_gcare_yago.yago/Cycle_6/f_Q_4_14      n/a   
   subgraph_gcare_yago.yago/Cycle_6/f_Q_0_8      n/a   
   subgraph_gcare_yago.yago/Cycle_6/f_Q_0_9      n/a   
  subgraph_gcare_yago.yago/Cycle_6/f_Q_4_13      n/a   
   subgraph_gcare_yago.yago/Cycle_6/f_Q_4_9      n/a   
   subgraph_gcare_yago.yago/Cycle_6/f_Q_4_8      n/a   
  subgraph_gcare_yago.yago/Cycle_6/f_Q_4_12      n/a   
  subgraph_gcare_yago.yago/Cycle_6/f_Q_4_10      n/a   
  subgraph_gcare_yago.yago/Cycle_6/f_Q_4_11      n/a   
  subgraph_gcare_yago.yago/Flower_6/f_Q_2_1      n/a   
  subgraph_gcare_yago.yago/Flower_6/f_Q_2_2      n/a   
  subgraph_gcare_yago.yago/Flower_6/f_Q_2_4      n/a   
  subgraph_gcare_yago.yago/Flower_6/f_Q_1_1      n/a   
  subgraph_gcare_yago.yago/Flower_6/f_Q_3_3      n/a   
  subgraph_gcare_yago.yago/Flower_6/f_Q_3_2      n/a   
  subgraph_gcare_yago.yago/Flower_6/f_Q_3_1      n/a   
  subgraph_gcare_yago.yago/Flower_6/f_Q_3_5      n/a   
  subgraph_gcare_yago.yago/Flower_6/f_Q_5_3      n/a   
  subgraph_gcare_yago.yago/Flower_6/f_Q_5_2      n/a   
  subgraph_gcare_yago.yago/Flower_6/f_Q_3_4      n/a   
  subgraph_gcare_yago.yago/Flower_6/f_Q_5_1      n/a   
   subgraph_gcare_yago.yago/Graph_9/f_Q_0_3      n/a   
   subgraph_gcare_yago.yago/Graph_9/f_Q_2_1      n/a   
   subgraph_gcare_yago.yago/Graph_9/f_Q_4_5      n/a   
   subgraph_gcare_yago.yago/Graph_9/f_Q_2_3      n/a   
   subgraph_gcare_yago.yago/Graph_9/f_Q_0_1      n/a   
   subgraph_gcare_yago.yago/Graph_9/f_Q_0_7      n/a   
   subgraph_gcare_yago.yago/Graph_9/f_Q_5_4      n/a   
   subgraph_gcare_yago.yago/Graph_9/f_Q_1_3      n/a   
   subgraph_gcare_yago.yago/Graph_9/f_Q_3_5      n/a   
   subgraph_gcare_yago.yago/Graph_9/f_Q_5_3      n/a   
  subgraph_gcare_yago.yago/Graph_9/f_Q_5_11      n/a   
   subgraph_gcare_yago.yago/Graph_9/f_Q_1_8      n/a   
  subgraph_gcare_yago.yago/Graph_9/f_Q_0_11      n/a   
   subgraph_gcare_yago.yago/Graph_9/f_Q_0_8      n/a   
   subgraph_gcare_yago.yago/Graph_9/f_Q_4_8      n/a   
  subgraph_gcare_yago.yago/Graph_9/f_Q_4_11      n/a   
  subgraph_gcare_yago.yago/Tree_12/f_Q_1_10      n/a   
   subgraph_gcare_yago.yago/Tree_12/f_Q_0_2      n/a   
  subgraph_gcare_yago.yago/Tree_12/f_Q_1_11      n/a   
   subgraph_gcare_yago.yago/Tree_12/f_Q_0_3      n/a   
   subgraph_gcare_yago.yago/Tree_12/f_Q_0_1      n/a   
   subgraph_gcare_yago.yago/Tree_12/f_Q_0_4      n/a   
   subgraph_gcare_yago.yago/Tree_12/f_Q_0_5      n/a   
   subgraph_gcare_yago.yago/Tree_12/f_Q_0_7      n/a   
   subgraph_gcare_yago.yago/Tree_12/f_Q_0_6      n/a   
   subgraph_gcare_yago.yago/Tree_12/f_Q_4_2      n/a   
   subgraph_gcare_yago.yago/Tree_12/f_Q_1_1      n/a   
   subgraph_gcare_yago.yago/Tree_12/f_Q_5_5      n/a   
   subgraph_gcare_yago.yago/Tree_12/f_Q_5_4      n/a   
   subgraph_gcare_yago.yago/Tree_12/f_Q_3_2      n/a   
   subgraph_gcare_yago.yago/Tree_12/f_Q_1_2      n/a   
   subgraph_gcare_yago.yago/Tree_12/f_Q_5_6      n/a   
   subgraph_gcare_yago.yago/Tree_12/f_Q_5_7      n/a   
   subgraph_gcare_yago.yago/Tree_12/f_Q_3_1      n/a   
   subgraph_gcare_yago.yago/Tree_12/f_Q_1_3      n/a   
   subgraph_gcare_yago.yago/Tree_12/f_Q_5_3      n/a   
   subgraph_gcare_yago.yago/Tree_12/f_Q_5_2      n/a   
   subgraph_gcare_yago.yago/Tree_12/f_Q_1_6      n/a   
   subgraph_gcare_yago.yago/Tree_12/f_Q_1_4      n/a   
   subgraph_gcare_yago.yago/Tree_12/f_Q_1_5      n/a   
   subgraph_gcare_yago.yago/Tree_12/f_Q_1_8      n/a   
  subgraph_gcare_yago.yago/Tree_12/f_Q_0_12      n/a   
  subgraph_gcare_yago.yago/Tree_12/f_Q_0_13      n/a   
   subgraph_gcare_yago.yago/Tree_12/f_Q_1_9      n/a   
  subgraph_gcare_yago.yago/Tree_12/f_Q_0_11      n/a   
  subgraph_gcare_yago.yago/Tree_12/f_Q_0_10      n/a   
  subgraph_gcare_yago.yago/Tree_12/f_Q_0_14      n/a   
   subgraph_gcare_yago.yago/Tree_12/f_Q_0_8      n/a   
   subgraph_gcare_yago.yago/Tree_12/f_Q_0_9      n/a   
   subgraph_gcare_yago.yago/Tree_9/f_Q_4_6       n/a   
   subgraph_gcare_yago.yago/Tree_9/f_Q_1_10      n/a   
   subgraph_gcare_yago.yago/Tree_9/f_Q_0_2       n/a   
   subgraph_gcare_yago.yago/Tree_9/f_Q_1_11      n/a   
   subgraph_gcare_yago.yago/Tree_9/f_Q_0_3       n/a   
   subgraph_gcare_yago.yago/Tree_9/f_Q_2_1       n/a   
   subgraph_gcare_yago.yago/Tree_9/f_Q_4_7       n/a   
   subgraph_gcare_yago.yago/Tree_9/f_Q_4_5       n/a   
   subgraph_gcare_yago.yago/Tree_9/f_Q_2_3       n/a   
   subgraph_gcare_yago.yago/Tree_9/f_Q_0_1       n/a   
   subgraph_gcare_yago.yago/Tree_9/f_Q_1_13      n/a   
   subgraph_gcare_yago.yago/Tree_9/f_Q_1_12      n/a   
   subgraph_gcare_yago.yago/Tree_9/f_Q_2_2       n/a   
   subgraph_gcare_yago.yago/Tree_9/f_Q_4_4       n/a   
   subgraph_gcare_yago.yago/Tree_9/f_Q_2_6       n/a   
   subgraph_gcare_yago.yago/Tree_9/f_Q_0_4       n/a   
   subgraph_gcare_yago.yago/Tree_9/f_Q_0_5       n/a   
   subgraph_gcare_yago.yago/Tree_9/f_Q_2_7       n/a   
   subgraph_gcare_yago.yago/Tree_9/f_Q_4_1       n/a   
   subgraph_gcare_yago.yago/Tree_9/f_Q_3_12      n/a   
   subgraph_gcare_yago.yago/Tree_9/f_Q_3_10      n/a   
   subgraph_gcare_yago.yago/Tree_9/f_Q_4_3       n/a   
   subgraph_gcare_yago.yago/Tree_9/f_Q_2_5       n/a   
   subgraph_gcare_yago.yago/Tree_9/f_Q_0_7       n/a   
   subgraph_gcare_yago.yago/Tree_9/f_Q_0_6       n/a   
   subgraph_gcare_yago.yago/Tree_9/f_Q_2_4       n/a   
   subgraph_gcare_yago.yago/Tree_9/f_Q_4_2       n/a   
   subgraph_gcare_yago.yago/Tree_9/f_Q_3_11      n/a   
   subgraph_gcare_yago.yago/Tree_9/f_Q_1_1       n/a   
   subgraph_gcare_yago.yago/Tree_9/f_Q_3_3       n/a   
   subgraph_gcare_yago.yago/Tree_9/f_Q_5_5       n/a   
   subgraph_gcare_yago.yago/Tree_9/f_Q_5_4       n/a   
   subgraph_gcare_yago.yago/Tree_9/f_Q_3_2       n/a   
   subgraph_gcare_yago.yago/Tree_9/f_Q_1_2       n/a   
   subgraph_gcare_yago.yago/Tree_9/f_Q_5_6       n/a   
   subgraph_gcare_yago.yago/Tree_9/f_Q_5_7       n/a   
   subgraph_gcare_yago.yago/Tree_9/f_Q_3_1       n/a   
   subgraph_gcare_yago.yago/Tree_9/f_Q_1_3       n/a   
   subgraph_gcare_yago.yago/Tree_9/f_Q_1_7       n/a   
   subgraph_gcare_yago.yago/Tree_9/f_Q_3_5       n/a   
   subgraph_gcare_yago.yago/Tree_9/f_Q_5_3       n/a   
   subgraph_gcare_yago.yago/Tree_9/f_Q_5_11      n/a   
   subgraph_gcare_yago.yago/Tree_9/f_Q_5_10      n/a   
   subgraph_gcare_yago.yago/Tree_9/f_Q_5_2       n/a   
   subgraph_gcare_yago.yago/Tree_9/f_Q_3_4       n/a   
   subgraph_gcare_yago.yago/Tree_9/f_Q_1_6       n/a   
   subgraph_gcare_yago.yago/Tree_9/f_Q_1_4       n/a   
   subgraph_gcare_yago.yago/Tree_9/f_Q_3_6       n/a   
   subgraph_gcare_yago.yago/Tree_9/f_Q_5_12      n/a   
   subgraph_gcare_yago.yago/Tree_9/f_Q_5_13      n/a   
   subgraph_gcare_yago.yago/Tree_9/f_Q_5_1       n/a   
   subgraph_gcare_yago.yago/Tree_9/f_Q_3_7       n/a   
   subgraph_gcare_yago.yago/Tree_9/f_Q_1_5       n/a   
   subgraph_gcare_yago.yago/Tree_9/f_Q_1_8       n/a   
   subgraph_gcare_yago.yago/Tree_9/f_Q_0_12      n/a   
   subgraph_gcare_yago.yago/Tree_9/f_Q_0_13      n/a   
   subgraph_gcare_yago.yago/Tree_9/f_Q_1_9       n/a   
   subgraph_gcare_yago.yago/Tree_9/f_Q_3_9       n/a   
   subgraph_gcare_yago.yago/Tree_9/f_Q_0_11      n/a   
   subgraph_gcare_yago.yago/Tree_9/f_Q_0_10      n/a   
   subgraph_gcare_yago.yago/Tree_9/f_Q_3_8       n/a   
   subgraph_gcare_yago.yago/Tree_9/f_Q_0_14      n/a   
   subgraph_gcare_yago.yago/Tree_9/f_Q_5_9       n/a   
   subgraph_gcare_yago.yago/Tree_9/f_Q_5_8       n/a   
   subgraph_gcare_yago.yago/Tree_9/f_Q_2_8       n/a   
   subgraph_gcare_yago.yago/Tree_9/f_Q_0_8       n/a   
   subgraph_gcare_yago.yago/Tree_9/f_Q_0_9       n/a   
   subgraph_gcare_yago.yago/Tree_9/f_Q_4_13      n/a   
   subgraph_gcare_yago.yago/Tree_9/f_Q_4_9       n/a   
   subgraph_gcare_yago.yago/Tree_9/f_Q_4_8       n/a   
   subgraph_gcare_yago.yago/Tree_9/f_Q_4_12      n/a   
   subgraph_gcare_yago.yago/Tree_9/f_Q_4_10      n/a   
   subgraph_gcare_yago.yago/Tree_9/f_Q_4_11      n/a   
   subgraph_gcare_yago.yago/Cycle_9/f_Q_0_2      n/a   
   subgraph_gcare_yago.yago/Cycle_9/f_Q_0_3      n/a   
   subgraph_gcare_yago.yago/Cycle_9/f_Q_0_1      n/a   
   subgraph_gcare_yago.yago/Cycle_9/f_Q_0_4      n/a   
   subgraph_gcare_yago.yago/Cycle_9/f_Q_0_5      n/a   
   subgraph_gcare_yago.yago/Cycle_9/f_Q_0_7      n/a   
   subgraph_gcare_yago.yago/Cycle_9/f_Q_0_6      n/a   
  subgraph_gcare_yago.yago/Cycle_9/f_Q_0_12      n/a   
  subgraph_gcare_yago.yago/Cycle_9/f_Q_0_11      n/a   
  subgraph_gcare_yago.yago/Cycle_9/f_Q_0_10      n/a   
   subgraph_gcare_yago.yago/Cycle_9/f_Q_0_8      n/a   
   subgraph_gcare_yago.yago/Cycle_9/f_Q_0_9      n/a   
   subgraph_gcare_yago.yago/Graph_6/f_Q_4_6      n/a   
  subgraph_gcare_yago.yago/Graph_6/f_Q_1_10      n/a   
   subgraph_gcare_yago.yago/Graph_6/f_Q_0_2      n/a   
   subgraph_gcare_yago.yago/Graph_6/f_Q_0_3      n/a   
   subgraph_gcare_yago.yago/Graph_6/f_Q_2_1      n/a   
   subgraph_gcare_yago.yago/Graph_6/f_Q_4_5      n/a   
   subgraph_gcare_yago.yago/Graph_6/f_Q_2_3      n/a   
   subgraph_gcare_yago.yago/Graph_6/f_Q_0_1      n/a   
  subgraph_gcare_yago.yago/Graph_6/f_Q_1_13      n/a   
   subgraph_gcare_yago.yago/Graph_6/f_Q_2_2      n/a   
   subgraph_gcare_yago.yago/Graph_6/f_Q_4_4      n/a   
   subgraph_gcare_yago.yago/Graph_6/f_Q_0_4      n/a   
   subgraph_gcare_yago.yago/Graph_6/f_Q_0_5      n/a   
  subgraph_gcare_yago.yago/Graph_6/f_Q_3_12      n/a   
  subgraph_gcare_yago.yago/Graph_6/f_Q_3_10      n/a   
   subgraph_gcare_yago.yago/Graph_6/f_Q_4_3      n/a   
   subgraph_gcare_yago.yago/Graph_6/f_Q_2_5      n/a   
   subgraph_gcare_yago.yago/Graph_6/f_Q_0_7      n/a   
   subgraph_gcare_yago.yago/Graph_6/f_Q_0_6      n/a   
   subgraph_gcare_yago.yago/Graph_6/f_Q_4_2      n/a   
  subgraph_gcare_yago.yago/Graph_6/f_Q_3_11      n/a   
   subgraph_gcare_yago.yago/Graph_6/f_Q_3_3      n/a   
   subgraph_gcare_yago.yago/Graph_6/f_Q_5_5      n/a   
   subgraph_gcare_yago.yago/Graph_6/f_Q_5_4      n/a   
   subgraph_gcare_yago.yago/Graph_6/f_Q_5_6      n/a   
   subgraph_gcare_yago.yago/Graph_6/f_Q_5_7      n/a   
   subgraph_gcare_yago.yago/Graph_6/f_Q_1_3      n/a   
   subgraph_gcare_yago.yago/Graph_6/f_Q_1_7      n/a   
   subgraph_gcare_yago.yago/Graph_6/f_Q_5_3      n/a   
  subgraph_gcare_yago.yago/Graph_6/f_Q_5_10      n/a   
   subgraph_gcare_yago.yago/Graph_6/f_Q_1_4      n/a   
   subgraph_gcare_yago.yago/Graph_6/f_Q_5_1      n/a   
   subgraph_gcare_yago.yago/Graph_6/f_Q_3_7      n/a   
   subgraph_gcare_yago.yago/Graph_6/f_Q_1_5      n/a   
  subgraph_gcare_yago.yago/Graph_6/f_Q_0_13      n/a   
   subgraph_gcare_yago.yago/Graph_6/f_Q_1_9      n/a   
  subgraph_gcare_yago.yago/Graph_6/f_Q_0_11      n/a   
  subgraph_gcare_yago.yago/Graph_6/f_Q_0_10      n/a   
  subgraph_gcare_yago.yago/Graph_6/f_Q_0_14      n/a   
  subgraph_gcare_yago.yago/Graph_6/f_Q_2_11      n/a   
  subgraph_gcare_yago.yago/Graph_6/f_Q_2_10      n/a   
   subgraph_gcare_yago.yago/Graph_6/f_Q_5_9      n/a   
  subgraph_gcare_yago.yago/Graph_6/f_Q_2_12      n/a   
  subgraph_gcare_yago.yago/Graph_6/f_Q_2_13      n/a   
   subgraph_gcare_yago.yago/Graph_6/f_Q_2_9      n/a   
   subgraph_gcare_yago.yago/Graph_6/f_Q_4_9      n/a   
   subgraph_gcare_yago.yago/Graph_6/f_Q_4_8      n/a   
  subgraph_gcare_yago.yago/Graph_6/f_Q_4_10      n/a   
  subgraph_gcare_yago.yago/Graph_6/f_Q_4_11      n/a   
   subgraph_gcare_yago.yago/Star_3/f_Q_4_6       n/a   
   subgraph_gcare_yago.yago/Star_3/f_Q_1_10      n/a   
   subgraph_gcare_yago.yago/Star_3/f_Q_0_2       n/a   
   subgraph_gcare_yago.yago/Star_3/f_Q_1_11      n/a   
   subgraph_gcare_yago.yago/Star_3/f_Q_0_3       n/a   
   subgraph_gcare_yago.yago/Star_3/f_Q_2_1       n/a   
   subgraph_gcare_yago.yago/Star_3/f_Q_4_7       n/a   
   subgraph_gcare_yago.yago/Star_3/f_Q_4_5       n/a   
   subgraph_gcare_yago.yago/Star_3/f_Q_2_3       n/a   
   subgraph_gcare_yago.yago/Star_3/f_Q_0_1       n/a   
   subgraph_gcare_yago.yago/Star_3/f_Q_1_13      n/a   
   subgraph_gcare_yago.yago/Star_3/f_Q_1_12      n/a   
   subgraph_gcare_yago.yago/Star_3/f_Q_2_2       n/a   
   subgraph_gcare_yago.yago/Star_3/f_Q_4_4       n/a   
   subgraph_gcare_yago.yago/Star_3/f_Q_3_13      n/a   
   subgraph_gcare_yago.yago/Star_3/f_Q_2_6       n/a   
   subgraph_gcare_yago.yago/Star_3/f_Q_0_4       n/a   
   subgraph_gcare_yago.yago/Star_3/f_Q_0_5       n/a   
   subgraph_gcare_yago.yago/Star_3/f_Q_2_7       n/a   
   subgraph_gcare_yago.yago/Star_3/f_Q_4_1       n/a   
   subgraph_gcare_yago.yago/Star_3/f_Q_3_12      n/a   
   subgraph_gcare_yago.yago/Star_3/f_Q_3_10      n/a   
   subgraph_gcare_yago.yago/Star_3/f_Q_4_3       n/a   
   subgraph_gcare_yago.yago/Star_3/f_Q_2_5       n/a   
   subgraph_gcare_yago.yago/Star_3/f_Q_0_7       n/a   
   subgraph_gcare_yago.yago/Star_3/f_Q_0_6       n/a   
   subgraph_gcare_yago.yago/Star_3/f_Q_1_14      n/a   
   subgraph_gcare_yago.yago/Star_3/f_Q_2_4       n/a   
   subgraph_gcare_yago.yago/Star_3/f_Q_4_2       n/a   
   subgraph_gcare_yago.yago/Star_3/f_Q_3_11      n/a   
   subgraph_gcare_yago.yago/Star_3/f_Q_1_1       n/a   
   subgraph_gcare_yago.yago/Star_3/f_Q_3_3       n/a   
   subgraph_gcare_yago.yago/Star_3/f_Q_5_5       n/a   
   subgraph_gcare_yago.yago/Star_3/f_Q_5_4       n/a   
   subgraph_gcare_yago.yago/Star_3/f_Q_3_2       n/a   
   subgraph_gcare_yago.yago/Star_3/f_Q_1_2       n/a   
   subgraph_gcare_yago.yago/Star_3/f_Q_5_6       n/a   
   subgraph_gcare_yago.yago/Star_3/f_Q_5_7       n/a   
   subgraph_gcare_yago.yago/Star_3/f_Q_3_1       n/a   
   subgraph_gcare_yago.yago/Star_3/f_Q_1_3       n/a   
   subgraph_gcare_yago.yago/Star_3/f_Q_3_5       n/a   
   subgraph_gcare_yago.yago/Star_3/f_Q_5_3       n/a   
   subgraph_gcare_yago.yago/Star_3/f_Q_5_11      n/a   
   subgraph_gcare_yago.yago/Star_3/f_Q_5_10      n/a   
   subgraph_gcare_yago.yago/Star_3/f_Q_5_2       n/a   
   subgraph_gcare_yago.yago/Star_3/f_Q_3_4       n/a   
   subgraph_gcare_yago.yago/Star_3/f_Q_1_6       n/a   
   subgraph_gcare_yago.yago/Star_3/f_Q_1_4       n/a   
   subgraph_gcare_yago.yago/Star_3/f_Q_3_6       n/a   
   subgraph_gcare_yago.yago/Star_3/f_Q_5_12      n/a   
   subgraph_gcare_yago.yago/Star_3/f_Q_5_13      n/a   
   subgraph_gcare_yago.yago/Star_3/f_Q_5_1       n/a   
   subgraph_gcare_yago.yago/Star_3/f_Q_3_7       n/a   
   subgraph_gcare_yago.yago/Star_3/f_Q_1_5       n/a   
   subgraph_gcare_yago.yago/Star_3/f_Q_1_8       n/a   
   subgraph_gcare_yago.yago/Star_3/f_Q_0_12      n/a   
   subgraph_gcare_yago.yago/Star_3/f_Q_0_13      n/a   
   subgraph_gcare_yago.yago/Star_3/f_Q_1_9       n/a   
   subgraph_gcare_yago.yago/Star_3/f_Q_3_9       n/a   
   subgraph_gcare_yago.yago/Star_3/f_Q_0_11      n/a   
   subgraph_gcare_yago.yago/Star_3/f_Q_0_10      n/a   
   subgraph_gcare_yago.yago/Star_3/f_Q_3_8       n/a   
   subgraph_gcare_yago.yago/Star_3/f_Q_0_14      n/a   
   subgraph_gcare_yago.yago/Star_3/f_Q_2_11      n/a   
   subgraph_gcare_yago.yago/Star_3/f_Q_2_10      n/a   
   subgraph_gcare_yago.yago/Star_3/f_Q_5_9       n/a   
   subgraph_gcare_yago.yago/Star_3/f_Q_2_12      n/a   
   subgraph_gcare_yago.yago/Star_3/f_Q_5_8       n/a   
   subgraph_gcare_yago.yago/Star_3/f_Q_2_13      n/a   
   subgraph_gcare_yago.yago/Star_3/f_Q_2_9       n/a   
   subgraph_gcare_yago.yago/Star_3/f_Q_2_8       n/a   
   subgraph_gcare_yago.yago/Star_3/f_Q_0_8       n/a   
   subgraph_gcare_yago.yago/Star_3/f_Q_0_9       n/a   
   subgraph_gcare_yago.yago/Star_3/f_Q_4_13      n/a   
   subgraph_gcare_yago.yago/Star_3/f_Q_4_9       n/a   
   subgraph_gcare_yago.yago/Star_3/f_Q_4_8       n/a   
   subgraph_gcare_yago.yago/Star_3/f_Q_4_12      n/a   
   subgraph_gcare_yago.yago/Star_3/f_Q_4_10      n/a   
   subgraph_gcare_yago.yago/Star_3/f_Q_4_11      n/a   
  subgraph_gcare_yago.yago/Petal_12/f_Q_0_2      n/a   
  subgraph_gcare_yago.yago/Petal_12/f_Q_0_3      n/a   
  subgraph_gcare_yago.yago/Petal_12/f_Q_2_1      n/a   
  subgraph_gcare_yago.yago/Petal_12/f_Q_2_3      n/a   
  subgraph_gcare_yago.yago/Petal_12/f_Q_0_1      n/a   
  subgraph_gcare_yago.yago/Petal_12/f_Q_2_2      n/a   
  subgraph_gcare_yago.yago/Petal_12/f_Q_4_1      n/a   
  subgraph_gcare_yago.yago/Petal_12/f_Q_2_4      n/a   
  subgraph_gcare_yago.yago/Petal_12/f_Q_1_1      n/a   
  subgraph_gcare_yago.yago/Petal_12/f_Q_3_3      n/a   
  subgraph_gcare_yago.yago/Petal_12/f_Q_3_2      n/a   
  subgraph_gcare_yago.yago/Petal_12/f_Q_1_2      n/a   
  subgraph_gcare_yago.yago/Petal_12/f_Q_3_1      n/a   
  subgraph_gcare_yago.yago/Petal_12/f_Q_1_3      n/a   
  subgraph_gcare_yago.yago/Petal_12/f_Q_3_5      n/a   
  subgraph_gcare_yago.yago/Petal_12/f_Q_3_4      n/a   
  subgraph_gcare_yago.yago/Petal_12/f_Q_1_6      n/a   
  subgraph_gcare_yago.yago/Petal_12/f_Q_1_4      n/a   
  subgraph_gcare_yago.yago/Petal_12/f_Q_5_1      n/a   
  subgraph_gcare_yago.yago/Petal_12/f_Q_1_5      n/a   
  subgraph_gcare_yago.yago/Petal_12/f_Q_0_8      n/a   
  subgraph_gcare_yago.yago/Petal_12/f_Q_0_9      n/a   
  subgraph_gcare_yago.yago/Clique_6/f_Q_0_11     n/a   
   subgraph_gcare_yago.yago/Chain_3/f_Q_4_6      n/a   
  subgraph_gcare_yago.yago/Chain_3/f_Q_1_10      n/a   
   subgraph_gcare_yago.yago/Chain_3/f_Q_0_2      n/a   
  subgraph_gcare_yago.yago/Chain_3/f_Q_1_11      n/a   
   subgraph_gcare_yago.yago/Chain_3/f_Q_0_3      n/a   
   subgraph_gcare_yago.yago/Chain_3/f_Q_2_1      n/a   
   subgraph_gcare_yago.yago/Chain_3/f_Q_4_7      n/a   
   subgraph_gcare_yago.yago/Chain_3/f_Q_4_5      n/a   
   subgraph_gcare_yago.yago/Chain_3/f_Q_2_3      n/a   
   subgraph_gcare_yago.yago/Chain_3/f_Q_0_1      n/a   
  subgraph_gcare_yago.yago/Chain_3/f_Q_1_13      n/a   
  subgraph_gcare_yago.yago/Chain_3/f_Q_1_12      n/a   
   subgraph_gcare_yago.yago/Chain_3/f_Q_2_2      n/a   
   subgraph_gcare_yago.yago/Chain_3/f_Q_4_4      n/a   
  subgraph_gcare_yago.yago/Chain_3/f_Q_3_13      n/a   
   subgraph_gcare_yago.yago/Chain_3/f_Q_2_6      n/a   
   subgraph_gcare_yago.yago/Chain_3/f_Q_0_4      n/a   
   subgraph_gcare_yago.yago/Chain_3/f_Q_0_5      n/a   
   subgraph_gcare_yago.yago/Chain_3/f_Q_2_7      n/a   
   subgraph_gcare_yago.yago/Chain_3/f_Q_4_1      n/a   
  subgraph_gcare_yago.yago/Chain_3/f_Q_3_12      n/a   
  subgraph_gcare_yago.yago/Chain_3/f_Q_3_10      n/a   
   subgraph_gcare_yago.yago/Chain_3/f_Q_4_3      n/a   
   subgraph_gcare_yago.yago/Chain_3/f_Q_2_5      n/a   
   subgraph_gcare_yago.yago/Chain_3/f_Q_0_7      n/a   
   subgraph_gcare_yago.yago/Chain_3/f_Q_0_6      n/a   
  subgraph_gcare_yago.yago/Chain_3/f_Q_1_14      n/a   
   subgraph_gcare_yago.yago/Chain_3/f_Q_2_4      n/a   
   subgraph_gcare_yago.yago/Chain_3/f_Q_4_2      n/a   
  subgraph_gcare_yago.yago/Chain_3/f_Q_3_11      n/a   
   subgraph_gcare_yago.yago/Chain_3/f_Q_1_1      n/a   
   subgraph_gcare_yago.yago/Chain_3/f_Q_3_3      n/a   
   subgraph_gcare_yago.yago/Chain_3/f_Q_5_5      n/a   
   subgraph_gcare_yago.yago/Chain_3/f_Q_5_4      n/a   
   subgraph_gcare_yago.yago/Chain_3/f_Q_3_2      n/a   
   subgraph_gcare_yago.yago/Chain_3/f_Q_1_2      n/a   
   subgraph_gcare_yago.yago/Chain_3/f_Q_5_6      n/a   
   subgraph_gcare_yago.yago/Chain_3/f_Q_5_7      n/a   
   subgraph_gcare_yago.yago/Chain_3/f_Q_3_1      n/a   
   subgraph_gcare_yago.yago/Chain_3/f_Q_1_3      n/a   
   subgraph_gcare_yago.yago/Chain_3/f_Q_1_7      n/a   
   subgraph_gcare_yago.yago/Chain_3/f_Q_3_5      n/a   
   subgraph_gcare_yago.yago/Chain_3/f_Q_5_3      n/a   
  subgraph_gcare_yago.yago/Chain_3/f_Q_5_11      n/a   
  subgraph_gcare_yago.yago/Chain_3/f_Q_5_10      n/a   
   subgraph_gcare_yago.yago/Chain_3/f_Q_5_2      n/a   
   subgraph_gcare_yago.yago/Chain_3/f_Q_3_4      n/a   
   subgraph_gcare_yago.yago/Chain_3/f_Q_1_6      n/a   
   subgraph_gcare_yago.yago/Chain_3/f_Q_1_4      n/a   
   subgraph_gcare_yago.yago/Chain_3/f_Q_3_6      n/a   
  subgraph_gcare_yago.yago/Chain_3/f_Q_5_12      n/a   
  subgraph_gcare_yago.yago/Chain_3/f_Q_5_13      n/a   
   subgraph_gcare_yago.yago/Chain_3/f_Q_5_1      n/a   
   subgraph_gcare_yago.yago/Chain_3/f_Q_3_7      n/a   
   subgraph_gcare_yago.yago/Chain_3/f_Q_1_5      n/a   
   subgraph_gcare_yago.yago/Chain_3/f_Q_1_8      n/a   
  subgraph_gcare_yago.yago/Chain_3/f_Q_0_12      n/a   
  subgraph_gcare_yago.yago/Chain_3/f_Q_0_13      n/a   
   subgraph_gcare_yago.yago/Chain_3/f_Q_1_9      n/a   
   subgraph_gcare_yago.yago/Chain_3/f_Q_3_9      n/a   
  subgraph_gcare_yago.yago/Chain_3/f_Q_0_11      n/a   
  subgraph_gcare_yago.yago/Chain_3/f_Q_0_10      n/a   
   subgraph_gcare_yago.yago/Chain_3/f_Q_3_8      n/a   
  subgraph_gcare_yago.yago/Chain_3/f_Q_0_14      n/a   
  subgraph_gcare_yago.yago/Chain_3/f_Q_2_11      n/a   
  subgraph_gcare_yago.yago/Chain_3/f_Q_2_10      n/a   
   subgraph_gcare_yago.yago/Chain_3/f_Q_5_9      n/a   
  subgraph_gcare_yago.yago/Chain_3/f_Q_2_12      n/a   
   subgraph_gcare_yago.yago/Chain_3/f_Q_5_8      n/a   
  subgraph_gcare_yago.yago/Chain_3/f_Q_2_13      n/a   
   subgraph_gcare_yago.yago/Chain_3/f_Q_2_9      n/a   
   subgraph_gcare_yago.yago/Chain_3/f_Q_2_8      n/a   
   subgraph_gcare_yago.yago/Chain_3/f_Q_0_8      n/a   
   subgraph_gcare_yago.yago/Chain_3/f_Q_0_9      n/a   
  subgraph_gcare_yago.yago/Chain_3/f_Q_4_13      n/a   
   subgraph_gcare_yago.yago/Chain_3/f_Q_4_9      n/a   
   subgraph_gcare_yago.yago/Chain_3/f_Q_4_8      n/a   
  subgraph_gcare_yago.yago/Chain_3/f_Q_4_12      n/a   
  subgraph_gcare_yago.yago/Chain_3/f_Q_4_10      n/a   
  subgraph_gcare_yago.yago/Chain_3/f_Q_4_11      n/a   
   subgraph_gcare_yago.yago/Graph_3/f_Q_0_2      n/a   
  subgraph_gcare_yago.yago/Graph_3/f_Q_1_11      n/a   
   subgraph_gcare_yago.yago/Graph_3/f_Q_0_3      n/a   
   subgraph_gcare_yago.yago/Graph_3/f_Q_2_1      n/a   
   subgraph_gcare_yago.yago/Graph_3/f_Q_4_7      n/a   
   subgraph_gcare_yago.yago/Graph_3/f_Q_4_5      n/a   
   subgraph_gcare_yago.yago/Graph_3/f_Q_2_3      n/a   
   subgraph_gcare_yago.yago/Graph_3/f_Q_0_1      n/a   
  subgraph_gcare_yago.yago/Graph_3/f_Q_1_13      n/a   
   subgraph_gcare_yago.yago/Graph_3/f_Q_2_2      n/a   
   subgraph_gcare_yago.yago/Graph_3/f_Q_4_4      n/a   
   subgraph_gcare_yago.yago/Graph_3/f_Q_2_6      n/a   
   subgraph_gcare_yago.yago/Graph_3/f_Q_0_4      n/a   
   subgraph_gcare_yago.yago/Graph_3/f_Q_0_5      n/a   
   subgraph_gcare_yago.yago/Graph_3/f_Q_2_7      n/a   
   subgraph_gcare_yago.yago/Graph_3/f_Q_4_1      n/a   
  subgraph_gcare_yago.yago/Graph_3/f_Q_3_12      n/a   
  subgraph_gcare_yago.yago/Graph_3/f_Q_3_10      n/a   
   subgraph_gcare_yago.yago/Graph_3/f_Q_2_5      n/a   
   subgraph_gcare_yago.yago/Graph_3/f_Q_0_7      n/a   
   subgraph_gcare_yago.yago/Graph_3/f_Q_0_6      n/a   
   subgraph_gcare_yago.yago/Graph_3/f_Q_2_4      n/a   
   subgraph_gcare_yago.yago/Graph_3/f_Q_4_2      n/a   
  subgraph_gcare_yago.yago/Graph_3/f_Q_3_11      n/a   
   subgraph_gcare_yago.yago/Graph_3/f_Q_3_3      n/a   
   subgraph_gcare_yago.yago/Graph_3/f_Q_5_5      n/a   
   subgraph_gcare_yago.yago/Graph_3/f_Q_3_2      n/a   
   subgraph_gcare_yago.yago/Graph_3/f_Q_1_2      n/a   
   subgraph_gcare_yago.yago/Graph_3/f_Q_5_7      n/a   
   subgraph_gcare_yago.yago/Graph_3/f_Q_3_1      n/a   
   subgraph_gcare_yago.yago/Graph_3/f_Q_1_3      n/a   
   subgraph_gcare_yago.yago/Graph_3/f_Q_5_3      n/a   
   subgraph_gcare_yago.yago/Graph_3/f_Q_5_2      n/a   
   subgraph_gcare_yago.yago/Graph_3/f_Q_1_4      n/a   
  subgraph_gcare_yago.yago/Graph_3/f_Q_5_12      n/a   
  subgraph_gcare_yago.yago/Graph_3/f_Q_5_13      n/a   
   subgraph_gcare_yago.yago/Graph_3/f_Q_3_7      n/a   
   subgraph_gcare_yago.yago/Graph_3/f_Q_1_5      n/a   
   subgraph_gcare_yago.yago/Graph_3/f_Q_1_8      n/a   
  subgraph_gcare_yago.yago/Graph_3/f_Q_0_12      n/a   
  subgraph_gcare_yago.yago/Graph_3/f_Q_0_13      n/a   
   subgraph_gcare_yago.yago/Graph_3/f_Q_1_9      n/a   
  subgraph_gcare_yago.yago/Graph_3/f_Q_0_11      n/a   
  subgraph_gcare_yago.yago/Graph_3/f_Q_0_10      n/a   
   subgraph_gcare_yago.yago/Graph_3/f_Q_3_8      n/a   
  subgraph_gcare_yago.yago/Graph_3/f_Q_0_14      n/a   
  subgraph_gcare_yago.yago/Graph_3/f_Q_2_11      n/a   
  subgraph_gcare_yago.yago/Graph_3/f_Q_2_10      n/a   
  subgraph_gcare_yago.yago/Graph_3/f_Q_2_12      n/a   
   subgraph_gcare_yago.yago/Graph_3/f_Q_5_8      n/a   
  subgraph_gcare_yago.yago/Graph_3/f_Q_2_13      n/a   
   subgraph_gcare_yago.yago/Graph_3/f_Q_2_9      n/a   
   subgraph_gcare_yago.yago/Graph_3/f_Q_0_8      n/a   
   subgraph_gcare_yago.yago/Graph_3/f_Q_0_9      n/a   
  subgraph_gcare_yago.yago/Graph_3/f_Q_4_13      n/a   
   subgraph_gcare_yago.yago/Graph_3/f_Q_4_8      n/a   
  subgraph_gcare_yago.yago/Graph_3/f_Q_4_10      n/a   
  subgraph_gcare_yago.yago/Graph_3/f_Q_4_11      n/a   
   subgraph_gcare_yago.yago/Petal_6/f_Q_4_6      n/a   
  subgraph_gcare_yago.yago/Petal_6/f_Q_1_10      n/a   
   subgraph_gcare_yago.yago/Petal_6/f_Q_0_2      n/a   
  subgraph_gcare_yago.yago/Petal_6/f_Q_1_11      n/a   
   subgraph_gcare_yago.yago/Petal_6/f_Q_0_3      n/a   
   subgraph_gcare_yago.yago/Petal_6/f_Q_2_1      n/a   
  subgraph_gcare_yago.yago/Petal_6/f_Q_3_14      n/a   
   subgraph_gcare_yago.yago/Petal_6/f_Q_4_5      n/a   
   subgraph_gcare_yago.yago/Petal_6/f_Q_2_3      n/a   
   subgraph_gcare_yago.yago/Petal_6/f_Q_0_1      n/a   
  subgraph_gcare_yago.yago/Petal_6/f_Q_1_13      n/a   
  subgraph_gcare_yago.yago/Petal_6/f_Q_1_12      n/a   
   subgraph_gcare_yago.yago/Petal_6/f_Q_2_2      n/a   
   subgraph_gcare_yago.yago/Petal_6/f_Q_4_4      n/a   
  subgraph_gcare_yago.yago/Petal_6/f_Q_3_13      n/a   
   subgraph_gcare_yago.yago/Petal_6/f_Q_2_6      n/a   
   subgraph_gcare_yago.yago/Petal_6/f_Q_0_4      n/a   
   subgraph_gcare_yago.yago/Petal_6/f_Q_0_5      n/a   
   subgraph_gcare_yago.yago/Petal_6/f_Q_2_7      n/a   
   subgraph_gcare_yago.yago/Petal_6/f_Q_4_1      n/a   
  subgraph_gcare_yago.yago/Petal_6/f_Q_3_12      n/a   
  subgraph_gcare_yago.yago/Petal_6/f_Q_3_10      n/a   
   subgraph_gcare_yago.yago/Petal_6/f_Q_4_3      n/a   
   subgraph_gcare_yago.yago/Petal_6/f_Q_2_5      n/a   
   subgraph_gcare_yago.yago/Petal_6/f_Q_0_7      n/a   
   subgraph_gcare_yago.yago/Petal_6/f_Q_0_6      n/a   
  subgraph_gcare_yago.yago/Petal_6/f_Q_1_14      n/a   
   subgraph_gcare_yago.yago/Petal_6/f_Q_2_4      n/a   
   subgraph_gcare_yago.yago/Petal_6/f_Q_4_2      n/a   
  subgraph_gcare_yago.yago/Petal_6/f_Q_3_11      n/a   
   subgraph_gcare_yago.yago/Petal_6/f_Q_1_1      n/a   
   subgraph_gcare_yago.yago/Petal_6/f_Q_3_3      n/a   
   subgraph_gcare_yago.yago/Petal_6/f_Q_5_5      n/a   
   subgraph_gcare_yago.yago/Petal_6/f_Q_5_4      n/a   
   subgraph_gcare_yago.yago/Petal_6/f_Q_3_2      n/a   
   subgraph_gcare_yago.yago/Petal_6/f_Q_1_2      n/a   
   subgraph_gcare_yago.yago/Petal_6/f_Q_5_6      n/a   
   subgraph_gcare_yago.yago/Petal_6/f_Q_5_7      n/a   
   subgraph_gcare_yago.yago/Petal_6/f_Q_3_1      n/a   
   subgraph_gcare_yago.yago/Petal_6/f_Q_1_3      n/a   
   subgraph_gcare_yago.yago/Petal_6/f_Q_1_7      n/a   
   subgraph_gcare_yago.yago/Petal_6/f_Q_3_5      n/a   
   subgraph_gcare_yago.yago/Petal_6/f_Q_5_3      n/a   
  subgraph_gcare_yago.yago/Petal_6/f_Q_5_11      n/a   
  subgraph_gcare_yago.yago/Petal_6/f_Q_5_10      n/a   
   subgraph_gcare_yago.yago/Petal_6/f_Q_5_2      n/a   
   subgraph_gcare_yago.yago/Petal_6/f_Q_3_4      n/a   
   subgraph_gcare_yago.yago/Petal_6/f_Q_1_6      n/a   
   subgraph_gcare_yago.yago/Petal_6/f_Q_1_4      n/a   
   subgraph_gcare_yago.yago/Petal_6/f_Q_3_6      n/a   
  subgraph_gcare_yago.yago/Petal_6/f_Q_5_12      n/a   
   subgraph_gcare_yago.yago/Petal_6/f_Q_5_1      n/a   
   subgraph_gcare_yago.yago/Petal_6/f_Q_3_7      n/a   
   subgraph_gcare_yago.yago/Petal_6/f_Q_1_5      n/a   
   subgraph_gcare_yago.yago/Petal_6/f_Q_1_8      n/a   
  subgraph_gcare_yago.yago/Petal_6/f_Q_0_12      n/a   
  subgraph_gcare_yago.yago/Petal_6/f_Q_0_13      n/a   
   subgraph_gcare_yago.yago/Petal_6/f_Q_1_9      n/a   
   subgraph_gcare_yago.yago/Petal_6/f_Q_3_9      n/a   
  subgraph_gcare_yago.yago/Petal_6/f_Q_0_11      n/a   
  subgraph_gcare_yago.yago/Petal_6/f_Q_2_14      n/a   
  subgraph_gcare_yago.yago/Petal_6/f_Q_0_10      n/a   
   subgraph_gcare_yago.yago/Petal_6/f_Q_3_8      n/a   
  subgraph_gcare_yago.yago/Petal_6/f_Q_0_14      n/a   
  subgraph_gcare_yago.yago/Petal_6/f_Q_2_11      n/a   
  subgraph_gcare_yago.yago/Petal_6/f_Q_2_10      n/a   
   subgraph_gcare_yago.yago/Petal_6/f_Q_5_9      n/a   
  subgraph_gcare_yago.yago/Petal_6/f_Q_2_12      n/a   
   subgraph_gcare_yago.yago/Petal_6/f_Q_2_9      n/a   
   subgraph_gcare_yago.yago/Petal_6/f_Q_2_8      n/a   
   subgraph_gcare_yago.yago/Petal_6/f_Q_0_8      n/a   
   subgraph_gcare_yago.yago/Petal_6/f_Q_0_9      n/a   
  subgraph_gcare_yago.yago/Petal_6/f_Q_4_13      n/a   
   subgraph_gcare_yago.yago/Petal_6/f_Q_4_9      n/a   
   subgraph_gcare_yago.yago/Petal_6/f_Q_4_8      n/a   
  subgraph_gcare_yago.yago/Petal_6/f_Q_4_12      n/a   
  subgraph_gcare_yago.yago/Petal_6/f_Q_4_10      n/a   
  subgraph_gcare_yago.yago/Petal_6/f_Q_4_11      n/a   
  subgraph_gcare_yago.yago/Cycle_3/f_Q_3_15      n/a   
  subgraph_gcare_yago.yago/Cycle_3/f_Q_1_10      n/a   
   subgraph_gcare_yago.yago/Cycle_3/f_Q_0_2      n/a   
  subgraph_gcare_yago.yago/Cycle_3/f_Q_1_11      n/a   
   subgraph_gcare_yago.yago/Cycle_3/f_Q_0_3      n/a   
   subgraph_gcare_yago.yago/Cycle_3/f_Q_2_1      n/a   
  subgraph_gcare_yago.yago/Cycle_3/f_Q_3_14      n/a   
   subgraph_gcare_yago.yago/Cycle_3/f_Q_2_3      n/a   
   subgraph_gcare_yago.yago/Cycle_3/f_Q_0_1      n/a   
  subgraph_gcare_yago.yago/Cycle_3/f_Q_1_13      n/a   
  subgraph_gcare_yago.yago/Cycle_3/f_Q_1_12      n/a   
   subgraph_gcare_yago.yago/Cycle_3/f_Q_2_2      n/a   
  subgraph_gcare_yago.yago/Cycle_3/f_Q_3_13      n/a   
   subgraph_gcare_yago.yago/Cycle_3/f_Q_2_6      n/a   
   subgraph_gcare_yago.yago/Cycle_3/f_Q_0_4      n/a   
   subgraph_gcare_yago.yago/Cycle_3/f_Q_0_5      n/a   
   subgraph_gcare_yago.yago/Cycle_3/f_Q_2_7      n/a   
   subgraph_gcare_yago.yago/Cycle_3/f_Q_4_1      n/a   
  subgraph_gcare_yago.yago/Cycle_3/f_Q_3_12      n/a   
  subgraph_gcare_yago.yago/Cycle_3/f_Q_3_10      n/a   
   subgraph_gcare_yago.yago/Cycle_3/f_Q_2_5      n/a   
   subgraph_gcare_yago.yago/Cycle_3/f_Q_0_7      n/a   
  subgraph_gcare_yago.yago/Cycle_3/f_Q_1_15      n/a   
   subgraph_gcare_yago.yago/Cycle_3/f_Q_0_6      n/a   
  subgraph_gcare_yago.yago/Cycle_3/f_Q_1_14      n/a   
   subgraph_gcare_yago.yago/Cycle_3/f_Q_2_4      n/a   
   subgraph_gcare_yago.yago/Cycle_3/f_Q_4_2      n/a   
  subgraph_gcare_yago.yago/Cycle_3/f_Q_3_11      n/a   
   subgraph_gcare_yago.yago/Cycle_3/f_Q_1_1      n/a   
   subgraph_gcare_yago.yago/Cycle_3/f_Q_3_3      n/a   
   subgraph_gcare_yago.yago/Cycle_3/f_Q_3_2      n/a   
   subgraph_gcare_yago.yago/Cycle_3/f_Q_1_2      n/a   
   subgraph_gcare_yago.yago/Cycle_3/f_Q_3_1      n/a   
   subgraph_gcare_yago.yago/Cycle_3/f_Q_1_3      n/a   
   subgraph_gcare_yago.yago/Cycle_3/f_Q_1_7      n/a   
   subgraph_gcare_yago.yago/Cycle_3/f_Q_3_5      n/a   
   subgraph_gcare_yago.yago/Cycle_3/f_Q_3_4      n/a   
   subgraph_gcare_yago.yago/Cycle_3/f_Q_1_6      n/a   
   subgraph_gcare_yago.yago/Cycle_3/f_Q_1_4      n/a   
   subgraph_gcare_yago.yago/Cycle_3/f_Q_3_6      n/a   
   subgraph_gcare_yago.yago/Cycle_3/f_Q_3_7      n/a   
   subgraph_gcare_yago.yago/Cycle_3/f_Q_1_5      n/a   
   subgraph_gcare_yago.yago/Cycle_3/f_Q_1_8      n/a   
  subgraph_gcare_yago.yago/Cycle_3/f_Q_0_12      n/a   
  subgraph_gcare_yago.yago/Cycle_3/f_Q_0_13      n/a   
   subgraph_gcare_yago.yago/Cycle_3/f_Q_1_9      n/a   
   subgraph_gcare_yago.yago/Cycle_3/f_Q_3_9      n/a   
  subgraph_gcare_yago.yago/Cycle_3/f_Q_0_11      n/a   
  subgraph_gcare_yago.yago/Cycle_3/f_Q_0_10      n/a   
   subgraph_gcare_yago.yago/Cycle_3/f_Q_3_8      n/a   
  subgraph_gcare_yago.yago/Cycle_3/f_Q_0_14      n/a   
  subgraph_gcare_yago.yago/Cycle_3/f_Q_2_10      n/a   
  subgraph_gcare_yago.yago/Cycle_3/f_Q_0_15      n/a   
   subgraph_gcare_yago.yago/Cycle_3/f_Q_2_9      n/a   
   subgraph_gcare_yago.yago/Cycle_3/f_Q_2_8      n/a   
   subgraph_gcare_yago.yago/Cycle_3/f_Q_0_8      n/a   
   subgraph_gcare_yago.yago/Cycle_3/f_Q_0_9      n/a   
   subgraph_gcare_yago.yago/Petal_9/f_Q_4_6      n/a   
  subgraph_gcare_yago.yago/Petal_9/f_Q_1_10      n/a   
   subgraph_gcare_yago.yago/Petal_9/f_Q_0_2      n/a   
   subgraph_gcare_yago.yago/Petal_9/f_Q_0_3      n/a   
   subgraph_gcare_yago.yago/Petal_9/f_Q_2_1      n/a   
   subgraph_gcare_yago.yago/Petal_9/f_Q_4_7      n/a   
   subgraph_gcare_yago.yago/Petal_9/f_Q_4_5      n/a   
   subgraph_gcare_yago.yago/Petal_9/f_Q_2_3      n/a   
   subgraph_gcare_yago.yago/Petal_9/f_Q_0_1      n/a   
   subgraph_gcare_yago.yago/Petal_9/f_Q_2_2      n/a   
   subgraph_gcare_yago.yago/Petal_9/f_Q_4_4      n/a   
   subgraph_gcare_yago.yago/Petal_9/f_Q_2_6      n/a   
   subgraph_gcare_yago.yago/Petal_9/f_Q_0_4      n/a   
   subgraph_gcare_yago.yago/Petal_9/f_Q_0_5      n/a   
   subgraph_gcare_yago.yago/Petal_9/f_Q_2_7      n/a   
   subgraph_gcare_yago.yago/Petal_9/f_Q_4_1      n/a   
  subgraph_gcare_yago.yago/Petal_9/f_Q_3_10      n/a   
   subgraph_gcare_yago.yago/Petal_9/f_Q_4_3      n/a   
   subgraph_gcare_yago.yago/Petal_9/f_Q_2_5      n/a   
   subgraph_gcare_yago.yago/Petal_9/f_Q_0_6      n/a   
   subgraph_gcare_yago.yago/Petal_9/f_Q_2_4      n/a   
   subgraph_gcare_yago.yago/Petal_9/f_Q_4_2      n/a   
  subgraph_gcare_yago.yago/Petal_9/f_Q_3_11      n/a   
   subgraph_gcare_yago.yago/Petal_9/f_Q_3_3      n/a   
   subgraph_gcare_yago.yago/Petal_9/f_Q_5_5      n/a   
   subgraph_gcare_yago.yago/Petal_9/f_Q_5_4      n/a   
   subgraph_gcare_yago.yago/Petal_9/f_Q_3_2      n/a   
   subgraph_gcare_yago.yago/Petal_9/f_Q_1_2      n/a   
   subgraph_gcare_yago.yago/Petal_9/f_Q_5_6      n/a   
   subgraph_gcare_yago.yago/Petal_9/f_Q_5_7      n/a   
   subgraph_gcare_yago.yago/Petal_9/f_Q_1_3      n/a   
   subgraph_gcare_yago.yago/Petal_9/f_Q_1_7      n/a   
   subgraph_gcare_yago.yago/Petal_9/f_Q_3_5      n/a   
   subgraph_gcare_yago.yago/Petal_9/f_Q_5_3      n/a   
   subgraph_gcare_yago.yago/Petal_9/f_Q_5_2      n/a   
   subgraph_gcare_yago.yago/Petal_9/f_Q_3_4      n/a   
   subgraph_gcare_yago.yago/Petal_9/f_Q_1_6      n/a   
   subgraph_gcare_yago.yago/Petal_9/f_Q_1_4      n/a   
   subgraph_gcare_yago.yago/Petal_9/f_Q_3_6      n/a   
   subgraph_gcare_yago.yago/Petal_9/f_Q_5_1      n/a   
   subgraph_gcare_yago.yago/Petal_9/f_Q_3_7      n/a   
   subgraph_gcare_yago.yago/Petal_9/f_Q_1_5      n/a   
   subgraph_gcare_yago.yago/Petal_9/f_Q_1_8      n/a   
  subgraph_gcare_yago.yago/Petal_9/f_Q_0_12      n/a   
  subgraph_gcare_yago.yago/Petal_9/f_Q_0_13      n/a   
   subgraph_gcare_yago.yago/Petal_9/f_Q_1_9      n/a   
   subgraph_gcare_yago.yago/Petal_9/f_Q_3_9      n/a   
  subgraph_gcare_yago.yago/Petal_9/f_Q_0_10      n/a   
   subgraph_gcare_yago.yago/Petal_9/f_Q_3_8      n/a   
  subgraph_gcare_yago.yago/Petal_9/f_Q_2_11      n/a   
  subgraph_gcare_yago.yago/Petal_9/f_Q_2_10      n/a   
   subgraph_gcare_yago.yago/Petal_9/f_Q_5_9      n/a   
   subgraph_gcare_yago.yago/Petal_9/f_Q_5_8      n/a   
   subgraph_gcare_yago.yago/Petal_9/f_Q_2_9      n/a   
   subgraph_gcare_yago.yago/Petal_9/f_Q_2_8      n/a   
  subgraph_gcare_yago.yago/Petal_9/f_Q_4_14      n/a   
  subgraph_gcare_yago.yago/Petal_9/f_Q_4_13      n/a   
   subgraph_gcare_yago.yago/Petal_9/f_Q_4_9      n/a   
   subgraph_gcare_yago.yago/Petal_9/f_Q_4_8      n/a   
  subgraph_gcare_yago.yago/Petal_9/f_Q_4_12      n/a   
  subgraph_gcare_yago.yago/Petal_9/f_Q_4_10      n/a   
  subgraph_gcare_yago.yago/Petal_9/f_Q_4_11      n/a   
   subgraph_gcare_yago.yago/Tree_3/f_Q_4_6       n/a   
   subgraph_gcare_yago.yago/Tree_3/f_Q_0_2       n/a   
   subgraph_gcare_yago.yago/Tree_3/f_Q_0_3       n/a   
   subgraph_gcare_yago.yago/Tree_3/f_Q_2_1       n/a   
   subgraph_gcare_yago.yago/Tree_3/f_Q_4_7       n/a   
   subgraph_gcare_yago.yago/Tree_3/f_Q_4_5       n/a   
   subgraph_gcare_yago.yago/Tree_3/f_Q_2_3       n/a   
   subgraph_gcare_yago.yago/Tree_3/f_Q_0_1       n/a   
   subgraph_gcare_yago.yago/Tree_3/f_Q_1_13      n/a   
   subgraph_gcare_yago.yago/Tree_3/f_Q_1_12      n/a   
   subgraph_gcare_yago.yago/Tree_3/f_Q_2_2       n/a   
   subgraph_gcare_yago.yago/Tree_3/f_Q_4_4       n/a   
   subgraph_gcare_yago.yago/Tree_3/f_Q_3_13      n/a   
   subgraph_gcare_yago.yago/Tree_3/f_Q_2_6       n/a   
   subgraph_gcare_yago.yago/Tree_3/f_Q_0_4       n/a   
   subgraph_gcare_yago.yago/Tree_3/f_Q_0_5       n/a   
   subgraph_gcare_yago.yago/Tree_3/f_Q_2_7       n/a   
   subgraph_gcare_yago.yago/Tree_3/f_Q_4_1       n/a   
   subgraph_gcare_yago.yago/Tree_3/f_Q_3_12      n/a   
   subgraph_gcare_yago.yago/Tree_3/f_Q_3_10      n/a   
   subgraph_gcare_yago.yago/Tree_3/f_Q_4_3       n/a   
   subgraph_gcare_yago.yago/Tree_3/f_Q_2_5       n/a   
   subgraph_gcare_yago.yago/Tree_3/f_Q_0_7       n/a   
   subgraph_gcare_yago.yago/Tree_3/f_Q_0_6       n/a   
   subgraph_gcare_yago.yago/Tree_3/f_Q_1_14      n/a   
   subgraph_gcare_yago.yago/Tree_3/f_Q_2_4       n/a   
   subgraph_gcare_yago.yago/Tree_3/f_Q_4_2       n/a   
   subgraph_gcare_yago.yago/Tree_3/f_Q_3_11      n/a   
   subgraph_gcare_yago.yago/Tree_3/f_Q_1_1       n/a   
   subgraph_gcare_yago.yago/Tree_3/f_Q_3_3       n/a   
   subgraph_gcare_yago.yago/Tree_3/f_Q_5_5       n/a   
   subgraph_gcare_yago.yago/Tree_3/f_Q_5_4       n/a   
   subgraph_gcare_yago.yago/Tree_3/f_Q_3_2       n/a   
   subgraph_gcare_yago.yago/Tree_3/f_Q_1_2       n/a   
   subgraph_gcare_yago.yago/Tree_3/f_Q_5_6       n/a   
   subgraph_gcare_yago.yago/Tree_3/f_Q_5_7       n/a   
   subgraph_gcare_yago.yago/Tree_3/f_Q_3_1       n/a   
   subgraph_gcare_yago.yago/Tree_3/f_Q_1_3       n/a   
   subgraph_gcare_yago.yago/Tree_3/f_Q_1_7       n/a   
   subgraph_gcare_yago.yago/Tree_3/f_Q_3_5       n/a   
   subgraph_gcare_yago.yago/Tree_3/f_Q_5_3       n/a   
   subgraph_gcare_yago.yago/Tree_3/f_Q_5_11      n/a   
   subgraph_gcare_yago.yago/Tree_3/f_Q_5_10      n/a   
   subgraph_gcare_yago.yago/Tree_3/f_Q_5_2       n/a   
   subgraph_gcare_yago.yago/Tree_3/f_Q_3_4       n/a   
   subgraph_gcare_yago.yago/Tree_3/f_Q_1_6       n/a   
   subgraph_gcare_yago.yago/Tree_3/f_Q_1_4       n/a   
   subgraph_gcare_yago.yago/Tree_3/f_Q_3_6       n/a   
   subgraph_gcare_yago.yago/Tree_3/f_Q_5_12      n/a   
   subgraph_gcare_yago.yago/Tree_3/f_Q_5_13      n/a   
   subgraph_gcare_yago.yago/Tree_3/f_Q_5_1       n/a   
   subgraph_gcare_yago.yago/Tree_3/f_Q_3_7       n/a   
   subgraph_gcare_yago.yago/Tree_3/f_Q_1_5       n/a   
   subgraph_gcare_yago.yago/Tree_3/f_Q_1_8       n/a   
   subgraph_gcare_yago.yago/Tree_3/f_Q_0_12      n/a   
   subgraph_gcare_yago.yago/Tree_3/f_Q_0_13      n/a   
   subgraph_gcare_yago.yago/Tree_3/f_Q_1_9       n/a   
   subgraph_gcare_yago.yago/Tree_3/f_Q_3_9       n/a   
   subgraph_gcare_yago.yago/Tree_3/f_Q_0_11      n/a   
   subgraph_gcare_yago.yago/Tree_3/f_Q_0_10      n/a   
   subgraph_gcare_yago.yago/Tree_3/f_Q_3_8       n/a   
   subgraph_gcare_yago.yago/Tree_3/f_Q_0_14      n/a   
   subgraph_gcare_yago.yago/Tree_3/f_Q_2_11      n/a   
   subgraph_gcare_yago.yago/Tree_3/f_Q_2_10      n/a   
   subgraph_gcare_yago.yago/Tree_3/f_Q_5_9       n/a   
   subgraph_gcare_yago.yago/Tree_3/f_Q_2_12      n/a   
   subgraph_gcare_yago.yago/Tree_3/f_Q_5_8       n/a   
   subgraph_gcare_yago.yago/Tree_3/f_Q_2_13      n/a   
   subgraph_gcare_yago.yago/Tree_3/f_Q_2_9       n/a   
   subgraph_gcare_yago.yago/Tree_3/f_Q_2_8       n/a   
   subgraph_gcare_yago.yago/Tree_3/f_Q_0_8       n/a   
   subgraph_gcare_yago.yago/Tree_3/f_Q_0_9       n/a   
   subgraph_gcare_yago.yago/Tree_3/f_Q_4_13      n/a   
   subgraph_gcare_yago.yago/Tree_3/f_Q_4_9       n/a   
   subgraph_gcare_yago.yago/Tree_3/f_Q_4_8       n/a   
   subgraph_gcare_yago.yago/Tree_3/f_Q_4_12      n/a   
   subgraph_gcare_yago.yago/Tree_3/f_Q_4_10      n/a   
   subgraph_gcare_yago.yago/Tree_3/f_Q_4_11      n/a   
  subgraph_gcare_yago.yago/Clique_10/f_Q_0_1     n/a   
 subgraph_gcare_yago.yago/Clique_10/f_Q_1_16     n/a   
 subgraph_gcare_yago.yago/Clique_10/f_Q_1_17     n/a   
 subgraph_gcare_yago.yago/Clique_10/f_Q_1_15     n/a   
 subgraph_gcare_yago.yago/Clique_10/f_Q_1_14     n/a   
 subgraph_gcare_yago.yago/Clique_10/f_Q_0_15     n/a   
 subgraph_gcare_yago.yago/Clique_10/f_Q_1_19     n/a   
 subgraph_gcare_yago.yago/Clique_10/f_Q_1_18     n/a   
   subgraph_gcare_yago.yago/Star_6/f_Q_4_6       n/a   
   subgraph_gcare_yago.yago/Star_6/f_Q_1_10      n/a   
   subgraph_gcare_yago.yago/Star_6/f_Q_0_2       n/a   
   subgraph_gcare_yago.yago/Star_6/f_Q_1_11      n/a   
   subgraph_gcare_yago.yago/Star_6/f_Q_0_3       n/a   
   subgraph_gcare_yago.yago/Star_6/f_Q_2_1       n/a   
   subgraph_gcare_yago.yago/Star_6/f_Q_4_7       n/a   
   subgraph_gcare_yago.yago/Star_6/f_Q_4_5       n/a   
   subgraph_gcare_yago.yago/Star_6/f_Q_2_3       n/a   
   subgraph_gcare_yago.yago/Star_6/f_Q_0_1       n/a   
   subgraph_gcare_yago.yago/Star_6/f_Q_1_13      n/a   
   subgraph_gcare_yago.yago/Star_6/f_Q_1_12      n/a   
   subgraph_gcare_yago.yago/Star_6/f_Q_2_2       n/a   
   subgraph_gcare_yago.yago/Star_6/f_Q_4_4       n/a   
   subgraph_gcare_yago.yago/Star_6/f_Q_3_13      n/a   
   subgraph_gcare_yago.yago/Star_6/f_Q_2_6       n/a   
   subgraph_gcare_yago.yago/Star_6/f_Q_0_4       n/a   
   subgraph_gcare_yago.yago/Star_6/f_Q_0_5       n/a   
   subgraph_gcare_yago.yago/Star_6/f_Q_2_7       n/a   
   subgraph_gcare_yago.yago/Star_6/f_Q_4_1       n/a   
   subgraph_gcare_yago.yago/Star_6/f_Q_3_12      n/a   
   subgraph_gcare_yago.yago/Star_6/f_Q_3_10      n/a   
   subgraph_gcare_yago.yago/Star_6/f_Q_4_3       n/a   
   subgraph_gcare_yago.yago/Star_6/f_Q_2_5       n/a   
   subgraph_gcare_yago.yago/Star_6/f_Q_0_7       n/a   
   subgraph_gcare_yago.yago/Star_6/f_Q_0_6       n/a   
   subgraph_gcare_yago.yago/Star_6/f_Q_2_4       n/a   
   subgraph_gcare_yago.yago/Star_6/f_Q_4_2       n/a   
   subgraph_gcare_yago.yago/Star_6/f_Q_3_11      n/a   
   subgraph_gcare_yago.yago/Star_6/f_Q_1_1       n/a   
   subgraph_gcare_yago.yago/Star_6/f_Q_3_3       n/a   
   subgraph_gcare_yago.yago/Star_6/f_Q_5_5       n/a   
   subgraph_gcare_yago.yago/Star_6/f_Q_5_4       n/a   
   subgraph_gcare_yago.yago/Star_6/f_Q_3_2       n/a   
   subgraph_gcare_yago.yago/Star_6/f_Q_1_2       n/a   
   subgraph_gcare_yago.yago/Star_6/f_Q_5_6       n/a   
   subgraph_gcare_yago.yago/Star_6/f_Q_5_7       n/a   
   subgraph_gcare_yago.yago/Star_6/f_Q_3_1       n/a   
   subgraph_gcare_yago.yago/Star_6/f_Q_1_3       n/a   
   subgraph_gcare_yago.yago/Star_6/f_Q_1_7       n/a   
   subgraph_gcare_yago.yago/Star_6/f_Q_3_5       n/a   
   subgraph_gcare_yago.yago/Star_6/f_Q_5_3       n/a   
   subgraph_gcare_yago.yago/Star_6/f_Q_5_11      n/a   
   subgraph_gcare_yago.yago/Star_6/f_Q_5_10      n/a   
   subgraph_gcare_yago.yago/Star_6/f_Q_5_2       n/a   
   subgraph_gcare_yago.yago/Star_6/f_Q_3_4       n/a   
   subgraph_gcare_yago.yago/Star_6/f_Q_1_6       n/a   
   subgraph_gcare_yago.yago/Star_6/f_Q_1_4       n/a   
   subgraph_gcare_yago.yago/Star_6/f_Q_3_6       n/a   
   subgraph_gcare_yago.yago/Star_6/f_Q_5_12      n/a   
   subgraph_gcare_yago.yago/Star_6/f_Q_5_13      n/a   
   subgraph_gcare_yago.yago/Star_6/f_Q_5_1       n/a   
   subgraph_gcare_yago.yago/Star_6/f_Q_3_7       n/a   
   subgraph_gcare_yago.yago/Star_6/f_Q_1_5       n/a   
   subgraph_gcare_yago.yago/Star_6/f_Q_1_8       n/a   
   subgraph_gcare_yago.yago/Star_6/f_Q_0_12      n/a   
   subgraph_gcare_yago.yago/Star_6/f_Q_0_13      n/a   
   subgraph_gcare_yago.yago/Star_6/f_Q_1_9       n/a   
   subgraph_gcare_yago.yago/Star_6/f_Q_3_9       n/a   
   subgraph_gcare_yago.yago/Star_6/f_Q_0_11      n/a   
   subgraph_gcare_yago.yago/Star_6/f_Q_0_10      n/a   
   subgraph_gcare_yago.yago/Star_6/f_Q_3_8       n/a   
   subgraph_gcare_yago.yago/Star_6/f_Q_0_14      n/a   
   subgraph_gcare_yago.yago/Star_6/f_Q_2_11      n/a   
   subgraph_gcare_yago.yago/Star_6/f_Q_2_10      n/a   
   subgraph_gcare_yago.yago/Star_6/f_Q_5_9       n/a   
   subgraph_gcare_yago.yago/Star_6/f_Q_2_12      n/a   
   subgraph_gcare_yago.yago/Star_6/f_Q_5_8       n/a   
   subgraph_gcare_yago.yago/Star_6/f_Q_2_13      n/a   
   subgraph_gcare_yago.yago/Star_6/f_Q_2_9       n/a   
   subgraph_gcare_yago.yago/Star_6/f_Q_2_8       n/a   
   subgraph_gcare_yago.yago/Star_6/f_Q_0_8       n/a   
   subgraph_gcare_yago.yago/Star_6/f_Q_0_9       n/a   
   subgraph_gcare_yago.yago/Star_6/f_Q_4_13      n/a   
   subgraph_gcare_yago.yago/Star_6/f_Q_4_9       n/a   
   subgraph_gcare_yago.yago/Star_6/f_Q_4_8       n/a   
   subgraph_gcare_yago.yago/Star_6/f_Q_4_12      n/a   
   subgraph_gcare_yago.yago/Star_6/f_Q_4_10      n/a   
   subgraph_gcare_yago.yago/Star_6/f_Q_4_11      n/a   
   subgraph_gcare_yago.yago/Star_9/f_Q_4_6       n/a   
   subgraph_gcare_yago.yago/Star_9/f_Q_1_10      n/a   
   subgraph_gcare_yago.yago/Star_9/f_Q_0_2       n/a   
   subgraph_gcare_yago.yago/Star_9/f_Q_1_11      n/a   
   subgraph_gcare_yago.yago/Star_9/f_Q_0_3       n/a   
   subgraph_gcare_yago.yago/Star_9/f_Q_2_1       n/a   
   subgraph_gcare_yago.yago/Star_9/f_Q_4_7       n/a   
   subgraph_gcare_yago.yago/Star_9/f_Q_4_5       n/a   
   subgraph_gcare_yago.yago/Star_9/f_Q_2_3       n/a   
   subgraph_gcare_yago.yago/Star_9/f_Q_0_1       n/a   
   subgraph_gcare_yago.yago/Star_9/f_Q_1_13      n/a   
   subgraph_gcare_yago.yago/Star_9/f_Q_1_12      n/a   
   subgraph_gcare_yago.yago/Star_9/f_Q_2_2       n/a   
   subgraph_gcare_yago.yago/Star_9/f_Q_4_4       n/a   
   subgraph_gcare_yago.yago/Star_9/f_Q_3_13      n/a   
   subgraph_gcare_yago.yago/Star_9/f_Q_2_6       n/a   
   subgraph_gcare_yago.yago/Star_9/f_Q_0_4       n/a   
   subgraph_gcare_yago.yago/Star_9/f_Q_0_5       n/a   
   subgraph_gcare_yago.yago/Star_9/f_Q_2_7       n/a   
   subgraph_gcare_yago.yago/Star_9/f_Q_4_1       n/a   
   subgraph_gcare_yago.yago/Star_9/f_Q_3_12      n/a   
   subgraph_gcare_yago.yago/Star_9/f_Q_3_10      n/a   
   subgraph_gcare_yago.yago/Star_9/f_Q_4_3       n/a   
   subgraph_gcare_yago.yago/Star_9/f_Q_2_5       n/a   
   subgraph_gcare_yago.yago/Star_9/f_Q_0_7       n/a   
   subgraph_gcare_yago.yago/Star_9/f_Q_0_6       n/a   
   subgraph_gcare_yago.yago/Star_9/f_Q_1_14      n/a   
   subgraph_gcare_yago.yago/Star_9/f_Q_2_4       n/a   
   subgraph_gcare_yago.yago/Star_9/f_Q_4_2       n/a   
   subgraph_gcare_yago.yago/Star_9/f_Q_3_11      n/a   
   subgraph_gcare_yago.yago/Star_9/f_Q_1_1       n/a   
   subgraph_gcare_yago.yago/Star_9/f_Q_3_3       n/a   
   subgraph_gcare_yago.yago/Star_9/f_Q_5_5       n/a   
   subgraph_gcare_yago.yago/Star_9/f_Q_5_4       n/a   
   subgraph_gcare_yago.yago/Star_9/f_Q_3_2       n/a   
   subgraph_gcare_yago.yago/Star_9/f_Q_1_2       n/a   
   subgraph_gcare_yago.yago/Star_9/f_Q_5_6       n/a   
   subgraph_gcare_yago.yago/Star_9/f_Q_5_7       n/a   
   subgraph_gcare_yago.yago/Star_9/f_Q_3_1       n/a   
   subgraph_gcare_yago.yago/Star_9/f_Q_1_3       n/a   
   subgraph_gcare_yago.yago/Star_9/f_Q_1_7       n/a   
   subgraph_gcare_yago.yago/Star_9/f_Q_3_5       n/a   
   subgraph_gcare_yago.yago/Star_9/f_Q_5_3       n/a   
   subgraph_gcare_yago.yago/Star_9/f_Q_5_11      n/a   
   subgraph_gcare_yago.yago/Star_9/f_Q_5_10      n/a   
   subgraph_gcare_yago.yago/Star_9/f_Q_5_2       n/a   
   subgraph_gcare_yago.yago/Star_9/f_Q_3_4       n/a   
   subgraph_gcare_yago.yago/Star_9/f_Q_1_6       n/a   
   subgraph_gcare_yago.yago/Star_9/f_Q_1_4       n/a   
   subgraph_gcare_yago.yago/Star_9/f_Q_3_6       n/a   
   subgraph_gcare_yago.yago/Star_9/f_Q_5_12      n/a   
   subgraph_gcare_yago.yago/Star_9/f_Q_5_13      n/a   
   subgraph_gcare_yago.yago/Star_9/f_Q_5_1       n/a   
   subgraph_gcare_yago.yago/Star_9/f_Q_3_7       n/a   
   subgraph_gcare_yago.yago/Star_9/f_Q_1_5       n/a   
   subgraph_gcare_yago.yago/Star_9/f_Q_1_8       n/a   
   subgraph_gcare_yago.yago/Star_9/f_Q_0_12      n/a   
   subgraph_gcare_yago.yago/Star_9/f_Q_0_13      n/a   
   subgraph_gcare_yago.yago/Star_9/f_Q_1_9       n/a   
   subgraph_gcare_yago.yago/Star_9/f_Q_3_9       n/a   
   subgraph_gcare_yago.yago/Star_9/f_Q_0_11      n/a   
   subgraph_gcare_yago.yago/Star_9/f_Q_0_10      n/a   
   subgraph_gcare_yago.yago/Star_9/f_Q_3_8       n/a   
   subgraph_gcare_yago.yago/Star_9/f_Q_0_14      n/a   
   subgraph_gcare_yago.yago/Star_9/f_Q_2_11      n/a   
   subgraph_gcare_yago.yago/Star_9/f_Q_2_10      n/a   
   subgraph_gcare_yago.yago/Star_9/f_Q_5_9       n/a   
   subgraph_gcare_yago.yago/Star_9/f_Q_2_12      n/a   
   subgraph_gcare_yago.yago/Star_9/f_Q_5_8       n/a   
   subgraph_gcare_yago.yago/Star_9/f_Q_2_13      n/a   
   subgraph_gcare_yago.yago/Star_9/f_Q_2_9       n/a   
   subgraph_gcare_yago.yago/Star_9/f_Q_2_8       n/a   
   subgraph_gcare_yago.yago/Star_9/f_Q_0_8       n/a   
   subgraph_gcare_yago.yago/Star_9/f_Q_0_9       n/a   
   subgraph_gcare_yago.yago/Star_9/f_Q_4_13      n/a   
   subgraph_gcare_yago.yago/Star_9/f_Q_4_9       n/a   
   subgraph_gcare_yago.yago/Star_9/f_Q_4_8       n/a   
   subgraph_gcare_yago.yago/Star_9/f_Q_4_12      n/a   
   subgraph_gcare_yago.yago/Star_9/f_Q_4_10      n/a   
   subgraph_gcare_yago.yago/Star_9/f_Q_4_11      n/a   
============================================= =========

·· ============================================= =========
                      dataset                             
   --------------------------------------------- ---------
      subgraph_matching_test_inputs.all_edges       n/a   
    subgraph_matching_test_inputs.label_a_count     n/a   
        subgraph_matching_test_inputs.a_to_b        n/a   
        subgraph_matching_test_inputs.b_to_a        n/a   
     subgraph_gcare_human.human/Star_3/uf_Q_2_1   4.88±0s 
     subgraph_gcare_human.human/Star_3/uf_Q_0_2     n/a   
     subgraph_gcare_human.human/Star_3/uf_Q_2_2     n/a   
     subgraph_gcare_human.human/Star_3/uf_Q_0_1     n/a   
     subgraph_gcare_human.human/Star_3/uf_Q_2_3   5.22±0s 
     subgraph_gcare_human.human/Star_3/uf_Q_1_1     n/a   
     subgraph_gcare_human.human/Star_3/uf_Q_1_3     n/a   
     subgraph_gcare_human.human/Star_3/uf_Q_1_2     n/a   
     subgraph_gcare_human.human/Star_3/uf_Q_1_6   4.57±0s 
     subgraph_gcare_human.human/Star_3/uf_Q_1_5     n/a   
     subgraph_gcare_human.human/Star_3/uf_Q_1_4     n/a   
    subgraph_gcare_human.human/Chain_3/uf_Q_1_1     n/a   
    subgraph_gcare_human.human/Chain_3/uf_Q_1_3   5.75±0s 
    subgraph_gcare_human.human/Chain_3/uf_Q_1_2     n/a   
    subgraph_gcare_human.human/Graph_3/uf_Q_2_1     n/a   
    subgraph_gcare_human.human/Graph_3/uf_Q_0_3     n/a   
    subgraph_gcare_human.human/Graph_3/uf_Q_0_2   4.57±0s 
    subgraph_gcare_human.human/Graph_3/uf_Q_2_2     n/a   
    subgraph_gcare_human.human/Graph_3/uf_Q_0_1     n/a   
    subgraph_gcare_human.human/Graph_3/uf_Q_2_3     n/a   
    subgraph_gcare_human.human/Graph_3/uf_Q_0_5   4.51±0s 
    subgraph_gcare_human.human/Graph_3/uf_Q_0_4     n/a   
    subgraph_gcare_human.human/Graph_3/uf_Q_2_6     n/a   
    subgraph_gcare_human.human/Graph_3/uf_Q_2_4     n/a   
    subgraph_gcare_human.human/Graph_3/uf_Q_0_6   4.40±0s 
    subgraph_gcare_human.human/Graph_3/uf_Q_2_5     n/a   
    subgraph_gcare_human.human/Graph_3/uf_Q_3_2     n/a   
    subgraph_gcare_human.human/Graph_3/uf_Q_3_3     n/a   
    subgraph_gcare_human.human/Graph_3/uf_Q_1_1   4.49±0s 
    subgraph_gcare_human.human/Graph_3/uf_Q_1_3     n/a   
    subgraph_gcare_human.human/Graph_3/uf_Q_3_1     n/a   
    subgraph_gcare_human.human/Graph_3/uf_Q_1_2     n/a   
    subgraph_gcare_human.human/Graph_3/uf_Q_3_4   4.45±0s 
    subgraph_gcare_human.human/Graph_3/uf_Q_3_5     n/a   
    subgraph_gcare_human.human/Graph_3/uf_Q_3_7     n/a   
    subgraph_gcare_human.human/Graph_3/uf_Q_3_6     n/a   
    subgraph_gcare_human.human/Graph_3/uf_Q_1_4   4.44±0s 
    subgraph_gcare_human.human/Graph_3/uf_Q_3_8     n/a   
    subgraph_gcare_human.human/Graph_3/uf_Q_3_9     n/a   
     subgraph_gcare_human.human/Tree_3/uf_Q_2_1     n/a   
     subgraph_gcare_human.human/Tree_3/uf_Q_0_3   4.58±0s 
     subgraph_gcare_human.human/Tree_3/uf_Q_0_2     n/a   
     subgraph_gcare_human.human/Tree_3/uf_Q_2_2     n/a   
     subgraph_gcare_human.human/Tree_3/uf_Q_0_1     n/a   
     subgraph_gcare_human.human/Tree_3/uf_Q_2_3   4.49±0s 
     subgraph_gcare_human.human/Tree_3/uf_Q_2_4     n/a   
     subgraph_gcare_human.human/Tree_3/uf_Q_3_2     n/a   
     subgraph_gcare_human.human/Tree_3/uf_Q_1_1     n/a   
     subgraph_gcare_human.human/Tree_3/uf_Q_3_1   4.84±0s 
     subgraph_gcare_aids.aids/Chain_12/uf_Q_4_7     n/a   
     subgraph_gcare_aids.aids/Chain_12/uf_Q_4_6     n/a   
     subgraph_gcare_aids.aids/Chain_12/uf_Q_4_4     n/a   
     subgraph_gcare_aids.aids/Chain_12/uf_Q_4_5     n/a   
     subgraph_gcare_aids.aids/Chain_12/uf_Q_4_1     n/a   
     subgraph_gcare_aids.aids/Chain_12/uf_Q_4_2     n/a   
     subgraph_gcare_aids.aids/Chain_12/uf_Q_4_3     n/a   
     subgraph_gcare_aids.aids/Chain_12/uf_Q_5_4     n/a   
     subgraph_gcare_aids.aids/Chain_12/uf_Q_3_2     n/a   
     subgraph_gcare_aids.aids/Chain_12/uf_Q_3_3     n/a   
     subgraph_gcare_aids.aids/Chain_12/uf_Q_5_5     n/a   
     subgraph_gcare_aids.aids/Chain_12/uf_Q_5_7     n/a   
     subgraph_gcare_aids.aids/Chain_12/uf_Q_3_1     n/a   
     subgraph_gcare_aids.aids/Chain_12/uf_Q_5_6     n/a   
     subgraph_gcare_aids.aids/Chain_12/uf_Q_5_2     n/a   
    subgraph_gcare_aids.aids/Chain_12/uf_Q_4_11     n/a   
    subgraph_gcare_aids.aids/Chain_12/uf_Q_4_10     n/a   
     subgraph_gcare_aids.aids/Chain_12/uf_Q_5_3     n/a   
     subgraph_gcare_aids.aids/Chain_12/uf_Q_5_1     n/a   
     subgraph_gcare_aids.aids/Chain_12/uf_Q_5_8     n/a   
     subgraph_gcare_aids.aids/Chain_12/uf_Q_5_9     n/a   
     subgraph_gcare_aids.aids/Chain_12/uf_Q_4_8     n/a   
    subgraph_gcare_aids.aids/Chain_12/uf_Q_5_12     n/a   
     subgraph_gcare_aids.aids/Chain_12/uf_Q_4_9     n/a   
    subgraph_gcare_aids.aids/Chain_12/uf_Q_5_10     n/a   
    subgraph_gcare_aids.aids/Chain_12/uf_Q_5_11     n/a   
     subgraph_gcare_aids.aids/Graph_12/uf_Q_0_1     n/a   
     subgraph_gcare_aids.aids/Chain_6/uf_Q_2_1      n/a   
     subgraph_gcare_aids.aids/Chain_6/uf_Q_0_3      n/a   
     subgraph_gcare_aids.aids/Chain_6/uf_Q_4_7      n/a   
     subgraph_gcare_aids.aids/Chain_6/uf_Q_5_20     n/a   
     subgraph_gcare_aids.aids/Chain_6/uf_Q_4_6      n/a   
     subgraph_gcare_aids.aids/Chain_6/uf_Q_0_2      n/a   
     subgraph_gcare_aids.aids/Chain_6/uf_Q_2_2      n/a   
     subgraph_gcare_aids.aids/Chain_6/uf_Q_4_4      n/a   
     subgraph_gcare_aids.aids/Chain_6/uf_Q_4_5      n/a   
     subgraph_gcare_aids.aids/Chain_6/uf_Q_0_1      n/a   
     subgraph_gcare_aids.aids/Chain_6/uf_Q_2_3      n/a   
     subgraph_gcare_aids.aids/Chain_6/uf_Q_2_7      n/a   
     subgraph_gcare_aids.aids/Chain_6/uf_Q_0_5      n/a   
     subgraph_gcare_aids.aids/Chain_6/uf_Q_4_1      n/a   
     subgraph_gcare_aids.aids/Chain_6/uf_Q_0_4      n/a   
     subgraph_gcare_aids.aids/Chain_6/uf_Q_2_6      n/a   
     subgraph_gcare_aids.aids/Chain_6/uf_Q_2_4      n/a   
     subgraph_gcare_aids.aids/Chain_6/uf_Q_5_19     n/a   
     subgraph_gcare_aids.aids/Chain_6/uf_Q_2_10     n/a   
     subgraph_gcare_aids.aids/Chain_6/uf_Q_4_2      n/a   
     subgraph_gcare_aids.aids/Chain_6/uf_Q_4_3      n/a   
     subgraph_gcare_aids.aids/Chain_6/uf_Q_5_18     n/a   
     subgraph_gcare_aids.aids/Chain_6/uf_Q_2_11     n/a   
     subgraph_gcare_aids.aids/Chain_6/uf_Q_2_5      n/a   
     subgraph_gcare_aids.aids/Chain_6/uf_Q_5_4      n/a   
     subgraph_gcare_aids.aids/Chain_6/uf_Q_4_17     n/a   
     subgraph_gcare_aids.aids/Chain_6/uf_Q_3_2      n/a   
     subgraph_gcare_aids.aids/Chain_6/uf_Q_3_3      n/a   
     subgraph_gcare_aids.aids/Chain_6/uf_Q_1_1      n/a   
     subgraph_gcare_aids.aids/Chain_6/uf_Q_4_16     n/a   
     subgraph_gcare_aids.aids/Chain_6/uf_Q_5_5      n/a   
     subgraph_gcare_aids.aids/Chain_6/uf_Q_5_7      n/a   
     subgraph_gcare_aids.aids/Chain_6/uf_Q_4_14     n/a   
     subgraph_gcare_aids.aids/Chain_6/uf_Q_1_3      n/a   
     subgraph_gcare_aids.aids/Chain_6/uf_Q_3_1      n/a   
     subgraph_gcare_aids.aids/Chain_6/uf_Q_1_2      n/a   
     subgraph_gcare_aids.aids/Chain_6/uf_Q_4_15     n/a   
     subgraph_gcare_aids.aids/Chain_6/uf_Q_5_6      n/a   
     subgraph_gcare_aids.aids/Chain_6/uf_Q_5_2      n/a   
     subgraph_gcare_aids.aids/Chain_6/uf_Q_4_11     n/a   
     subgraph_gcare_aids.aids/Chain_6/uf_Q_3_4      n/a   
     subgraph_gcare_aids.aids/Chain_6/uf_Q_3_5      n/a   
     subgraph_gcare_aids.aids/Chain_6/uf_Q_4_10     n/a   
     subgraph_gcare_aids.aids/Chain_6/uf_Q_5_3      n/a   
     subgraph_gcare_aids.aids/Chain_6/uf_Q_5_1      n/a   
     subgraph_gcare_aids.aids/Chain_6/uf_Q_4_12     n/a   
     subgraph_gcare_aids.aids/Chain_6/uf_Q_3_7      n/a   
     subgraph_gcare_aids.aids/Chain_6/uf_Q_3_6      n/a   
     subgraph_gcare_aids.aids/Chain_6/uf_Q_1_4      n/a   
     subgraph_gcare_aids.aids/Chain_6/uf_Q_4_13     n/a   
     subgraph_gcare_aids.aids/Chain_6/uf_Q_3_8      n/a   
     subgraph_gcare_aids.aids/Chain_6/uf_Q_3_9      n/a   
     subgraph_gcare_aids.aids/Chain_6/uf_Q_3_10     n/a   
     subgraph_gcare_aids.aids/Chain_6/uf_Q_5_8      n/a   
     subgraph_gcare_aids.aids/Chain_6/uf_Q_5_9      n/a   
     subgraph_gcare_aids.aids/Chain_6/uf_Q_2_8      n/a   
     subgraph_gcare_aids.aids/Chain_6/uf_Q_5_15     n/a   
     subgraph_gcare_aids.aids/Chain_6/uf_Q_5_14     n/a   
     subgraph_gcare_aids.aids/Chain_6/uf_Q_2_9      n/a   
     subgraph_gcare_aids.aids/Chain_6/uf_Q_5_16     n/a   
     subgraph_gcare_aids.aids/Chain_6/uf_Q_5_17     n/a   
     subgraph_gcare_aids.aids/Chain_6/uf_Q_4_8      n/a   
     subgraph_gcare_aids.aids/Chain_6/uf_Q_5_13     n/a   
     subgraph_gcare_aids.aids/Chain_6/uf_Q_5_12     n/a   
     subgraph_gcare_aids.aids/Chain_6/uf_Q_4_9      n/a   
     subgraph_gcare_aids.aids/Chain_6/uf_Q_5_10     n/a   
     subgraph_gcare_aids.aids/Chain_6/uf_Q_5_11     n/a   
     subgraph_gcare_aids.aids/Star_12/uf_Q_4_1      n/a   
     subgraph_gcare_aids.aids/Star_12/uf_Q_4_2      n/a   
     subgraph_gcare_aids.aids/Chain_9/uf_Q_2_1      n/a   
     subgraph_gcare_aids.aids/Chain_9/uf_Q_4_7      n/a   
     subgraph_gcare_aids.aids/Chain_9/uf_Q_4_6      n/a   
     subgraph_gcare_aids.aids/Chain_9/uf_Q_2_2      n/a   
     subgraph_gcare_aids.aids/Chain_9/uf_Q_4_4      n/a   
     subgraph_gcare_aids.aids/Chain_9/uf_Q_4_5      n/a   
     subgraph_gcare_aids.aids/Chain_9/uf_Q_4_1      n/a   
     subgraph_gcare_aids.aids/Chain_9/uf_Q_5_19     n/a   
     subgraph_gcare_aids.aids/Chain_9/uf_Q_4_2      n/a   
     subgraph_gcare_aids.aids/Chain_9/uf_Q_4_3      n/a   
     subgraph_gcare_aids.aids/Chain_9/uf_Q_5_18     n/a   
     subgraph_gcare_aids.aids/Chain_9/uf_Q_5_4      n/a   
     subgraph_gcare_aids.aids/Chain_9/uf_Q_3_2      n/a   
     subgraph_gcare_aids.aids/Chain_9/uf_Q_3_3      n/a   
     subgraph_gcare_aids.aids/Chain_9/uf_Q_5_5      n/a   
     subgraph_gcare_aids.aids/Chain_9/uf_Q_5_7      n/a   
     subgraph_gcare_aids.aids/Chain_9/uf_Q_4_14     n/a   
     subgraph_gcare_aids.aids/Chain_9/uf_Q_3_1      n/a   
     subgraph_gcare_aids.aids/Chain_9/uf_Q_5_6      n/a   
     subgraph_gcare_aids.aids/Chain_9/uf_Q_5_2      n/a   
     subgraph_gcare_aids.aids/Chain_9/uf_Q_4_11     n/a   
     subgraph_gcare_aids.aids/Chain_9/uf_Q_3_4      n/a   
     subgraph_gcare_aids.aids/Chain_9/uf_Q_3_5      n/a   
     subgraph_gcare_aids.aids/Chain_9/uf_Q_4_10     n/a   
     subgraph_gcare_aids.aids/Chain_9/uf_Q_5_3      n/a   
     subgraph_gcare_aids.aids/Chain_9/uf_Q_5_1      n/a   
     subgraph_gcare_aids.aids/Chain_9/uf_Q_4_12     n/a   
     subgraph_gcare_aids.aids/Chain_9/uf_Q_3_7      n/a   
     subgraph_gcare_aids.aids/Chain_9/uf_Q_3_6      n/a   
     subgraph_gcare_aids.aids/Chain_9/uf_Q_4_13     n/a   
     subgraph_gcare_aids.aids/Chain_9/uf_Q_3_8      n/a   
     subgraph_gcare_aids.aids/Chain_9/uf_Q_3_9      n/a   
     subgraph_gcare_aids.aids/Chain_9/uf_Q_5_8      n/a   
     subgraph_gcare_aids.aids/Chain_9/uf_Q_5_9      n/a   
     subgraph_gcare_aids.aids/Chain_9/uf_Q_5_15     n/a   
     subgraph_gcare_aids.aids/Chain_9/uf_Q_5_14     n/a   
     subgraph_gcare_aids.aids/Chain_9/uf_Q_5_16     n/a   
     subgraph_gcare_aids.aids/Chain_9/uf_Q_5_17     n/a   
     subgraph_gcare_aids.aids/Chain_9/uf_Q_4_8      n/a   
     subgraph_gcare_aids.aids/Chain_9/uf_Q_5_13     n/a   
     subgraph_gcare_aids.aids/Chain_9/uf_Q_5_12     n/a   
     subgraph_gcare_aids.aids/Chain_9/uf_Q_4_9      n/a   
     subgraph_gcare_aids.aids/Chain_9/uf_Q_5_10     n/a   
     subgraph_gcare_aids.aids/Chain_9/uf_Q_5_11     n/a   
      subgraph_gcare_aids.aids/Tree_6/uf_Q_2_1      n/a   
     subgraph_gcare_aids.aids/Tree_6/uf_Q_5_20      n/a   
      subgraph_gcare_aids.aids/Tree_6/uf_Q_2_2      n/a   
      subgraph_gcare_aids.aids/Tree_6/uf_Q_4_4      n/a   
      subgraph_gcare_aids.aids/Tree_6/uf_Q_4_5      n/a   
      subgraph_gcare_aids.aids/Tree_6/uf_Q_2_3      n/a   
      subgraph_gcare_aids.aids/Tree_6/uf_Q_4_1      n/a   
      subgraph_gcare_aids.aids/Tree_6/uf_Q_2_6      n/a   
      subgraph_gcare_aids.aids/Tree_6/uf_Q_2_4      n/a   
     subgraph_gcare_aids.aids/Tree_6/uf_Q_5_19      n/a   
      subgraph_gcare_aids.aids/Tree_6/uf_Q_4_2      n/a   
      subgraph_gcare_aids.aids/Tree_6/uf_Q_4_3      n/a   
     subgraph_gcare_aids.aids/Tree_6/uf_Q_5_18      n/a   
      subgraph_gcare_aids.aids/Tree_6/uf_Q_2_5      n/a   
      subgraph_gcare_aids.aids/Tree_6/uf_Q_5_4      n/a   
      subgraph_gcare_aids.aids/Tree_6/uf_Q_3_2      n/a   
      subgraph_gcare_aids.aids/Tree_6/uf_Q_3_3      n/a   
      subgraph_gcare_aids.aids/Tree_6/uf_Q_1_1      n/a   
      subgraph_gcare_aids.aids/Tree_6/uf_Q_5_5      n/a   
      subgraph_gcare_aids.aids/Tree_6/uf_Q_5_7      n/a   
      subgraph_gcare_aids.aids/Tree_6/uf_Q_1_3      n/a   
      subgraph_gcare_aids.aids/Tree_6/uf_Q_3_1      n/a   
      subgraph_gcare_aids.aids/Tree_6/uf_Q_1_2      n/a   
      subgraph_gcare_aids.aids/Tree_6/uf_Q_5_6      n/a   
      subgraph_gcare_aids.aids/Tree_6/uf_Q_5_2      n/a   
      subgraph_gcare_aids.aids/Tree_6/uf_Q_3_4      n/a   
      subgraph_gcare_aids.aids/Tree_6/uf_Q_3_5      n/a   
      subgraph_gcare_aids.aids/Tree_6/uf_Q_5_3      n/a   
      subgraph_gcare_aids.aids/Tree_6/uf_Q_5_1      n/a   
      subgraph_gcare_aids.aids/Tree_6/uf_Q_3_7      n/a   
      subgraph_gcare_aids.aids/Tree_6/uf_Q_3_6      n/a   
      subgraph_gcare_aids.aids/Tree_6/uf_Q_1_4      n/a   
     subgraph_gcare_aids.aids/Tree_6/uf_Q_3_14      n/a   
      subgraph_gcare_aids.aids/Tree_6/uf_Q_3_8      n/a   
      subgraph_gcare_aids.aids/Tree_6/uf_Q_3_9      n/a   
     subgraph_gcare_aids.aids/Tree_6/uf_Q_3_11      n/a   
     subgraph_gcare_aids.aids/Tree_6/uf_Q_3_10      n/a   
      subgraph_gcare_aids.aids/Tree_6/uf_Q_5_8      n/a   
     subgraph_gcare_aids.aids/Tree_6/uf_Q_3_12      n/a   
     subgraph_gcare_aids.aids/Tree_6/uf_Q_3_13      n/a   
      subgraph_gcare_aids.aids/Tree_6/uf_Q_5_9      n/a   
     subgraph_gcare_aids.aids/Tree_6/uf_Q_5_15      n/a   
     subgraph_gcare_aids.aids/Tree_6/uf_Q_5_14      n/a   
     subgraph_gcare_aids.aids/Tree_6/uf_Q_5_16      n/a   
     subgraph_gcare_aids.aids/Tree_6/uf_Q_5_17      n/a   
     subgraph_gcare_aids.aids/Tree_6/uf_Q_5_13      n/a   
     subgraph_gcare_aids.aids/Tree_6/uf_Q_5_12      n/a   
     subgraph_gcare_aids.aids/Tree_6/uf_Q_5_10      n/a   
     subgraph_gcare_aids.aids/Tree_6/uf_Q_5_11      n/a   
     subgraph_gcare_aids.aids/Cycle_6/uf_Q_2_1      n/a   
     subgraph_gcare_aids.aids/Cycle_6/uf_Q_2_2      n/a   
     subgraph_gcare_aids.aids/Cycle_6/uf_Q_2_4      n/a   
     subgraph_gcare_aids.aids/Cycle_6/uf_Q_3_2      n/a   
     subgraph_gcare_aids.aids/Cycle_6/uf_Q_3_3      n/a   
     subgraph_gcare_aids.aids/Cycle_6/uf_Q_1_1      n/a   
     subgraph_gcare_aids.aids/Cycle_6/uf_Q_1_3      n/a   
     subgraph_gcare_aids.aids/Cycle_6/uf_Q_3_1      n/a   
     subgraph_gcare_aids.aids/Cycle_6/uf_Q_1_2      n/a   
     subgraph_gcare_aids.aids/Cycle_6/uf_Q_1_4      n/a   
     subgraph_gcare_aids.aids/Flower_6/uf_Q_2_1     n/a   
     subgraph_gcare_aids.aids/Flower_6/uf_Q_4_6     n/a   
     subgraph_gcare_aids.aids/Flower_6/uf_Q_0_2     n/a   
     subgraph_gcare_aids.aids/Flower_6/uf_Q_2_2     n/a   
     subgraph_gcare_aids.aids/Flower_6/uf_Q_4_4     n/a   
     subgraph_gcare_aids.aids/Flower_6/uf_Q_4_5     n/a   
     subgraph_gcare_aids.aids/Flower_6/uf_Q_0_1     n/a   
     subgraph_gcare_aids.aids/Flower_6/uf_Q_2_3     n/a   
     subgraph_gcare_aids.aids/Flower_6/uf_Q_2_7     n/a   
     subgraph_gcare_aids.aids/Flower_6/uf_Q_4_1     n/a   
     subgraph_gcare_aids.aids/Flower_6/uf_Q_2_6     n/a   
     subgraph_gcare_aids.aids/Flower_6/uf_Q_2_4     n/a   
     subgraph_gcare_aids.aids/Flower_6/uf_Q_4_2     n/a   
     subgraph_gcare_aids.aids/Flower_6/uf_Q_4_3     n/a   
     subgraph_gcare_aids.aids/Flower_6/uf_Q_2_5     n/a   
     subgraph_gcare_aids.aids/Flower_6/uf_Q_5_4     n/a   
     subgraph_gcare_aids.aids/Flower_6/uf_Q_3_2     n/a   
     subgraph_gcare_aids.aids/Flower_6/uf_Q_3_3     n/a   
     subgraph_gcare_aids.aids/Flower_6/uf_Q_5_5     n/a   
     subgraph_gcare_aids.aids/Flower_6/uf_Q_1_3     n/a   
     subgraph_gcare_aids.aids/Flower_6/uf_Q_3_1     n/a   
     subgraph_gcare_aids.aids/Flower_6/uf_Q_5_2     n/a   
     subgraph_gcare_aids.aids/Flower_6/uf_Q_1_6     n/a   
     subgraph_gcare_aids.aids/Flower_6/uf_Q_3_4     n/a   
     subgraph_gcare_aids.aids/Flower_6/uf_Q_3_5     n/a   
     subgraph_gcare_aids.aids/Flower_6/uf_Q_1_7     n/a   
     subgraph_gcare_aids.aids/Flower_6/uf_Q_5_3     n/a   
     subgraph_gcare_aids.aids/Flower_6/uf_Q_5_1     n/a   
     subgraph_gcare_aids.aids/Flower_6/uf_Q_3_7     n/a   
     subgraph_gcare_aids.aids/Flower_6/uf_Q_3_6     n/a   
     subgraph_gcare_aids.aids/Flower_6/uf_Q_1_4     n/a   
    subgraph_gcare_aids.aids/Flower_6/uf_Q_3_16     n/a   
    subgraph_gcare_aids.aids/Flower_6/uf_Q_3_14     n/a   
     subgraph_gcare_aids.aids/Flower_6/uf_Q_3_8     n/a   
     subgraph_gcare_aids.aids/Flower_6/uf_Q_3_9     n/a   
    subgraph_gcare_aids.aids/Flower_6/uf_Q_3_15     n/a   
    subgraph_gcare_aids.aids/Flower_6/uf_Q_3_11     n/a   
    subgraph_gcare_aids.aids/Flower_6/uf_Q_3_10     n/a   
    subgraph_gcare_aids.aids/Flower_6/uf_Q_3_12     n/a   
    subgraph_gcare_aids.aids/Flower_6/uf_Q_3_13     n/a   
     subgraph_gcare_aids.aids/Graph_9/uf_Q_0_2      n/a   
     subgraph_gcare_aids.aids/Graph_9/uf_Q_0_1      n/a   
     subgraph_gcare_aids.aids/Graph_9/uf_Q_1_3      n/a   
     subgraph_gcare_aids.aids/Tree_12/uf_Q_4_7      n/a   
     subgraph_gcare_aids.aids/Tree_12/uf_Q_4_6      n/a   
     subgraph_gcare_aids.aids/Tree_12/uf_Q_4_4      n/a   
     subgraph_gcare_aids.aids/Tree_12/uf_Q_4_5      n/a   
     subgraph_gcare_aids.aids/Tree_12/uf_Q_0_1      n/a   
     subgraph_gcare_aids.aids/Tree_12/uf_Q_4_1      n/a   
     subgraph_gcare_aids.aids/Tree_12/uf_Q_4_2      n/a   
     subgraph_gcare_aids.aids/Tree_12/uf_Q_4_3      n/a   
     subgraph_gcare_aids.aids/Tree_12/uf_Q_5_4      n/a   
     subgraph_gcare_aids.aids/Tree_12/uf_Q_3_2      n/a   
     subgraph_gcare_aids.aids/Tree_12/uf_Q_5_5      n/a   
     subgraph_gcare_aids.aids/Tree_12/uf_Q_5_7      n/a   
     subgraph_gcare_aids.aids/Tree_12/uf_Q_4_14     n/a   
     subgraph_gcare_aids.aids/Tree_12/uf_Q_3_1      n/a   
     subgraph_gcare_aids.aids/Tree_12/uf_Q_5_6      n/a   
     subgraph_gcare_aids.aids/Tree_12/uf_Q_5_2      n/a   
     subgraph_gcare_aids.aids/Tree_12/uf_Q_4_11     n/a   
     subgraph_gcare_aids.aids/Tree_12/uf_Q_4_10     n/a   
     subgraph_gcare_aids.aids/Tree_12/uf_Q_5_3      n/a   
     subgraph_gcare_aids.aids/Tree_12/uf_Q_5_1      n/a   
     subgraph_gcare_aids.aids/Tree_12/uf_Q_4_12     n/a   
     subgraph_gcare_aids.aids/Tree_12/uf_Q_4_13     n/a   
     subgraph_gcare_aids.aids/Tree_12/uf_Q_3_11     n/a   
     subgraph_gcare_aids.aids/Tree_12/uf_Q_5_8      n/a   
     subgraph_gcare_aids.aids/Tree_12/uf_Q_5_9      n/a   
     subgraph_gcare_aids.aids/Tree_12/uf_Q_5_14     n/a   
     subgraph_gcare_aids.aids/Tree_12/uf_Q_4_8      n/a   
     subgraph_gcare_aids.aids/Tree_12/uf_Q_5_13     n/a   
     subgraph_gcare_aids.aids/Tree_12/uf_Q_5_12     n/a   
     subgraph_gcare_aids.aids/Tree_12/uf_Q_4_9      n/a   
     subgraph_gcare_aids.aids/Tree_12/uf_Q_5_10     n/a   
     subgraph_gcare_aids.aids/Tree_12/uf_Q_5_11     n/a   
      subgraph_gcare_aids.aids/Tree_9/uf_Q_2_1      n/a   
      subgraph_gcare_aids.aids/Tree_9/uf_Q_4_7      n/a   
      subgraph_gcare_aids.aids/Tree_9/uf_Q_4_6      n/a   
      subgraph_gcare_aids.aids/Tree_9/uf_Q_4_4      n/a   
      subgraph_gcare_aids.aids/Tree_9/uf_Q_4_5      n/a   
      subgraph_gcare_aids.aids/Tree_9/uf_Q_0_1      n/a   
      subgraph_gcare_aids.aids/Tree_9/uf_Q_4_1      n/a   
      subgraph_gcare_aids.aids/Tree_9/uf_Q_4_2      n/a   
      subgraph_gcare_aids.aids/Tree_9/uf_Q_4_3      n/a   
      subgraph_gcare_aids.aids/Tree_9/uf_Q_5_4      n/a   
      subgraph_gcare_aids.aids/Tree_9/uf_Q_3_2      n/a   
      subgraph_gcare_aids.aids/Tree_9/uf_Q_3_3      n/a   
      subgraph_gcare_aids.aids/Tree_9/uf_Q_5_5      n/a   
      subgraph_gcare_aids.aids/Tree_9/uf_Q_5_7      n/a   
     subgraph_gcare_aids.aids/Tree_9/uf_Q_4_14      n/a   
      subgraph_gcare_aids.aids/Tree_9/uf_Q_3_1      n/a   
     subgraph_gcare_aids.aids/Tree_9/uf_Q_4_15      n/a   
      subgraph_gcare_aids.aids/Tree_9/uf_Q_5_6      n/a   
      subgraph_gcare_aids.aids/Tree_9/uf_Q_5_2      n/a   
     subgraph_gcare_aids.aids/Tree_9/uf_Q_4_11      n/a   
      subgraph_gcare_aids.aids/Tree_9/uf_Q_3_4      n/a   
      subgraph_gcare_aids.aids/Tree_9/uf_Q_3_5      n/a   
     subgraph_gcare_aids.aids/Tree_9/uf_Q_4_10      n/a   
      subgraph_gcare_aids.aids/Tree_9/uf_Q_5_3      n/a   
      subgraph_gcare_aids.aids/Tree_9/uf_Q_5_1      n/a   
     subgraph_gcare_aids.aids/Tree_9/uf_Q_4_12      n/a   
      subgraph_gcare_aids.aids/Tree_9/uf_Q_3_7      n/a   
      subgraph_gcare_aids.aids/Tree_9/uf_Q_3_6      n/a   
     subgraph_gcare_aids.aids/Tree_9/uf_Q_4_13      n/a   
      subgraph_gcare_aids.aids/Tree_9/uf_Q_3_8      n/a   
      subgraph_gcare_aids.aids/Tree_9/uf_Q_3_9      n/a   
     subgraph_gcare_aids.aids/Tree_9/uf_Q_3_10      n/a   
      subgraph_gcare_aids.aids/Tree_9/uf_Q_5_8      n/a   
      subgraph_gcare_aids.aids/Tree_9/uf_Q_5_9      n/a   
      subgraph_gcare_aids.aids/Tree_9/uf_Q_4_8      n/a   
      subgraph_gcare_aids.aids/Tree_9/uf_Q_4_9      n/a   
     subgraph_gcare_aids.aids/Tree_9/uf_Q_5_10      n/a   
     subgraph_gcare_aids.aids/Tree_9/uf_Q_5_11      n/a   
     subgraph_gcare_aids.aids/Flower_9/uf_Q_2_1     n/a   
     subgraph_gcare_aids.aids/Flower_9/uf_Q_4_7     n/a   
     subgraph_gcare_aids.aids/Flower_9/uf_Q_4_6     n/a   
     subgraph_gcare_aids.aids/Flower_9/uf_Q_2_2     n/a   
     subgraph_gcare_aids.aids/Flower_9/uf_Q_4_4     n/a   
     subgraph_gcare_aids.aids/Flower_9/uf_Q_4_5     n/a   
     subgraph_gcare_aids.aids/Flower_9/uf_Q_4_1     n/a   
     subgraph_gcare_aids.aids/Flower_9/uf_Q_2_4     n/a   
     subgraph_gcare_aids.aids/Flower_9/uf_Q_4_2     n/a   
     subgraph_gcare_aids.aids/Flower_9/uf_Q_4_3     n/a   
     subgraph_gcare_aids.aids/Flower_9/uf_Q_5_4     n/a   
     subgraph_gcare_aids.aids/Flower_9/uf_Q_3_2     n/a   
     subgraph_gcare_aids.aids/Flower_9/uf_Q_3_3     n/a   
     subgraph_gcare_aids.aids/Flower_9/uf_Q_5_5     n/a   
     subgraph_gcare_aids.aids/Flower_9/uf_Q_5_7     n/a   
     subgraph_gcare_aids.aids/Flower_9/uf_Q_3_1     n/a   
     subgraph_gcare_aids.aids/Flower_9/uf_Q_1_2     n/a   
     subgraph_gcare_aids.aids/Flower_9/uf_Q_5_6     n/a   
     subgraph_gcare_aids.aids/Flower_9/uf_Q_5_2     n/a   
    subgraph_gcare_aids.aids/Flower_9/uf_Q_4_11     n/a   
     subgraph_gcare_aids.aids/Flower_9/uf_Q_3_4     n/a   
     subgraph_gcare_aids.aids/Flower_9/uf_Q_3_5     n/a   
    subgraph_gcare_aids.aids/Flower_9/uf_Q_4_10     n/a   
     subgraph_gcare_aids.aids/Flower_9/uf_Q_5_3     n/a   
     subgraph_gcare_aids.aids/Flower_9/uf_Q_5_1     n/a   
    subgraph_gcare_aids.aids/Flower_9/uf_Q_4_12     n/a   
     subgraph_gcare_aids.aids/Flower_9/uf_Q_3_7     n/a   
     subgraph_gcare_aids.aids/Flower_9/uf_Q_3_6     n/a   
     subgraph_gcare_aids.aids/Flower_9/uf_Q_3_8     n/a   
     subgraph_gcare_aids.aids/Flower_9/uf_Q_3_9     n/a   
    subgraph_gcare_aids.aids/Flower_9/uf_Q_3_10     n/a   
     subgraph_gcare_aids.aids/Flower_9/uf_Q_5_8     n/a   
     subgraph_gcare_aids.aids/Flower_9/uf_Q_5_9     n/a   
     subgraph_gcare_aids.aids/Flower_9/uf_Q_4_8     n/a   
     subgraph_gcare_aids.aids/Flower_9/uf_Q_4_9     n/a   
    subgraph_gcare_aids.aids/Flower_9/uf_Q_5_10     n/a   
    subgraph_gcare_aids.aids/Flower_9/uf_Q_5_11     n/a   
     subgraph_gcare_aids.aids/Graph_6/uf_Q_4_4      n/a   
     subgraph_gcare_aids.aids/Graph_6/uf_Q_0_1      n/a   
     subgraph_gcare_aids.aids/Graph_6/uf_Q_4_1      n/a   
     subgraph_gcare_aids.aids/Graph_6/uf_Q_4_2      n/a   
     subgraph_gcare_aids.aids/Graph_6/uf_Q_4_3      n/a   
     subgraph_gcare_aids.aids/Graph_6/uf_Q_5_4      n/a   
     subgraph_gcare_aids.aids/Graph_6/uf_Q_3_2      n/a   
     subgraph_gcare_aids.aids/Graph_6/uf_Q_3_1      n/a   
     subgraph_gcare_aids.aids/Graph_6/uf_Q_1_7      n/a   
     subgraph_gcare_aids.aids/Graph_6/uf_Q_5_3      n/a   
     subgraph_gcare_aids.aids/Graph_6/uf_Q_5_1      n/a   
     subgraph_gcare_aids.aids/Graph_6/uf_Q_3_8      n/a   
     subgraph_gcare_aids.aids/Graph_6/uf_Q_4_18     n/a   
     subgraph_gcare_aids.aids/Graph_6/uf_Q_5_14     n/a   
     subgraph_gcare_aids.aids/Graph_6/uf_Q_5_10     n/a   
      subgraph_gcare_aids.aids/Star_3/uf_Q_2_1      n/a   
      subgraph_gcare_aids.aids/Star_3/uf_Q_4_7      n/a   
      subgraph_gcare_aids.aids/Star_3/uf_Q_4_6      n/a   
      subgraph_gcare_aids.aids/Star_3/uf_Q_2_2      n/a   
      subgraph_gcare_aids.aids/Star_3/uf_Q_4_4      n/a   
      subgraph_gcare_aids.aids/Star_3/uf_Q_4_5      n/a   
      subgraph_gcare_aids.aids/Star_3/uf_Q_0_1      n/a   
      subgraph_gcare_aids.aids/Star_3/uf_Q_2_3    4.47±0s 
      subgraph_gcare_aids.aids/Star_3/uf_Q_2_7      n/a   
      subgraph_gcare_aids.aids/Star_3/uf_Q_4_1      n/a   
     subgraph_gcare_aids.aids/Star_3/uf_Q_2_12      n/a   
      subgraph_gcare_aids.aids/Star_3/uf_Q_2_6      n/a   
      subgraph_gcare_aids.aids/Star_3/uf_Q_2_4    6.22±0s 
     subgraph_gcare_aids.aids/Star_3/uf_Q_2_10      n/a   
      subgraph_gcare_aids.aids/Star_3/uf_Q_4_2      n/a   
      subgraph_gcare_aids.aids/Star_3/uf_Q_4_3      n/a   
     subgraph_gcare_aids.aids/Star_3/uf_Q_2_11      n/a   
      subgraph_gcare_aids.aids/Star_3/uf_Q_2_5      n/a   
     subgraph_gcare_aids.aids/Star_3/uf_Q_4_17      n/a   
      subgraph_gcare_aids.aids/Star_3/uf_Q_3_2    4.60±0s 
      subgraph_gcare_aids.aids/Star_3/uf_Q_3_3      n/a   
      subgraph_gcare_aids.aids/Star_3/uf_Q_1_1      n/a   
     subgraph_gcare_aids.aids/Star_3/uf_Q_4_16      n/a   
     subgraph_gcare_aids.aids/Star_3/uf_Q_4_14      n/a   
      subgraph_gcare_aids.aids/Star_3/uf_Q_1_3      n/a   
      subgraph_gcare_aids.aids/Star_3/uf_Q_3_1    4.54±0s 
      subgraph_gcare_aids.aids/Star_3/uf_Q_1_2      n/a   
     subgraph_gcare_aids.aids/Star_3/uf_Q_4_15      n/a   
     subgraph_gcare_aids.aids/Star_3/uf_Q_4_11      n/a   
      subgraph_gcare_aids.aids/Star_3/uf_Q_1_6      n/a   
      subgraph_gcare_aids.aids/Star_3/uf_Q_3_4      n/a   
      subgraph_gcare_aids.aids/Star_3/uf_Q_3_5    4.64±0s 
      subgraph_gcare_aids.aids/Star_3/uf_Q_1_7      n/a   
     subgraph_gcare_aids.aids/Star_3/uf_Q_4_10      n/a   
     subgraph_gcare_aids.aids/Star_3/uf_Q_4_12      n/a   
      subgraph_gcare_aids.aids/Star_3/uf_Q_1_5      n/a   
      subgraph_gcare_aids.aids/Star_3/uf_Q_3_7      n/a   
      subgraph_gcare_aids.aids/Star_3/uf_Q_3_6    4.58±0s 
      subgraph_gcare_aids.aids/Star_3/uf_Q_1_4      n/a   
     subgraph_gcare_aids.aids/Star_3/uf_Q_4_13      n/a   
     subgraph_gcare_aids.aids/Star_3/uf_Q_3_17      n/a   
      subgraph_gcare_aids.aids/Star_3/uf_Q_1_9      n/a   
      subgraph_gcare_aids.aids/Star_3/uf_Q_1_8    4.57±0s 
     subgraph_gcare_aids.aids/Star_3/uf_Q_3_16      n/a   
     subgraph_gcare_aids.aids/Star_3/uf_Q_3_14      n/a   
      subgraph_gcare_aids.aids/Star_3/uf_Q_3_8      n/a   
      subgraph_gcare_aids.aids/Star_3/uf_Q_3_9    4.60±0s 
     subgraph_gcare_aids.aids/Star_3/uf_Q_4_20      n/a   
     subgraph_gcare_aids.aids/Star_3/uf_Q_3_15      n/a   
     subgraph_gcare_aids.aids/Star_3/uf_Q_4_18      n/a   
     subgraph_gcare_aids.aids/Star_3/uf_Q_3_11      n/a   
     subgraph_gcare_aids.aids/Star_3/uf_Q_4_19      n/a   
     subgraph_gcare_aids.aids/Star_3/uf_Q_3_10      n/a   
     subgraph_gcare_aids.aids/Star_3/uf_Q_3_12      n/a   
     subgraph_gcare_aids.aids/Star_3/uf_Q_3_13    4.68±0s 
      subgraph_gcare_aids.aids/Star_3/uf_Q_2_8      n/a   
      subgraph_gcare_aids.aids/Star_3/uf_Q_2_9      n/a   
      subgraph_gcare_aids.aids/Star_3/uf_Q_4_8      n/a   
      subgraph_gcare_aids.aids/Star_3/uf_Q_4_9      n/a   
     subgraph_gcare_aids.aids/Petal_12/uf_Q_2_1     n/a   
     subgraph_gcare_aids.aids/Petal_12/uf_Q_4_1     n/a   
    subgraph_gcare_aids.aids/Petal_12/uf_Q_5_19     n/a   
     subgraph_gcare_aids.aids/Petal_12/uf_Q_4_2     n/a   
     subgraph_gcare_aids.aids/Petal_12/uf_Q_4_3     n/a   
     subgraph_gcare_aids.aids/Petal_12/uf_Q_5_4     n/a   
     subgraph_gcare_aids.aids/Petal_12/uf_Q_5_5     n/a   
     subgraph_gcare_aids.aids/Petal_12/uf_Q_3_1     n/a   
     subgraph_gcare_aids.aids/Petal_12/uf_Q_5_2     n/a   
     subgraph_gcare_aids.aids/Petal_12/uf_Q_5_3     n/a   
     subgraph_gcare_aids.aids/Petal_12/uf_Q_5_9     n/a   
    subgraph_gcare_aids.aids/Petal_12/uf_Q_5_14     n/a   
    subgraph_gcare_aids.aids/Petal_12/uf_Q_5_13     n/a   
    subgraph_gcare_aids.aids/Petal_12/uf_Q_5_12     n/a   
    subgraph_gcare_aids.aids/Flower_12/uf_Q_4_7     n/a   
    subgraph_gcare_aids.aids/Flower_12/uf_Q_4_6     n/a   
    subgraph_gcare_aids.aids/Flower_12/uf_Q_4_4     n/a   
    subgraph_gcare_aids.aids/Flower_12/uf_Q_4_5     n/a   
    subgraph_gcare_aids.aids/Flower_12/uf_Q_4_1     n/a   
    subgraph_gcare_aids.aids/Flower_12/uf_Q_4_2     n/a   
    subgraph_gcare_aids.aids/Flower_12/uf_Q_4_3     n/a   
    subgraph_gcare_aids.aids/Flower_12/uf_Q_5_4     n/a   
    subgraph_gcare_aids.aids/Flower_12/uf_Q_5_5     n/a   
    subgraph_gcare_aids.aids/Flower_12/uf_Q_5_7     n/a   
    subgraph_gcare_aids.aids/Flower_12/uf_Q_3_1     n/a   
    subgraph_gcare_aids.aids/Flower_12/uf_Q_5_6     n/a   
    subgraph_gcare_aids.aids/Flower_12/uf_Q_5_2     n/a   
    subgraph_gcare_aids.aids/Flower_12/uf_Q_5_3     n/a   
    subgraph_gcare_aids.aids/Flower_12/uf_Q_5_1     n/a   
    subgraph_gcare_aids.aids/Flower_12/uf_Q_5_8     n/a   
    subgraph_gcare_aids.aids/Flower_12/uf_Q_5_9     n/a   
     subgraph_gcare_aids.aids/Chain_3/uf_Q_2_1      n/a   
     subgraph_gcare_aids.aids/Chain_3/uf_Q_4_7      n/a   
     subgraph_gcare_aids.aids/Chain_3/uf_Q_2_15   9.03±0s 
     subgraph_gcare_aids.aids/Chain_3/uf_Q_2_14     n/a   
     subgraph_gcare_aids.aids/Chain_3/uf_Q_4_6      n/a   
     subgraph_gcare_aids.aids/Chain_3/uf_Q_0_2      n/a   
     subgraph_gcare_aids.aids/Chain_3/uf_Q_2_2      n/a   
     subgraph_gcare_aids.aids/Chain_3/uf_Q_4_4      n/a   
     subgraph_gcare_aids.aids/Chain_3/uf_Q_4_5      n/a   
     subgraph_gcare_aids.aids/Chain_3/uf_Q_2_3      n/a   
     subgraph_gcare_aids.aids/Chain_3/uf_Q_2_7      n/a   
     subgraph_gcare_aids.aids/Chain_3/uf_Q_2_13     n/a   
     subgraph_gcare_aids.aids/Chain_3/uf_Q_4_1      n/a   
     subgraph_gcare_aids.aids/Chain_3/uf_Q_2_12     n/a   
     subgraph_gcare_aids.aids/Chain_3/uf_Q_2_6      n/a   
     subgraph_gcare_aids.aids/Chain_3/uf_Q_2_4      n/a   
     subgraph_gcare_aids.aids/Chain_3/uf_Q_2_10   5.45±0s 
     subgraph_gcare_aids.aids/Chain_3/uf_Q_4_2      n/a   
     subgraph_gcare_aids.aids/Chain_3/uf_Q_4_3      n/a   
     subgraph_gcare_aids.aids/Chain_3/uf_Q_2_11     n/a   
     subgraph_gcare_aids.aids/Chain_3/uf_Q_2_5      n/a   
     subgraph_gcare_aids.aids/Chain_3/uf_Q_4_17     n/a   
     subgraph_gcare_aids.aids/Chain_3/uf_Q_3_2      n/a   
     subgraph_gcare_aids.aids/Chain_3/uf_Q_3_3      n/a   
     subgraph_gcare_aids.aids/Chain_3/uf_Q_1_1      n/a   
     subgraph_gcare_aids.aids/Chain_3/uf_Q_4_16     n/a   
     subgraph_gcare_aids.aids/Chain_3/uf_Q_4_14     n/a   
     subgraph_gcare_aids.aids/Chain_3/uf_Q_1_3      n/a   
     subgraph_gcare_aids.aids/Chain_3/uf_Q_3_1      n/a   
     subgraph_gcare_aids.aids/Chain_3/uf_Q_1_2      n/a   
     subgraph_gcare_aids.aids/Chain_3/uf_Q_4_15     n/a   
     subgraph_gcare_aids.aids/Chain_3/uf_Q_5_2      n/a   
     subgraph_gcare_aids.aids/Chain_3/uf_Q_4_11     n/a   
     subgraph_gcare_aids.aids/Chain_3/uf_Q_3_4      n/a   
     subgraph_gcare_aids.aids/Chain_3/uf_Q_3_5    6.20±0s 
     subgraph_gcare_aids.aids/Chain_3/uf_Q_4_10     n/a   
     subgraph_gcare_aids.aids/Chain_3/uf_Q_5_3      n/a   
     subgraph_gcare_aids.aids/Chain_3/uf_Q_5_1      n/a   
     subgraph_gcare_aids.aids/Chain_3/uf_Q_4_12     n/a   
     subgraph_gcare_aids.aids/Chain_3/uf_Q_1_5      n/a   
     subgraph_gcare_aids.aids/Chain_3/uf_Q_3_7      n/a   
     subgraph_gcare_aids.aids/Chain_3/uf_Q_3_6      n/a   
     subgraph_gcare_aids.aids/Chain_3/uf_Q_1_4      n/a   
     subgraph_gcare_aids.aids/Chain_3/uf_Q_4_13     n/a   
     subgraph_gcare_aids.aids/Chain_3/uf_Q_3_8    4.63±0s 
     subgraph_gcare_aids.aids/Chain_3/uf_Q_3_9      n/a   
     subgraph_gcare_aids.aids/Chain_3/uf_Q_4_20     n/a   
     subgraph_gcare_aids.aids/Chain_3/uf_Q_4_18     n/a   
     subgraph_gcare_aids.aids/Chain_3/uf_Q_3_11     n/a   
     subgraph_gcare_aids.aids/Chain_3/uf_Q_4_19     n/a   
     subgraph_gcare_aids.aids/Chain_3/uf_Q_3_10     n/a   
     subgraph_gcare_aids.aids/Chain_3/uf_Q_3_12     n/a   
     subgraph_gcare_aids.aids/Chain_3/uf_Q_2_8      n/a   
     subgraph_gcare_aids.aids/Chain_3/uf_Q_2_9    4.65±0s 
     subgraph_gcare_aids.aids/Chain_3/uf_Q_4_8      n/a   
     subgraph_gcare_aids.aids/Chain_3/uf_Q_4_9      n/a   
     subgraph_gcare_aids.aids/Graph_3/uf_Q_2_1      n/a   
     subgraph_gcare_aids.aids/Graph_3/uf_Q_0_3      n/a   
     subgraph_gcare_aids.aids/Graph_3/uf_Q_4_6      n/a   
     subgraph_gcare_aids.aids/Graph_3/uf_Q_0_1      n/a   
     subgraph_gcare_aids.aids/Graph_3/uf_Q_4_1      n/a   
     subgraph_gcare_aids.aids/Graph_3/uf_Q_2_12   4.71±0s 
     subgraph_gcare_aids.aids/Graph_3/uf_Q_2_10     n/a   
     subgraph_gcare_aids.aids/Graph_3/uf_Q_2_11     n/a   
     subgraph_gcare_aids.aids/Graph_3/uf_Q_2_5      n/a   
     subgraph_gcare_aids.aids/Graph_3/uf_Q_4_17     n/a   
     subgraph_gcare_aids.aids/Graph_3/uf_Q_3_2    4.57±0s 
     subgraph_gcare_aids.aids/Graph_3/uf_Q_3_3      n/a   
     subgraph_gcare_aids.aids/Graph_3/uf_Q_1_1      n/a   
     subgraph_gcare_aids.aids/Graph_3/uf_Q_1_3      n/a   
     subgraph_gcare_aids.aids/Graph_3/uf_Q_1_18   4.56±0s 
     subgraph_gcare_aids.aids/Graph_3/uf_Q_3_1      n/a   
     subgraph_gcare_aids.aids/Graph_3/uf_Q_1_19     n/a   
     subgraph_gcare_aids.aids/Graph_3/uf_Q_1_2      n/a   
     subgraph_gcare_aids.aids/Graph_3/uf_Q_4_11   4.61±0s 
     subgraph_gcare_aids.aids/Graph_3/uf_Q_1_6      n/a   
     subgraph_gcare_aids.aids/Graph_3/uf_Q_3_4      n/a   
     subgraph_gcare_aids.aids/Graph_3/uf_Q_3_5      n/a   
     subgraph_gcare_aids.aids/Graph_3/uf_Q_1_7    4.54±0s 
     subgraph_gcare_aids.aids/Graph_3/uf_Q_4_10     n/a   
     subgraph_gcare_aids.aids/Graph_3/uf_Q_5_1      n/a   
     subgraph_gcare_aids.aids/Graph_3/uf_Q_1_5      n/a   
     subgraph_gcare_aids.aids/Graph_3/uf_Q_3_7      n/a   
     subgraph_gcare_aids.aids/Graph_3/uf_Q_1_12     n/a   
     subgraph_gcare_aids.aids/Graph_3/uf_Q_1_9    4.69±0s 
     subgraph_gcare_aids.aids/Graph_3/uf_Q_1_8      n/a   
     subgraph_gcare_aids.aids/Graph_3/uf_Q_1_13     n/a   
     subgraph_gcare_aids.aids/Graph_3/uf_Q_1_11     n/a   
     subgraph_gcare_aids.aids/Graph_3/uf_Q_3_8    4.80±0s 
     subgraph_gcare_aids.aids/Graph_3/uf_Q_3_9      n/a   
     subgraph_gcare_aids.aids/Graph_3/uf_Q_3_11     n/a   
     subgraph_gcare_aids.aids/Graph_3/uf_Q_1_14     n/a   
     subgraph_gcare_aids.aids/Graph_3/uf_Q_3_12   4.69±0s 
     subgraph_gcare_aids.aids/Graph_3/uf_Q_1_17     n/a   
     subgraph_gcare_aids.aids/Graph_3/uf_Q_1_16     n/a   
     subgraph_gcare_aids.aids/Graph_3/uf_Q_3_13     n/a   
     subgraph_gcare_aids.aids/Graph_3/uf_Q_2_8    5.30±0s 
     subgraph_gcare_aids.aids/Graph_3/uf_Q_2_9      n/a   
     subgraph_gcare_aids.aids/Graph_3/uf_Q_4_9      n/a   
     subgraph_gcare_aids.aids/Petal_6/uf_Q_2_1      n/a   
     subgraph_gcare_aids.aids/Petal_6/uf_Q_4_7      n/a   
     subgraph_gcare_aids.aids/Petal_6/uf_Q_4_6      n/a   
     subgraph_gcare_aids.aids/Petal_6/uf_Q_2_2      n/a   
     subgraph_gcare_aids.aids/Petal_6/uf_Q_4_4      n/a   
     subgraph_gcare_aids.aids/Petal_6/uf_Q_4_5      n/a   
     subgraph_gcare_aids.aids/Petal_6/uf_Q_2_3      n/a   
     subgraph_gcare_aids.aids/Petal_6/uf_Q_2_7      n/a   
     subgraph_gcare_aids.aids/Petal_6/uf_Q_4_1      n/a   
     subgraph_gcare_aids.aids/Petal_6/uf_Q_2_6      n/a   
     subgraph_gcare_aids.aids/Petal_6/uf_Q_2_4      n/a   
     subgraph_gcare_aids.aids/Petal_6/uf_Q_4_2      n/a   
     subgraph_gcare_aids.aids/Petal_6/uf_Q_4_3      n/a   
     subgraph_gcare_aids.aids/Petal_6/uf_Q_2_5      n/a   
     subgraph_gcare_aids.aids/Petal_6/uf_Q_5_4      n/a   
     subgraph_gcare_aids.aids/Petal_6/uf_Q_4_17     n/a   
     subgraph_gcare_aids.aids/Petal_6/uf_Q_3_2      n/a   
     subgraph_gcare_aids.aids/Petal_6/uf_Q_3_3      n/a   
     subgraph_gcare_aids.aids/Petal_6/uf_Q_4_16     n/a   
     subgraph_gcare_aids.aids/Petal_6/uf_Q_5_5      n/a   
     subgraph_gcare_aids.aids/Petal_6/uf_Q_4_14     n/a   
     subgraph_gcare_aids.aids/Petal_6/uf_Q_3_1      n/a   
     subgraph_gcare_aids.aids/Petal_6/uf_Q_4_15     n/a   
     subgraph_gcare_aids.aids/Petal_6/uf_Q_5_2      n/a   
     subgraph_gcare_aids.aids/Petal_6/uf_Q_4_11     n/a   
     subgraph_gcare_aids.aids/Petal_6/uf_Q_3_4      n/a   
     subgraph_gcare_aids.aids/Petal_6/uf_Q_3_5      n/a   
     subgraph_gcare_aids.aids/Petal_6/uf_Q_4_10     n/a   
     subgraph_gcare_aids.aids/Petal_6/uf_Q_5_3      n/a   
     subgraph_gcare_aids.aids/Petal_6/uf_Q_5_1      n/a   
     subgraph_gcare_aids.aids/Petal_6/uf_Q_4_12     n/a   
     subgraph_gcare_aids.aids/Petal_6/uf_Q_3_7      n/a   
     subgraph_gcare_aids.aids/Petal_6/uf_Q_3_6      n/a   
     subgraph_gcare_aids.aids/Petal_6/uf_Q_4_13     n/a   
     subgraph_gcare_aids.aids/Petal_6/uf_Q_3_8      n/a   
     subgraph_gcare_aids.aids/Petal_6/uf_Q_3_9      n/a   
     subgraph_gcare_aids.aids/Petal_6/uf_Q_4_20     n/a   
     subgraph_gcare_aids.aids/Petal_6/uf_Q_4_18     n/a   
     subgraph_gcare_aids.aids/Petal_6/uf_Q_3_11     n/a   
     subgraph_gcare_aids.aids/Petal_6/uf_Q_4_19     n/a   
     subgraph_gcare_aids.aids/Petal_6/uf_Q_3_10     n/a   
     subgraph_gcare_aids.aids/Petal_6/uf_Q_3_12     n/a   
     subgraph_gcare_aids.aids/Petal_6/uf_Q_3_13     n/a   
     subgraph_gcare_aids.aids/Petal_6/uf_Q_2_8      n/a   
     subgraph_gcare_aids.aids/Petal_6/uf_Q_2_9      n/a   
     subgraph_gcare_aids.aids/Petal_6/uf_Q_4_8      n/a   
     subgraph_gcare_aids.aids/Petal_6/uf_Q_4_9      n/a   
     subgraph_gcare_aids.aids/Cycle_3/uf_Q_2_1      n/a   
     subgraph_gcare_aids.aids/Cycle_3/uf_Q_2_15     n/a   
     subgraph_gcare_aids.aids/Cycle_3/uf_Q_2_14   4.78±0s 
     subgraph_gcare_aids.aids/Cycle_3/uf_Q_2_2      n/a   
     subgraph_gcare_aids.aids/Cycle_3/uf_Q_2_16     n/a   
     subgraph_gcare_aids.aids/Cycle_3/uf_Q_2_17     n/a   
     subgraph_gcare_aids.aids/Cycle_3/uf_Q_2_3    4.67±0s 
     subgraph_gcare_aids.aids/Cycle_3/uf_Q_2_7      n/a   
     subgraph_gcare_aids.aids/Cycle_3/uf_Q_2_13     n/a   
     subgraph_gcare_aids.aids/Cycle_3/uf_Q_2_12     n/a   
     subgraph_gcare_aids.aids/Cycle_3/uf_Q_2_6    4.79±0s 
     subgraph_gcare_aids.aids/Cycle_3/uf_Q_2_4      n/a   
     subgraph_gcare_aids.aids/Cycle_3/uf_Q_2_10     n/a   
     subgraph_gcare_aids.aids/Cycle_3/uf_Q_2_11     n/a   
     subgraph_gcare_aids.aids/Cycle_3/uf_Q_2_5    4.66±0s 
     subgraph_gcare_aids.aids/Cycle_3/uf_Q_3_2      n/a   
     subgraph_gcare_aids.aids/Cycle_3/uf_Q_3_3      n/a   
     subgraph_gcare_aids.aids/Cycle_3/uf_Q_1_1      n/a   
     subgraph_gcare_aids.aids/Cycle_3/uf_Q_1_3    4.79±0s 
     subgraph_gcare_aids.aids/Cycle_3/uf_Q_3_1      n/a   
     subgraph_gcare_aids.aids/Cycle_3/uf_Q_1_2      n/a   
     subgraph_gcare_aids.aids/Cycle_3/uf_Q_3_20     n/a   
     subgraph_gcare_aids.aids/Cycle_3/uf_Q_3_18   4.73±0s 
     subgraph_gcare_aids.aids/Cycle_3/uf_Q_1_6      n/a   
     subgraph_gcare_aids.aids/Cycle_3/uf_Q_3_4      n/a   
     subgraph_gcare_aids.aids/Cycle_3/uf_Q_3_5      n/a   
     subgraph_gcare_aids.aids/Cycle_3/uf_Q_1_7    4.85±0s 
     subgraph_gcare_aids.aids/Cycle_3/uf_Q_3_19     n/a   
     subgraph_gcare_aids.aids/Cycle_3/uf_Q_3_7      n/a   
     subgraph_gcare_aids.aids/Cycle_3/uf_Q_3_6      n/a   
     subgraph_gcare_aids.aids/Cycle_3/uf_Q_1_4    5.08±0s 
     subgraph_gcare_aids.aids/Cycle_3/uf_Q_3_17     n/a   
     subgraph_gcare_aids.aids/Cycle_3/uf_Q_1_9      n/a   
     subgraph_gcare_aids.aids/Cycle_3/uf_Q_1_8      n/a   
     subgraph_gcare_aids.aids/Cycle_3/uf_Q_3_16   4.76±0s 
     subgraph_gcare_aids.aids/Cycle_3/uf_Q_3_14     n/a   
     subgraph_gcare_aids.aids/Cycle_3/uf_Q_3_8      n/a   
     subgraph_gcare_aids.aids/Cycle_3/uf_Q_3_9      n/a   
     subgraph_gcare_aids.aids/Cycle_3/uf_Q_3_15   4.73±0s 
     subgraph_gcare_aids.aids/Cycle_3/uf_Q_3_11     n/a   
     subgraph_gcare_aids.aids/Cycle_3/uf_Q_3_10     n/a   
     subgraph_gcare_aids.aids/Cycle_3/uf_Q_3_12     n/a   
     subgraph_gcare_aids.aids/Cycle_3/uf_Q_3_13   4.74±0s 
     subgraph_gcare_aids.aids/Cycle_3/uf_Q_2_8      n/a   
     subgraph_gcare_aids.aids/Cycle_3/uf_Q_2_9      n/a   
     subgraph_gcare_aids.aids/Petal_9/uf_Q_2_1      n/a   
     subgraph_gcare_aids.aids/Petal_9/uf_Q_4_7      n/a   
     subgraph_gcare_aids.aids/Petal_9/uf_Q_4_6      n/a   
     subgraph_gcare_aids.aids/Petal_9/uf_Q_4_4      n/a   
     subgraph_gcare_aids.aids/Petal_9/uf_Q_4_5      n/a   
     subgraph_gcare_aids.aids/Petal_9/uf_Q_4_1      n/a   
     subgraph_gcare_aids.aids/Petal_9/uf_Q_4_2      n/a   
     subgraph_gcare_aids.aids/Petal_9/uf_Q_4_3      n/a   
     subgraph_gcare_aids.aids/Petal_9/uf_Q_4_17     n/a   
     subgraph_gcare_aids.aids/Petal_9/uf_Q_3_2      n/a   
     subgraph_gcare_aids.aids/Petal_9/uf_Q_3_3      n/a   
     subgraph_gcare_aids.aids/Petal_9/uf_Q_4_16     n/a   
     subgraph_gcare_aids.aids/Petal_9/uf_Q_4_14     n/a   
     subgraph_gcare_aids.aids/Petal_9/uf_Q_4_15     n/a   
     subgraph_gcare_aids.aids/Petal_9/uf_Q_4_11     n/a   
     subgraph_gcare_aids.aids/Petal_9/uf_Q_3_4      n/a   
     subgraph_gcare_aids.aids/Petal_9/uf_Q_4_10     n/a   
     subgraph_gcare_aids.aids/Petal_9/uf_Q_4_12     n/a   
     subgraph_gcare_aids.aids/Petal_9/uf_Q_3_6      n/a   
     subgraph_gcare_aids.aids/Petal_9/uf_Q_4_13     n/a   
     subgraph_gcare_aids.aids/Petal_9/uf_Q_4_20     n/a   
     subgraph_gcare_aids.aids/Petal_9/uf_Q_4_18     n/a   
     subgraph_gcare_aids.aids/Petal_9/uf_Q_4_19     n/a   
     subgraph_gcare_aids.aids/Petal_9/uf_Q_4_8      n/a   
     subgraph_gcare_aids.aids/Petal_9/uf_Q_4_9      n/a   
      subgraph_gcare_aids.aids/Tree_3/uf_Q_2_1      n/a   
      subgraph_gcare_aids.aids/Tree_3/uf_Q_4_7      n/a   
      subgraph_gcare_aids.aids/Tree_3/uf_Q_4_6      n/a   
      subgraph_gcare_aids.aids/Tree_3/uf_Q_2_2    4.61±0s 
      subgraph_gcare_aids.aids/Tree_3/uf_Q_4_4      n/a   
      subgraph_gcare_aids.aids/Tree_3/uf_Q_4_5      n/a   
      subgraph_gcare_aids.aids/Tree_3/uf_Q_0_1      n/a   
      subgraph_gcare_aids.aids/Tree_3/uf_Q_2_3      n/a   
      subgraph_gcare_aids.aids/Tree_3/uf_Q_2_7      n/a   
      subgraph_gcare_aids.aids/Tree_3/uf_Q_4_1      n/a   
      subgraph_gcare_aids.aids/Tree_3/uf_Q_2_6    6.14±0s 
      subgraph_gcare_aids.aids/Tree_3/uf_Q_2_4      n/a   
      subgraph_gcare_aids.aids/Tree_3/uf_Q_4_2      n/a   
      subgraph_gcare_aids.aids/Tree_3/uf_Q_4_3      n/a   
      subgraph_gcare_aids.aids/Tree_3/uf_Q_2_5      n/a   
     subgraph_gcare_aids.aids/Tree_3/uf_Q_4_17      n/a   
      subgraph_gcare_aids.aids/Tree_3/uf_Q_3_2      n/a   
      subgraph_gcare_aids.aids/Tree_3/uf_Q_3_3      n/a   
      subgraph_gcare_aids.aids/Tree_3/uf_Q_1_1      n/a   
     subgraph_gcare_aids.aids/Tree_3/uf_Q_4_16      n/a   
     subgraph_gcare_aids.aids/Tree_3/uf_Q_4_14      n/a   
      subgraph_gcare_aids.aids/Tree_3/uf_Q_1_3    4.55±0s 
      subgraph_gcare_aids.aids/Tree_3/uf_Q_3_1      n/a   
      subgraph_gcare_aids.aids/Tree_3/uf_Q_1_2      n/a   
     subgraph_gcare_aids.aids/Tree_3/uf_Q_4_15      n/a   
     subgraph_gcare_aids.aids/Tree_3/uf_Q_4_11      n/a   
      subgraph_gcare_aids.aids/Tree_3/uf_Q_1_6      n/a   
      subgraph_gcare_aids.aids/Tree_3/uf_Q_3_4      n/a   
      subgraph_gcare_aids.aids/Tree_3/uf_Q_3_5    4.59±0s 
     subgraph_gcare_aids.aids/Tree_3/uf_Q_4_10      n/a   
      subgraph_gcare_aids.aids/Tree_3/uf_Q_5_1      n/a   
     subgraph_gcare_aids.aids/Tree_3/uf_Q_4_12      n/a   
      subgraph_gcare_aids.aids/Tree_3/uf_Q_1_5      n/a   
      subgraph_gcare_aids.aids/Tree_3/uf_Q_3_7      n/a   
      subgraph_gcare_aids.aids/Tree_3/uf_Q_3_6      n/a   
      subgraph_gcare_aids.aids/Tree_3/uf_Q_1_4    4.65±0s 
     subgraph_gcare_aids.aids/Tree_3/uf_Q_4_13      n/a   
      subgraph_gcare_aids.aids/Tree_3/uf_Q_3_8      n/a   
      subgraph_gcare_aids.aids/Tree_3/uf_Q_3_9      n/a   
     subgraph_gcare_aids.aids/Tree_3/uf_Q_4_20      n/a   
     subgraph_gcare_aids.aids/Tree_3/uf_Q_4_18      n/a   
     subgraph_gcare_aids.aids/Tree_3/uf_Q_3_11      n/a   
     subgraph_gcare_aids.aids/Tree_3/uf_Q_4_19      n/a   
     subgraph_gcare_aids.aids/Tree_3/uf_Q_3_10      n/a   
      subgraph_gcare_aids.aids/Tree_3/uf_Q_2_8      n/a   
      subgraph_gcare_aids.aids/Tree_3/uf_Q_2_9    4.79±0s 
      subgraph_gcare_aids.aids/Tree_3/uf_Q_4_8      n/a   
      subgraph_gcare_aids.aids/Tree_3/uf_Q_4_9      n/a   
      subgraph_gcare_aids.aids/Star_6/uf_Q_2_1      n/a   
      subgraph_gcare_aids.aids/Star_6/uf_Q_4_7      n/a   
     subgraph_gcare_aids.aids/Star_6/uf_Q_5_20      n/a   
      subgraph_gcare_aids.aids/Star_6/uf_Q_4_6      n/a   
      subgraph_gcare_aids.aids/Star_6/uf_Q_2_2      n/a   
      subgraph_gcare_aids.aids/Star_6/uf_Q_4_4      n/a   
      subgraph_gcare_aids.aids/Star_6/uf_Q_4_5      n/a   
      subgraph_gcare_aids.aids/Star_6/uf_Q_2_3      n/a   
      subgraph_gcare_aids.aids/Star_6/uf_Q_2_7      n/a   
      subgraph_gcare_aids.aids/Star_6/uf_Q_4_1      n/a   
      subgraph_gcare_aids.aids/Star_6/uf_Q_2_6      n/a   
      subgraph_gcare_aids.aids/Star_6/uf_Q_2_4      n/a   
     subgraph_gcare_aids.aids/Star_6/uf_Q_5_19      n/a   
      subgraph_gcare_aids.aids/Star_6/uf_Q_4_2      n/a   
      subgraph_gcare_aids.aids/Star_6/uf_Q_4_3      n/a   
     subgraph_gcare_aids.aids/Star_6/uf_Q_5_18      n/a   
      subgraph_gcare_aids.aids/Star_6/uf_Q_2_5      n/a   
      subgraph_gcare_aids.aids/Star_6/uf_Q_5_4      n/a   
      subgraph_gcare_aids.aids/Star_6/uf_Q_3_2      n/a   
      subgraph_gcare_aids.aids/Star_6/uf_Q_3_3      n/a   
      subgraph_gcare_aids.aids/Star_6/uf_Q_1_1      n/a   
      subgraph_gcare_aids.aids/Star_6/uf_Q_5_5      n/a   
      subgraph_gcare_aids.aids/Star_6/uf_Q_5_7      n/a   
      subgraph_gcare_aids.aids/Star_6/uf_Q_3_1      n/a   
      subgraph_gcare_aids.aids/Star_6/uf_Q_5_6      n/a   
      subgraph_gcare_aids.aids/Star_6/uf_Q_5_2      n/a   
      subgraph_gcare_aids.aids/Star_6/uf_Q_3_4      n/a   
      subgraph_gcare_aids.aids/Star_6/uf_Q_5_3      n/a   
      subgraph_gcare_aids.aids/Star_6/uf_Q_5_1      n/a   
      subgraph_gcare_aids.aids/Star_6/uf_Q_5_8      n/a   
      subgraph_gcare_aids.aids/Star_6/uf_Q_5_9      n/a   
     subgraph_gcare_aids.aids/Star_6/uf_Q_5_15      n/a   
     subgraph_gcare_aids.aids/Star_6/uf_Q_5_14      n/a   
     subgraph_gcare_aids.aids/Star_6/uf_Q_5_16      n/a   
     subgraph_gcare_aids.aids/Star_6/uf_Q_5_17      n/a   
      subgraph_gcare_aids.aids/Star_6/uf_Q_4_8      n/a   
     subgraph_gcare_aids.aids/Star_6/uf_Q_5_13      n/a   
     subgraph_gcare_aids.aids/Star_6/uf_Q_5_12      n/a   
     subgraph_gcare_aids.aids/Star_6/uf_Q_5_10      n/a   
     subgraph_gcare_aids.aids/Star_6/uf_Q_5_11      n/a   
      subgraph_gcare_aids.aids/Star_9/uf_Q_5_4      n/a   
      subgraph_gcare_aids.aids/Star_9/uf_Q_3_2      n/a   
      subgraph_gcare_aids.aids/Star_9/uf_Q_3_3      n/a   
      subgraph_gcare_aids.aids/Star_9/uf_Q_5_5      n/a   
      subgraph_gcare_aids.aids/Star_9/uf_Q_5_7      n/a   
      subgraph_gcare_aids.aids/Star_9/uf_Q_3_1      n/a   
      subgraph_gcare_aids.aids/Star_9/uf_Q_5_6      n/a   
      subgraph_gcare_aids.aids/Star_9/uf_Q_5_2      n/a   
      subgraph_gcare_aids.aids/Star_9/uf_Q_3_4      n/a   
      subgraph_gcare_aids.aids/Star_9/uf_Q_3_5      n/a   
      subgraph_gcare_aids.aids/Star_9/uf_Q_5_3      n/a   
      subgraph_gcare_aids.aids/Star_9/uf_Q_5_1      n/a   
      subgraph_gcare_aids.aids/Star_9/uf_Q_3_7      n/a   
      subgraph_gcare_aids.aids/Star_9/uf_Q_3_6      n/a   
      subgraph_gcare_aids.aids/Star_9/uf_Q_3_8      n/a   
      subgraph_gcare_aids.aids/Star_9/uf_Q_3_9      n/a   
     subgraph_gcare_aids.aids/Star_9/uf_Q_3_11      n/a   
     subgraph_gcare_aids.aids/Star_9/uf_Q_3_10      n/a   
      subgraph_gcare_aids.aids/Star_9/uf_Q_5_8      n/a   
      subgraph_gcare_aids.aids/Star_9/uf_Q_5_9      n/a   
     subgraph_gcare_aids.aids/Star_9/uf_Q_5_10      n/a   
     subgraph_gcare_aids.aids/Star_9/uf_Q_5_11      n/a   
       subgraph_gcare_lubm80.lubm80/lubm80_Q9       n/a   
       subgraph_gcare_lubm80.lubm80/lubm80_Q8       n/a   
       subgraph_gcare_lubm80.lubm80/lubm80_Q4       n/a   
       subgraph_gcare_lubm80.lubm80/lubm80_Q7       n/a   
       subgraph_gcare_lubm80.lubm80/lubm80_Q2       n/a   
      subgraph_gcare_lubm80.lubm80/lubm80_Q12       n/a   
     subgraph_gcare_yago.yago/Chain_12/f_Q_4_6      n/a   
     subgraph_gcare_yago.yago/Chain_12/f_Q_1_10     n/a   
     subgraph_gcare_yago.yago/Chain_12/f_Q_0_2      n/a   
     subgraph_gcare_yago.yago/Chain_12/f_Q_1_11     n/a   
     subgraph_gcare_yago.yago/Chain_12/f_Q_0_3      n/a   
     subgraph_gcare_yago.yago/Chain_12/f_Q_2_1      n/a   
     subgraph_gcare_yago.yago/Chain_12/f_Q_4_7      n/a   
     subgraph_gcare_yago.yago/Chain_12/f_Q_3_14     n/a   
     subgraph_gcare_yago.yago/Chain_12/f_Q_4_5      n/a   
     subgraph_gcare_yago.yago/Chain_12/f_Q_2_3      n/a   
     subgraph_gcare_yago.yago/Chain_12/f_Q_0_1      n/a   
     subgraph_gcare_yago.yago/Chain_12/f_Q_1_13     n/a   
     subgraph_gcare_yago.yago/Chain_12/f_Q_1_12     n/a   
     subgraph_gcare_yago.yago/Chain_12/f_Q_2_2      n/a   
     subgraph_gcare_yago.yago/Chain_12/f_Q_4_4      n/a   
     subgraph_gcare_yago.yago/Chain_12/f_Q_3_13     n/a   
     subgraph_gcare_yago.yago/Chain_12/f_Q_2_6      n/a   
     subgraph_gcare_yago.yago/Chain_12/f_Q_0_4      n/a   
     subgraph_gcare_yago.yago/Chain_12/f_Q_0_5      n/a   
     subgraph_gcare_yago.yago/Chain_12/f_Q_2_7      n/a   
     subgraph_gcare_yago.yago/Chain_12/f_Q_4_1      n/a   
     subgraph_gcare_yago.yago/Chain_12/f_Q_3_12     n/a   
     subgraph_gcare_yago.yago/Chain_12/f_Q_3_10     n/a   
     subgraph_gcare_yago.yago/Chain_12/f_Q_4_3      n/a   
     subgraph_gcare_yago.yago/Chain_12/f_Q_2_5      n/a   
     subgraph_gcare_yago.yago/Chain_12/f_Q_0_7      n/a   
     subgraph_gcare_yago.yago/Chain_12/f_Q_1_15     n/a   
     subgraph_gcare_yago.yago/Chain_12/f_Q_0_6      n/a   
     subgraph_gcare_yago.yago/Chain_12/f_Q_1_14     n/a   
     subgraph_gcare_yago.yago/Chain_12/f_Q_2_4      n/a   
     subgraph_gcare_yago.yago/Chain_12/f_Q_4_2      n/a   
     subgraph_gcare_yago.yago/Chain_12/f_Q_3_11     n/a   
     subgraph_gcare_yago.yago/Chain_12/f_Q_1_1      n/a   
     subgraph_gcare_yago.yago/Chain_12/f_Q_3_3      n/a   
     subgraph_gcare_yago.yago/Chain_12/f_Q_5_5      n/a   
     subgraph_gcare_yago.yago/Chain_12/f_Q_5_4      n/a   
     subgraph_gcare_yago.yago/Chain_12/f_Q_3_2      n/a   
     subgraph_gcare_yago.yago/Chain_12/f_Q_1_2      n/a   
     subgraph_gcare_yago.yago/Chain_12/f_Q_5_6      n/a   
     subgraph_gcare_yago.yago/Chain_12/f_Q_5_14     n/a   
     subgraph_gcare_yago.yago/Chain_12/f_Q_5_7      n/a   
     subgraph_gcare_yago.yago/Chain_12/f_Q_3_1      n/a   
     subgraph_gcare_yago.yago/Chain_12/f_Q_1_3      n/a   
     subgraph_gcare_yago.yago/Chain_12/f_Q_1_7      n/a   
     subgraph_gcare_yago.yago/Chain_12/f_Q_3_5      n/a   
     subgraph_gcare_yago.yago/Chain_12/f_Q_5_3      n/a   
     subgraph_gcare_yago.yago/Chain_12/f_Q_5_11     n/a   
     subgraph_gcare_yago.yago/Chain_12/f_Q_5_10     n/a   
     subgraph_gcare_yago.yago/Chain_12/f_Q_5_2      n/a   
     subgraph_gcare_yago.yago/Chain_12/f_Q_3_4      n/a   
     subgraph_gcare_yago.yago/Chain_12/f_Q_1_6      n/a   
     subgraph_gcare_yago.yago/Chain_12/f_Q_1_4      n/a   
     subgraph_gcare_yago.yago/Chain_12/f_Q_3_6      n/a   
     subgraph_gcare_yago.yago/Chain_12/f_Q_5_12     n/a   
     subgraph_gcare_yago.yago/Chain_12/f_Q_5_13     n/a   
     subgraph_gcare_yago.yago/Chain_12/f_Q_5_1      n/a   
     subgraph_gcare_yago.yago/Chain_12/f_Q_3_7      n/a   
     subgraph_gcare_yago.yago/Chain_12/f_Q_1_5      n/a   
     subgraph_gcare_yago.yago/Chain_12/f_Q_1_8      n/a   
     subgraph_gcare_yago.yago/Chain_12/f_Q_1_9      n/a   
     subgraph_gcare_yago.yago/Chain_12/f_Q_3_9      n/a   
     subgraph_gcare_yago.yago/Chain_12/f_Q_2_14     n/a   
     subgraph_gcare_yago.yago/Chain_12/f_Q_3_8      n/a   
     subgraph_gcare_yago.yago/Chain_12/f_Q_2_11     n/a   
     subgraph_gcare_yago.yago/Chain_12/f_Q_2_10     n/a   
     subgraph_gcare_yago.yago/Chain_12/f_Q_5_9      n/a   
     subgraph_gcare_yago.yago/Chain_12/f_Q_2_12     n/a   
     subgraph_gcare_yago.yago/Chain_12/f_Q_5_8      n/a   
     subgraph_gcare_yago.yago/Chain_12/f_Q_2_13     n/a   
     subgraph_gcare_yago.yago/Chain_12/f_Q_2_9      n/a   
     subgraph_gcare_yago.yago/Chain_12/f_Q_2_8      n/a   
     subgraph_gcare_yago.yago/Chain_12/f_Q_4_14     n/a   
     subgraph_gcare_yago.yago/Chain_12/f_Q_0_8      n/a   
     subgraph_gcare_yago.yago/Chain_12/f_Q_4_13     n/a   
     subgraph_gcare_yago.yago/Chain_12/f_Q_4_9      n/a   
     subgraph_gcare_yago.yago/Chain_12/f_Q_4_8      n/a   
     subgraph_gcare_yago.yago/Chain_12/f_Q_4_12     n/a   
     subgraph_gcare_yago.yago/Chain_12/f_Q_4_10     n/a   
     subgraph_gcare_yago.yago/Chain_12/f_Q_4_11     n/a   
     subgraph_gcare_yago.yago/Graph_12/f_Q_0_2      n/a   
     subgraph_gcare_yago.yago/Graph_12/f_Q_2_6      n/a   
     subgraph_gcare_yago.yago/Graph_12/f_Q_2_5      n/a   
     subgraph_gcare_yago.yago/Graph_12/f_Q_5_14     n/a   
     subgraph_gcare_yago.yago/Graph_12/f_Q_1_3      n/a   
     subgraph_gcare_yago.yago/Graph_12/f_Q_5_8      n/a   
     subgraph_gcare_yago.yago/Graph_12/f_Q_4_13     n/a   
      subgraph_gcare_yago.yago/Chain_6/f_Q_4_6      n/a   
     subgraph_gcare_yago.yago/Chain_6/f_Q_1_10      n/a   
      subgraph_gcare_yago.yago/Chain_6/f_Q_0_2      n/a   
     subgraph_gcare_yago.yago/Chain_6/f_Q_1_11      n/a   
      subgraph_gcare_yago.yago/Chain_6/f_Q_0_3      n/a   
      subgraph_gcare_yago.yago/Chain_6/f_Q_2_1      n/a   
      subgraph_gcare_yago.yago/Chain_6/f_Q_4_7      n/a   
      subgraph_gcare_yago.yago/Chain_6/f_Q_4_5      n/a   
      subgraph_gcare_yago.yago/Chain_6/f_Q_2_3      n/a   
      subgraph_gcare_yago.yago/Chain_6/f_Q_0_1      n/a   
      subgraph_gcare_yago.yago/Chain_6/f_Q_2_2      n/a   
      subgraph_gcare_yago.yago/Chain_6/f_Q_4_4      n/a   
     subgraph_gcare_yago.yago/Chain_6/f_Q_3_13      n/a   
      subgraph_gcare_yago.yago/Chain_6/f_Q_2_6      n/a   
      subgraph_gcare_yago.yago/Chain_6/f_Q_0_4      n/a   
      subgraph_gcare_yago.yago/Chain_6/f_Q_0_5      n/a   
      subgraph_gcare_yago.yago/Chain_6/f_Q_2_7      n/a   
      subgraph_gcare_yago.yago/Chain_6/f_Q_4_1      n/a   
     subgraph_gcare_yago.yago/Chain_6/f_Q_3_12      n/a   
     subgraph_gcare_yago.yago/Chain_6/f_Q_3_10      n/a   
      subgraph_gcare_yago.yago/Chain_6/f_Q_4_3      n/a   
      subgraph_gcare_yago.yago/Chain_6/f_Q_2_5      n/a   
      subgraph_gcare_yago.yago/Chain_6/f_Q_0_7      n/a   
      subgraph_gcare_yago.yago/Chain_6/f_Q_0_6      n/a   
      subgraph_gcare_yago.yago/Chain_6/f_Q_2_4      n/a   
      subgraph_gcare_yago.yago/Chain_6/f_Q_4_2      n/a   
     subgraph_gcare_yago.yago/Chain_6/f_Q_3_11      n/a   
      subgraph_gcare_yago.yago/Chain_6/f_Q_1_1      n/a   
      subgraph_gcare_yago.yago/Chain_6/f_Q_3_3      n/a   
      subgraph_gcare_yago.yago/Chain_6/f_Q_5_5      n/a   
      subgraph_gcare_yago.yago/Chain_6/f_Q_5_4      n/a   
      subgraph_gcare_yago.yago/Chain_6/f_Q_3_2      n/a   
      subgraph_gcare_yago.yago/Chain_6/f_Q_1_2      n/a   
      subgraph_gcare_yago.yago/Chain_6/f_Q_5_6      n/a   
      subgraph_gcare_yago.yago/Chain_6/f_Q_5_7      n/a   
      subgraph_gcare_yago.yago/Chain_6/f_Q_3_1      n/a   
      subgraph_gcare_yago.yago/Chain_6/f_Q_1_3      n/a   
      subgraph_gcare_yago.yago/Chain_6/f_Q_1_7      n/a   
      subgraph_gcare_yago.yago/Chain_6/f_Q_3_5      n/a   
      subgraph_gcare_yago.yago/Chain_6/f_Q_5_3      n/a   
     subgraph_gcare_yago.yago/Chain_6/f_Q_5_11      n/a   
     subgraph_gcare_yago.yago/Chain_6/f_Q_5_10      n/a   
      subgraph_gcare_yago.yago/Chain_6/f_Q_5_2      n/a   
      subgraph_gcare_yago.yago/Chain_6/f_Q_3_4      n/a   
      subgraph_gcare_yago.yago/Chain_6/f_Q_1_6      n/a   
      subgraph_gcare_yago.yago/Chain_6/f_Q_1_4      n/a   
      subgraph_gcare_yago.yago/Chain_6/f_Q_3_6      n/a   
     subgraph_gcare_yago.yago/Chain_6/f_Q_5_12      n/a   
     subgraph_gcare_yago.yago/Chain_6/f_Q_5_13      n/a   
      subgraph_gcare_yago.yago/Chain_6/f_Q_5_1      n/a   
      subgraph_gcare_yago.yago/Chain_6/f_Q_3_7      n/a   
      subgraph_gcare_yago.yago/Chain_6/f_Q_1_5      n/a   
      subgraph_gcare_yago.yago/Chain_6/f_Q_1_8      n/a   
     subgraph_gcare_yago.yago/Chain_6/f_Q_0_12      n/a   
     subgraph_gcare_yago.yago/Chain_6/f_Q_0_13      n/a   
      subgraph_gcare_yago.yago/Chain_6/f_Q_1_9      n/a   
      subgraph_gcare_yago.yago/Chain_6/f_Q_3_9      n/a   
     subgraph_gcare_yago.yago/Chain_6/f_Q_0_11      n/a   
     subgraph_gcare_yago.yago/Chain_6/f_Q_0_10      n/a   
      subgraph_gcare_yago.yago/Chain_6/f_Q_3_8      n/a   
     subgraph_gcare_yago.yago/Chain_6/f_Q_0_14      n/a   
     subgraph_gcare_yago.yago/Chain_6/f_Q_2_11      n/a   
     subgraph_gcare_yago.yago/Chain_6/f_Q_2_10      n/a   
      subgraph_gcare_yago.yago/Chain_6/f_Q_5_9      n/a   
     subgraph_gcare_yago.yago/Chain_6/f_Q_2_12      n/a   
      subgraph_gcare_yago.yago/Chain_6/f_Q_5_8      n/a   
     subgraph_gcare_yago.yago/Chain_6/f_Q_2_13      n/a   
      subgraph_gcare_yago.yago/Chain_6/f_Q_2_9      n/a   
      subgraph_gcare_yago.yago/Chain_6/f_Q_2_8      n/a   
      subgraph_gcare_yago.yago/Chain_6/f_Q_0_8      n/a   
      subgraph_gcare_yago.yago/Chain_6/f_Q_0_9      n/a   
     subgraph_gcare_yago.yago/Chain_6/f_Q_4_13      n/a   
      subgraph_gcare_yago.yago/Chain_6/f_Q_4_9      n/a   
      subgraph_gcare_yago.yago/Chain_6/f_Q_4_8      n/a   
     subgraph_gcare_yago.yago/Chain_6/f_Q_4_12      n/a   
     subgraph_gcare_yago.yago/Chain_6/f_Q_4_10      n/a   
     subgraph_gcare_yago.yago/Chain_6/f_Q_4_11      n/a   
      subgraph_gcare_yago.yago/Star_12/f_Q_4_6      n/a   
     subgraph_gcare_yago.yago/Star_12/f_Q_1_10      n/a   
      subgraph_gcare_yago.yago/Star_12/f_Q_0_2      n/a   
     subgraph_gcare_yago.yago/Star_12/f_Q_1_11      n/a   
      subgraph_gcare_yago.yago/Star_12/f_Q_0_3      n/a   
      subgraph_gcare_yago.yago/Star_12/f_Q_2_1      n/a   
      subgraph_gcare_yago.yago/Star_12/f_Q_4_7      n/a   
      subgraph_gcare_yago.yago/Star_12/f_Q_4_5      n/a   
      subgraph_gcare_yago.yago/Star_12/f_Q_2_3      n/a   
      subgraph_gcare_yago.yago/Star_12/f_Q_0_1      n/a   
     subgraph_gcare_yago.yago/Star_12/f_Q_1_13      n/a   
     subgraph_gcare_yago.yago/Star_12/f_Q_1_12      n/a   
      subgraph_gcare_yago.yago/Star_12/f_Q_2_2      n/a   
      subgraph_gcare_yago.yago/Star_12/f_Q_4_4      n/a   
     subgraph_gcare_yago.yago/Star_12/f_Q_3_13      n/a   
      subgraph_gcare_yago.yago/Star_12/f_Q_2_6      n/a   
      subgraph_gcare_yago.yago/Star_12/f_Q_0_4      n/a   
      subgraph_gcare_yago.yago/Star_12/f_Q_0_5      n/a   
      subgraph_gcare_yago.yago/Star_12/f_Q_2_7      n/a   
      subgraph_gcare_yago.yago/Star_12/f_Q_4_1      n/a   
     subgraph_gcare_yago.yago/Star_12/f_Q_3_12      n/a   
     subgraph_gcare_yago.yago/Star_12/f_Q_3_10      n/a   
      subgraph_gcare_yago.yago/Star_12/f_Q_4_3      n/a   
      subgraph_gcare_yago.yago/Star_12/f_Q_2_5      n/a   
      subgraph_gcare_yago.yago/Star_12/f_Q_0_7      n/a   
      subgraph_gcare_yago.yago/Star_12/f_Q_0_6      n/a   
     subgraph_gcare_yago.yago/Star_12/f_Q_1_14      n/a   
      subgraph_gcare_yago.yago/Star_12/f_Q_2_4      n/a   
      subgraph_gcare_yago.yago/Star_12/f_Q_4_2      n/a   
     subgraph_gcare_yago.yago/Star_12/f_Q_3_11      n/a   
      subgraph_gcare_yago.yago/Star_12/f_Q_1_1      n/a   
      subgraph_gcare_yago.yago/Star_12/f_Q_3_3      n/a   
      subgraph_gcare_yago.yago/Star_12/f_Q_5_5      n/a   
      subgraph_gcare_yago.yago/Star_12/f_Q_5_4      n/a   
      subgraph_gcare_yago.yago/Star_12/f_Q_3_2      n/a   
      subgraph_gcare_yago.yago/Star_12/f_Q_1_2      n/a   
      subgraph_gcare_yago.yago/Star_12/f_Q_5_6      n/a   
      subgraph_gcare_yago.yago/Star_12/f_Q_5_7      n/a   
      subgraph_gcare_yago.yago/Star_12/f_Q_3_1      n/a   
      subgraph_gcare_yago.yago/Star_12/f_Q_1_3      n/a   
      subgraph_gcare_yago.yago/Star_12/f_Q_1_7      n/a   
      subgraph_gcare_yago.yago/Star_12/f_Q_3_5      n/a   
      subgraph_gcare_yago.yago/Star_12/f_Q_5_3      n/a   
     subgraph_gcare_yago.yago/Star_12/f_Q_5_11      n/a   
     subgraph_gcare_yago.yago/Star_12/f_Q_5_10      n/a   
      subgraph_gcare_yago.yago/Star_12/f_Q_5_2      n/a   
      subgraph_gcare_yago.yago/Star_12/f_Q_3_4      n/a   
      subgraph_gcare_yago.yago/Star_12/f_Q_1_6      n/a   
      subgraph_gcare_yago.yago/Star_12/f_Q_1_4      n/a   
      subgraph_gcare_yago.yago/Star_12/f_Q_3_6      n/a   
     subgraph_gcare_yago.yago/Star_12/f_Q_5_12      n/a   
     subgraph_gcare_yago.yago/Star_12/f_Q_5_13      n/a   
      subgraph_gcare_yago.yago/Star_12/f_Q_5_1      n/a   
      subgraph_gcare_yago.yago/Star_12/f_Q_3_7      n/a   
      subgraph_gcare_yago.yago/Star_12/f_Q_1_5      n/a   
      subgraph_gcare_yago.yago/Star_12/f_Q_1_8      n/a   
     subgraph_gcare_yago.yago/Star_12/f_Q_0_12      n/a   
     subgraph_gcare_yago.yago/Star_12/f_Q_0_13      n/a   
      subgraph_gcare_yago.yago/Star_12/f_Q_1_9      n/a   
      subgraph_gcare_yago.yago/Star_12/f_Q_3_9      n/a   
     subgraph_gcare_yago.yago/Star_12/f_Q_0_11      n/a   
     subgraph_gcare_yago.yago/Star_12/f_Q_0_10      n/a   
      subgraph_gcare_yago.yago/Star_12/f_Q_3_8      n/a   
     subgraph_gcare_yago.yago/Star_12/f_Q_0_14      n/a   
     subgraph_gcare_yago.yago/Star_12/f_Q_2_11      n/a   
     subgraph_gcare_yago.yago/Star_12/f_Q_2_10      n/a   
      subgraph_gcare_yago.yago/Star_12/f_Q_5_9      n/a   
     subgraph_gcare_yago.yago/Star_12/f_Q_2_12      n/a   
      subgraph_gcare_yago.yago/Star_12/f_Q_5_8      n/a   
     subgraph_gcare_yago.yago/Star_12/f_Q_2_13      n/a   
      subgraph_gcare_yago.yago/Star_12/f_Q_2_9      n/a   
      subgraph_gcare_yago.yago/Star_12/f_Q_2_8      n/a   
      subgraph_gcare_yago.yago/Star_12/f_Q_0_8      n/a   
      subgraph_gcare_yago.yago/Star_12/f_Q_0_9      n/a   
     subgraph_gcare_yago.yago/Star_12/f_Q_4_13      n/a   
      subgraph_gcare_yago.yago/Star_12/f_Q_4_9      n/a   
      subgraph_gcare_yago.yago/Star_12/f_Q_4_8      n/a   
     subgraph_gcare_yago.yago/Star_12/f_Q_4_12      n/a   
     subgraph_gcare_yago.yago/Star_12/f_Q_4_10      n/a   
     subgraph_gcare_yago.yago/Star_12/f_Q_4_11      n/a   
      subgraph_gcare_yago.yago/Chain_9/f_Q_4_6      n/a   
     subgraph_gcare_yago.yago/Chain_9/f_Q_1_10      n/a   
      subgraph_gcare_yago.yago/Chain_9/f_Q_0_2      n/a   
     subgraph_gcare_yago.yago/Chain_9/f_Q_1_11      n/a   
      subgraph_gcare_yago.yago/Chain_9/f_Q_0_3      n/a   
      subgraph_gcare_yago.yago/Chain_9/f_Q_2_1      n/a   
      subgraph_gcare_yago.yago/Chain_9/f_Q_4_7      n/a   
      subgraph_gcare_yago.yago/Chain_9/f_Q_4_5      n/a   
      subgraph_gcare_yago.yago/Chain_9/f_Q_2_3      n/a   
      subgraph_gcare_yago.yago/Chain_9/f_Q_0_1      n/a   
     subgraph_gcare_yago.yago/Chain_9/f_Q_1_12      n/a   
      subgraph_gcare_yago.yago/Chain_9/f_Q_2_2      n/a   
      subgraph_gcare_yago.yago/Chain_9/f_Q_4_4      n/a   
     subgraph_gcare_yago.yago/Chain_9/f_Q_3_13      n/a   
      subgraph_gcare_yago.yago/Chain_9/f_Q_2_6      n/a   
      subgraph_gcare_yago.yago/Chain_9/f_Q_0_4      n/a   
      subgraph_gcare_yago.yago/Chain_9/f_Q_0_5      n/a   
      subgraph_gcare_yago.yago/Chain_9/f_Q_2_7      n/a   
      subgraph_gcare_yago.yago/Chain_9/f_Q_4_1      n/a   
     subgraph_gcare_yago.yago/Chain_9/f_Q_3_12      n/a   
     subgraph_gcare_yago.yago/Chain_9/f_Q_3_10      n/a   
      subgraph_gcare_yago.yago/Chain_9/f_Q_4_3      n/a   
      subgraph_gcare_yago.yago/Chain_9/f_Q_2_5      n/a   
      subgraph_gcare_yago.yago/Chain_9/f_Q_0_7      n/a   
      subgraph_gcare_yago.yago/Chain_9/f_Q_0_6      n/a   
      subgraph_gcare_yago.yago/Chain_9/f_Q_2_4      n/a   
      subgraph_gcare_yago.yago/Chain_9/f_Q_4_2      n/a   
     subgraph_gcare_yago.yago/Chain_9/f_Q_3_11      n/a   
      subgraph_gcare_yago.yago/Chain_9/f_Q_1_1      n/a   
      subgraph_gcare_yago.yago/Chain_9/f_Q_3_3      n/a   
      subgraph_gcare_yago.yago/Chain_9/f_Q_5_5      n/a   
      subgraph_gcare_yago.yago/Chain_9/f_Q_5_4      n/a   
      subgraph_gcare_yago.yago/Chain_9/f_Q_3_2      n/a   
      subgraph_gcare_yago.yago/Chain_9/f_Q_1_2      n/a   
      subgraph_gcare_yago.yago/Chain_9/f_Q_5_6      n/a   
     subgraph_gcare_yago.yago/Chain_9/f_Q_5_14      n/a   
      subgraph_gcare_yago.yago/Chain_9/f_Q_5_7      n/a   
      subgraph_gcare_yago.yago/Chain_9/f_Q_3_1      n/a   
      subgraph_gcare_yago.yago/Chain_9/f_Q_1_3      n/a   
      subgraph_gcare_yago.yago/Chain_9/f_Q_1_7      n/a   
      subgraph_gcare_yago.yago/Chain_9/f_Q_3_5      n/a   
      subgraph_gcare_yago.yago/Chain_9/f_Q_5_3      n/a   
     subgraph_gcare_yago.yago/Chain_9/f_Q_5_11      n/a   
     subgraph_gcare_yago.yago/Chain_9/f_Q_5_10      n/a   
      subgraph_gcare_yago.yago/Chain_9/f_Q_5_2      n/a   
      subgraph_gcare_yago.yago/Chain_9/f_Q_3_4      n/a   
      subgraph_gcare_yago.yago/Chain_9/f_Q_1_6      n/a   
      subgraph_gcare_yago.yago/Chain_9/f_Q_1_4      n/a   
      subgraph_gcare_yago.yago/Chain_9/f_Q_3_6      n/a   
     subgraph_gcare_yago.yago/Chain_9/f_Q_5_12      n/a   
     subgraph_gcare_yago.yago/Chain_9/f_Q_5_13      n/a   
      subgraph_gcare_yago.yago/Chain_9/f_Q_3_7      n/a   
      subgraph_gcare_yago.yago/Chain_9/f_Q_1_5      n/a   
      subgraph_gcare_yago.yago/Chain_9/f_Q_1_8      n/a   
     subgraph_gcare_yago.yago/Chain_9/f_Q_0_12      n/a   
      subgraph_gcare_yago.yago/Chain_9/f_Q_1_9      n/a   
      subgraph_gcare_yago.yago/Chain_9/f_Q_3_9      n/a   
     subgraph_gcare_yago.yago/Chain_9/f_Q_0_11      n/a   
     subgraph_gcare_yago.yago/Chain_9/f_Q_0_10      n/a   
      subgraph_gcare_yago.yago/Chain_9/f_Q_3_8      n/a   
     subgraph_gcare_yago.yago/Chain_9/f_Q_2_11      n/a   
     subgraph_gcare_yago.yago/Chain_9/f_Q_2_10      n/a   
      subgraph_gcare_yago.yago/Chain_9/f_Q_5_9      n/a   
     subgraph_gcare_yago.yago/Chain_9/f_Q_2_12      n/a   
      subgraph_gcare_yago.yago/Chain_9/f_Q_5_8      n/a   
     subgraph_gcare_yago.yago/Chain_9/f_Q_2_13      n/a   
      subgraph_gcare_yago.yago/Chain_9/f_Q_2_9      n/a   
      subgraph_gcare_yago.yago/Chain_9/f_Q_2_8      n/a   
      subgraph_gcare_yago.yago/Chain_9/f_Q_0_8      n/a   
      subgraph_gcare_yago.yago/Chain_9/f_Q_0_9      n/a   
     subgraph_gcare_yago.yago/Chain_9/f_Q_4_13      n/a   
      subgraph_gcare_yago.yago/Chain_9/f_Q_4_9      n/a   
      subgraph_gcare_yago.yago/Chain_9/f_Q_4_8      n/a   
     subgraph_gcare_yago.yago/Chain_9/f_Q_4_12      n/a   
     subgraph_gcare_yago.yago/Chain_9/f_Q_4_10      n/a   
     subgraph_gcare_yago.yago/Chain_9/f_Q_4_11      n/a   
      subgraph_gcare_yago.yago/Tree_6/f_Q_4_6       n/a   
      subgraph_gcare_yago.yago/Tree_6/f_Q_1_10      n/a   
      subgraph_gcare_yago.yago/Tree_6/f_Q_0_2       n/a   
      subgraph_gcare_yago.yago/Tree_6/f_Q_1_11      n/a   
      subgraph_gcare_yago.yago/Tree_6/f_Q_0_3       n/a   
      subgraph_gcare_yago.yago/Tree_6/f_Q_2_1       n/a   
      subgraph_gcare_yago.yago/Tree_6/f_Q_4_7       n/a   
      subgraph_gcare_yago.yago/Tree_6/f_Q_4_5       n/a   
      subgraph_gcare_yago.yago/Tree_6/f_Q_2_3       n/a   
      subgraph_gcare_yago.yago/Tree_6/f_Q_0_1       n/a   
      subgraph_gcare_yago.yago/Tree_6/f_Q_1_13      n/a   
      subgraph_gcare_yago.yago/Tree_6/f_Q_1_12      n/a   
      subgraph_gcare_yago.yago/Tree_6/f_Q_2_2       n/a   
      subgraph_gcare_yago.yago/Tree_6/f_Q_4_4       n/a   
      subgraph_gcare_yago.yago/Tree_6/f_Q_3_13      n/a   
      subgraph_gcare_yago.yago/Tree_6/f_Q_2_6       n/a   
      subgraph_gcare_yago.yago/Tree_6/f_Q_0_4       n/a   
      subgraph_gcare_yago.yago/Tree_6/f_Q_0_5       n/a   
      subgraph_gcare_yago.yago/Tree_6/f_Q_2_7       n/a   
      subgraph_gcare_yago.yago/Tree_6/f_Q_4_1       n/a   
      subgraph_gcare_yago.yago/Tree_6/f_Q_3_12      n/a   
      subgraph_gcare_yago.yago/Tree_6/f_Q_3_10      n/a   
      subgraph_gcare_yago.yago/Tree_6/f_Q_4_3       n/a   
      subgraph_gcare_yago.yago/Tree_6/f_Q_2_5       n/a   
      subgraph_gcare_yago.yago/Tree_6/f_Q_0_7       n/a   
      subgraph_gcare_yago.yago/Tree_6/f_Q_0_6       n/a   
      subgraph_gcare_yago.yago/Tree_6/f_Q_1_14      n/a   
      subgraph_gcare_yago.yago/Tree_6/f_Q_2_4       n/a   
      subgraph_gcare_yago.yago/Tree_6/f_Q_4_2       n/a   
      subgraph_gcare_yago.yago/Tree_6/f_Q_3_11      n/a   
      subgraph_gcare_yago.yago/Tree_6/f_Q_1_1       n/a   
      subgraph_gcare_yago.yago/Tree_6/f_Q_3_3       n/a   
      subgraph_gcare_yago.yago/Tree_6/f_Q_5_5       n/a   
      subgraph_gcare_yago.yago/Tree_6/f_Q_5_4       n/a   
      subgraph_gcare_yago.yago/Tree_6/f_Q_3_2       n/a   
      subgraph_gcare_yago.yago/Tree_6/f_Q_1_2       n/a   
      subgraph_gcare_yago.yago/Tree_6/f_Q_5_6       n/a   
      subgraph_gcare_yago.yago/Tree_6/f_Q_5_7       n/a   
      subgraph_gcare_yago.yago/Tree_6/f_Q_3_1       n/a   
      subgraph_gcare_yago.yago/Tree_6/f_Q_1_3       n/a   
      subgraph_gcare_yago.yago/Tree_6/f_Q_1_7       n/a   
      subgraph_gcare_yago.yago/Tree_6/f_Q_3_5       n/a   
      subgraph_gcare_yago.yago/Tree_6/f_Q_5_3       n/a   
      subgraph_gcare_yago.yago/Tree_6/f_Q_5_11      n/a   
      subgraph_gcare_yago.yago/Tree_6/f_Q_5_10      n/a   
      subgraph_gcare_yago.yago/Tree_6/f_Q_5_2       n/a   
      subgraph_gcare_yago.yago/Tree_6/f_Q_3_4       n/a   
      subgraph_gcare_yago.yago/Tree_6/f_Q_1_6       n/a   
      subgraph_gcare_yago.yago/Tree_6/f_Q_1_4       n/a   
      subgraph_gcare_yago.yago/Tree_6/f_Q_3_6       n/a   
      subgraph_gcare_yago.yago/Tree_6/f_Q_5_12      n/a   
      subgraph_gcare_yago.yago/Tree_6/f_Q_5_13      n/a   
      subgraph_gcare_yago.yago/Tree_6/f_Q_5_1       n/a   
      subgraph_gcare_yago.yago/Tree_6/f_Q_3_7       n/a   
      subgraph_gcare_yago.yago/Tree_6/f_Q_1_5       n/a   
      subgraph_gcare_yago.yago/Tree_6/f_Q_1_8       n/a   
      subgraph_gcare_yago.yago/Tree_6/f_Q_0_12      n/a   
      subgraph_gcare_yago.yago/Tree_6/f_Q_0_13      n/a   
      subgraph_gcare_yago.yago/Tree_6/f_Q_1_9       n/a   
      subgraph_gcare_yago.yago/Tree_6/f_Q_3_9       n/a   
      subgraph_gcare_yago.yago/Tree_6/f_Q_0_11      n/a   
      subgraph_gcare_yago.yago/Tree_6/f_Q_0_10      n/a   
      subgraph_gcare_yago.yago/Tree_6/f_Q_3_8       n/a   
      subgraph_gcare_yago.yago/Tree_6/f_Q_0_14      n/a   
      subgraph_gcare_yago.yago/Tree_6/f_Q_2_11      n/a   
      subgraph_gcare_yago.yago/Tree_6/f_Q_2_10      n/a   
      subgraph_gcare_yago.yago/Tree_6/f_Q_5_9       n/a   
      subgraph_gcare_yago.yago/Tree_6/f_Q_2_12      n/a   
      subgraph_gcare_yago.yago/Tree_6/f_Q_5_8       n/a   
      subgraph_gcare_yago.yago/Tree_6/f_Q_2_13      n/a   
      subgraph_gcare_yago.yago/Tree_6/f_Q_2_9       n/a   
      subgraph_gcare_yago.yago/Tree_6/f_Q_2_8       n/a   
      subgraph_gcare_yago.yago/Tree_6/f_Q_0_8       n/a   
      subgraph_gcare_yago.yago/Tree_6/f_Q_0_9       n/a   
      subgraph_gcare_yago.yago/Tree_6/f_Q_4_13      n/a   
      subgraph_gcare_yago.yago/Tree_6/f_Q_4_9       n/a   
      subgraph_gcare_yago.yago/Tree_6/f_Q_4_8       n/a   
      subgraph_gcare_yago.yago/Tree_6/f_Q_4_12      n/a   
      subgraph_gcare_yago.yago/Tree_6/f_Q_4_10      n/a   
      subgraph_gcare_yago.yago/Tree_6/f_Q_4_11      n/a   
     subgraph_gcare_yago.yago/Cycle_6/f_Q_3_15      n/a   
      subgraph_gcare_yago.yago/Cycle_6/f_Q_4_6      n/a   
     subgraph_gcare_yago.yago/Cycle_6/f_Q_1_10      n/a   
      subgraph_gcare_yago.yago/Cycle_6/f_Q_0_2      n/a   
     subgraph_gcare_yago.yago/Cycle_6/f_Q_1_11      n/a   
      subgraph_gcare_yago.yago/Cycle_6/f_Q_0_3      n/a   
      subgraph_gcare_yago.yago/Cycle_6/f_Q_2_1      n/a   
      subgraph_gcare_yago.yago/Cycle_6/f_Q_4_7      n/a   
     subgraph_gcare_yago.yago/Cycle_6/f_Q_3_14      n/a   
      subgraph_gcare_yago.yago/Cycle_6/f_Q_4_5      n/a   
      subgraph_gcare_yago.yago/Cycle_6/f_Q_2_3      n/a   
      subgraph_gcare_yago.yago/Cycle_6/f_Q_0_1      n/a   
     subgraph_gcare_yago.yago/Cycle_6/f_Q_1_13      n/a   
     subgraph_gcare_yago.yago/Cycle_6/f_Q_1_12      n/a   
      subgraph_gcare_yago.yago/Cycle_6/f_Q_2_2      n/a   
      subgraph_gcare_yago.yago/Cycle_6/f_Q_4_4      n/a   
     subgraph_gcare_yago.yago/Cycle_6/f_Q_3_13      n/a   
      subgraph_gcare_yago.yago/Cycle_6/f_Q_2_6      n/a   
      subgraph_gcare_yago.yago/Cycle_6/f_Q_0_4      n/a   
      subgraph_gcare_yago.yago/Cycle_6/f_Q_0_5      n/a   
      subgraph_gcare_yago.yago/Cycle_6/f_Q_2_7      n/a   
      subgraph_gcare_yago.yago/Cycle_6/f_Q_4_1      n/a   
     subgraph_gcare_yago.yago/Cycle_6/f_Q_3_12      n/a   
     subgraph_gcare_yago.yago/Cycle_6/f_Q_3_10      n/a   
      subgraph_gcare_yago.yago/Cycle_6/f_Q_4_3      n/a   
      subgraph_gcare_yago.yago/Cycle_6/f_Q_2_5      n/a   
      subgraph_gcare_yago.yago/Cycle_6/f_Q_0_7      n/a   
     subgraph_gcare_yago.yago/Cycle_6/f_Q_1_15      n/a   
      subgraph_gcare_yago.yago/Cycle_6/f_Q_0_6      n/a   
     subgraph_gcare_yago.yago/Cycle_6/f_Q_1_14      n/a   
      subgraph_gcare_yago.yago/Cycle_6/f_Q_2_4      n/a   
      subgraph_gcare_yago.yago/Cycle_6/f_Q_4_2      n/a   
     subgraph_gcare_yago.yago/Cycle_6/f_Q_3_11      n/a   
      subgraph_gcare_yago.yago/Cycle_6/f_Q_1_1      n/a   
      subgraph_gcare_yago.yago/Cycle_6/f_Q_3_3      n/a   
      subgraph_gcare_yago.yago/Cycle_6/f_Q_5_5      n/a   
      subgraph_gcare_yago.yago/Cycle_6/f_Q_5_4      n/a   
      subgraph_gcare_yago.yago/Cycle_6/f_Q_3_2      n/a   
      subgraph_gcare_yago.yago/Cycle_6/f_Q_1_2      n/a   
      subgraph_gcare_yago.yago/Cycle_6/f_Q_5_6      n/a   
     subgraph_gcare_yago.yago/Cycle_6/f_Q_5_14      n/a   
     subgraph_gcare_yago.yago/Cycle_6/f_Q_5_15      n/a   
      subgraph_gcare_yago.yago/Cycle_6/f_Q_5_7      n/a   
      subgraph_gcare_yago.yago/Cycle_6/f_Q_3_1      n/a   
      subgraph_gcare_yago.yago/Cycle_6/f_Q_1_3      n/a   
      subgraph_gcare_yago.yago/Cycle_6/f_Q_1_7      n/a   
      subgraph_gcare_yago.yago/Cycle_6/f_Q_3_5      n/a   
      subgraph_gcare_yago.yago/Cycle_6/f_Q_5_3      n/a   
     subgraph_gcare_yago.yago/Cycle_6/f_Q_5_11      n/a   
     subgraph_gcare_yago.yago/Cycle_6/f_Q_5_10      n/a   
      subgraph_gcare_yago.yago/Cycle_6/f_Q_5_2      n/a   
      subgraph_gcare_yago.yago/Cycle_6/f_Q_3_4      n/a   
      subgraph_gcare_yago.yago/Cycle_6/f_Q_1_6      n/a   
      subgraph_gcare_yago.yago/Cycle_6/f_Q_1_4      n/a   
      subgraph_gcare_yago.yago/Cycle_6/f_Q_3_6      n/a   
     subgraph_gcare_yago.yago/Cycle_6/f_Q_5_12      n/a   
     subgraph_gcare_yago.yago/Cycle_6/f_Q_5_13      n/a   
      subgraph_gcare_yago.yago/Cycle_6/f_Q_5_1      n/a   
      subgraph_gcare_yago.yago/Cycle_6/f_Q_3_7      n/a   
      subgraph_gcare_yago.yago/Cycle_6/f_Q_1_5      n/a   
      subgraph_gcare_yago.yago/Cycle_6/f_Q_1_8      n/a   
     subgraph_gcare_yago.yago/Cycle_6/f_Q_0_12      n/a   
     subgraph_gcare_yago.yago/Cycle_6/f_Q_0_13      n/a   
      subgraph_gcare_yago.yago/Cycle_6/f_Q_1_9      n/a   
      subgraph_gcare_yago.yago/Cycle_6/f_Q_3_9      n/a   
     subgraph_gcare_yago.yago/Cycle_6/f_Q_0_11      n/a   
     subgraph_gcare_yago.yago/Cycle_6/f_Q_2_14      n/a   
     subgraph_gcare_yago.yago/Cycle_6/f_Q_2_15      n/a   
     subgraph_gcare_yago.yago/Cycle_6/f_Q_0_10      n/a   
      subgraph_gcare_yago.yago/Cycle_6/f_Q_3_8      n/a   
     subgraph_gcare_yago.yago/Cycle_6/f_Q_0_14      n/a   
     subgraph_gcare_yago.yago/Cycle_6/f_Q_2_11      n/a   
     subgraph_gcare_yago.yago/Cycle_6/f_Q_2_10      n/a   
     subgraph_gcare_yago.yago/Cycle_6/f_Q_0_15      n/a   
      subgraph_gcare_yago.yago/Cycle_6/f_Q_5_9      n/a   
     subgraph_gcare_yago.yago/Cycle_6/f_Q_2_12      n/a   
      subgraph_gcare_yago.yago/Cycle_6/f_Q_5_8      n/a   
     subgraph_gcare_yago.yago/Cycle_6/f_Q_2_13      n/a   
     subgraph_gcare_yago.yago/Cycle_6/f_Q_4_15      n/a   
      subgraph_gcare_yago.yago/Cycle_6/f_Q_2_9      n/a   
      subgraph_gcare_yago.yago/Cycle_6/f_Q_2_8      n/a   
     subgraph_gcare_yago.yago/Cycle_6/f_Q_4_14      n/a   
      subgraph_gcare_yago.yago/Cycle_6/f_Q_0_8      n/a   
      subgraph_gcare_yago.yago/Cycle_6/f_Q_0_9      n/a   
     subgraph_gcare_yago.yago/Cycle_6/f_Q_4_13      n/a   
      subgraph_gcare_yago.yago/Cycle_6/f_Q_4_9      n/a   
      subgraph_gcare_yago.yago/Cycle_6/f_Q_4_8      n/a   
     subgraph_gcare_yago.yago/Cycle_6/f_Q_4_12      n/a   
     subgraph_gcare_yago.yago/Cycle_6/f_Q_4_10      n/a   
     subgraph_gcare_yago.yago/Cycle_6/f_Q_4_11      n/a   
     subgraph_gcare_yago.yago/Flower_6/f_Q_2_1      n/a   
     subgraph_gcare_yago.yago/Flower_6/f_Q_2_2      n/a   
     subgraph_gcare_yago.yago/Flower_6/f_Q_2_4      n/a   
     subgraph_gcare_yago.yago/Flower_6/f_Q_1_1      n/a   
     subgraph_gcare_yago.yago/Flower_6/f_Q_3_3      n/a   
     subgraph_gcare_yago.yago/Flower_6/f_Q_3_2      n/a   
     subgraph_gcare_yago.yago/Flower_6/f_Q_3_1      n/a   
     subgraph_gcare_yago.yago/Flower_6/f_Q_3_5      n/a   
     subgraph_gcare_yago.yago/Flower_6/f_Q_5_3      n/a   
     subgraph_gcare_yago.yago/Flower_6/f_Q_5_2      n/a   
     subgraph_gcare_yago.yago/Flower_6/f_Q_3_4      n/a   
     subgraph_gcare_yago.yago/Flower_6/f_Q_5_1      n/a   
      subgraph_gcare_yago.yago/Graph_9/f_Q_0_3      n/a   
      subgraph_gcare_yago.yago/Graph_9/f_Q_2_1      n/a   
      subgraph_gcare_yago.yago/Graph_9/f_Q_4_5      n/a   
      subgraph_gcare_yago.yago/Graph_9/f_Q_2_3      n/a   
      subgraph_gcare_yago.yago/Graph_9/f_Q_0_1      n/a   
      subgraph_gcare_yago.yago/Graph_9/f_Q_0_7      n/a   
      subgraph_gcare_yago.yago/Graph_9/f_Q_5_4      n/a   
      subgraph_gcare_yago.yago/Graph_9/f_Q_1_3      n/a   
      subgraph_gcare_yago.yago/Graph_9/f_Q_3_5      n/a   
      subgraph_gcare_yago.yago/Graph_9/f_Q_5_3      n/a   
     subgraph_gcare_yago.yago/Graph_9/f_Q_5_11      n/a   
      subgraph_gcare_yago.yago/Graph_9/f_Q_1_8      n/a   
     subgraph_gcare_yago.yago/Graph_9/f_Q_0_11      n/a   
      subgraph_gcare_yago.yago/Graph_9/f_Q_0_8      n/a   
      subgraph_gcare_yago.yago/Graph_9/f_Q_4_8      n/a   
     subgraph_gcare_yago.yago/Graph_9/f_Q_4_11      n/a   
     subgraph_gcare_yago.yago/Tree_12/f_Q_1_10      n/a   
      subgraph_gcare_yago.yago/Tree_12/f_Q_0_2      n/a   
     subgraph_gcare_yago.yago/Tree_12/f_Q_1_11      n/a   
      subgraph_gcare_yago.yago/Tree_12/f_Q_0_3      n/a   
      subgraph_gcare_yago.yago/Tree_12/f_Q_0_1      n/a   
      subgraph_gcare_yago.yago/Tree_12/f_Q_0_4      n/a   
      subgraph_gcare_yago.yago/Tree_12/f_Q_0_5      n/a   
      subgraph_gcare_yago.yago/Tree_12/f_Q_0_7      n/a   
      subgraph_gcare_yago.yago/Tree_12/f_Q_0_6      n/a   
      subgraph_gcare_yago.yago/Tree_12/f_Q_4_2      n/a   
      subgraph_gcare_yago.yago/Tree_12/f_Q_1_1      n/a   
      subgraph_gcare_yago.yago/Tree_12/f_Q_5_5      n/a   
      subgraph_gcare_yago.yago/Tree_12/f_Q_5_4      n/a   
      subgraph_gcare_yago.yago/Tree_12/f_Q_3_2      n/a   
      subgraph_gcare_yago.yago/Tree_12/f_Q_1_2      n/a   
      subgraph_gcare_yago.yago/Tree_12/f_Q_5_6      n/a   
      subgraph_gcare_yago.yago/Tree_12/f_Q_5_7      n/a   
      subgraph_gcare_yago.yago/Tree_12/f_Q_3_1      n/a   
      subgraph_gcare_yago.yago/Tree_12/f_Q_1_3      n/a   
      subgraph_gcare_yago.yago/Tree_12/f_Q_5_3      n/a   
      subgraph_gcare_yago.yago/Tree_12/f_Q_5_2      n/a   
      subgraph_gcare_yago.yago/Tree_12/f_Q_1_6      n/a   
      subgraph_gcare_yago.yago/Tree_12/f_Q_1_4      n/a   
      subgraph_gcare_yago.yago/Tree_12/f_Q_1_5      n/a   
      subgraph_gcare_yago.yago/Tree_12/f_Q_1_8      n/a   
     subgraph_gcare_yago.yago/Tree_12/f_Q_0_12      n/a   
     subgraph_gcare_yago.yago/Tree_12/f_Q_0_13      n/a   
      subgraph_gcare_yago.yago/Tree_12/f_Q_1_9      n/a   
     subgraph_gcare_yago.yago/Tree_12/f_Q_0_11      n/a   
     subgraph_gcare_yago.yago/Tree_12/f_Q_0_10      n/a   
     subgraph_gcare_yago.yago/Tree_12/f_Q_0_14      n/a   
      subgraph_gcare_yago.yago/Tree_12/f_Q_0_8      n/a   
      subgraph_gcare_yago.yago/Tree_12/f_Q_0_9      n/a   
      subgraph_gcare_yago.yago/Tree_9/f_Q_4_6       n/a   
      subgraph_gcare_yago.yago/Tree_9/f_Q_1_10      n/a   
      subgraph_gcare_yago.yago/Tree_9/f_Q_0_2       n/a   
      subgraph_gcare_yago.yago/Tree_9/f_Q_1_11      n/a   
      subgraph_gcare_yago.yago/Tree_9/f_Q_0_3       n/a   
      subgraph_gcare_yago.yago/Tree_9/f_Q_2_1       n/a   
      subgraph_gcare_yago.yago/Tree_9/f_Q_4_7       n/a   
      subgraph_gcare_yago.yago/Tree_9/f_Q_4_5       n/a   
      subgraph_gcare_yago.yago/Tree_9/f_Q_2_3       n/a   
      subgraph_gcare_yago.yago/Tree_9/f_Q_0_1       n/a   
      subgraph_gcare_yago.yago/Tree_9/f_Q_1_13      n/a   
      subgraph_gcare_yago.yago/Tree_9/f_Q_1_12      n/a   
      subgraph_gcare_yago.yago/Tree_9/f_Q_2_2       n/a   
      subgraph_gcare_yago.yago/Tree_9/f_Q_4_4       n/a   
      subgraph_gcare_yago.yago/Tree_9/f_Q_2_6       n/a   
      subgraph_gcare_yago.yago/Tree_9/f_Q_0_4       n/a   
      subgraph_gcare_yago.yago/Tree_9/f_Q_0_5       n/a   
      subgraph_gcare_yago.yago/Tree_9/f_Q_2_7       n/a   
      subgraph_gcare_yago.yago/Tree_9/f_Q_4_1       n/a   
      subgraph_gcare_yago.yago/Tree_9/f_Q_3_12      n/a   
      subgraph_gcare_yago.yago/Tree_9/f_Q_3_10      n/a   
      subgraph_gcare_yago.yago/Tree_9/f_Q_4_3       n/a   
      subgraph_gcare_yago.yago/Tree_9/f_Q_2_5       n/a   
      subgraph_gcare_yago.yago/Tree_9/f_Q_0_7       n/a   
      subgraph_gcare_yago.yago/Tree_9/f_Q_0_6       n/a   
      subgraph_gcare_yago.yago/Tree_9/f_Q_2_4       n/a   
      subgraph_gcare_yago.yago/Tree_9/f_Q_4_2       n/a   
      subgraph_gcare_yago.yago/Tree_9/f_Q_3_11      n/a   
      subgraph_gcare_yago.yago/Tree_9/f_Q_1_1       n/a   
      subgraph_gcare_yago.yago/Tree_9/f_Q_3_3       n/a   
      subgraph_gcare_yago.yago/Tree_9/f_Q_5_5       n/a   
      subgraph_gcare_yago.yago/Tree_9/f_Q_5_4       n/a   
      subgraph_gcare_yago.yago/Tree_9/f_Q_3_2       n/a   
      subgraph_gcare_yago.yago/Tree_9/f_Q_1_2       n/a   
      subgraph_gcare_yago.yago/Tree_9/f_Q_5_6       n/a   
      subgraph_gcare_yago.yago/Tree_9/f_Q_5_7       n/a   
      subgraph_gcare_yago.yago/Tree_9/f_Q_3_1       n/a   
      subgraph_gcare_yago.yago/Tree_9/f_Q_1_3       n/a   
      subgraph_gcare_yago.yago/Tree_9/f_Q_1_7       n/a   
      subgraph_gcare_yago.yago/Tree_9/f_Q_3_5       n/a   
      subgraph_gcare_yago.yago/Tree_9/f_Q_5_3       n/a   
      subgraph_gcare_yago.yago/Tree_9/f_Q_5_11      n/a   
      subgraph_gcare_yago.yago/Tree_9/f_Q_5_10      n/a   
      subgraph_gcare_yago.yago/Tree_9/f_Q_5_2       n/a   
      subgraph_gcare_yago.yago/Tree_9/f_Q_3_4       n/a   
      subgraph_gcare_yago.yago/Tree_9/f_Q_1_6       n/a   
      subgraph_gcare_yago.yago/Tree_9/f_Q_1_4       n/a   
      subgraph_gcare_yago.yago/Tree_9/f_Q_3_6       n/a   
      subgraph_gcare_yago.yago/Tree_9/f_Q_5_12      n/a   
      subgraph_gcare_yago.yago/Tree_9/f_Q_5_13      n/a   
      subgraph_gcare_yago.yago/Tree_9/f_Q_5_1       n/a   
      subgraph_gcare_yago.yago/Tree_9/f_Q_3_7       n/a   
      subgraph_gcare_yago.yago/Tree_9/f_Q_1_5       n/a   
      subgraph_gcare_yago.yago/Tree_9/f_Q_1_8       n/a   
      subgraph_gcare_yago.yago/Tree_9/f_Q_0_12      n/a   
      subgraph_gcare_yago.yago/Tree_9/f_Q_0_13      n/a   
      subgraph_gcare_yago.yago/Tree_9/f_Q_1_9       n/a   
      subgraph_gcare_yago.yago/Tree_9/f_Q_3_9       n/a   
      subgraph_gcare_yago.yago/Tree_9/f_Q_0_11      n/a   
      subgraph_gcare_yago.yago/Tree_9/f_Q_0_10      n/a   
      subgraph_gcare_yago.yago/Tree_9/f_Q_3_8       n/a   
      subgraph_gcare_yago.yago/Tree_9/f_Q_0_14      n/a   
      subgraph_gcare_yago.yago/Tree_9/f_Q_5_9       n/a   
      subgraph_gcare_yago.yago/Tree_9/f_Q_5_8       n/a   
      subgraph_gcare_yago.yago/Tree_9/f_Q_2_8       n/a   
      subgraph_gcare_yago.yago/Tree_9/f_Q_0_8       n/a   
      subgraph_gcare_yago.yago/Tree_9/f_Q_0_9       n/a   
      subgraph_gcare_yago.yago/Tree_9/f_Q_4_13      n/a   
      subgraph_gcare_yago.yago/Tree_9/f_Q_4_9       n/a   
      subgraph_gcare_yago.yago/Tree_9/f_Q_4_8       n/a   
      subgraph_gcare_yago.yago/Tree_9/f_Q_4_12      n/a   
      subgraph_gcare_yago.yago/Tree_9/f_Q_4_10      n/a   
      subgraph_gcare_yago.yago/Tree_9/f_Q_4_11      n/a   
      subgraph_gcare_yago.yago/Cycle_9/f_Q_0_2      n/a   
      subgraph_gcare_yago.yago/Cycle_9/f_Q_0_3      n/a   
      subgraph_gcare_yago.yago/Cycle_9/f_Q_0_1      n/a   
      subgraph_gcare_yago.yago/Cycle_9/f_Q_0_4      n/a   
      subgraph_gcare_yago.yago/Cycle_9/f_Q_0_5      n/a   
      subgraph_gcare_yago.yago/Cycle_9/f_Q_0_7      n/a   
      subgraph_gcare_yago.yago/Cycle_9/f_Q_0_6      n/a   
     subgraph_gcare_yago.yago/Cycle_9/f_Q_0_12      n/a   
     subgraph_gcare_yago.yago/Cycle_9/f_Q_0_11      n/a   
     subgraph_gcare_yago.yago/Cycle_9/f_Q_0_10      n/a   
      subgraph_gcare_yago.yago/Cycle_9/f_Q_0_8      n/a   
      subgraph_gcare_yago.yago/Cycle_9/f_Q_0_9      n/a   
      subgraph_gcare_yago.yago/Graph_6/f_Q_4_6      n/a   
     subgraph_gcare_yago.yago/Graph_6/f_Q_1_10      n/a   
      subgraph_gcare_yago.yago/Graph_6/f_Q_0_2      n/a   
      subgraph_gcare_yago.yago/Graph_6/f_Q_0_3      n/a   
      subgraph_gcare_yago.yago/Graph_6/f_Q_2_1      n/a   
      subgraph_gcare_yago.yago/Graph_6/f_Q_4_5      n/a   
      subgraph_gcare_yago.yago/Graph_6/f_Q_2_3      n/a   
      subgraph_gcare_yago.yago/Graph_6/f_Q_0_1      n/a   
     subgraph_gcare_yago.yago/Graph_6/f_Q_1_13      n/a   
      subgraph_gcare_yago.yago/Graph_6/f_Q_2_2      n/a   
      subgraph_gcare_yago.yago/Graph_6/f_Q_4_4      n/a   
      subgraph_gcare_yago.yago/Graph_6/f_Q_0_4      n/a   
      subgraph_gcare_yago.yago/Graph_6/f_Q_0_5      n/a   
     subgraph_gcare_yago.yago/Graph_6/f_Q_3_12      n/a   
     subgraph_gcare_yago.yago/Graph_6/f_Q_3_10      n/a   
      subgraph_gcare_yago.yago/Graph_6/f_Q_4_3      n/a   
      subgraph_gcare_yago.yago/Graph_6/f_Q_2_5      n/a   
      subgraph_gcare_yago.yago/Graph_6/f_Q_0_7      n/a   
      subgraph_gcare_yago.yago/Graph_6/f_Q_0_6      n/a   
      subgraph_gcare_yago.yago/Graph_6/f_Q_4_2      n/a   
     subgraph_gcare_yago.yago/Graph_6/f_Q_3_11      n/a   
      subgraph_gcare_yago.yago/Graph_6/f_Q_3_3      n/a   
      subgraph_gcare_yago.yago/Graph_6/f_Q_5_5      n/a   
      subgraph_gcare_yago.yago/Graph_6/f_Q_5_4      n/a   
      subgraph_gcare_yago.yago/Graph_6/f_Q_5_6      n/a   
      subgraph_gcare_yago.yago/Graph_6/f_Q_5_7      n/a   
      subgraph_gcare_yago.yago/Graph_6/f_Q_1_3      n/a   
      subgraph_gcare_yago.yago/Graph_6/f_Q_1_7      n/a   
      subgraph_gcare_yago.yago/Graph_6/f_Q_5_3      n/a   
     subgraph_gcare_yago.yago/Graph_6/f_Q_5_10      n/a   
      subgraph_gcare_yago.yago/Graph_6/f_Q_1_4      n/a   
      subgraph_gcare_yago.yago/Graph_6/f_Q_5_1      n/a   
      subgraph_gcare_yago.yago/Graph_6/f_Q_3_7      n/a   
      subgraph_gcare_yago.yago/Graph_6/f_Q_1_5      n/a   
     subgraph_gcare_yago.yago/Graph_6/f_Q_0_13      n/a   
      subgraph_gcare_yago.yago/Graph_6/f_Q_1_9      n/a   
     subgraph_gcare_yago.yago/Graph_6/f_Q_0_11      n/a   
     subgraph_gcare_yago.yago/Graph_6/f_Q_0_10      n/a   
     subgraph_gcare_yago.yago/Graph_6/f_Q_0_14      n/a   
     subgraph_gcare_yago.yago/Graph_6/f_Q_2_11      n/a   
     subgraph_gcare_yago.yago/Graph_6/f_Q_2_10      n/a   
      subgraph_gcare_yago.yago/Graph_6/f_Q_5_9      n/a   
     subgraph_gcare_yago.yago/Graph_6/f_Q_2_12      n/a   
     subgraph_gcare_yago.yago/Graph_6/f_Q_2_13      n/a   
      subgraph_gcare_yago.yago/Graph_6/f_Q_2_9      n/a   
      subgraph_gcare_yago.yago/Graph_6/f_Q_4_9      n/a   
      subgraph_gcare_yago.yago/Graph_6/f_Q_4_8      n/a   
     subgraph_gcare_yago.yago/Graph_6/f_Q_4_10      n/a   
     subgraph_gcare_yago.yago/Graph_6/f_Q_4_11      n/a   
      subgraph_gcare_yago.yago/Star_3/f_Q_4_6       n/a   
      subgraph_gcare_yago.yago/Star_3/f_Q_1_10      n/a   
      subgraph_gcare_yago.yago/Star_3/f_Q_0_2       n/a   
      subgraph_gcare_yago.yago/Star_3/f_Q_1_11      n/a   
      subgraph_gcare_yago.yago/Star_3/f_Q_0_3       n/a   
      subgraph_gcare_yago.yago/Star_3/f_Q_2_1       n/a   
      subgraph_gcare_yago.yago/Star_3/f_Q_4_7       n/a   
      subgraph_gcare_yago.yago/Star_3/f_Q_4_5       n/a   
      subgraph_gcare_yago.yago/Star_3/f_Q_2_3       n/a   
      subgraph_gcare_yago.yago/Star_3/f_Q_0_1       n/a   
      subgraph_gcare_yago.yago/Star_3/f_Q_1_13      n/a   
      subgraph_gcare_yago.yago/Star_3/f_Q_1_12      n/a   
      subgraph_gcare_yago.yago/Star_3/f_Q_2_2       n/a   
      subgraph_gcare_yago.yago/Star_3/f_Q_4_4       n/a   
      subgraph_gcare_yago.yago/Star_3/f_Q_3_13      n/a   
      subgraph_gcare_yago.yago/Star_3/f_Q_2_6       n/a   
      subgraph_gcare_yago.yago/Star_3/f_Q_0_4       n/a   
      subgraph_gcare_yago.yago/Star_3/f_Q_0_5       n/a   
      subgraph_gcare_yago.yago/Star_3/f_Q_2_7       n/a   
      subgraph_gcare_yago.yago/Star_3/f_Q_4_1       n/a   
      subgraph_gcare_yago.yago/Star_3/f_Q_3_12      n/a   
      subgraph_gcare_yago.yago/Star_3/f_Q_3_10      n/a   
      subgraph_gcare_yago.yago/Star_3/f_Q_4_3       n/a   
      subgraph_gcare_yago.yago/Star_3/f_Q_2_5       n/a   
      subgraph_gcare_yago.yago/Star_3/f_Q_0_7       n/a   
      subgraph_gcare_yago.yago/Star_3/f_Q_0_6       n/a   
      subgraph_gcare_yago.yago/Star_3/f_Q_1_14      n/a   
      subgraph_gcare_yago.yago/Star_3/f_Q_2_4       n/a   
      subgraph_gcare_yago.yago/Star_3/f_Q_4_2       n/a   
      subgraph_gcare_yago.yago/Star_3/f_Q_3_11      n/a   
      subgraph_gcare_yago.yago/Star_3/f_Q_1_1       n/a   
      subgraph_gcare_yago.yago/Star_3/f_Q_3_3       n/a   
      subgraph_gcare_yago.yago/Star_3/f_Q_5_5       n/a   
      subgraph_gcare_yago.yago/Star_3/f_Q_5_4       n/a   
      subgraph_gcare_yago.yago/Star_3/f_Q_3_2       n/a   
      subgraph_gcare_yago.yago/Star_3/f_Q_1_2       n/a   
      subgraph_gcare_yago.yago/Star_3/f_Q_5_6       n/a   
      subgraph_gcare_yago.yago/Star_3/f_Q_5_7       n/a   
      subgraph_gcare_yago.yago/Star_3/f_Q_3_1       n/a   
      subgraph_gcare_yago.yago/Star_3/f_Q_1_3       n/a   
      subgraph_gcare_yago.yago/Star_3/f_Q_3_5       n/a   
      subgraph_gcare_yago.yago/Star_3/f_Q_5_3       n/a   
      subgraph_gcare_yago.yago/Star_3/f_Q_5_11      n/a   
      subgraph_gcare_yago.yago/Star_3/f_Q_5_10      n/a   
      subgraph_gcare_yago.yago/Star_3/f_Q_5_2       n/a   
      subgraph_gcare_yago.yago/Star_3/f_Q_3_4       n/a   
      subgraph_gcare_yago.yago/Star_3/f_Q_1_6       n/a   
      subgraph_gcare_yago.yago/Star_3/f_Q_1_4       n/a   
      subgraph_gcare_yago.yago/Star_3/f_Q_3_6       n/a   
      subgraph_gcare_yago.yago/Star_3/f_Q_5_12      n/a   
      subgraph_gcare_yago.yago/Star_3/f_Q_5_13      n/a   
      subgraph_gcare_yago.yago/Star_3/f_Q_5_1       n/a   
      subgraph_gcare_yago.yago/Star_3/f_Q_3_7       n/a   
      subgraph_gcare_yago.yago/Star_3/f_Q_1_5       n/a   
      subgraph_gcare_yago.yago/Star_3/f_Q_1_8       n/a   
      subgraph_gcare_yago.yago/Star_3/f_Q_0_12      n/a   
      subgraph_gcare_yago.yago/Star_3/f_Q_0_13      n/a   
      subgraph_gcare_yago.yago/Star_3/f_Q_1_9       n/a   
      subgraph_gcare_yago.yago/Star_3/f_Q_3_9       n/a   
      subgraph_gcare_yago.yago/Star_3/f_Q_0_11      n/a   
      subgraph_gcare_yago.yago/Star_3/f_Q_0_10      n/a   
      subgraph_gcare_yago.yago/Star_3/f_Q_3_8       n/a   
      subgraph_gcare_yago.yago/Star_3/f_Q_0_14      n/a   
      subgraph_gcare_yago.yago/Star_3/f_Q_2_11      n/a   
      subgraph_gcare_yago.yago/Star_3/f_Q_2_10      n/a   
      subgraph_gcare_yago.yago/Star_3/f_Q_5_9       n/a   
      subgraph_gcare_yago.yago/Star_3/f_Q_2_12      n/a   
      subgraph_gcare_yago.yago/Star_3/f_Q_5_8       n/a   
      subgraph_gcare_yago.yago/Star_3/f_Q_2_13      n/a   
      subgraph_gcare_yago.yago/Star_3/f_Q_2_9       n/a   
      subgraph_gcare_yago.yago/Star_3/f_Q_2_8       n/a   
      subgraph_gcare_yago.yago/Star_3/f_Q_0_8       n/a   
      subgraph_gcare_yago.yago/Star_3/f_Q_0_9       n/a   
      subgraph_gcare_yago.yago/Star_3/f_Q_4_13      n/a   
      subgraph_gcare_yago.yago/Star_3/f_Q_4_9       n/a   
      subgraph_gcare_yago.yago/Star_3/f_Q_4_8       n/a   
      subgraph_gcare_yago.yago/Star_3/f_Q_4_12      n/a   
      subgraph_gcare_yago.yago/Star_3/f_Q_4_10      n/a   
      subgraph_gcare_yago.yago/Star_3/f_Q_4_11      n/a   
     subgraph_gcare_yago.yago/Petal_12/f_Q_0_2      n/a   
     subgraph_gcare_yago.yago/Petal_12/f_Q_0_3      n/a   
     subgraph_gcare_yago.yago/Petal_12/f_Q_2_1      n/a   
     subgraph_gcare_yago.yago/Petal_12/f_Q_2_3      n/a   
     subgraph_gcare_yago.yago/Petal_12/f_Q_0_1      n/a   
     subgraph_gcare_yago.yago/Petal_12/f_Q_2_2      n/a   
     subgraph_gcare_yago.yago/Petal_12/f_Q_4_1      n/a   
     subgraph_gcare_yago.yago/Petal_12/f_Q_2_4      n/a   
     subgraph_gcare_yago.yago/Petal_12/f_Q_1_1      n/a   
     subgraph_gcare_yago.yago/Petal_12/f_Q_3_3      n/a   
     subgraph_gcare_yago.yago/Petal_12/f_Q_3_2      n/a   
     subgraph_gcare_yago.yago/Petal_12/f_Q_1_2      n/a   
     subgraph_gcare_yago.yago/Petal_12/f_Q_3_1      n/a   
     subgraph_gcare_yago.yago/Petal_12/f_Q_1_3      n/a   
     subgraph_gcare_yago.yago/Petal_12/f_Q_3_5      n/a   
     subgraph_gcare_yago.yago/Petal_12/f_Q_3_4      n/a   
     subgraph_gcare_yago.yago/Petal_12/f_Q_1_6      n/a   
     subgraph_gcare_yago.yago/Petal_12/f_Q_1_4      n/a   
     subgraph_gcare_yago.yago/Petal_12/f_Q_5_1      n/a   
     subgraph_gcare_yago.yago/Petal_12/f_Q_1_5      n/a   
     subgraph_gcare_yago.yago/Petal_12/f_Q_0_8      n/a   
     subgraph_gcare_yago.yago/Petal_12/f_Q_0_9      n/a   
     subgraph_gcare_yago.yago/Clique_6/f_Q_0_11     n/a   
      subgraph_gcare_yago.yago/Chain_3/f_Q_4_6      n/a   
     subgraph_gcare_yago.yago/Chain_3/f_Q_1_10      n/a   
      subgraph_gcare_yago.yago/Chain_3/f_Q_0_2      n/a   
     subgraph_gcare_yago.yago/Chain_3/f_Q_1_11      n/a   
      subgraph_gcare_yago.yago/Chain_3/f_Q_0_3      n/a   
      subgraph_gcare_yago.yago/Chain_3/f_Q_2_1      n/a   
      subgraph_gcare_yago.yago/Chain_3/f_Q_4_7      n/a   
      subgraph_gcare_yago.yago/Chain_3/f_Q_4_5      n/a   
      subgraph_gcare_yago.yago/Chain_3/f_Q_2_3      n/a   
      subgraph_gcare_yago.yago/Chain_3/f_Q_0_1      n/a   
     subgraph_gcare_yago.yago/Chain_3/f_Q_1_13      n/a   
     subgraph_gcare_yago.yago/Chain_3/f_Q_1_12      n/a   
      subgraph_gcare_yago.yago/Chain_3/f_Q_2_2      n/a   
      subgraph_gcare_yago.yago/Chain_3/f_Q_4_4      n/a   
     subgraph_gcare_yago.yago/Chain_3/f_Q_3_13      n/a   
      subgraph_gcare_yago.yago/Chain_3/f_Q_2_6      n/a   
      subgraph_gcare_yago.yago/Chain_3/f_Q_0_4      n/a   
      subgraph_gcare_yago.yago/Chain_3/f_Q_0_5      n/a   
      subgraph_gcare_yago.yago/Chain_3/f_Q_2_7      n/a   
      subgraph_gcare_yago.yago/Chain_3/f_Q_4_1      n/a   
     subgraph_gcare_yago.yago/Chain_3/f_Q_3_12      n/a   
     subgraph_gcare_yago.yago/Chain_3/f_Q_3_10      n/a   
      subgraph_gcare_yago.yago/Chain_3/f_Q_4_3      n/a   
      subgraph_gcare_yago.yago/Chain_3/f_Q_2_5      n/a   
      subgraph_gcare_yago.yago/Chain_3/f_Q_0_7      n/a   
      subgraph_gcare_yago.yago/Chain_3/f_Q_0_6      n/a   
     subgraph_gcare_yago.yago/Chain_3/f_Q_1_14      n/a   
      subgraph_gcare_yago.yago/Chain_3/f_Q_2_4      n/a   
      subgraph_gcare_yago.yago/Chain_3/f_Q_4_2      n/a   
     subgraph_gcare_yago.yago/Chain_3/f_Q_3_11      n/a   
      subgraph_gcare_yago.yago/Chain_3/f_Q_1_1      n/a   
      subgraph_gcare_yago.yago/Chain_3/f_Q_3_3      n/a   
      subgraph_gcare_yago.yago/Chain_3/f_Q_5_5      n/a   
      subgraph_gcare_yago.yago/Chain_3/f_Q_5_4      n/a   
      subgraph_gcare_yago.yago/Chain_3/f_Q_3_2      n/a   
      subgraph_gcare_yago.yago/Chain_3/f_Q_1_2      n/a   
      subgraph_gcare_yago.yago/Chain_3/f_Q_5_6      n/a   
      subgraph_gcare_yago.yago/Chain_3/f_Q_5_7      n/a   
      subgraph_gcare_yago.yago/Chain_3/f_Q_3_1      n/a   
      subgraph_gcare_yago.yago/Chain_3/f_Q_1_3      n/a   
      subgraph_gcare_yago.yago/Chain_3/f_Q_1_7      n/a   
      subgraph_gcare_yago.yago/Chain_3/f_Q_3_5      n/a   
      subgraph_gcare_yago.yago/Chain_3/f_Q_5_3      n/a   
     subgraph_gcare_yago.yago/Chain_3/f_Q_5_11      n/a   
     subgraph_gcare_yago.yago/Chain_3/f_Q_5_10      n/a   
      subgraph_gcare_yago.yago/Chain_3/f_Q_5_2      n/a   
      subgraph_gcare_yago.yago/Chain_3/f_Q_3_4      n/a   
      subgraph_gcare_yago.yago/Chain_3/f_Q_1_6      n/a   
      subgraph_gcare_yago.yago/Chain_3/f_Q_1_4      n/a   
      subgraph_gcare_yago.yago/Chain_3/f_Q_3_6      n/a   
     subgraph_gcare_yago.yago/Chain_3/f_Q_5_12      n/a   
     subgraph_gcare_yago.yago/Chain_3/f_Q_5_13      n/a   
      subgraph_gcare_yago.yago/Chain_3/f_Q_5_1      n/a   
      subgraph_gcare_yago.yago/Chain_3/f_Q_3_7      n/a   
      subgraph_gcare_yago.yago/Chain_3/f_Q_1_5      n/a   
      subgraph_gcare_yago.yago/Chain_3/f_Q_1_8      n/a   
     subgraph_gcare_yago.yago/Chain_3/f_Q_0_12      n/a   
     subgraph_gcare_yago.yago/Chain_3/f_Q_0_13      n/a   
      subgraph_gcare_yago.yago/Chain_3/f_Q_1_9      n/a   
      subgraph_gcare_yago.yago/Chain_3/f_Q_3_9      n/a   
     subgraph_gcare_yago.yago/Chain_3/f_Q_0_11      n/a   
     subgraph_gcare_yago.yago/Chain_3/f_Q_0_10      n/a   
      subgraph_gcare_yago.yago/Chain_3/f_Q_3_8      n/a   
     subgraph_gcare_yago.yago/Chain_3/f_Q_0_14      n/a   
     subgraph_gcare_yago.yago/Chain_3/f_Q_2_11      n/a   
     subgraph_gcare_yago.yago/Chain_3/f_Q_2_10      n/a   
      subgraph_gcare_yago.yago/Chain_3/f_Q_5_9      n/a   
     subgraph_gcare_yago.yago/Chain_3/f_Q_2_12      n/a   
      subgraph_gcare_yago.yago/Chain_3/f_Q_5_8      n/a   
     subgraph_gcare_yago.yago/Chain_3/f_Q_2_13      n/a   
      subgraph_gcare_yago.yago/Chain_3/f_Q_2_9      n/a   
      subgraph_gcare_yago.yago/Chain_3/f_Q_2_8      n/a   
      subgraph_gcare_yago.yago/Chain_3/f_Q_0_8      n/a   
      subgraph_gcare_yago.yago/Chain_3/f_Q_0_9      n/a   
     subgraph_gcare_yago.yago/Chain_3/f_Q_4_13      n/a   
      subgraph_gcare_yago.yago/Chain_3/f_Q_4_9      n/a   
      subgraph_gcare_yago.yago/Chain_3/f_Q_4_8      n/a   
     subgraph_gcare_yago.yago/Chain_3/f_Q_4_12      n/a   
     subgraph_gcare_yago.yago/Chain_3/f_Q_4_10      n/a   
     subgraph_gcare_yago.yago/Chain_3/f_Q_4_11      n/a   
      subgraph_gcare_yago.yago/Graph_3/f_Q_0_2      n/a   
     subgraph_gcare_yago.yago/Graph_3/f_Q_1_11      n/a   
      subgraph_gcare_yago.yago/Graph_3/f_Q_0_3      n/a   
      subgraph_gcare_yago.yago/Graph_3/f_Q_2_1      n/a   
      subgraph_gcare_yago.yago/Graph_3/f_Q_4_7      n/a   
      subgraph_gcare_yago.yago/Graph_3/f_Q_4_5      n/a   
      subgraph_gcare_yago.yago/Graph_3/f_Q_2_3      n/a   
      subgraph_gcare_yago.yago/Graph_3/f_Q_0_1      n/a   
     subgraph_gcare_yago.yago/Graph_3/f_Q_1_13      n/a   
      subgraph_gcare_yago.yago/Graph_3/f_Q_2_2      n/a   
      subgraph_gcare_yago.yago/Graph_3/f_Q_4_4      n/a   
      subgraph_gcare_yago.yago/Graph_3/f_Q_2_6      n/a   
      subgraph_gcare_yago.yago/Graph_3/f_Q_0_4      n/a   
      subgraph_gcare_yago.yago/Graph_3/f_Q_0_5      n/a   
      subgraph_gcare_yago.yago/Graph_3/f_Q_2_7      n/a   
      subgraph_gcare_yago.yago/Graph_3/f_Q_4_1      n/a   
     subgraph_gcare_yago.yago/Graph_3/f_Q_3_12      n/a   
     subgraph_gcare_yago.yago/Graph_3/f_Q_3_10      n/a   
      subgraph_gcare_yago.yago/Graph_3/f_Q_2_5      n/a   
      subgraph_gcare_yago.yago/Graph_3/f_Q_0_7      n/a   
      subgraph_gcare_yago.yago/Graph_3/f_Q_0_6      n/a   
      subgraph_gcare_yago.yago/Graph_3/f_Q_2_4      n/a   
      subgraph_gcare_yago.yago/Graph_3/f_Q_4_2      n/a   
     subgraph_gcare_yago.yago/Graph_3/f_Q_3_11      n/a   
      subgraph_gcare_yago.yago/Graph_3/f_Q_3_3      n/a   
      subgraph_gcare_yago.yago/Graph_3/f_Q_5_5      n/a   
      subgraph_gcare_yago.yago/Graph_3/f_Q_3_2      n/a   
      subgraph_gcare_yago.yago/Graph_3/f_Q_1_2      n/a   
      subgraph_gcare_yago.yago/Graph_3/f_Q_5_7      n/a   
      subgraph_gcare_yago.yago/Graph_3/f_Q_3_1      n/a   
      subgraph_gcare_yago.yago/Graph_3/f_Q_1_3      n/a   
      subgraph_gcare_yago.yago/Graph_3/f_Q_5_3      n/a   
      subgraph_gcare_yago.yago/Graph_3/f_Q_5_2      n/a   
      subgraph_gcare_yago.yago/Graph_3/f_Q_1_4      n/a   
     subgraph_gcare_yago.yago/Graph_3/f_Q_5_12      n/a   
     subgraph_gcare_yago.yago/Graph_3/f_Q_5_13      n/a   
      subgraph_gcare_yago.yago/Graph_3/f_Q_3_7      n/a   
      subgraph_gcare_yago.yago/Graph_3/f_Q_1_5      n/a   
      subgraph_gcare_yago.yago/Graph_3/f_Q_1_8      n/a   
     subgraph_gcare_yago.yago/Graph_3/f_Q_0_12      n/a   
     subgraph_gcare_yago.yago/Graph_3/f_Q_0_13      n/a   
      subgraph_gcare_yago.yago/Graph_3/f_Q_1_9      n/a   
     subgraph_gcare_yago.yago/Graph_3/f_Q_0_11      n/a   
     subgraph_gcare_yago.yago/Graph_3/f_Q_0_10      n/a   
      subgraph_gcare_yago.yago/Graph_3/f_Q_3_8      n/a   
     subgraph_gcare_yago.yago/Graph_3/f_Q_0_14      n/a   
     subgraph_gcare_yago.yago/Graph_3/f_Q_2_11      n/a   
     subgraph_gcare_yago.yago/Graph_3/f_Q_2_10      n/a   
     subgraph_gcare_yago.yago/Graph_3/f_Q_2_12      n/a   
      subgraph_gcare_yago.yago/Graph_3/f_Q_5_8      n/a   
     subgraph_gcare_yago.yago/Graph_3/f_Q_2_13      n/a   
      subgraph_gcare_yago.yago/Graph_3/f_Q_2_9      n/a   
      subgraph_gcare_yago.yago/Graph_3/f_Q_0_8      n/a   
      subgraph_gcare_yago.yago/Graph_3/f_Q_0_9      n/a   
     subgraph_gcare_yago.yago/Graph_3/f_Q_4_13      n/a   
      subgraph_gcare_yago.yago/Graph_3/f_Q_4_8      n/a   
     subgraph_gcare_yago.yago/Graph_3/f_Q_4_10      n/a   
     subgraph_gcare_yago.yago/Graph_3/f_Q_4_11      n/a   
      subgraph_gcare_yago.yago/Petal_6/f_Q_4_6      n/a   
     subgraph_gcare_yago.yago/Petal_6/f_Q_1_10      n/a   
      subgraph_gcare_yago.yago/Petal_6/f_Q_0_2      n/a   
     subgraph_gcare_yago.yago/Petal_6/f_Q_1_11      n/a   
      subgraph_gcare_yago.yago/Petal_6/f_Q_0_3      n/a   
      subgraph_gcare_yago.yago/Petal_6/f_Q_2_1      n/a   
     subgraph_gcare_yago.yago/Petal_6/f_Q_3_14      n/a   
      subgraph_gcare_yago.yago/Petal_6/f_Q_4_5      n/a   
      subgraph_gcare_yago.yago/Petal_6/f_Q_2_3      n/a   
      subgraph_gcare_yago.yago/Petal_6/f_Q_0_1      n/a   
     subgraph_gcare_yago.yago/Petal_6/f_Q_1_13      n/a   
     subgraph_gcare_yago.yago/Petal_6/f_Q_1_12      n/a   
      subgraph_gcare_yago.yago/Petal_6/f_Q_2_2      n/a   
      subgraph_gcare_yago.yago/Petal_6/f_Q_4_4      n/a   
     subgraph_gcare_yago.yago/Petal_6/f_Q_3_13      n/a   
      subgraph_gcare_yago.yago/Petal_6/f_Q_2_6      n/a   
      subgraph_gcare_yago.yago/Petal_6/f_Q_0_4      n/a   
      subgraph_gcare_yago.yago/Petal_6/f_Q_0_5      n/a   
      subgraph_gcare_yago.yago/Petal_6/f_Q_2_7      n/a   
      subgraph_gcare_yago.yago/Petal_6/f_Q_4_1      n/a   
     subgraph_gcare_yago.yago/Petal_6/f_Q_3_12      n/a   
     subgraph_gcare_yago.yago/Petal_6/f_Q_3_10      n/a   
      subgraph_gcare_yago.yago/Petal_6/f_Q_4_3      n/a   
      subgraph_gcare_yago.yago/Petal_6/f_Q_2_5      n/a   
      subgraph_gcare_yago.yago/Petal_6/f_Q_0_7      n/a   
      subgraph_gcare_yago.yago/Petal_6/f_Q_0_6      n/a   
     subgraph_gcare_yago.yago/Petal_6/f_Q_1_14      n/a   
      subgraph_gcare_yago.yago/Petal_6/f_Q_2_4      n/a   
      subgraph_gcare_yago.yago/Petal_6/f_Q_4_2      n/a   
     subgraph_gcare_yago.yago/Petal_6/f_Q_3_11      n/a   
      subgraph_gcare_yago.yago/Petal_6/f_Q_1_1      n/a   
      subgraph_gcare_yago.yago/Petal_6/f_Q_3_3      n/a   
      subgraph_gcare_yago.yago/Petal_6/f_Q_5_5      n/a   
      subgraph_gcare_yago.yago/Petal_6/f_Q_5_4      n/a   
      subgraph_gcare_yago.yago/Petal_6/f_Q_3_2      n/a   
      subgraph_gcare_yago.yago/Petal_6/f_Q_1_2      n/a   
      subgraph_gcare_yago.yago/Petal_6/f_Q_5_6      n/a   
      subgraph_gcare_yago.yago/Petal_6/f_Q_5_7      n/a   
      subgraph_gcare_yago.yago/Petal_6/f_Q_3_1      n/a   
      subgraph_gcare_yago.yago/Petal_6/f_Q_1_3      n/a   
      subgraph_gcare_yago.yago/Petal_6/f_Q_1_7      n/a   
      subgraph_gcare_yago.yago/Petal_6/f_Q_3_5      n/a   
      subgraph_gcare_yago.yago/Petal_6/f_Q_5_3      n/a   
     subgraph_gcare_yago.yago/Petal_6/f_Q_5_11      n/a   
     subgraph_gcare_yago.yago/Petal_6/f_Q_5_10      n/a   
      subgraph_gcare_yago.yago/Petal_6/f_Q_5_2      n/a   
      subgraph_gcare_yago.yago/Petal_6/f_Q_3_4      n/a   
      subgraph_gcare_yago.yago/Petal_6/f_Q_1_6      n/a   
      subgraph_gcare_yago.yago/Petal_6/f_Q_1_4      n/a   
      subgraph_gcare_yago.yago/Petal_6/f_Q_3_6      n/a   
     subgraph_gcare_yago.yago/Petal_6/f_Q_5_12      n/a   
      subgraph_gcare_yago.yago/Petal_6/f_Q_5_1      n/a   
      subgraph_gcare_yago.yago/Petal_6/f_Q_3_7      n/a   
      subgraph_gcare_yago.yago/Petal_6/f_Q_1_5      n/a   
      subgraph_gcare_yago.yago/Petal_6/f_Q_1_8      n/a   
     subgraph_gcare_yago.yago/Petal_6/f_Q_0_12      n/a   
     subgraph_gcare_yago.yago/Petal_6/f_Q_0_13      n/a   
      subgraph_gcare_yago.yago/Petal_6/f_Q_1_9      n/a   
      subgraph_gcare_yago.yago/Petal_6/f_Q_3_9      n/a   
     subgraph_gcare_yago.yago/Petal_6/f_Q_0_11      n/a   
     subgraph_gcare_yago.yago/Petal_6/f_Q_2_14      n/a   
     subgraph_gcare_yago.yago/Petal_6/f_Q_0_10      n/a   
      subgraph_gcare_yago.yago/Petal_6/f_Q_3_8      n/a   
     subgraph_gcare_yago.yago/Petal_6/f_Q_0_14      n/a   
     subgraph_gcare_yago.yago/Petal_6/f_Q_2_11      n/a   
     subgraph_gcare_yago.yago/Petal_6/f_Q_2_10      n/a   
      subgraph_gcare_yago.yago/Petal_6/f_Q_5_9      n/a   
     subgraph_gcare_yago.yago/Petal_6/f_Q_2_12      n/a   
      subgraph_gcare_yago.yago/Petal_6/f_Q_2_9      n/a   
      subgraph_gcare_yago.yago/Petal_6/f_Q_2_8      n/a   
      subgraph_gcare_yago.yago/Petal_6/f_Q_0_8      n/a   
      subgraph_gcare_yago.yago/Petal_6/f_Q_0_9      n/a   
     subgraph_gcare_yago.yago/Petal_6/f_Q_4_13      n/a   
      subgraph_gcare_yago.yago/Petal_6/f_Q_4_9      n/a   
      subgraph_gcare_yago.yago/Petal_6/f_Q_4_8      n/a   
     subgraph_gcare_yago.yago/Petal_6/f_Q_4_12      n/a   
     subgraph_gcare_yago.yago/Petal_6/f_Q_4_10      n/a   
     subgraph_gcare_yago.yago/Petal_6/f_Q_4_11      n/a   
     subgraph_gcare_yago.yago/Cycle_3/f_Q_3_15      n/a   
     subgraph_gcare_yago.yago/Cycle_3/f_Q_1_10      n/a   
      subgraph_gcare_yago.yago/Cycle_3/f_Q_0_2      n/a   
     subgraph_gcare_yago.yago/Cycle_3/f_Q_1_11      n/a   
      subgraph_gcare_yago.yago/Cycle_3/f_Q_0_3      n/a   
      subgraph_gcare_yago.yago/Cycle_3/f_Q_2_1      n/a   
     subgraph_gcare_yago.yago/Cycle_3/f_Q_3_14      n/a   
      subgraph_gcare_yago.yago/Cycle_3/f_Q_2_3      n/a   
      subgraph_gcare_yago.yago/Cycle_3/f_Q_0_1      n/a   
     subgraph_gcare_yago.yago/Cycle_3/f_Q_1_13      n/a   
     subgraph_gcare_yago.yago/Cycle_3/f_Q_1_12      n/a   
      subgraph_gcare_yago.yago/Cycle_3/f_Q_2_2      n/a   
     subgraph_gcare_yago.yago/Cycle_3/f_Q_3_13      n/a   
      subgraph_gcare_yago.yago/Cycle_3/f_Q_2_6      n/a   
      subgraph_gcare_yago.yago/Cycle_3/f_Q_0_4      n/a   
      subgraph_gcare_yago.yago/Cycle_3/f_Q_0_5      n/a   
      subgraph_gcare_yago.yago/Cycle_3/f_Q_2_7      n/a   
      subgraph_gcare_yago.yago/Cycle_3/f_Q_4_1      n/a   
     subgraph_gcare_yago.yago/Cycle_3/f_Q_3_12      n/a   
     subgraph_gcare_yago.yago/Cycle_3/f_Q_3_10      n/a   
      subgraph_gcare_yago.yago/Cycle_3/f_Q_2_5      n/a   
      subgraph_gcare_yago.yago/Cycle_3/f_Q_0_7      n/a   
     subgraph_gcare_yago.yago/Cycle_3/f_Q_1_15      n/a   
      subgraph_gcare_yago.yago/Cycle_3/f_Q_0_6      n/a   
     subgraph_gcare_yago.yago/Cycle_3/f_Q_1_14      n/a   
      subgraph_gcare_yago.yago/Cycle_3/f_Q_2_4      n/a   
      subgraph_gcare_yago.yago/Cycle_3/f_Q_4_2      n/a   
     subgraph_gcare_yago.yago/Cycle_3/f_Q_3_11      n/a   
      subgraph_gcare_yago.yago/Cycle_3/f_Q_1_1      n/a   
      subgraph_gcare_yago.yago/Cycle_3/f_Q_3_3      n/a   
      subgraph_gcare_yago.yago/Cycle_3/f_Q_3_2      n/a   
      subgraph_gcare_yago.yago/Cycle_3/f_Q_1_2      n/a   
      subgraph_gcare_yago.yago/Cycle_3/f_Q_3_1      n/a   
      subgraph_gcare_yago.yago/Cycle_3/f_Q_1_3      n/a   
      subgraph_gcare_yago.yago/Cycle_3/f_Q_1_7      n/a   
      subgraph_gcare_yago.yago/Cycle_3/f_Q_3_5      n/a   
      subgraph_gcare_yago.yago/Cycle_3/f_Q_3_4      n/a   
      subgraph_gcare_yago.yago/Cycle_3/f_Q_1_6      n/a   
      subgraph_gcare_yago.yago/Cycle_3/f_Q_1_4      n/a   
      subgraph_gcare_yago.yago/Cycle_3/f_Q_3_6      n/a   
      subgraph_gcare_yago.yago/Cycle_3/f_Q_3_7      n/a   
      subgraph_gcare_yago.yago/Cycle_3/f_Q_1_5      n/a   
      subgraph_gcare_yago.yago/Cycle_3/f_Q_1_8      n/a   
     subgraph_gcare_yago.yago/Cycle_3/f_Q_0_12      n/a   
     subgraph_gcare_yago.yago/Cycle_3/f_Q_0_13      n/a   
      subgraph_gcare_yago.yago/Cycle_3/f_Q_1_9      n/a   
      subgraph_gcare_yago.yago/Cycle_3/f_Q_3_9      n/a   
     subgraph_gcare_yago.yago/Cycle_3/f_Q_0_11      n/a   
     subgraph_gcare_yago.yago/Cycle_3/f_Q_0_10      n/a   
      subgraph_gcare_yago.yago/Cycle_3/f_Q_3_8      n/a   
     subgraph_gcare_yago.yago/Cycle_3/f_Q_0_14      n/a   
     subgraph_gcare_yago.yago/Cycle_3/f_Q_2_10      n/a   
     subgraph_gcare_yago.yago/Cycle_3/f_Q_0_15      n/a   
      subgraph_gcare_yago.yago/Cycle_3/f_Q_2_9      n/a   
      subgraph_gcare_yago.yago/Cycle_3/f_Q_2_8      n/a   
      subgraph_gcare_yago.yago/Cycle_3/f_Q_0_8      n/a   
      subgraph_gcare_yago.yago/Cycle_3/f_Q_0_9      n/a   
      subgraph_gcare_yago.yago/Petal_9/f_Q_4_6      n/a   
     subgraph_gcare_yago.yago/Petal_9/f_Q_1_10      n/a   
      subgraph_gcare_yago.yago/Petal_9/f_Q_0_2      n/a   
      subgraph_gcare_yago.yago/Petal_9/f_Q_0_3      n/a   
      subgraph_gcare_yago.yago/Petal_9/f_Q_2_1      n/a   
      subgraph_gcare_yago.yago/Petal_9/f_Q_4_7      n/a   
      subgraph_gcare_yago.yago/Petal_9/f_Q_4_5      n/a   
      subgraph_gcare_yago.yago/Petal_9/f_Q_2_3      n/a   
      subgraph_gcare_yago.yago/Petal_9/f_Q_0_1      n/a   
      subgraph_gcare_yago.yago/Petal_9/f_Q_2_2      n/a   
      subgraph_gcare_yago.yago/Petal_9/f_Q_4_4      n/a   
      subgraph_gcare_yago.yago/Petal_9/f_Q_2_6      n/a   
      subgraph_gcare_yago.yago/Petal_9/f_Q_0_4      n/a   
      subgraph_gcare_yago.yago/Petal_9/f_Q_0_5      n/a   
      subgraph_gcare_yago.yago/Petal_9/f_Q_2_7      n/a   
      subgraph_gcare_yago.yago/Petal_9/f_Q_4_1      n/a   
     subgraph_gcare_yago.yago/Petal_9/f_Q_3_10      n/a   
      subgraph_gcare_yago.yago/Petal_9/f_Q_4_3      n/a   
      subgraph_gcare_yago.yago/Petal_9/f_Q_2_5      n/a   
      subgraph_gcare_yago.yago/Petal_9/f_Q_0_6      n/a   
      subgraph_gcare_yago.yago/Petal_9/f_Q_2_4      n/a   
      subgraph_gcare_yago.yago/Petal_9/f_Q_4_2      n/a   
     subgraph_gcare_yago.yago/Petal_9/f_Q_3_11      n/a   
      subgraph_gcare_yago.yago/Petal_9/f_Q_3_3      n/a   
      subgraph_gcare_yago.yago/Petal_9/f_Q_5_5      n/a   
      subgraph_gcare_yago.yago/Petal_9/f_Q_5_4      n/a   
      subgraph_gcare_yago.yago/Petal_9/f_Q_3_2      n/a   
      subgraph_gcare_yago.yago/Petal_9/f_Q_1_2      n/a   
      subgraph_gcare_yago.yago/Petal_9/f_Q_5_6      n/a   
      subgraph_gcare_yago.yago/Petal_9/f_Q_5_7      n/a   
      subgraph_gcare_yago.yago/Petal_9/f_Q_1_3      n/a   
      subgraph_gcare_yago.yago/Petal_9/f_Q_1_7      n/a   
      subgraph_gcare_yago.yago/Petal_9/f_Q_3_5      n/a   
      subgraph_gcare_yago.yago/Petal_9/f_Q_5_3      n/a   
      subgraph_gcare_yago.yago/Petal_9/f_Q_5_2      n/a   
      subgraph_gcare_yago.yago/Petal_9/f_Q_3_4      n/a   
      subgraph_gcare_yago.yago/Petal_9/f_Q_1_6      n/a   
      subgraph_gcare_yago.yago/Petal_9/f_Q_1_4      n/a   
      subgraph_gcare_yago.yago/Petal_9/f_Q_3_6      n/a   
      subgraph_gcare_yago.yago/Petal_9/f_Q_5_1      n/a   
      subgraph_gcare_yago.yago/Petal_9/f_Q_3_7      n/a   
      subgraph_gcare_yago.yago/Petal_9/f_Q_1_5      n/a   
      subgraph_gcare_yago.yago/Petal_9/f_Q_1_8      n/a   
     subgraph_gcare_yago.yago/Petal_9/f_Q_0_12      n/a   
     subgraph_gcare_yago.yago/Petal_9/f_Q_0_13      n/a   
      subgraph_gcare_yago.yago/Petal_9/f_Q_1_9      n/a   
      subgraph_gcare_yago.yago/Petal_9/f_Q_3_9      n/a   
     subgraph_gcare_yago.yago/Petal_9/f_Q_0_10      n/a   
      subgraph_gcare_yago.yago/Petal_9/f_Q_3_8      n/a   
     subgraph_gcare_yago.yago/Petal_9/f_Q_2_11      n/a   
     subgraph_gcare_yago.yago/Petal_9/f_Q_2_10      n/a   
      subgraph_gcare_yago.yago/Petal_9/f_Q_5_9      n/a   
      subgraph_gcare_yago.yago/Petal_9/f_Q_5_8      n/a   
      subgraph_gcare_yago.yago/Petal_9/f_Q_2_9      n/a   
      subgraph_gcare_yago.yago/Petal_9/f_Q_2_8      n/a   
     subgraph_gcare_yago.yago/Petal_9/f_Q_4_14      n/a   
     subgraph_gcare_yago.yago/Petal_9/f_Q_4_13      n/a   
      subgraph_gcare_yago.yago/Petal_9/f_Q_4_9      n/a   
      subgraph_gcare_yago.yago/Petal_9/f_Q_4_8      n/a   
     subgraph_gcare_yago.yago/Petal_9/f_Q_4_12      n/a   
     subgraph_gcare_yago.yago/Petal_9/f_Q_4_10      n/a   
     subgraph_gcare_yago.yago/Petal_9/f_Q_4_11      n/a   
      subgraph_gcare_yago.yago/Tree_3/f_Q_4_6       n/a   
      subgraph_gcare_yago.yago/Tree_3/f_Q_0_2       n/a   
      subgraph_gcare_yago.yago/Tree_3/f_Q_0_3       n/a   
      subgraph_gcare_yago.yago/Tree_3/f_Q_2_1       n/a   
      subgraph_gcare_yago.yago/Tree_3/f_Q_4_7       n/a   
      subgraph_gcare_yago.yago/Tree_3/f_Q_4_5       n/a   
      subgraph_gcare_yago.yago/Tree_3/f_Q_2_3       n/a   
      subgraph_gcare_yago.yago/Tree_3/f_Q_0_1       n/a   
      subgraph_gcare_yago.yago/Tree_3/f_Q_1_13      n/a   
      subgraph_gcare_yago.yago/Tree_3/f_Q_1_12      n/a   
      subgraph_gcare_yago.yago/Tree_3/f_Q_2_2       n/a   
      subgraph_gcare_yago.yago/Tree_3/f_Q_4_4       n/a   
      subgraph_gcare_yago.yago/Tree_3/f_Q_3_13      n/a   
      subgraph_gcare_yago.yago/Tree_3/f_Q_2_6       n/a   
      subgraph_gcare_yago.yago/Tree_3/f_Q_0_4       n/a   
      subgraph_gcare_yago.yago/Tree_3/f_Q_0_5       n/a   
      subgraph_gcare_yago.yago/Tree_3/f_Q_2_7       n/a   
      subgraph_gcare_yago.yago/Tree_3/f_Q_4_1       n/a   
      subgraph_gcare_yago.yago/Tree_3/f_Q_3_12      n/a   
      subgraph_gcare_yago.yago/Tree_3/f_Q_3_10      n/a   
      subgraph_gcare_yago.yago/Tree_3/f_Q_4_3       n/a   
      subgraph_gcare_yago.yago/Tree_3/f_Q_2_5       n/a   
      subgraph_gcare_yago.yago/Tree_3/f_Q_0_7       n/a   
      subgraph_gcare_yago.yago/Tree_3/f_Q_0_6       n/a   
      subgraph_gcare_yago.yago/Tree_3/f_Q_1_14      n/a   
      subgraph_gcare_yago.yago/Tree_3/f_Q_2_4       n/a   
      subgraph_gcare_yago.yago/Tree_3/f_Q_4_2       n/a   
      subgraph_gcare_yago.yago/Tree_3/f_Q_3_11      n/a   
      subgraph_gcare_yago.yago/Tree_3/f_Q_1_1       n/a   
      subgraph_gcare_yago.yago/Tree_3/f_Q_3_3       n/a   
      subgraph_gcare_yago.yago/Tree_3/f_Q_5_5       n/a   
      subgraph_gcare_yago.yago/Tree_3/f_Q_5_4       n/a   
      subgraph_gcare_yago.yago/Tree_3/f_Q_3_2       n/a   
      subgraph_gcare_yago.yago/Tree_3/f_Q_1_2       n/a   
      subgraph_gcare_yago.yago/Tree_3/f_Q_5_6       n/a   
      subgraph_gcare_yago.yago/Tree_3/f_Q_5_7       n/a   
      subgraph_gcare_yago.yago/Tree_3/f_Q_3_1       n/a   
      subgraph_gcare_yago.yago/Tree_3/f_Q_1_3       n/a   
      subgraph_gcare_yago.yago/Tree_3/f_Q_1_7       n/a   
      subgraph_gcare_yago.yago/Tree_3/f_Q_3_5       n/a   
      subgraph_gcare_yago.yago/Tree_3/f_Q_5_3       n/a   
      subgraph_gcare_yago.yago/Tree_3/f_Q_5_11      n/a   
      subgraph_gcare_yago.yago/Tree_3/f_Q_5_10      n/a   
      subgraph_gcare_yago.yago/Tree_3/f_Q_5_2       n/a   
      subgraph_gcare_yago.yago/Tree_3/f_Q_3_4       n/a   
      subgraph_gcare_yago.yago/Tree_3/f_Q_1_6       n/a   
      subgraph_gcare_yago.yago/Tree_3/f_Q_1_4       n/a   
      subgraph_gcare_yago.yago/Tree_3/f_Q_3_6       n/a   
      subgraph_gcare_yago.yago/Tree_3/f_Q_5_12      n/a   
      subgraph_gcare_yago.yago/Tree_3/f_Q_5_13      n/a   
      subgraph_gcare_yago.yago/Tree_3/f_Q_5_1       n/a   
      subgraph_gcare_yago.yago/Tree_3/f_Q_3_7       n/a   
      subgraph_gcare_yago.yago/Tree_3/f_Q_1_5       n/a   
      subgraph_gcare_yago.yago/Tree_3/f_Q_1_8       n/a   
      subgraph_gcare_yago.yago/Tree_3/f_Q_0_12      n/a   
      subgraph_gcare_yago.yago/Tree_3/f_Q_0_13      n/a   
      subgraph_gcare_yago.yago/Tree_3/f_Q_1_9       n/a   
      subgraph_gcare_yago.yago/Tree_3/f_Q_3_9       n/a   
      subgraph_gcare_yago.yago/Tree_3/f_Q_0_11      n/a   
      subgraph_gcare_yago.yago/Tree_3/f_Q_0_10      n/a   
      subgraph_gcare_yago.yago/Tree_3/f_Q_3_8       n/a   
      subgraph_gcare_yago.yago/Tree_3/f_Q_0_14      n/a   
      subgraph_gcare_yago.yago/Tree_3/f_Q_2_11      n/a   
      subgraph_gcare_yago.yago/Tree_3/f_Q_2_10      n/a   
      subgraph_gcare_yago.yago/Tree_3/f_Q_5_9       n/a   
      subgraph_gcare_yago.yago/Tree_3/f_Q_2_12      n/a   
      subgraph_gcare_yago.yago/Tree_3/f_Q_5_8       n/a   
      subgraph_gcare_yago.yago/Tree_3/f_Q_2_13      n/a   
      subgraph_gcare_yago.yago/Tree_3/f_Q_2_9       n/a   
      subgraph_gcare_yago.yago/Tree_3/f_Q_2_8       n/a   
      subgraph_gcare_yago.yago/Tree_3/f_Q_0_8       n/a   
      subgraph_gcare_yago.yago/Tree_3/f_Q_0_9       n/a   
      subgraph_gcare_yago.yago/Tree_3/f_Q_4_13      n/a   
      subgraph_gcare_yago.yago/Tree_3/f_Q_4_9       n/a   
      subgraph_gcare_yago.yago/Tree_3/f_Q_4_8       n/a   
      subgraph_gcare_yago.yago/Tree_3/f_Q_4_12      n/a   
      subgraph_gcare_yago.yago/Tree_3/f_Q_4_10      n/a   
      subgraph_gcare_yago.yago/Tree_3/f_Q_4_11      n/a   
     subgraph_gcare_yago.yago/Clique_10/f_Q_0_1     n/a   
    subgraph_gcare_yago.yago/Clique_10/f_Q_1_16     n/a   
    subgraph_gcare_yago.yago/Clique_10/f_Q_1_17     n/a   
    subgraph_gcare_yago.yago/Clique_10/f_Q_1_15     n/a   
    subgraph_gcare_yago.yago/Clique_10/f_Q_1_14     n/a   
    subgraph_gcare_yago.yago/Clique_10/f_Q_0_15     n/a   
    subgraph_gcare_yago.yago/Clique_10/f_Q_1_19     n/a   
    subgraph_gcare_yago.yago/Clique_10/f_Q_1_18     n/a   
      subgraph_gcare_yago.yago/Star_6/f_Q_4_6       n/a   
      subgraph_gcare_yago.yago/Star_6/f_Q_1_10      n/a   
      subgraph_gcare_yago.yago/Star_6/f_Q_0_2       n/a   
      subgraph_gcare_yago.yago/Star_6/f_Q_1_11      n/a   
      subgraph_gcare_yago.yago/Star_6/f_Q_0_3       n/a   
      subgraph_gcare_yago.yago/Star_6/f_Q_2_1       n/a   
      subgraph_gcare_yago.yago/Star_6/f_Q_4_7       n/a   
      subgraph_gcare_yago.yago/Star_6/f_Q_4_5       n/a   
      subgraph_gcare_yago.yago/Star_6/f_Q_2_3       n/a   
      subgraph_gcare_yago.yago/Star_6/f_Q_0_1       n/a   
      subgraph_gcare_yago.yago/Star_6/f_Q_1_13      n/a   
      subgraph_gcare_yago.yago/Star_6/f_Q_1_12      n/a   
      subgraph_gcare_yago.yago/Star_6/f_Q_2_2       n/a   
      subgraph_gcare_yago.yago/Star_6/f_Q_4_4       n/a   
      subgraph_gcare_yago.yago/Star_6/f_Q_3_13      n/a   
      subgraph_gcare_yago.yago/Star_6/f_Q_2_6       n/a   
      subgraph_gcare_yago.yago/Star_6/f_Q_0_4       n/a   
      subgraph_gcare_yago.yago/Star_6/f_Q_0_5       n/a   
      subgraph_gcare_yago.yago/Star_6/f_Q_2_7       n/a   
      subgraph_gcare_yago.yago/Star_6/f_Q_4_1       n/a   
      subgraph_gcare_yago.yago/Star_6/f_Q_3_12      n/a   
      subgraph_gcare_yago.yago/Star_6/f_Q_3_10      n/a   
      subgraph_gcare_yago.yago/Star_6/f_Q_4_3       n/a   
      subgraph_gcare_yago.yago/Star_6/f_Q_2_5       n/a   
      subgraph_gcare_yago.yago/Star_6/f_Q_0_7       n/a   
      subgraph_gcare_yago.yago/Star_6/f_Q_0_6       n/a   
      subgraph_gcare_yago.yago/Star_6/f_Q_2_4       n/a   
      subgraph_gcare_yago.yago/Star_6/f_Q_4_2       n/a   
      subgraph_gcare_yago.yago/Star_6/f_Q_3_11      n/a   
      subgraph_gcare_yago.yago/Star_6/f_Q_1_1       n/a   
      subgraph_gcare_yago.yago/Star_6/f_Q_3_3       n/a   
      subgraph_gcare_yago.yago/Star_6/f_Q_5_5       n/a   
      subgraph_gcare_yago.yago/Star_6/f_Q_5_4       n/a   
      subgraph_gcare_yago.yago/Star_6/f_Q_3_2       n/a   
      subgraph_gcare_yago.yago/Star_6/f_Q_1_2       n/a   
      subgraph_gcare_yago.yago/Star_6/f_Q_5_6       n/a   
      subgraph_gcare_yago.yago/Star_6/f_Q_5_7       n/a   
      subgraph_gcare_yago.yago/Star_6/f_Q_3_1       n/a   
      subgraph_gcare_yago.yago/Star_6/f_Q_1_3       n/a   
      subgraph_gcare_yago.yago/Star_6/f_Q_1_7       n/a   
      subgraph_gcare_yago.yago/Star_6/f_Q_3_5       n/a   
      subgraph_gcare_yago.yago/Star_6/f_Q_5_3       n/a   
      subgraph_gcare_yago.yago/Star_6/f_Q_5_11      n/a   
      subgraph_gcare_yago.yago/Star_6/f_Q_5_10      n/a   
      subgraph_gcare_yago.yago/Star_6/f_Q_5_2       n/a   
      subgraph_gcare_yago.yago/Star_6/f_Q_3_4       n/a   
      subgraph_gcare_yago.yago/Star_6/f_Q_1_6       n/a   
      subgraph_gcare_yago.yago/Star_6/f_Q_1_4       n/a   
      subgraph_gcare_yago.yago/Star_6/f_Q_3_6       n/a   
      subgraph_gcare_yago.yago/Star_6/f_Q_5_12      n/a   
      subgraph_gcare_yago.yago/Star_6/f_Q_5_13      n/a   
      subgraph_gcare_yago.yago/Star_6/f_Q_5_1       n/a   
      subgraph_gcare_yago.yago/Star_6/f_Q_3_7       n/a   
      subgraph_gcare_yago.yago/Star_6/f_Q_1_5       n/a   
      subgraph_gcare_yago.yago/Star_6/f_Q_1_8       n/a   
      subgraph_gcare_yago.yago/Star_6/f_Q_0_12      n/a   
      subgraph_gcare_yago.yago/Star_6/f_Q_0_13      n/a   
      subgraph_gcare_yago.yago/Star_6/f_Q_1_9       n/a   
      subgraph_gcare_yago.yago/Star_6/f_Q_3_9       n/a   
      subgraph_gcare_yago.yago/Star_6/f_Q_0_11      n/a   
      subgraph_gcare_yago.yago/Star_6/f_Q_0_10      n/a   
      subgraph_gcare_yago.yago/Star_6/f_Q_3_8       n/a   
      subgraph_gcare_yago.yago/Star_6/f_Q_0_14      n/a   
      subgraph_gcare_yago.yago/Star_6/f_Q_2_11      n/a   
      subgraph_gcare_yago.yago/Star_6/f_Q_2_10      n/a   
      subgraph_gcare_yago.yago/Star_6/f_Q_5_9       n/a   
      subgraph_gcare_yago.yago/Star_6/f_Q_2_12      n/a   
      subgraph_gcare_yago.yago/Star_6/f_Q_5_8       n/a   
      subgraph_gcare_yago.yago/Star_6/f_Q_2_13      n/a   
      subgraph_gcare_yago.yago/Star_6/f_Q_2_9       n/a   
      subgraph_gcare_yago.yago/Star_6/f_Q_2_8       n/a   
      subgraph_gcare_yago.yago/Star_6/f_Q_0_8       n/a   
      subgraph_gcare_yago.yago/Star_6/f_Q_0_9       n/a   
      subgraph_gcare_yago.yago/Star_6/f_Q_4_13      n/a   
      subgraph_gcare_yago.yago/Star_6/f_Q_4_9       n/a   
      subgraph_gcare_yago.yago/Star_6/f_Q_4_8       n/a   
      subgraph_gcare_yago.yago/Star_6/f_Q_4_12      n/a   
      subgraph_gcare_yago.yago/Star_6/f_Q_4_10      n/a   
      subgraph_gcare_yago.yago/Star_6/f_Q_4_11      n/a   
      subgraph_gcare_yago.yago/Star_9/f_Q_4_6       n/a   
      subgraph_gcare_yago.yago/Star_9/f_Q_1_10      n/a   
      subgraph_gcare_yago.yago/Star_9/f_Q_0_2       n/a   
      subgraph_gcare_yago.yago/Star_9/f_Q_1_11      n/a   
      subgraph_gcare_yago.yago/Star_9/f_Q_0_3       n/a   
      subgraph_gcare_yago.yago/Star_9/f_Q_2_1       n/a   
      subgraph_gcare_yago.yago/Star_9/f_Q_4_7       n/a   
      subgraph_gcare_yago.yago/Star_9/f_Q_4_5       n/a   
      subgraph_gcare_yago.yago/Star_9/f_Q_2_3       n/a   
      subgraph_gcare_yago.yago/Star_9/f_Q_0_1       n/a   
      subgraph_gcare_yago.yago/Star_9/f_Q_1_13      n/a   
      subgraph_gcare_yago.yago/Star_9/f_Q_1_12      n/a   
      subgraph_gcare_yago.yago/Star_9/f_Q_2_2       n/a   
      subgraph_gcare_yago.yago/Star_9/f_Q_4_4       n/a   
      subgraph_gcare_yago.yago/Star_9/f_Q_3_13      n/a   
      subgraph_gcare_yago.yago/Star_9/f_Q_2_6       n/a   
      subgraph_gcare_yago.yago/Star_9/f_Q_0_4       n/a   
      subgraph_gcare_yago.yago/Star_9/f_Q_0_5       n/a   
      subgraph_gcare_yago.yago/Star_9/f_Q_2_7       n/a   
      subgraph_gcare_yago.yago/Star_9/f_Q_4_1       n/a   
      subgraph_gcare_yago.yago/Star_9/f_Q_3_12      n/a   
      subgraph_gcare_yago.yago/Star_9/f_Q_3_10      n/a   
      subgraph_gcare_yago.yago/Star_9/f_Q_4_3       n/a   
      subgraph_gcare_yago.yago/Star_9/f_Q_2_5       n/a   
      subgraph_gcare_yago.yago/Star_9/f_Q_0_7       n/a   
      subgraph_gcare_yago.yago/Star_9/f_Q_0_6       n/a   
      subgraph_gcare_yago.yago/Star_9/f_Q_1_14      n/a   
      subgraph_gcare_yago.yago/Star_9/f_Q_2_4       n/a   
      subgraph_gcare_yago.yago/Star_9/f_Q_4_2       n/a   
      subgraph_gcare_yago.yago/Star_9/f_Q_3_11      n/a   
      subgraph_gcare_yago.yago/Star_9/f_Q_1_1       n/a   
      subgraph_gcare_yago.yago/Star_9/f_Q_3_3       n/a   
      subgraph_gcare_yago.yago/Star_9/f_Q_5_5       n/a   
      subgraph_gcare_yago.yago/Star_9/f_Q_5_4       n/a   
      subgraph_gcare_yago.yago/Star_9/f_Q_3_2       n/a   
      subgraph_gcare_yago.yago/Star_9/f_Q_1_2       n/a   
      subgraph_gcare_yago.yago/Star_9/f_Q_5_6       n/a   
      subgraph_gcare_yago.yago/Star_9/f_Q_5_7       n/a   
      subgraph_gcare_yago.yago/Star_9/f_Q_3_1       n/a   
      subgraph_gcare_yago.yago/Star_9/f_Q_1_3       n/a   
      subgraph_gcare_yago.yago/Star_9/f_Q_1_7       n/a   
      subgraph_gcare_yago.yago/Star_9/f_Q_3_5       n/a   
      subgraph_gcare_yago.yago/Star_9/f_Q_5_3       n/a   
      subgraph_gcare_yago.yago/Star_9/f_Q_5_11      n/a   
      subgraph_gcare_yago.yago/Star_9/f_Q_5_10      n/a   
      subgraph_gcare_yago.yago/Star_9/f_Q_5_2       n/a   
      subgraph_gcare_yago.yago/Star_9/f_Q_3_4       n/a   
      subgraph_gcare_yago.yago/Star_9/f_Q_1_6       n/a   
      subgraph_gcare_yago.yago/Star_9/f_Q_1_4       n/a   
      subgraph_gcare_yago.yago/Star_9/f_Q_3_6       n/a   
      subgraph_gcare_yago.yago/Star_9/f_Q_5_12      n/a   
      subgraph_gcare_yago.yago/Star_9/f_Q_5_13      n/a   
      subgraph_gcare_yago.yago/Star_9/f_Q_5_1       n/a   
      subgraph_gcare_yago.yago/Star_9/f_Q_3_7       n/a   
      subgraph_gcare_yago.yago/Star_9/f_Q_1_5       n/a   
      subgraph_gcare_yago.yago/Star_9/f_Q_1_8       n/a   
      subgraph_gcare_yago.yago/Star_9/f_Q_0_12      n/a   
      subgraph_gcare_yago.yago/Star_9/f_Q_0_13      n/a   
      subgraph_gcare_yago.yago/Star_9/f_Q_1_9       n/a   
      subgraph_gcare_yago.yago/Star_9/f_Q_3_9       n/a   
      subgraph_gcare_yago.yago/Star_9/f_Q_0_11      n/a   
      subgraph_gcare_yago.yago/Star_9/f_Q_0_10      n/a   
      subgraph_gcare_yago.yago/Star_9/f_Q_3_8       n/a   
      subgraph_gcare_yago.yago/Star_9/f_Q_0_14      n/a   
      subgraph_gcare_yago.yago/Star_9/f_Q_2_11      n/a   
      subgraph_gcare_yago.yago/Star_9/f_Q_2_10      n/a   
      subgraph_gcare_yago.yago/Star_9/f_Q_5_9       n/a   
      subgraph_gcare_yago.yago/Star_9/f_Q_2_12      n/a   
      subgraph_gcare_yago.yago/Star_9/f_Q_5_8       n/a   
      subgraph_gcare_yago.yago/Star_9/f_Q_2_13      n/a   
      subgraph_gcare_yago.yago/Star_9/f_Q_2_9       n/a   
      subgraph_gcare_yago.yago/Star_9/f_Q_2_8       n/a   
      subgraph_gcare_yago.yago/Star_9/f_Q_0_8       n/a   
      subgraph_gcare_yago.yago/Star_9/f_Q_0_9       n/a   
      subgraph_gcare_yago.yago/Star_9/f_Q_4_13      n/a   
      subgraph_gcare_yago.yago/Star_9/f_Q_4_9       n/a   
      subgraph_gcare_yago.yago/Star_9/f_Q_4_8       n/a   
      subgraph_gcare_yago.yago/Star_9/f_Q_4_12      n/a   
      subgraph_gcare_yago.yago/Star_9/f_Q_4_10      n/a   
      subgraph_gcare_yago.yago/Star_9/f_Q_4_11      n/a   
   ============================================= =========
ERROR:root:For parameters: subgraph_gcare_human.human/Star_3/uf_Q_2_1
INFO root: Dataset subgraph_gcare_graph.human found in cache.

For parameters: subgraph_gcare_human.human/Star_3/uf_Q_2_3
INFO root: Dataset subgraph_gcare_graph.human found in cache.

For parameters: subgraph_gcare_human.human/Star_3/uf_Q_1_6
INFO root: Dataset subgraph_gcare_graph.human found in cache.

For parameters: subgraph_gcare_human.human/Chain_3/uf_Q_1_3
INFO root: Dataset subgraph_gcare_graph.human found in cache.

For parameters: subgraph_gcare_human.human/Graph_3/uf_Q_0_2
INFO root: Dataset subgraph_gcare_graph.human found in cache.

For parameters: subgraph_gcare_human.human/Graph_3/uf_Q_0_5
INFO root: Dataset subgraph_gcare_graph.human found in cache.

For parameters: subgraph_gcare_human.human/Graph_3/uf_Q_0_6
INFO root: Dataset subgraph_gcare_graph.human found in cache.

For parameters: subgraph_gcare_human.human/Graph_3/uf_Q_1_1
INFO root: Dataset subgraph_gcare_graph.human found in cache.

For parameters: subgraph_gcare_human.human/Graph_3/uf_Q_3_4
INFO root: Dataset subgraph_gcare_graph.human found in cache.

For parameters: subgraph_gcare_human.human/Graph_3/uf_Q_1_4
INFO root: Dataset subgraph_gcare_graph.human found in cache.

For parameters: subgraph_gcare_human.human/Tree_3/uf_Q_0_3
INFO root: Dataset subgraph_gcare_graph.human found in cache.

For parameters: subgraph_gcare_human.human/Tree_3/uf_Q_2_3
INFO root: Dataset subgraph_gcare_graph.human found in cache.

For parameters: subgraph_gcare_human.human/Tree_3/uf_Q_3_1
INFO root: Dataset subgraph_gcare_graph.human found in cache.

For parameters: subgraph_gcare_aids.aids/Star_3/uf_Q_2_3
INFO root: Dataset subgraph_gcare_graph.aids found in cache.

For parameters: subgraph_gcare_aids.aids/Star_3/uf_Q_2_4
INFO root: Dataset subgraph_gcare_graph.aids found in cache.

For parameters: subgraph_gcare_aids.aids/Star_3/uf_Q_3_2
INFO root: Dataset subgraph_gcare_graph.aids found in cache.

For parameters: subgraph_gcare_aids.aids/Star_3/uf_Q_3_1
INFO root: Dataset subgraph_gcare_graph.aids found in cache.

For parameters: subgraph_gcare_aids.aids/Star_3/uf_Q_3_5
INFO root: Dataset subgraph_gcare_graph.aids found in cache.

For parameters: subgraph_gcare_aids.aids/Star_3/uf_Q_3_6
INFO root: Dataset subgraph_gcare_graph.aids found in cache.

For parameters: subgraph_gcare_aids.aids/Star_3/uf_Q_1_8
INFO root: Dataset subgraph_gcare_graph.aids found in cache.

For parameters: subgraph_gcare_aids.aids/Star_3/uf_Q_3_9
INFO root: Dataset subgraph_gcare_graph.aids found in cache.

For parameters: subgraph_gcare_aids.aids/Star_3/uf_Q_3_13
INFO root: Dataset subgraph_gcare_graph.aids found in cache.

For parameters: subgraph_gcare_aids.aids/Chain_3/uf_Q_2_15
INFO root: Dataset subgraph_gcare_graph.aids found in cache.

For parameters: subgraph_gcare_aids.aids/Chain_3/uf_Q_2_10
INFO root: Dataset subgraph_gcare_graph.aids found in cache.

For parameters: subgraph_gcare_aids.aids/Chain_3/uf_Q_3_5
INFO root: Dataset subgraph_gcare_graph.aids found in cache.

For parameters: subgraph_gcare_aids.aids/Chain_3/uf_Q_3_8
INFO root: Dataset subgraph_gcare_graph.aids found in cache.

For parameters: subgraph_gcare_aids.aids/Chain_3/uf_Q_2_9
INFO root: Dataset subgraph_gcare_graph.aids found in cache.

For parameters: subgraph_gcare_aids.aids/Graph_3/uf_Q_2_12
INFO root: Dataset subgraph_gcare_graph.aids found in cache.

For parameters: subgraph_gcare_aids.aids/Graph_3/uf_Q_3_2
INFO root: Dataset subgraph_gcare_graph.aids found in cache.

For parameters: subgraph_gcare_aids.aids/Graph_3/uf_Q_1_18
INFO root: Dataset subgraph_gcare_graph.aids found in cache.

For parameters: subgraph_gcare_aids.aids/Graph_3/uf_Q_4_11
INFO root: Dataset subgraph_gcare_graph.aids found in cache.

For parameters: subgraph_gcare_aids.aids/Graph_3/uf_Q_1_7
INFO root: Dataset subgraph_gcare_graph.aids found in cache.

For parameters: subgraph_gcare_aids.aids/Graph_3/uf_Q_1_9
INFO root: Dataset subgraph_gcare_graph.aids found in cache.

For parameters: subgraph_gcare_aids.aids/Graph_3/uf_Q_3_8
INFO root: Dataset subgraph_gcare_graph.aids found in cache.

For parameters: subgraph_gcare_aids.aids/Graph_3/uf_Q_3_12
INFO root: Dataset subgraph_gcare_graph.aids found in cache.

For parameters: subgraph_gcare_aids.aids/Graph_3/uf_Q_2_8
INFO root: Dataset subgraph_gcare_graph.aids found in cache.

For parameters: subgraph_gcare_aids.aids/Cycle_3/uf_Q_2_14
INFO root: Dataset subgraph_gcare_graph.aids found in cache.

For parameters: subgraph_gcare_aids.aids/Cycle_3/uf_Q_2_3
INFO root: Dataset subgraph_gcare_graph.aids found in cache.

For parameters: subgraph_gcare_aids.aids/Cycle_3/uf_Q_2_6
INFO root: Dataset subgraph_gcare_graph.aids found in cache.

For parameters: subgraph_gcare_aids.aids/Cycle_3/uf_Q_2_5
INFO root: Dataset subgraph_gcare_graph.aids found in cache.

For parameters: subgraph_gcare_aids.aids/Cycle_3/uf_Q_1_3
INFO root: Dataset subgraph_gcare_graph.aids found in cache.

For parameters: subgraph_gcare_aids.aids/Cycle_3/uf_Q_3_18
INFO root: Dataset subgraph_gcare_graph.aids found in cache.

For parameters: subgraph_gcare_aids.aids/Cycle_3/uf_Q_1_7
INFO root: Dataset subgraph_gcare_graph.aids found in cache.

For parameters: subgraph_gcare_aids.aids/Cycle_3/uf_Q_1_4
INFO root: Dataset subgraph_gcare_graph.aids found in cache.

For parameters: subgraph_gcare_aids.aids/Cycle_3/uf_Q_3_16
INFO root: Dataset subgraph_gcare_graph.aids found in cache.

For parameters: subgraph_gcare_aids.aids/Cycle_3/uf_Q_3_15
INFO root: Dataset subgraph_gcare_graph.aids found in cache.

For parameters: subgraph_gcare_aids.aids/Cycle_3/uf_Q_3_13
INFO root: Dataset subgraph_gcare_graph.aids found in cache.

For parameters: subgraph_gcare_aids.aids/Tree_3/uf_Q_2_2
INFO root: Dataset subgraph_gcare_graph.aids found in cache.

For parameters: subgraph_gcare_aids.aids/Tree_3/uf_Q_2_6
INFO root: Dataset subgraph_gcare_graph.aids found in cache.

For parameters: subgraph_gcare_aids.aids/Tree_3/uf_Q_1_3
INFO root: Dataset subgraph_gcare_graph.aids found in cache.

For parameters: subgraph_gcare_aids.aids/Tree_3/uf_Q_3_5
INFO root: Dataset subgraph_gcare_graph.aids found in cache.

For parameters: subgraph_gcare_aids.aids/Tree_3/uf_Q_1_4
INFO root: Dataset subgraph_gcare_graph.aids found in cache.

For parameters: subgraph_gcare_aids.aids/Tree_3/uf_Q_2_9
INFO root: Dataset subgraph_gcare_graph.aids found in cache.

··· For parameters: subgraph_gcare_human.human/Star_3/uf_Q_2_1
    INFO root: Dataset subgraph_gcare_graph.human found in cache.
    
    For parameters: subgraph_gcare_human.human/Star_3/uf_Q_2_3
    INFO root: Dataset subgraph_gcare_graph.human found in cache.
    
    For parameters: subgraph_gcare_human.human/Star_3/uf_Q_1_6
    INFO root: Dataset subgraph_gcare_graph.human found in cache.
    
    For parameters: subgraph_gcare_human.human/Chain_3/uf_Q_1_3
    INFO root: Dataset subgraph_gcare_graph.human found in cache.
    
    For parameters: subgraph_gcare_human.human/Graph_3/uf_Q_0_2
    INFO root: Dataset subgraph_gcare_graph.human found in cache.
    
    For parameters: subgraph_gcare_human.human/Graph_3/uf_Q_0_5
    INFO root: Dataset subgraph_gcare_graph.human found in cache.
    
    For parameters: subgraph_gcare_human.human/Graph_3/uf_Q_0_6
    INFO root: Dataset subgraph_gcare_graph.human found in cache.
    
    For parameters: subgraph_gcare_human.human/Graph_3/uf_Q_1_1
    INFO root: Dataset subgraph_gcare_graph.human found in cache.
    
    For parameters: subgraph_gcare_human.human/Graph_3/uf_Q_3_4
    INFO root: Dataset subgraph_gcare_graph.human found in cache.
    
    For parameters: subgraph_gcare_human.human/Graph_3/uf_Q_1_4
    INFO root: Dataset subgraph_gcare_graph.human found in cache.
    
    For parameters: subgraph_gcare_human.human/Tree_3/uf_Q_0_3
    INFO root: Dataset subgraph_gcare_graph.human found in cache.
    
    For parameters: subgraph_gcare_human.human/Tree_3/uf_Q_2_3
    INFO root: Dataset subgraph_gcare_graph.human found in cache.
    
    For parameters: subgraph_gcare_human.human/Tree_3/uf_Q_3_1
    INFO root: Dataset subgraph_gcare_graph.human found in cache.
    
    For parameters: subgraph_gcare_aids.aids/Star_3/uf_Q_2_3
    INFO root: Dataset subgraph_gcare_graph.aids found in cache.
    
    For parameters: subgraph_gcare_aids.aids/Star_3/uf_Q_2_4
    INFO root: Dataset subgraph_gcare_graph.aids found in cache.
    
    For parameters: subgraph_gcare_aids.aids/Star_3/uf_Q_3_2
    INFO root: Dataset subgraph_gcare_graph.aids found in cache.
    
    For parameters: subgraph_gcare_aids.aids/Star_3/uf_Q_3_1
    INFO root: Dataset subgraph_gcare_graph.aids found in cache.
    
    For parameters: subgraph_gcare_aids.aids/Star_3/uf_Q_3_5
    INFO root: Dataset subgraph_gcare_graph.aids found in cache.
    
    For parameters: subgraph_gcare_aids.aids/Star_3/uf_Q_3_6
    INFO root: Dataset subgraph_gcare_graph.aids found in cache.
    
    For parameters: subgraph_gcare_aids.aids/Star_3/uf_Q_1_8
    INFO root: Dataset subgraph_gcare_graph.aids found in cache.
    
    For parameters: subgraph_gcare_aids.aids/Star_3/uf_Q_3_9
    INFO root: Dataset subgraph_gcare_graph.aids found in cache.
    
    For parameters: subgraph_gcare_aids.aids/Star_3/uf_Q_3_13
    INFO root: Dataset subgraph_gcare_graph.aids found in cache.
    
    For parameters: subgraph_gcare_aids.aids/Chain_3/uf_Q_2_15
    INFO root: Dataset subgraph_gcare_graph.aids found in cache.
    
    For parameters: subgraph_gcare_aids.aids/Chain_3/uf_Q_2_10
    INFO root: Dataset subgraph_gcare_graph.aids found in cache.
    
    For parameters: subgraph_gcare_aids.aids/Chain_3/uf_Q_3_5
    INFO root: Dataset subgraph_gcare_graph.aids found in cache.
    
    For parameters: subgraph_gcare_aids.aids/Chain_3/uf_Q_3_8
    INFO root: Dataset subgraph_gcare_graph.aids found in cache.
    
    For parameters: subgraph_gcare_aids.aids/Chain_3/uf_Q_2_9
    INFO root: Dataset subgraph_gcare_graph.aids found in cache.
    
    For parameters: subgraph_gcare_aids.aids/Graph_3/uf_Q_2_12
    INFO root: Dataset subgraph_gcare_graph.aids found in cache.
    
    For parameters: subgraph_gcare_aids.aids/Graph_3/uf_Q_3_2
    INFO root: Dataset subgraph_gcare_graph.aids found in cache.
    
    For parameters: subgraph_gcare_aids.aids/Graph_3/uf_Q_1_18
    INFO root: Dataset subgraph_gcare_graph.aids found in cache.
    
    For parameters: subgraph_gcare_aids.aids/Graph_3/uf_Q_4_11
    INFO root: Dataset subgraph_gcare_graph.aids found in cache.
    
    For parameters: subgraph_gcare_aids.aids/Graph_3/uf_Q_1_7
    INFO root: Dataset subgraph_gcare_graph.aids found in cache.
    
    For parameters: subgraph_gcare_aids.aids/Graph_3/uf_Q_1_9
    INFO root: Dataset subgraph_gcare_graph.aids found in cache.
    
    For parameters: subgraph_gcare_aids.aids/Graph_3/uf_Q_3_8
    INFO root: Dataset subgraph_gcare_graph.aids found in cache.
    
    For parameters: subgraph_gcare_aids.aids/Graph_3/uf_Q_3_12
    INFO root: Dataset subgraph_gcare_graph.aids found in cache.
    
    For parameters: subgraph_gcare_aids.aids/Graph_3/uf_Q_2_8
    INFO root: Dataset subgraph_gcare_graph.aids found in cache.
    
    For parameters: subgraph_gcare_aids.aids/Cycle_3/uf_Q_2_14
    INFO root: Dataset subgraph_gcare_graph.aids found in cache.
    
    For parameters: subgraph_gcare_aids.aids/Cycle_3/uf_Q_2_3
    INFO root: Dataset subgraph_gcare_graph.aids found in cache.
    
    For parameters: subgraph_gcare_aids.aids/Cycle_3/uf_Q_2_6
    INFO root: Dataset subgraph_gcare_graph.aids found in cache.
    
    For parameters: subgraph_gcare_aids.aids/Cycle_3/uf_Q_2_5
    INFO root: Dataset subgraph_gcare_graph.aids found in cache.
    
    For parameters: subgraph_gcare_aids.aids/Cycle_3/uf_Q_1_3
    INFO root: Dataset subgraph_gcare_graph.aids found in cache.
    
    For parameters: subgraph_gcare_aids.aids/Cycle_3/uf_Q_3_18
    INFO root: Dataset subgraph_gcare_graph.aids found in cache.
    
    For parameters: subgraph_gcare_aids.aids/Cycle_3/uf_Q_1_7
    INFO root: Dataset subgraph_gcare_graph.aids found in cache.
    
    For parameters: subgraph_gcare_aids.aids/Cycle_3/uf_Q_1_4
    INFO root: Dataset subgraph_gcare_graph.aids found in cache.
    
    For parameters: subgraph_gcare_aids.aids/Cycle_3/uf_Q_3_16
    INFO root: Dataset subgraph_gcare_graph.aids found in cache.
    
    For parameters: subgraph_gcare_aids.aids/Cycle_3/uf_Q_3_15
    INFO root: Dataset subgraph_gcare_graph.aids found in cache.
    
    For parameters: subgraph_gcare_aids.aids/Cycle_3/uf_Q_3_13
    INFO root: Dataset subgraph_gcare_graph.aids found in cache.
    
    For parameters: subgraph_gcare_aids.aids/Tree_3/uf_Q_2_2
    INFO root: Dataset subgraph_gcare_graph.aids found in cache.
    
    For parameters: subgraph_gcare_aids.aids/Tree_3/uf_Q_2_6
    INFO root: Dataset subgraph_gcare_graph.aids found in cache.
    
    For parameters: subgraph_gcare_aids.aids/Tree_3/uf_Q_1_3
    INFO root: Dataset subgraph_gcare_graph.aids found in cache.
    
    For parameters: subgraph_gcare_aids.aids/Tree_3/uf_Q_3_5
    INFO root: Dataset subgraph_gcare_graph.aids found in cache.
    
    For parameters: subgraph_gcare_aids.aids/Tree_3/uf_Q_1_4
    INFO root: Dataset subgraph_gcare_graph.aids found in cache.
    
    For parameters: subgraph_gcare_aids.aids/Tree_3/uf_Q_2_9
    INFO root: Dataset subgraph_gcare_graph.aids found in cache.
INFO:root:...ng.time_Weighted Model Counting using einsum

·· ...ng.time_Weighted Model Counting using einsum                 okINFO:root:======================================== =========
                dataset                           
---------------------------------------- ---------
          wmc_generator.test_1              n/a   
          wmc_generator.test_2              n/a   
          wmc_generator.test_3              n/a   
          wmc_generator.test_4              n/a   
          wmc_generator.test_5              n/a   
          wmc_generator.test_6              n/a   
 mccomp_pwmc.track4_pwmc_random_pwmc_1      n/a   
 mccomp_pwmc.track4_pwmc_random_pwmc_2      n/a   
 mccomp_pwmc.track4_pwmc_random_pwmc_3      n/a   
 mccomp_pwmc.track4_pwmc_random_pwmc_4    947±0ms 
 mccomp_pwmc.track4_pwmc_random_pwmc_5      n/a   
 mccomp_pwmc.track4_pwmc_random_pwmc_6      n/a   
 mccomp_pwmc.track4_pwmc_random_pwmc_7      n/a   
 mccomp_pwmc.track4_pwmc_random_pwmc_8    909±0ms 
 mccomp_pwmc.track4_pwmc_random_pwmc_9      n/a   
 mccomp_pwmc.track4_pwmc_random_pwmc_10     n/a   
======================================== =========

·· ======================================== =========
                   dataset                           
   ---------------------------------------- ---------
             wmc_generator.test_1              n/a   
             wmc_generator.test_2              n/a   
             wmc_generator.test_3              n/a   
             wmc_generator.test_4              n/a   
             wmc_generator.test_5              n/a   
             wmc_generator.test_6              n/a   
    mccomp_pwmc.track4_pwmc_random_pwmc_1      n/a   
    mccomp_pwmc.track4_pwmc_random_pwmc_2      n/a   
    mccomp_pwmc.track4_pwmc_random_pwmc_3      n/a   
    mccomp_pwmc.track4_pwmc_random_pwmc_4    947±0ms 
    mccomp_pwmc.track4_pwmc_random_pwmc_5      n/a   
    mccomp_pwmc.track4_pwmc_random_pwmc_6      n/a   
    mccomp_pwmc.track4_pwmc_random_pwmc_7      n/a   
    mccomp_pwmc.track4_pwmc_random_pwmc_8    909±0ms 
    mccomp_pwmc.track4_pwmc_random_pwmc_9      n/a   
    mccomp_pwmc.track4_pwmc_random_pwmc_10     n/a   
   ======================================== =========
ERROR:root:For parameters: mccomp_pwmc.track4_pwmc_random_pwmc_4
INFO root: Dataset mccomp_pwmc.track4_pwmc_random_pwmc_4 found in cache.

For parameters: mccomp_pwmc.track4_pwmc_random_pwmc_8
INFO root: Dataset mccomp_pwmc.track4_pwmc_random_pwmc_8 found in cache.

··· For parameters: mccomp_pwmc.track4_pwmc_random_pwmc_4
    INFO root: Dataset mccomp_pwmc.track4_pwmc_random_pwmc_4 found in cache.
    
    For parameters: mccomp_pwmc.track4_pwmc_random_pwmc_8
    INFO root: Dataset mccomp_pwmc.track4_pwmc_random_pwmc_8 found in cache.
tag summary: tagged_records=227 failed_benchmark_entries=3
---------------------------------------
Begin Slurm Epilog: Sep-23-2026 18:28:56
Job ID:        13498413
Array Job ID:  13490263_1
User ID:       wahrens6
Account:       gts-wahrens6
Job name:      statistics-trace
Resources:     cpu=1,mem=16G,node=1
Rsrc Used:     cput=00:36:39,vmem=0,walltime=00:36:39,mem=2178384K,energy_used=0
Partition:     cpu-medium
QOS:           inferno
Nodes:         atl1-1-01-003-1-2
---------------------------------------
