---------------------------------------
Begin Slurm Prolog: Sep-24-2026 23:17:37
Job ID:    13553781
User ID:   wahrens6
Account:   gts-wahrens6
Job name:  statistics-trace
Partition: cpu-medium
QOS:       inferno
---------------------------------------
INFO:root:Using SAPS config: {'environment_type': 'existing:same'}
· Using SAPS config: {'environment_type': 'existing:same'}INFO:root:Using SAPS outputs directory: /storage/scratch1/7/wahrens6/SparseArrayProgrammingSuite/.saps/outputs/chunk-3

· Using SAPS outputs directory: /storage/scratch1/7/wahrens6/SparseArrayProgrammingSuite/.saps/outputs/chunk-3INFO:root:Using SAPS dataset cache: /storage/scratch1/7/wahrens6/SparseArrayProgrammingSuite/.saps/outputs/cache

· Using SAPS dataset cache: /storage/scratch1/7/wahrens6/SparseArrayProgrammingSuite/.saps/outputs/cacheINFO:root:Using SAPS machine files directory: /storage/scratch1/7/wahrens6/SparseArrayProgrammingSuite/.saps/machine_files/chunk-3

· Using SAPS machine files directory: /storage/scratch1/7/wahrens6/SparseArrayProgrammingSuite/.saps/machine_files/chunk-3INFO:root:Discovering benchmarks

· Discovering benchmarksINFO:root:Benchmarking existing-py_storage_home_hcoda1_7_wahrens6_.cache_pypoetry_virtualenvs_saps-RkeCTkZF-py3.12_bin_python3
Discovered 17 benchmark entries for tagger
Using timeout: 120.0 seconds

· Benchmarking existing-py_storage_home_hcoda1_7_wahrens6_.cache_pypoetry_virtualenvs_saps-RkeCTkZF-py3.12_bin_python3INFO:root:GMRES.GMRESBenchmark.time_gmres

·· GMRES.GMRESBenchmark.time_gmres                                 okINFO:root:================================================= =========
                     dataset                               
------------------------------------------------- ---------
      gmres_test_inputs.test_gmres_random_42         n/a   
     gmres_test_inputs.test_gmres_random_123         n/a   
      gmres_test_inputs.test_gmres_diagonal          n/a   
         gmres_test_inputs.test_gmres_3x3            n/a   
         gmres_test_inputs.test_gmres_4x4            n/a   
           gmres_inputs.Andrews/Andrews              n/a   
           gmres_inputs.Andrianov/ins2               n/a   
          gmres_inputs.Andrianov/net100              n/a   
          gmres_inputs.Andrianov/net125              n/a   
          gmres_inputs.Andrianov/net150              n/a   
           gmres_inputs.Andrianov/net25              n/a   
           gmres_inputs.Andrianov/net50              n/a   
           gmres_inputs.Andrianov/net75              n/a   
             gmres_inputs.Bai/bfwa62               14.4±0s 
             gmres_inputs.Bai/bfwb398                n/a   
             gmres_inputs.Bai/bfwb62                 n/a   
             gmres_inputs.Bai/bfwb782                n/a   
              gmres_inputs.Bai/ck104                 n/a   
             gmres_inputs.Bai/dw256B                 n/a   
             gmres_inputs.Bai/dwb512                 n/a   
             gmres_inputs.Bai/pde225                 n/a   
             gmres_inputs.Bai/rdb200               13.5±0s 
             gmres_inputs.Bai/rdb200l                n/a   
            gmres_inputs.Bindel/ted_B                n/a   
        gmres_inputs.Bindel/ted_B_unscaled           n/a   
       gmres_inputs.Bomhof/circuit_1__rhs0           n/a   
       gmres_inputs.Botonakis/thermomech_TC          n/a   
       gmres_inputs.Botonakis/thermomech_dM          n/a   
     gmres_inputs.Bourchtein/atmosmodd__rhs1         n/a   
     gmres_inputs.Bourchtein/atmosmodj__rhs1         n/a   
     gmres_inputs.Bourchtein/atmosmodl__rhs0         n/a   
     gmres_inputs.Bourchtein/atmosmodl__rhs1         n/a   
     gmres_inputs.Bourchtein/atmosmodm__rhs0         n/a   
     gmres_inputs.Bourchtein/atmosmodm__rhs1         n/a   
         gmres_inputs.Brunetiere/thermal             n/a   
              gmres_inputs.CPM/cz148                 n/a   
         gmres_inputs.Cunningham/m3plates            n/a   
          gmres_inputs.Cunningham/qa8fk              n/a   
          gmres_inputs.Cunningham/qa8fm              n/a   
       gmres_inputs.FEMLAB/poisson2D__rhs0         13.8±0s 
           gmres_inputs.FEMLAB/problem1              n/a   
             gmres_inputs.FIDAP/ex29                 n/a   
             gmres_inputs.FIDAP/ex37                 n/a   
              gmres_inputs.FIDAP/ex5                 n/a   
              gmres_inputs.FIDAP/ex7                 n/a   
       gmres_inputs.Freescale/circuit5M_dc           n/a   
         gmres_inputs.GHS_indef/blockqp1             n/a   
        gmres_inputs.GHS_indef/boyd1__rhs0           n/a   
        gmres_inputs.GHS_indef/boyd2__rhs0           n/a   
           gmres_inputs.GHS_indef/laser              n/a   
          gmres_inputs.GHS_indef/qpband              n/a   
         gmres_inputs.GHS_psdef/jnlbrng1           1.77±0m 
         gmres_inputs.GHS_psdef/minsurfo             n/a   
         gmres_inputs.GHS_psdef/obstclae             n/a   
         gmres_inputs.GHS_psdef/wathen120            n/a   
          gmres_inputs.Grund/b1_ss__rhs0             n/a   
             gmres_inputs.Grund/meg4                 n/a   
          gmres_inputs.Grund/poli__rhs0              n/a   
             gmres_inputs.Grund/poli3                n/a   
             gmres_inputs.Grund/poli4              28.9±0s 
          gmres_inputs.Grund/poli_large              n/a   
              gmres_inputs.HB/arc130                 n/a   
             gmres_inputs.HB/bcspwr01                n/a   
             gmres_inputs.HB/bcspwr02                n/a   
             gmres_inputs.HB/bcsstk01                n/a   
             gmres_inputs.HB/bcsstk02                n/a   
             gmres_inputs.HB/bcsstk20                n/a   
             gmres_inputs.HB/bcsstm01              11.4±0s 
             gmres_inputs.HB/bcsstm02                n/a   
             gmres_inputs.HB/bcsstm03                n/a   
             gmres_inputs.HB/bcsstm04                n/a   
             gmres_inputs.HB/bcsstm05                n/a   
             gmres_inputs.HB/bcsstm06                n/a   
             gmres_inputs.HB/bcsstm08                n/a   
             gmres_inputs.HB/bcsstm09                n/a   
             gmres_inputs.HB/bcsstm11              11.1±0s 
             gmres_inputs.HB/bcsstm19                n/a   
             gmres_inputs.HB/bcsstm20                n/a   
             gmres_inputs.HB/bcsstm21                n/a   
             gmres_inputs.HB/bcsstm22                n/a   
             gmres_inputs.HB/can_144                 n/a   
              gmres_inputs.HB/can_24                 n/a   
              gmres_inputs.HB/can_61                 n/a   
              gmres_inputs.HB/can_73               11.2±0s 
             gmres_inputs.HB/curtis54                n/a   
             gmres_inputs.HB/fs_541_1                n/a   
             gmres_inputs.HB/fs_760_1                n/a   
             gmres_inputs.HB/fs_760_2                n/a   
             gmres_inputs.HB/fs_760_3                n/a   
             gmres_inputs.HB/gr_30_30                n/a   
             gmres_inputs.HB/jpwh_991                n/a   
              gmres_inputs.HB/lap_25               12.9±0s 
               gmres_inputs.HB/nos4                  n/a   
               gmres_inputs.HB/nos7                  n/a   
          gmres_inputs.HB/orani678__rhs1             n/a   
         gmres_inputs.HB/orani678__rhs10             n/a   
         gmres_inputs.HB/orani678__rhs11             n/a   
         gmres_inputs.HB/orani678__rhs12             n/a   
         gmres_inputs.HB/orani678__rhs14             n/a   
         gmres_inputs.HB/orani678__rhs15             n/a   
         gmres_inputs.HB/orani678__rhs16             n/a   
         gmres_inputs.HB/orani678__rhs17             n/a   
         gmres_inputs.HB/orani678__rhs18             n/a   
         gmres_inputs.HB/orani678__rhs19             n/a   
          gmres_inputs.HB/orani678__rhs2             n/a   
          gmres_inputs.HB/orani678__rhs3             n/a   
          gmres_inputs.HB/orani678__rhs4             n/a   
          gmres_inputs.HB/orani678__rhs5             n/a   
          gmres_inputs.HB/orani678__rhs6             n/a   
         gmres_inputs.HB/orani678__rhs62             n/a   
          gmres_inputs.HB/orani678__rhs7             n/a   
          gmres_inputs.HB/orani678__rhs8             n/a   
             gmres_inputs.HB/pores_1                 n/a   
             gmres_inputs.HB/psmigr_3                n/a   
              gmres_inputs.HB/steam2                 n/a   
              gmres_inputs.HB/steam3                 n/a   
              gmres_inputs.HB/watt_1               9.35±0s 
              gmres_inputs.HB/watt_2                 n/a   
        gmres_inputs.Hamrle/Hamrle1__rhs0            n/a   
               gmres_inputs.MKS/fp                   n/a   
            gmres_inputs.MathWorks/Muu               n/a   
        gmres_inputs.MathWorks/tomography            n/a   
      gmres_inputs.MaxPlanck/shallow_water1          n/a   
      gmres_inputs.MaxPlanck/shallow_water2          n/a   
          gmres_inputs.Morandini/rotor1              n/a   
           gmres_inputs.Mulvey/finan512              n/a   
         gmres_inputs.Nasa/nasa2146__rhs0            n/a   
           gmres_inputs.Nemeth/nemeth02            36.4±0s 
           gmres_inputs.Nemeth/nemeth03              n/a   
           gmres_inputs.Nemeth/nemeth04              n/a   
           gmres_inputs.Nemeth/nemeth05              n/a   
           gmres_inputs.Nemeth/nemeth06              n/a   
           gmres_inputs.Nemeth/nemeth07              n/a   
           gmres_inputs.Nemeth/nemeth08              n/a   
           gmres_inputs.Nemeth/nemeth09              n/a   
           gmres_inputs.Nemeth/nemeth10            37.9±0s 
           gmres_inputs.Nemeth/nemeth11              n/a   
           gmres_inputs.Nemeth/nemeth12              n/a   
           gmres_inputs.Nemeth/nemeth13              n/a   
           gmres_inputs.Nemeth/nemeth16              n/a   
           gmres_inputs.Nemeth/nemeth17              n/a   
           gmres_inputs.Nemeth/nemeth18              n/a   
           gmres_inputs.Nemeth/nemeth19              n/a   
           gmres_inputs.Nemeth/nemeth20            42.4±0s 
           gmres_inputs.Nemeth/nemeth21              n/a   
           gmres_inputs.Nemeth/nemeth22              n/a   
           gmres_inputs.Nemeth/nemeth23              n/a   
           gmres_inputs.Nemeth/nemeth24              n/a   
           gmres_inputs.Nemeth/nemeth25              n/a   
           gmres_inputs.Nemeth/nemeth26              n/a   
             gmres_inputs.Norris/fv1                 n/a   
             gmres_inputs.Norris/fv2               35.5±0s 
            gmres_inputs.Norris/torso2               n/a   
          gmres_inputs.Oberwolfach/LF10              n/a   
          gmres_inputs.Oberwolfach/LFAT5             n/a   
             gmres_inputs.PARSEC/Si2                 n/a   
           gmres_inputs.Pothen/mesh1e1               n/a   
           gmres_inputs.Pothen/mesh1em1              n/a   
           gmres_inputs.Pothen/mesh1em6              n/a   
           gmres_inputs.Pothen/mesh2e1               n/a   
           gmres_inputs.Pothen/mesh2em5            11.2±0s 
           gmres_inputs.Pothen/mesh3e1               n/a   
           gmres_inputs.Pothen/mesh3em5              n/a   
           gmres_inputs.Pothen/sphere2               n/a   
          gmres_inputs.Precima/analytics             n/a   
            gmres_inputs.Rajat/rajat13               n/a   
         gmres_inputs.Rommes/bips98_1450             n/a   
          gmres_inputs.Rommes/bips98_606             n/a   
        gmres_inputs.Rommes/ww_36_pmec_36            n/a   
          gmres_inputs.Sandia/ASIC_100k              n/a   
          gmres_inputs.Sandia/ASIC_100ks             n/a   
          gmres_inputs.Sandia/ASIC_320ks             n/a   
          gmres_inputs.Sandia/ASIC_680k              n/a   
          gmres_inputs.Sandia/ASIC_680ks             n/a   
        gmres_inputs.Sandia/adder_dcop_31          15.0±0s 
        gmres_inputs.Sandia/adder_dcop_32            n/a   
        gmres_inputs.Sandia/adder_dcop_33            n/a   
        gmres_inputs.Sandia/adder_dcop_34            n/a   
        gmres_inputs.Sandia/adder_dcop_35            n/a   
        gmres_inputs.Sandia/adder_dcop_36            n/a   
        gmres_inputs.Sandia/adder_dcop_37            n/a   
        gmres_inputs.Sandia/adder_dcop_38            n/a   
        gmres_inputs.Sandia/adder_dcop_40          14.4±0s 
        gmres_inputs.Sandia/adder_dcop_41            n/a   
        gmres_inputs.Sandia/adder_dcop_42            n/a   
        gmres_inputs.Sandia/adder_dcop_43            n/a   
        gmres_inputs.Sandia/adder_dcop_44            n/a   
        gmres_inputs.Sandia/adder_dcop_45            n/a   
        gmres_inputs.Sandia/adder_dcop_46            n/a   
        gmres_inputs.Sandia/adder_dcop_47            n/a   
        gmres_inputs.Sandia/adder_dcop_48          16.6±0s 
        gmres_inputs.Sandia/adder_dcop_49            n/a   
        gmres_inputs.Sandia/adder_dcop_50            n/a   
        gmres_inputs.Sandia/adder_dcop_51            n/a   
        gmres_inputs.Sandia/adder_dcop_52            n/a   
        gmres_inputs.Sandia/adder_dcop_53            n/a   
        gmres_inputs.Sandia/adder_dcop_54            n/a   
        gmres_inputs.Sandia/adder_dcop_55            n/a   
        gmres_inputs.Sandia/adder_dcop_57          14.4±0s 
        gmres_inputs.Sandia/adder_dcop_58            n/a   
        gmres_inputs.Sandia/adder_dcop_59            n/a   
        gmres_inputs.Sandia/adder_dcop_60            n/a   
        gmres_inputs.Sandia/adder_dcop_61            n/a   
        gmres_inputs.Sandia/adder_dcop_62            n/a   
        gmres_inputs.Sandia/adder_dcop_63            n/a   
        gmres_inputs.Sandia/adder_dcop_64            n/a   
        gmres_inputs.Sandia/adder_dcop_65          15.0±0s 
        gmres_inputs.Sandia/adder_dcop_66            n/a   
        gmres_inputs.Sandia/adder_dcop_67            n/a   
        gmres_inputs.Sandia/adder_dcop_68            n/a   
        gmres_inputs.Sandia/adder_dcop_69            n/a   
        gmres_inputs.Sandia/adder_trans_01           n/a   
        gmres_inputs.Sandia/adder_trans_02           n/a   
      gmres_inputs.Sandia/mult_dcop_02__rhs0         n/a   
     gmres_inputs.Schenk_AFE/af_shell3__rhs0         n/a   
     gmres_inputs.Schenk_AFE/af_shell4__rhs0         n/a   
     gmres_inputs.Schenk_AFE/af_shell7__rhs0         n/a   
     gmres_inputs.Schenk_AFE/af_shell8__rhs0         n/a   
        gmres_inputs.Simon/raefsky5__rhs0          28.4±0s 
       gmres_inputs.TOKAMAK/utm1700b__rhs0           n/a   
        gmres_inputs.TOKAMAK/utm3060__rhs0           n/a   
       gmres_inputs.VDOL/hangGlider_1__rhs0          n/a   
 gmres_inputs.VDOL/tumorAntiAngiogenesis_1__rhs0     n/a   
 gmres_inputs.VDOL/tumorAntiAngiogenesis_2__rhs0     n/a   
              gmres_inputs.VLSI/ss1                  n/a   
             gmres_inputs.Wang/swang1                n/a   
             gmres_inputs.Wang/swang2                n/a   
             gmres_inputs.Zhao/Zhao1               1.54±0m 
================================================= =========

·· ================================================= =========
                        dataset                               
   ------------------------------------------------- ---------
         gmres_test_inputs.test_gmres_random_42         n/a   
        gmres_test_inputs.test_gmres_random_123         n/a   
         gmres_test_inputs.test_gmres_diagonal          n/a   
            gmres_test_inputs.test_gmres_3x3            n/a   
            gmres_test_inputs.test_gmres_4x4            n/a   
              gmres_inputs.Andrews/Andrews              n/a   
              gmres_inputs.Andrianov/ins2               n/a   
             gmres_inputs.Andrianov/net100              n/a   
             gmres_inputs.Andrianov/net125              n/a   
             gmres_inputs.Andrianov/net150              n/a   
              gmres_inputs.Andrianov/net25              n/a   
              gmres_inputs.Andrianov/net50              n/a   
              gmres_inputs.Andrianov/net75              n/a   
                gmres_inputs.Bai/bfwa62               14.4±0s 
                gmres_inputs.Bai/bfwb398                n/a   
                gmres_inputs.Bai/bfwb62                 n/a   
                gmres_inputs.Bai/bfwb782                n/a   
                 gmres_inputs.Bai/ck104                 n/a   
                gmres_inputs.Bai/dw256B                 n/a   
                gmres_inputs.Bai/dwb512                 n/a   
                gmres_inputs.Bai/pde225                 n/a   
                gmres_inputs.Bai/rdb200               13.5±0s 
                gmres_inputs.Bai/rdb200l                n/a   
               gmres_inputs.Bindel/ted_B                n/a   
           gmres_inputs.Bindel/ted_B_unscaled           n/a   
          gmres_inputs.Bomhof/circuit_1__rhs0           n/a   
          gmres_inputs.Botonakis/thermomech_TC          n/a   
          gmres_inputs.Botonakis/thermomech_dM          n/a   
        gmres_inputs.Bourchtein/atmosmodd__rhs1         n/a   
        gmres_inputs.Bourchtein/atmosmodj__rhs1         n/a   
        gmres_inputs.Bourchtein/atmosmodl__rhs0         n/a   
        gmres_inputs.Bourchtein/atmosmodl__rhs1         n/a   
        gmres_inputs.Bourchtein/atmosmodm__rhs0         n/a   
        gmres_inputs.Bourchtein/atmosmodm__rhs1         n/a   
            gmres_inputs.Brunetiere/thermal             n/a   
                 gmres_inputs.CPM/cz148                 n/a   
            gmres_inputs.Cunningham/m3plates            n/a   
             gmres_inputs.Cunningham/qa8fk              n/a   
             gmres_inputs.Cunningham/qa8fm              n/a   
          gmres_inputs.FEMLAB/poisson2D__rhs0         13.8±0s 
              gmres_inputs.FEMLAB/problem1              n/a   
                gmres_inputs.FIDAP/ex29                 n/a   
                gmres_inputs.FIDAP/ex37                 n/a   
                 gmres_inputs.FIDAP/ex5                 n/a   
                 gmres_inputs.FIDAP/ex7                 n/a   
          gmres_inputs.Freescale/circuit5M_dc           n/a   
            gmres_inputs.GHS_indef/blockqp1             n/a   
           gmres_inputs.GHS_indef/boyd1__rhs0           n/a   
           gmres_inputs.GHS_indef/boyd2__rhs0           n/a   
              gmres_inputs.GHS_indef/laser              n/a   
             gmres_inputs.GHS_indef/qpband              n/a   
            gmres_inputs.GHS_psdef/jnlbrng1           1.77±0m 
            gmres_inputs.GHS_psdef/minsurfo             n/a   
            gmres_inputs.GHS_psdef/obstclae             n/a   
            gmres_inputs.GHS_psdef/wathen120            n/a   
             gmres_inputs.Grund/b1_ss__rhs0             n/a   
                gmres_inputs.Grund/meg4                 n/a   
             gmres_inputs.Grund/poli__rhs0              n/a   
                gmres_inputs.Grund/poli3                n/a   
                gmres_inputs.Grund/poli4              28.9±0s 
             gmres_inputs.Grund/poli_large              n/a   
                 gmres_inputs.HB/arc130                 n/a   
                gmres_inputs.HB/bcspwr01                n/a   
                gmres_inputs.HB/bcspwr02                n/a   
                gmres_inputs.HB/bcsstk01                n/a   
                gmres_inputs.HB/bcsstk02                n/a   
                gmres_inputs.HB/bcsstk20                n/a   
                gmres_inputs.HB/bcsstm01              11.4±0s 
                gmres_inputs.HB/bcsstm02                n/a   
                gmres_inputs.HB/bcsstm03                n/a   
                gmres_inputs.HB/bcsstm04                n/a   
                gmres_inputs.HB/bcsstm05                n/a   
                gmres_inputs.HB/bcsstm06                n/a   
                gmres_inputs.HB/bcsstm08                n/a   
                gmres_inputs.HB/bcsstm09                n/a   
                gmres_inputs.HB/bcsstm11              11.1±0s 
                gmres_inputs.HB/bcsstm19                n/a   
                gmres_inputs.HB/bcsstm20                n/a   
                gmres_inputs.HB/bcsstm21                n/a   
                gmres_inputs.HB/bcsstm22                n/a   
                gmres_inputs.HB/can_144                 n/a   
                 gmres_inputs.HB/can_24                 n/a   
                 gmres_inputs.HB/can_61                 n/a   
                 gmres_inputs.HB/can_73               11.2±0s 
                gmres_inputs.HB/curtis54                n/a   
                gmres_inputs.HB/fs_541_1                n/a   
                gmres_inputs.HB/fs_760_1                n/a   
                gmres_inputs.HB/fs_760_2                n/a   
                gmres_inputs.HB/fs_760_3                n/a   
                gmres_inputs.HB/gr_30_30                n/a   
                gmres_inputs.HB/jpwh_991                n/a   
                 gmres_inputs.HB/lap_25               12.9±0s 
                  gmres_inputs.HB/nos4                  n/a   
                  gmres_inputs.HB/nos7                  n/a   
             gmres_inputs.HB/orani678__rhs1             n/a   
            gmres_inputs.HB/orani678__rhs10             n/a   
            gmres_inputs.HB/orani678__rhs11             n/a   
            gmres_inputs.HB/orani678__rhs12             n/a   
            gmres_inputs.HB/orani678__rhs14             n/a   
            gmres_inputs.HB/orani678__rhs15             n/a   
            gmres_inputs.HB/orani678__rhs16             n/a   
            gmres_inputs.HB/orani678__rhs17             n/a   
            gmres_inputs.HB/orani678__rhs18             n/a   
            gmres_inputs.HB/orani678__rhs19             n/a   
             gmres_inputs.HB/orani678__rhs2             n/a   
             gmres_inputs.HB/orani678__rhs3             n/a   
             gmres_inputs.HB/orani678__rhs4             n/a   
             gmres_inputs.HB/orani678__rhs5             n/a   
             gmres_inputs.HB/orani678__rhs6             n/a   
            gmres_inputs.HB/orani678__rhs62             n/a   
             gmres_inputs.HB/orani678__rhs7             n/a   
             gmres_inputs.HB/orani678__rhs8             n/a   
                gmres_inputs.HB/pores_1                 n/a   
                gmres_inputs.HB/psmigr_3                n/a   
                 gmres_inputs.HB/steam2                 n/a   
                 gmres_inputs.HB/steam3                 n/a   
                 gmres_inputs.HB/watt_1               9.35±0s 
                 gmres_inputs.HB/watt_2                 n/a   
           gmres_inputs.Hamrle/Hamrle1__rhs0            n/a   
                  gmres_inputs.MKS/fp                   n/a   
               gmres_inputs.MathWorks/Muu               n/a   
           gmres_inputs.MathWorks/tomography            n/a   
         gmres_inputs.MaxPlanck/shallow_water1          n/a   
         gmres_inputs.MaxPlanck/shallow_water2          n/a   
             gmres_inputs.Morandini/rotor1              n/a   
              gmres_inputs.Mulvey/finan512              n/a   
            gmres_inputs.Nasa/nasa2146__rhs0            n/a   
              gmres_inputs.Nemeth/nemeth02            36.4±0s 
              gmres_inputs.Nemeth/nemeth03              n/a   
              gmres_inputs.Nemeth/nemeth04              n/a   
              gmres_inputs.Nemeth/nemeth05              n/a   
              gmres_inputs.Nemeth/nemeth06              n/a   
              gmres_inputs.Nemeth/nemeth07              n/a   
              gmres_inputs.Nemeth/nemeth08              n/a   
              gmres_inputs.Nemeth/nemeth09              n/a   
              gmres_inputs.Nemeth/nemeth10            37.9±0s 
              gmres_inputs.Nemeth/nemeth11              n/a   
              gmres_inputs.Nemeth/nemeth12              n/a   
              gmres_inputs.Nemeth/nemeth13              n/a   
              gmres_inputs.Nemeth/nemeth16              n/a   
              gmres_inputs.Nemeth/nemeth17              n/a   
              gmres_inputs.Nemeth/nemeth18              n/a   
              gmres_inputs.Nemeth/nemeth19              n/a   
              gmres_inputs.Nemeth/nemeth20            42.4±0s 
              gmres_inputs.Nemeth/nemeth21              n/a   
              gmres_inputs.Nemeth/nemeth22              n/a   
              gmres_inputs.Nemeth/nemeth23              n/a   
              gmres_inputs.Nemeth/nemeth24              n/a   
              gmres_inputs.Nemeth/nemeth25              n/a   
              gmres_inputs.Nemeth/nemeth26              n/a   
                gmres_inputs.Norris/fv1                 n/a   
                gmres_inputs.Norris/fv2               35.5±0s 
               gmres_inputs.Norris/torso2               n/a   
             gmres_inputs.Oberwolfach/LF10              n/a   
             gmres_inputs.Oberwolfach/LFAT5             n/a   
                gmres_inputs.PARSEC/Si2                 n/a   
              gmres_inputs.Pothen/mesh1e1               n/a   
              gmres_inputs.Pothen/mesh1em1              n/a   
              gmres_inputs.Pothen/mesh1em6              n/a   
              gmres_inputs.Pothen/mesh2e1               n/a   
              gmres_inputs.Pothen/mesh2em5            11.2±0s 
              gmres_inputs.Pothen/mesh3e1               n/a   
              gmres_inputs.Pothen/mesh3em5              n/a   
              gmres_inputs.Pothen/sphere2               n/a   
             gmres_inputs.Precima/analytics             n/a   
               gmres_inputs.Rajat/rajat13               n/a   
            gmres_inputs.Rommes/bips98_1450             n/a   
             gmres_inputs.Rommes/bips98_606             n/a   
           gmres_inputs.Rommes/ww_36_pmec_36            n/a   
             gmres_inputs.Sandia/ASIC_100k              n/a   
             gmres_inputs.Sandia/ASIC_100ks             n/a   
             gmres_inputs.Sandia/ASIC_320ks             n/a   
             gmres_inputs.Sandia/ASIC_680k              n/a   
             gmres_inputs.Sandia/ASIC_680ks             n/a   
           gmres_inputs.Sandia/adder_dcop_31          15.0±0s 
           gmres_inputs.Sandia/adder_dcop_32            n/a   
           gmres_inputs.Sandia/adder_dcop_33            n/a   
           gmres_inputs.Sandia/adder_dcop_34            n/a   
           gmres_inputs.Sandia/adder_dcop_35            n/a   
           gmres_inputs.Sandia/adder_dcop_36            n/a   
           gmres_inputs.Sandia/adder_dcop_37            n/a   
           gmres_inputs.Sandia/adder_dcop_38            n/a   
           gmres_inputs.Sandia/adder_dcop_40          14.4±0s 
           gmres_inputs.Sandia/adder_dcop_41            n/a   
           gmres_inputs.Sandia/adder_dcop_42            n/a   
           gmres_inputs.Sandia/adder_dcop_43            n/a   
           gmres_inputs.Sandia/adder_dcop_44            n/a   
           gmres_inputs.Sandia/adder_dcop_45            n/a   
           gmres_inputs.Sandia/adder_dcop_46            n/a   
           gmres_inputs.Sandia/adder_dcop_47            n/a   
           gmres_inputs.Sandia/adder_dcop_48          16.6±0s 
           gmres_inputs.Sandia/adder_dcop_49            n/a   
           gmres_inputs.Sandia/adder_dcop_50            n/a   
           gmres_inputs.Sandia/adder_dcop_51            n/a   
           gmres_inputs.Sandia/adder_dcop_52            n/a   
           gmres_inputs.Sandia/adder_dcop_53            n/a   
           gmres_inputs.Sandia/adder_dcop_54            n/a   
           gmres_inputs.Sandia/adder_dcop_55            n/a   
           gmres_inputs.Sandia/adder_dcop_57          14.4±0s 
           gmres_inputs.Sandia/adder_dcop_58            n/a   
           gmres_inputs.Sandia/adder_dcop_59            n/a   
           gmres_inputs.Sandia/adder_dcop_60            n/a   
           gmres_inputs.Sandia/adder_dcop_61            n/a   
           gmres_inputs.Sandia/adder_dcop_62            n/a   
           gmres_inputs.Sandia/adder_dcop_63            n/a   
           gmres_inputs.Sandia/adder_dcop_64            n/a   
           gmres_inputs.Sandia/adder_dcop_65          15.0±0s 
           gmres_inputs.Sandia/adder_dcop_66            n/a   
           gmres_inputs.Sandia/adder_dcop_67            n/a   
           gmres_inputs.Sandia/adder_dcop_68            n/a   
           gmres_inputs.Sandia/adder_dcop_69            n/a   
           gmres_inputs.Sandia/adder_trans_01           n/a   
           gmres_inputs.Sandia/adder_trans_02           n/a   
         gmres_inputs.Sandia/mult_dcop_02__rhs0         n/a   
        gmres_inputs.Schenk_AFE/af_shell3__rhs0         n/a   
        gmres_inputs.Schenk_AFE/af_shell4__rhs0         n/a   
        gmres_inputs.Schenk_AFE/af_shell7__rhs0         n/a   
        gmres_inputs.Schenk_AFE/af_shell8__rhs0         n/a   
           gmres_inputs.Simon/raefsky5__rhs0          28.4±0s 
          gmres_inputs.TOKAMAK/utm1700b__rhs0           n/a   
           gmres_inputs.TOKAMAK/utm3060__rhs0           n/a   
          gmres_inputs.VDOL/hangGlider_1__rhs0          n/a   
    gmres_inputs.VDOL/tumorAntiAngiogenesis_1__rhs0     n/a   
    gmres_inputs.VDOL/tumorAntiAngiogenesis_2__rhs0     n/a   
                 gmres_inputs.VLSI/ss1                  n/a   
                gmres_inputs.Wang/swang1                n/a   
                gmres_inputs.Wang/swang2                n/a   
                gmres_inputs.Zhao/Zhao1               1.54±0m 
   ================================================= =========
ERROR:root:For parameters: gmres_inputs.Bai/bfwa62
INFO root: Dataset suitesparse_matrix.Bai/bfwa62 found in cache.

For parameters: gmres_inputs.Bai/rdb200
INFO root: Dataset suitesparse_matrix.Bai/rdb200 found in cache.

For parameters: gmres_inputs.FEMLAB/poisson2D__rhs0
INFO root: Dataset suitesparse_matrix.FEMLAB/poisson2D found in cache.

For parameters: gmres_inputs.GHS_psdef/jnlbrng1
INFO root: Dataset suitesparse_matrix.GHS_psdef/jnlbrng1 found in cache.

For parameters: gmres_inputs.Grund/poli4
INFO root: Dataset suitesparse_matrix.Grund/poli4 found in cache.

For parameters: gmres_inputs.HB/bcsstm01
INFO root: Dataset suitesparse_matrix.HB/bcsstm01 found in cache.

For parameters: gmres_inputs.HB/bcsstm11
INFO root: Dataset suitesparse_matrix.HB/bcsstm11 found in cache.

For parameters: gmres_inputs.HB/can_73
INFO root: Dataset suitesparse_matrix.HB/can_73 found in cache.

For parameters: gmres_inputs.HB/lap_25
INFO root: Dataset suitesparse_matrix.HB/lap_25 found in cache.

For parameters: gmres_inputs.HB/watt_1
INFO root: Dataset suitesparse_matrix.HB/watt_1 found in cache.

For parameters: gmres_inputs.Nemeth/nemeth02
INFO root: Dataset suitesparse_matrix.Nemeth/nemeth02 found in cache.

For parameters: gmres_inputs.Nemeth/nemeth10
INFO root: Dataset suitesparse_matrix.Nemeth/nemeth10 found in cache.

For parameters: gmres_inputs.Nemeth/nemeth20
INFO root: Dataset suitesparse_matrix.Nemeth/nemeth20 found in cache.

For parameters: gmres_inputs.Norris/fv2
INFO root: Dataset suitesparse_matrix.Norris/fv2 found in cache.

For parameters: gmres_inputs.Pothen/mesh2em5
INFO root: Dataset suitesparse_matrix.Pothen/mesh2em5 found in cache.

For parameters: gmres_inputs.Sandia/adder_dcop_31
INFO root: Dataset suitesparse_matrix.Sandia/adder_dcop_31 found in cache.

For parameters: gmres_inputs.Sandia/adder_dcop_40
INFO root: Dataset suitesparse_matrix.Sandia/adder_dcop_40 found in cache.

For parameters: gmres_inputs.Sandia/adder_dcop_48
INFO root: Dataset suitesparse_matrix.Sandia/adder_dcop_48 found in cache.

For parameters: gmres_inputs.Sandia/adder_dcop_57
INFO root: Dataset suitesparse_matrix.Sandia/adder_dcop_57 found in cache.

For parameters: gmres_inputs.Sandia/adder_dcop_65
INFO root: Dataset suitesparse_matrix.Sandia/adder_dcop_65 found in cache.

For parameters: gmres_inputs.Simon/raefsky5__rhs0
INFO root: Dataset suitesparse_matrix.Simon/raefsky5 found in cache.

For parameters: gmres_inputs.Zhao/Zhao1
INFO root: Dataset suitesparse_matrix.Zhao/Zhao1 found in cache.

··· For parameters: gmres_inputs.Bai/bfwa62
    INFO root: Dataset suitesparse_matrix.Bai/bfwa62 found in cache.
    
    For parameters: gmres_inputs.Bai/rdb200
    INFO root: Dataset suitesparse_matrix.Bai/rdb200 found in cache.
    
    For parameters: gmres_inputs.FEMLAB/poisson2D__rhs0
    INFO root: Dataset suitesparse_matrix.FEMLAB/poisson2D found in cache.
    
    For parameters: gmres_inputs.GHS_psdef/jnlbrng1
    INFO root: Dataset suitesparse_matrix.GHS_psdef/jnlbrng1 found in cache.
    
    For parameters: gmres_inputs.Grund/poli4
    INFO root: Dataset suitesparse_matrix.Grund/poli4 found in cache.
    
    For parameters: gmres_inputs.HB/bcsstm01
    INFO root: Dataset suitesparse_matrix.HB/bcsstm01 found in cache.
    
    For parameters: gmres_inputs.HB/bcsstm11
    INFO root: Dataset suitesparse_matrix.HB/bcsstm11 found in cache.
    
    For parameters: gmres_inputs.HB/can_73
    INFO root: Dataset suitesparse_matrix.HB/can_73 found in cache.
    
    For parameters: gmres_inputs.HB/lap_25
    INFO root: Dataset suitesparse_matrix.HB/lap_25 found in cache.
    
    For parameters: gmres_inputs.HB/watt_1
    INFO root: Dataset suitesparse_matrix.HB/watt_1 found in cache.
    
    For parameters: gmres_inputs.Nemeth/nemeth02
    INFO root: Dataset suitesparse_matrix.Nemeth/nemeth02 found in cache.
    
    For parameters: gmres_inputs.Nemeth/nemeth10
    INFO root: Dataset suitesparse_matrix.Nemeth/nemeth10 found in cache.
    
    For parameters: gmres_inputs.Nemeth/nemeth20
    INFO root: Dataset suitesparse_matrix.Nemeth/nemeth20 found in cache.
    
    For parameters: gmres_inputs.Norris/fv2
    INFO root: Dataset suitesparse_matrix.Norris/fv2 found in cache.
    
    For parameters: gmres_inputs.Pothen/mesh2em5
    INFO root: Dataset suitesparse_matrix.Pothen/mesh2em5 found in cache.
    
    For parameters: gmres_inputs.Sandia/adder_dcop_31
    INFO root: Dataset suitesparse_matrix.Sandia/adder_dcop_31 found in cache.
    
    For parameters: gmres_inputs.Sandia/adder_dcop_40
    INFO root: Dataset suitesparse_matrix.Sandia/adder_dcop_40 found in cache.
    
    For parameters: gmres_inputs.Sandia/adder_dcop_48
    INFO root: Dataset suitesparse_matrix.Sandia/adder_dcop_48 found in cache.
    
    For parameters: gmres_inputs.Sandia/adder_dcop_57
    INFO root: Dataset suitesparse_matrix.Sandia/adder_dcop_57 found in cache.
    
    For parameters: gmres_inputs.Sandia/adder_dcop_65
    INFO root: Dataset suitesparse_matrix.Sandia/adder_dcop_65 found in cache.
    
    For parameters: gmres_inputs.Simon/raefsky5__rhs0
    INFO root: Dataset suitesparse_matrix.Simon/raefsky5 found in cache.
    
    For parameters: gmres_inputs.Zhao/Zhao1
    INFO root: Dataset suitesparse_matrix.Zhao/Zhao1 found in cache.
INFO:root:...m.LinearProgrammingBenchmark.time_lp_simplex

·· ...m.LinearProgrammingBenchmark.time_lp_simplex                 okINFO:root:=============================================== =========
                    dataset                              
----------------------------------------------- ---------
 lp_test_inputs.test_lp_bounded_unique_optimum     n/a   
       lp_test_inputs.test_lp_infeasible           n/a   
        lp_test_inputs.test_lp_unbounded           n/a   
     lp_test_inputs.test_lp_degenerate_tie         n/a   
        lp_test_inputs.test_lp_singleton           n/a   
           lpnetlib_inputs.lp_25fv47               n/a   
           lpnetlib_inputs.lp_80bau3b              n/a   
          lpnetlib_inputs.lp_adlittle              n/a   
            lpnetlib_inputs.lp_afiro               n/a   
             lpnetlib_inputs.lp_agg                n/a   
            lpnetlib_inputs.lp_agg2                n/a   
            lpnetlib_inputs.lp_agg3                n/a   
            lpnetlib_inputs.lp_bandm               n/a   
          lpnetlib_inputs.lp_beaconfd              n/a   
            lpnetlib_inputs.lp_blend               n/a   
            lpnetlib_inputs.lp_bnl1                n/a   
            lpnetlib_inputs.lp_bnl2                n/a   
           lpnetlib_inputs.lp_bore3d               n/a   
           lpnetlib_inputs.lp_brandy               n/a   
            lpnetlib_inputs.lp_capri               n/a   
            lpnetlib_inputs.lp_cre_a               n/a   
            lpnetlib_inputs.lp_cre_b               n/a   
            lpnetlib_inputs.lp_cre_c               n/a   
            lpnetlib_inputs.lp_cre_d               n/a   
            lpnetlib_inputs.lp_cycle               n/a   
           lpnetlib_inputs.lp_czprob               n/a   
           lpnetlib_inputs.lp_d2q06c               n/a   
           lpnetlib_inputs.lp_d6cube               n/a   
           lpnetlib_inputs.lp_degen2               n/a   
           lpnetlib_inputs.lp_degen3               n/a   
           lpnetlib_inputs.lp_dfl001               n/a   
            lpnetlib_inputs.lp_e226                n/a   
          lpnetlib_inputs.lp_etamacro              n/a   
          lpnetlib_inputs.lp_fffff800              n/a   
           lpnetlib_inputs.lp_finnis               n/a   
            lpnetlib_inputs.lp_fit1d               n/a   
            lpnetlib_inputs.lp_fit1p               n/a   
            lpnetlib_inputs.lp_fit2d               n/a   
            lpnetlib_inputs.lp_fit2p               n/a   
           lpnetlib_inputs.lp_ganges               n/a   
          lpnetlib_inputs.lp_gfrd_pnc              n/a   
          lpnetlib_inputs.lp_greenbea              n/a   
          lpnetlib_inputs.lp_greenbeb              n/a   
           lpnetlib_inputs.lp_grow15               n/a   
           lpnetlib_inputs.lp_grow22               n/a   
            lpnetlib_inputs.lp_grow7               n/a   
           lpnetlib_inputs.lp_israel               n/a   
             lpnetlib_inputs.lp_kb2              790±0ms 
           lpnetlib_inputs.lp_ken_07               n/a   
           lpnetlib_inputs.lp_ken_11               n/a   
           lpnetlib_inputs.lp_ken_13               n/a   
           lpnetlib_inputs.lp_ken_18               n/a   
            lpnetlib_inputs.lp_lotfi               n/a   
            lpnetlib_inputs.lp_maros               n/a   
          lpnetlib_inputs.lp_maros_r7              n/a   
           lpnetlib_inputs.lp_modszk1              n/a   
           lpnetlib_inputs.lp_osa_07               n/a   
           lpnetlib_inputs.lp_osa_14               n/a   
           lpnetlib_inputs.lp_osa_30               n/a   
           lpnetlib_inputs.lp_osa_60               n/a   
           lpnetlib_inputs.lp_pds_02               n/a   
           lpnetlib_inputs.lp_pds_06               n/a   
           lpnetlib_inputs.lp_pds_10               n/a   
           lpnetlib_inputs.lp_pds_20               n/a   
           lpnetlib_inputs.lp_perold               n/a   
            lpnetlib_inputs.lp_pilot               n/a   
           lpnetlib_inputs.lp_pilot4               n/a   
           lpnetlib_inputs.lp_pilot87              n/a   
          lpnetlib_inputs.lp_pilot_ja              n/a   
          lpnetlib_inputs.lp_pilot_we              n/a   
          lpnetlib_inputs.lp_pilotnov              n/a   
            lpnetlib_inputs.lp_qap12               n/a   
            lpnetlib_inputs.lp_qap15               n/a   
            lpnetlib_inputs.lp_qap8                n/a   
           lpnetlib_inputs.lp_recipe               n/a   
            lpnetlib_inputs.lp_sc105               n/a   
            lpnetlib_inputs.lp_sc205               n/a   
            lpnetlib_inputs.lp_sc50a               n/a   
            lpnetlib_inputs.lp_sc50b               n/a   
           lpnetlib_inputs.lp_scagr25              n/a   
           lpnetlib_inputs.lp_scagr7               n/a   
           lpnetlib_inputs.lp_scfxm1               n/a   
           lpnetlib_inputs.lp_scfxm2               n/a   
           lpnetlib_inputs.lp_scfxm3               n/a   
          lpnetlib_inputs.lp_scorpion              n/a   
            lpnetlib_inputs.lp_scrs8               n/a   
            lpnetlib_inputs.lp_scsd1               n/a   
            lpnetlib_inputs.lp_scsd6               n/a   
            lpnetlib_inputs.lp_scsd8               n/a   
           lpnetlib_inputs.lp_sctap1               n/a   
           lpnetlib_inputs.lp_sctap2               n/a   
           lpnetlib_inputs.lp_sctap3               n/a   
           lpnetlib_inputs.lp_share1b            1.85±0s 
           lpnetlib_inputs.lp_share2b              n/a   
            lpnetlib_inputs.lp_shell               n/a   
           lpnetlib_inputs.lp_ship04l              n/a   
           lpnetlib_inputs.lp_ship04s              n/a   
           lpnetlib_inputs.lp_ship08l              n/a   
           lpnetlib_inputs.lp_ship08s              n/a   
           lpnetlib_inputs.lp_ship12l              n/a   
           lpnetlib_inputs.lp_ship12s              n/a   
           lpnetlib_inputs.lp_sierra               n/a   
            lpnetlib_inputs.lp_stair               n/a   
          lpnetlib_inputs.lp_standata              n/a   
          lpnetlib_inputs.lp_standgub              n/a   
          lpnetlib_inputs.lp_standmps              n/a   
          lpnetlib_inputs.lp_stocfor1              n/a   
          lpnetlib_inputs.lp_stocfor2              n/a   
          lpnetlib_inputs.lp_stocfor3              n/a   
            lpnetlib_inputs.lp_truss               n/a   
            lpnetlib_inputs.lp_tuff                n/a   
          lpnetlib_inputs.lp_vtp_base              n/a   
           lpnetlib_inputs.lp_wood1p               n/a   
            lpnetlib_inputs.lp_woodw               n/a   
           lpnetlib_inputs.lpi_bgdbg1              n/a   
           lpnetlib_inputs.lpi_bgetam              n/a   
           lpnetlib_inputs.lpi_bgindy              n/a   
           lpnetlib_inputs.lpi_bgprtr              n/a   
            lpnetlib_inputs.lpi_box1               n/a   
          lpnetlib_inputs.lpi_ceria3d              n/a   
          lpnetlib_inputs.lpi_chemcom              n/a   
           lpnetlib_inputs.lpi_cplex1              n/a   
           lpnetlib_inputs.lpi_cplex2              n/a   
           lpnetlib_inputs.lpi_ex72a               n/a   
           lpnetlib_inputs.lpi_ex73a               n/a   
          lpnetlib_inputs.lpi_forest6              n/a   
          lpnetlib_inputs.lpi_galenet            601±0ms 
            lpnetlib_inputs.lpi_gosh               n/a   
            lpnetlib_inputs.lpi_gran               n/a   
          lpnetlib_inputs.lpi_greenbea             n/a   
           lpnetlib_inputs.lpi_itest2              n/a   
           lpnetlib_inputs.lpi_itest6              n/a   
           lpnetlib_inputs.lpi_klein1              n/a   
           lpnetlib_inputs.lpi_klein2              n/a   
           lpnetlib_inputs.lpi_klein3              n/a   
          lpnetlib_inputs.lpi_mondou2              n/a   
            lpnetlib_inputs.lpi_pang               n/a   
          lpnetlib_inputs.lpi_pilot4i              n/a   
            lpnetlib_inputs.lpi_qual               n/a   
          lpnetlib_inputs.lpi_reactor              n/a   
          lpnetlib_inputs.lpi_refinery             n/a   
            lpnetlib_inputs.lpi_vol1               n/a   
          lpnetlib_inputs.lpi_woodinfe             n/a   
=============================================== =========

·· =============================================== =========
                       dataset                              
   ----------------------------------------------- ---------
    lp_test_inputs.test_lp_bounded_unique_optimum     n/a   
          lp_test_inputs.test_lp_infeasible           n/a   
           lp_test_inputs.test_lp_unbounded           n/a   
        lp_test_inputs.test_lp_degenerate_tie         n/a   
           lp_test_inputs.test_lp_singleton           n/a   
              lpnetlib_inputs.lp_25fv47               n/a   
              lpnetlib_inputs.lp_80bau3b              n/a   
             lpnetlib_inputs.lp_adlittle              n/a   
               lpnetlib_inputs.lp_afiro               n/a   
                lpnetlib_inputs.lp_agg                n/a   
               lpnetlib_inputs.lp_agg2                n/a   
               lpnetlib_inputs.lp_agg3                n/a   
               lpnetlib_inputs.lp_bandm               n/a   
             lpnetlib_inputs.lp_beaconfd              n/a   
               lpnetlib_inputs.lp_blend               n/a   
               lpnetlib_inputs.lp_bnl1                n/a   
               lpnetlib_inputs.lp_bnl2                n/a   
              lpnetlib_inputs.lp_bore3d               n/a   
              lpnetlib_inputs.lp_brandy               n/a   
               lpnetlib_inputs.lp_capri               n/a   
               lpnetlib_inputs.lp_cre_a               n/a   
               lpnetlib_inputs.lp_cre_b               n/a   
               lpnetlib_inputs.lp_cre_c               n/a   
               lpnetlib_inputs.lp_cre_d               n/a   
               lpnetlib_inputs.lp_cycle               n/a   
              lpnetlib_inputs.lp_czprob               n/a   
              lpnetlib_inputs.lp_d2q06c               n/a   
              lpnetlib_inputs.lp_d6cube               n/a   
              lpnetlib_inputs.lp_degen2               n/a   
              lpnetlib_inputs.lp_degen3               n/a   
              lpnetlib_inputs.lp_dfl001               n/a   
               lpnetlib_inputs.lp_e226                n/a   
             lpnetlib_inputs.lp_etamacro              n/a   
             lpnetlib_inputs.lp_fffff800              n/a   
              lpnetlib_inputs.lp_finnis               n/a   
               lpnetlib_inputs.lp_fit1d               n/a   
               lpnetlib_inputs.lp_fit1p               n/a   
               lpnetlib_inputs.lp_fit2d               n/a   
               lpnetlib_inputs.lp_fit2p               n/a   
              lpnetlib_inputs.lp_ganges               n/a   
             lpnetlib_inputs.lp_gfrd_pnc              n/a   
             lpnetlib_inputs.lp_greenbea              n/a   
             lpnetlib_inputs.lp_greenbeb              n/a   
              lpnetlib_inputs.lp_grow15               n/a   
              lpnetlib_inputs.lp_grow22               n/a   
               lpnetlib_inputs.lp_grow7               n/a   
              lpnetlib_inputs.lp_israel               n/a   
                lpnetlib_inputs.lp_kb2              790±0ms 
              lpnetlib_inputs.lp_ken_07               n/a   
              lpnetlib_inputs.lp_ken_11               n/a   
              lpnetlib_inputs.lp_ken_13               n/a   
              lpnetlib_inputs.lp_ken_18               n/a   
               lpnetlib_inputs.lp_lotfi               n/a   
               lpnetlib_inputs.lp_maros               n/a   
             lpnetlib_inputs.lp_maros_r7              n/a   
              lpnetlib_inputs.lp_modszk1              n/a   
              lpnetlib_inputs.lp_osa_07               n/a   
              lpnetlib_inputs.lp_osa_14               n/a   
              lpnetlib_inputs.lp_osa_30               n/a   
              lpnetlib_inputs.lp_osa_60               n/a   
              lpnetlib_inputs.lp_pds_02               n/a   
              lpnetlib_inputs.lp_pds_06               n/a   
              lpnetlib_inputs.lp_pds_10               n/a   
              lpnetlib_inputs.lp_pds_20               n/a   
              lpnetlib_inputs.lp_perold               n/a   
               lpnetlib_inputs.lp_pilot               n/a   
              lpnetlib_inputs.lp_pilot4               n/a   
              lpnetlib_inputs.lp_pilot87              n/a   
             lpnetlib_inputs.lp_pilot_ja              n/a   
             lpnetlib_inputs.lp_pilot_we              n/a   
             lpnetlib_inputs.lp_pilotnov              n/a   
               lpnetlib_inputs.lp_qap12               n/a   
               lpnetlib_inputs.lp_qap15               n/a   
               lpnetlib_inputs.lp_qap8                n/a   
              lpnetlib_inputs.lp_recipe               n/a   
               lpnetlib_inputs.lp_sc105               n/a   
               lpnetlib_inputs.lp_sc205               n/a   
               lpnetlib_inputs.lp_sc50a               n/a   
               lpnetlib_inputs.lp_sc50b               n/a   
              lpnetlib_inputs.lp_scagr25              n/a   
              lpnetlib_inputs.lp_scagr7               n/a   
              lpnetlib_inputs.lp_scfxm1               n/a   
              lpnetlib_inputs.lp_scfxm2               n/a   
              lpnetlib_inputs.lp_scfxm3               n/a   
             lpnetlib_inputs.lp_scorpion              n/a   
               lpnetlib_inputs.lp_scrs8               n/a   
               lpnetlib_inputs.lp_scsd1               n/a   
               lpnetlib_inputs.lp_scsd6               n/a   
               lpnetlib_inputs.lp_scsd8               n/a   
              lpnetlib_inputs.lp_sctap1               n/a   
              lpnetlib_inputs.lp_sctap2               n/a   
              lpnetlib_inputs.lp_sctap3               n/a   
              lpnetlib_inputs.lp_share1b            1.85±0s 
              lpnetlib_inputs.lp_share2b              n/a   
               lpnetlib_inputs.lp_shell               n/a   
              lpnetlib_inputs.lp_ship04l              n/a   
              lpnetlib_inputs.lp_ship04s              n/a   
              lpnetlib_inputs.lp_ship08l              n/a   
              lpnetlib_inputs.lp_ship08s              n/a   
              lpnetlib_inputs.lp_ship12l              n/a   
              lpnetlib_inputs.lp_ship12s              n/a   
              lpnetlib_inputs.lp_sierra               n/a   
               lpnetlib_inputs.lp_stair               n/a   
             lpnetlib_inputs.lp_standata              n/a   
             lpnetlib_inputs.lp_standgub              n/a   
             lpnetlib_inputs.lp_standmps              n/a   
             lpnetlib_inputs.lp_stocfor1              n/a   
             lpnetlib_inputs.lp_stocfor2              n/a   
             lpnetlib_inputs.lp_stocfor3              n/a   
               lpnetlib_inputs.lp_truss               n/a   
               lpnetlib_inputs.lp_tuff                n/a   
             lpnetlib_inputs.lp_vtp_base              n/a   
              lpnetlib_inputs.lp_wood1p               n/a   
               lpnetlib_inputs.lp_woodw               n/a   
              lpnetlib_inputs.lpi_bgdbg1              n/a   
              lpnetlib_inputs.lpi_bgetam              n/a   
              lpnetlib_inputs.lpi_bgindy              n/a   
              lpnetlib_inputs.lpi_bgprtr              n/a   
               lpnetlib_inputs.lpi_box1               n/a   
             lpnetlib_inputs.lpi_ceria3d              n/a   
             lpnetlib_inputs.lpi_chemcom              n/a   
              lpnetlib_inputs.lpi_cplex1              n/a   
              lpnetlib_inputs.lpi_cplex2              n/a   
              lpnetlib_inputs.lpi_ex72a               n/a   
              lpnetlib_inputs.lpi_ex73a               n/a   
             lpnetlib_inputs.lpi_forest6              n/a   
             lpnetlib_inputs.lpi_galenet            601±0ms 
               lpnetlib_inputs.lpi_gosh               n/a   
               lpnetlib_inputs.lpi_gran               n/a   
             lpnetlib_inputs.lpi_greenbea             n/a   
              lpnetlib_inputs.lpi_itest2              n/a   
              lpnetlib_inputs.lpi_itest6              n/a   
              lpnetlib_inputs.lpi_klein1              n/a   
              lpnetlib_inputs.lpi_klein2              n/a   
              lpnetlib_inputs.lpi_klein3              n/a   
             lpnetlib_inputs.lpi_mondou2              n/a   
               lpnetlib_inputs.lpi_pang               n/a   
             lpnetlib_inputs.lpi_pilot4i              n/a   
               lpnetlib_inputs.lpi_qual               n/a   
             lpnetlib_inputs.lpi_reactor              n/a   
             lpnetlib_inputs.lpi_refinery             n/a   
               lpnetlib_inputs.lpi_vol1               n/a   
             lpnetlib_inputs.lpi_woodinfe             n/a   
   =============================================== =========
ERROR:root:For parameters: lpnetlib_inputs.lp_kb2
INFO root: Dataset suitesparse_matrix.LPnetlib/lp_kb2 found in cache.

For parameters: lpnetlib_inputs.lp_share1b
INFO root: Dataset suitesparse_matrix.LPnetlib/lp_share1b found in cache.

For parameters: lpnetlib_inputs.lpi_galenet
INFO root: Dataset suitesparse_matrix.LPnetlib/lpi_galenet found in cache.

··· For parameters: lpnetlib_inputs.lp_kb2
    INFO root: Dataset suitesparse_matrix.LPnetlib/lp_kb2 found in cache.
    
    For parameters: lpnetlib_inputs.lp_share1b
    INFO root: Dataset suitesparse_matrix.LPnetlib/lp_share1b found in cache.
    
    For parameters: lpnetlib_inputs.lpi_galenet
    INFO root: Dataset suitesparse_matrix.LPnetlib/lpi_galenet found in cache.
INFO:root:cg.CGBenchmark.time_cg_solver

·· cg.CGBenchmark.time_cg_solver                                   okINFO:root:============================================== =========
                   dataset                              
---------------------------------------------- ---------
     cg_test_inputs.test_3x3_tridiagonal          n/a   
        cg_test_inputs.test_3x3_dense             n/a   
     cg_test_inputs.test_4x4_tridiagonal          n/a   
  cg_test_inputs.test_3x3_indefinite_sparse       n/a   
  cg_test_inputs.test_3x3_scaled_tridiagonal      n/a   
        cg_test_inputs.test_5x5_sparse            n/a   
          cg_inputs.Andrews/Andrews               n/a   
           cg_inputs.Andrianov/ins2               n/a   
          cg_inputs.Andrianov/net100              n/a   
          cg_inputs.Andrianov/net125              n/a   
          cg_inputs.Andrianov/net150              n/a   
          cg_inputs.Andrianov/net25             3.52±0s 
          cg_inputs.Andrianov/net50               n/a   
          cg_inputs.Andrianov/net75               n/a   
            cg_inputs.Bai/bfwb398                 n/a   
             cg_inputs.Bai/bfwb62                 n/a   
            cg_inputs.Bai/bfwb782                 n/a   
             cg_inputs.Bai/dw256B                 n/a   
             cg_inputs.Bai/dwb512                 n/a   
            cg_inputs.Bai/odepb400              2.39±0s 
            cg_inputs.Bindel/ted_B                n/a   
       cg_inputs.Bindel/ted_B_unscaled            n/a   
          cg_inputs.Boeing/crystm01               n/a   
          cg_inputs.Boeing/crystm02               n/a   
          cg_inputs.Boeing/crystm03               n/a   
      cg_inputs.Botonakis/thermomech_TC           n/a   
      cg_inputs.Botonakis/thermomech_dM           n/a   
     cg_inputs.Bourchtein/atmosmodd__rhs1       4.91±0s 
     cg_inputs.Bourchtein/atmosmodj__rhs1         n/a   
     cg_inputs.Bourchtein/atmosmodl__rhs1         n/a   
     cg_inputs.Bourchtein/atmosmodm__rhs1         n/a   
         cg_inputs.Brunetiere/thermal             n/a   
        cg_inputs.Cunningham/m3plates             n/a   
          cg_inputs.Cunningham/qa8fm              n/a   
       cg_inputs.FEMLAB/poisson2D__rhs0           n/a   
          cg_inputs.FEMLAB/problem1             2.42±0s 
             cg_inputs.FIDAP/ex29                 n/a   
             cg_inputs.FIDAP/ex37                 n/a   
             cg_inputs.FIDAP/ex5                  n/a   
             cg_inputs.FIDAP/ex7                  n/a   
         cg_inputs.GHS_indef/blockqp1             n/a   
          cg_inputs.GHS_indef/laser               n/a   
          cg_inputs.GHS_indef/qpband              n/a   
         cg_inputs.GHS_psdef/jnlbrng1           3.08±0s 
         cg_inputs.GHS_psdef/minsurfo             n/a   
         cg_inputs.GHS_psdef/obstclae             n/a   
             cg_inputs.Grund/meg4                 n/a   
          cg_inputs.Grund/poli__rhs0              n/a   
            cg_inputs.HB/bcspwr01                 n/a   
            cg_inputs.HB/bcspwr02                 n/a   
            cg_inputs.HB/bcsstk01                 n/a   
            cg_inputs.HB/bcsstk02               2.48±0s 
            cg_inputs.HB/bcsstm01                 n/a   
            cg_inputs.HB/bcsstm02                 n/a   
            cg_inputs.HB/bcsstm03                 n/a   
            cg_inputs.HB/bcsstm04                 n/a   
            cg_inputs.HB/bcsstm05                 n/a   
            cg_inputs.HB/bcsstm06                 n/a   
            cg_inputs.HB/bcsstm08                 n/a   
            cg_inputs.HB/bcsstm09               2.39±0s 
            cg_inputs.HB/bcsstm11                 n/a   
            cg_inputs.HB/bcsstm19                 n/a   
            cg_inputs.HB/bcsstm20                 n/a   
            cg_inputs.HB/bcsstm21                 n/a   
            cg_inputs.HB/bcsstm22                 n/a   
             cg_inputs.HB/can_144                 n/a   
             cg_inputs.HB/can_24                  n/a   
             cg_inputs.HB/can_61                2.46±0s 
             cg_inputs.HB/can_62                  n/a   
             cg_inputs.HB/can_73                  n/a   
             cg_inputs.HB/can_96                  n/a   
             cg_inputs.HB/dwt_59                  n/a   
             cg_inputs.HB/dwt_66                  n/a   
             cg_inputs.HB/dwt_72                  n/a   
            cg_inputs.HB/fs_541_1                 n/a   
            cg_inputs.HB/gr_30_30               2.80±0s 
             cg_inputs.HB/lap_25                  n/a   
              cg_inputs.HB/nos4                   n/a   
         cg_inputs.HB/orani678__rhs1              n/a   
         cg_inputs.HB/orani678__rhs10             n/a   
         cg_inputs.HB/orani678__rhs11             n/a   
         cg_inputs.HB/orani678__rhs12             n/a   
         cg_inputs.HB/orani678__rhs14             n/a   
         cg_inputs.HB/orani678__rhs15             n/a   
         cg_inputs.HB/orani678__rhs16             n/a   
         cg_inputs.HB/orani678__rhs17             n/a   
         cg_inputs.HB/orani678__rhs18             n/a   
         cg_inputs.HB/orani678__rhs19             n/a   
         cg_inputs.HB/orani678__rhs2              n/a   
         cg_inputs.HB/orani678__rhs3              n/a   
         cg_inputs.HB/orani678__rhs4              n/a   
         cg_inputs.HB/orani678__rhs5              n/a   
         cg_inputs.HB/orani678__rhs6              n/a   
         cg_inputs.HB/orani678__rhs62             n/a   
         cg_inputs.HB/orani678__rhs7              n/a   
         cg_inputs.HB/orani678__rhs8              n/a   
             cg_inputs.HB/watt_1                  n/a   
             cg_inputs.HB/watt_2                  n/a   
          cg_inputs.Hamm/add32__rhs0              n/a   
               cg_inputs.MKS/fp                   n/a   
           cg_inputs.MathWorks/Muu              2.77±0s 
        cg_inputs.MathWorks/tomography            n/a   
      cg_inputs.MaxPlanck/shallow_water1          n/a   
      cg_inputs.MaxPlanck/shallow_water2          n/a   
          cg_inputs.Mulvey/finan512               n/a   
        cg_inputs.Nasa/nasa2146__rhs0             n/a   
          cg_inputs.Nemeth/nemeth02               n/a   
          cg_inputs.Nemeth/nemeth03               n/a   
          cg_inputs.Nemeth/nemeth04             2.51±0s 
          cg_inputs.Nemeth/nemeth05               n/a   
          cg_inputs.Nemeth/nemeth06               n/a   
          cg_inputs.Nemeth/nemeth07               n/a   
          cg_inputs.Nemeth/nemeth08               n/a   
          cg_inputs.Nemeth/nemeth09               n/a   
          cg_inputs.Nemeth/nemeth10               n/a   
          cg_inputs.Nemeth/nemeth11               n/a   
          cg_inputs.Nemeth/nemeth12             2.71±0s 
          cg_inputs.Nemeth/nemeth13               n/a   
          cg_inputs.Nemeth/nemeth16               n/a   
          cg_inputs.Nemeth/nemeth17               n/a   
          cg_inputs.Nemeth/nemeth18               n/a   
          cg_inputs.Nemeth/nemeth19               n/a   
          cg_inputs.Nemeth/nemeth20               n/a   
          cg_inputs.Nemeth/nemeth21               n/a   
          cg_inputs.Nemeth/nemeth22             3.28±0s 
          cg_inputs.Nemeth/nemeth23               n/a   
          cg_inputs.Nemeth/nemeth24               n/a   
          cg_inputs.Nemeth/nemeth25               n/a   
          cg_inputs.Nemeth/nemeth26               n/a   
             cg_inputs.Norris/fv1                 n/a   
             cg_inputs.Norris/fv2                 n/a   
          cg_inputs.Oberwolfach/LF10              n/a   
         cg_inputs.Oberwolfach/LFAT5            5.01±0s 
             cg_inputs.PARSEC/Si2                 n/a   
           cg_inputs.Pothen/mesh1e1               n/a   
          cg_inputs.Pothen/mesh1em1               n/a   
          cg_inputs.Pothen/mesh1em6               n/a   
           cg_inputs.Pothen/mesh2e1               n/a   
          cg_inputs.Pothen/mesh2em5               n/a   
           cg_inputs.Pothen/mesh3e1               n/a   
          cg_inputs.Pothen/mesh3em5             2.46±0s 
           cg_inputs.Pothen/sphere2               n/a   
         cg_inputs.Precima/analytics              n/a   
          cg_inputs.Sandia/ASIC_100k              n/a   
         cg_inputs.Sandia/ASIC_100ks              n/a   
         cg_inputs.Sandia/ASIC_320ks              n/a   
        cg_inputs.Sandia/adder_dcop_61            n/a   
        cg_inputs.Sandia/adder_dcop_62            n/a   
        cg_inputs.Sandia/adder_dcop_63          2.52±0s 
        cg_inputs.Sandia/adder_dcop_64            n/a   
        cg_inputs.Sandia/adder_dcop_65            n/a   
        cg_inputs.Sandia/adder_dcop_66            n/a   
        cg_inputs.Sandia/adder_dcop_67            n/a   
        cg_inputs.Sandia/adder_dcop_68            n/a   
        cg_inputs.Sandia/adder_dcop_69            n/a   
     cg_inputs.Schenk_AFE/af_shell3__rhs0         n/a   
     cg_inputs.Schenk_AFE/af_shell4__rhs0         n/a   
     cg_inputs.Schenk_AFE/af_shell7__rhs0         n/a   
     cg_inputs.Schenk_AFE/af_shell8__rhs0         n/a   
      cg_inputs.VDOL/hangGlider_1__rhs0           n/a   
 cg_inputs.VDOL/tumorAntiAngiogenesis_1__rhs0   2.41±0s 
 cg_inputs.VDOL/tumorAntiAngiogenesis_2__rhs0     n/a   
              cg_inputs.VLSI/ss1                  n/a   
============================================== =========

·· ============================================== =========
                      dataset                              
   ---------------------------------------------- ---------
        cg_test_inputs.test_3x3_tridiagonal          n/a   
           cg_test_inputs.test_3x3_dense             n/a   
        cg_test_inputs.test_4x4_tridiagonal          n/a   
     cg_test_inputs.test_3x3_indefinite_sparse       n/a   
     cg_test_inputs.test_3x3_scaled_tridiagonal      n/a   
           cg_test_inputs.test_5x5_sparse            n/a   
             cg_inputs.Andrews/Andrews               n/a   
              cg_inputs.Andrianov/ins2               n/a   
             cg_inputs.Andrianov/net100              n/a   
             cg_inputs.Andrianov/net125              n/a   
             cg_inputs.Andrianov/net150              n/a   
             cg_inputs.Andrianov/net25             3.52±0s 
             cg_inputs.Andrianov/net50               n/a   
             cg_inputs.Andrianov/net75               n/a   
               cg_inputs.Bai/bfwb398                 n/a   
                cg_inputs.Bai/bfwb62                 n/a   
               cg_inputs.Bai/bfwb782                 n/a   
                cg_inputs.Bai/dw256B                 n/a   
                cg_inputs.Bai/dwb512                 n/a   
               cg_inputs.Bai/odepb400              2.39±0s 
               cg_inputs.Bindel/ted_B                n/a   
          cg_inputs.Bindel/ted_B_unscaled            n/a   
             cg_inputs.Boeing/crystm01               n/a   
             cg_inputs.Boeing/crystm02               n/a   
             cg_inputs.Boeing/crystm03               n/a   
         cg_inputs.Botonakis/thermomech_TC           n/a   
         cg_inputs.Botonakis/thermomech_dM           n/a   
        cg_inputs.Bourchtein/atmosmodd__rhs1       4.91±0s 
        cg_inputs.Bourchtein/atmosmodj__rhs1         n/a   
        cg_inputs.Bourchtein/atmosmodl__rhs1         n/a   
        cg_inputs.Bourchtein/atmosmodm__rhs1         n/a   
            cg_inputs.Brunetiere/thermal             n/a   
           cg_inputs.Cunningham/m3plates             n/a   
             cg_inputs.Cunningham/qa8fm              n/a   
          cg_inputs.FEMLAB/poisson2D__rhs0           n/a   
             cg_inputs.FEMLAB/problem1             2.42±0s 
                cg_inputs.FIDAP/ex29                 n/a   
                cg_inputs.FIDAP/ex37                 n/a   
                cg_inputs.FIDAP/ex5                  n/a   
                cg_inputs.FIDAP/ex7                  n/a   
            cg_inputs.GHS_indef/blockqp1             n/a   
             cg_inputs.GHS_indef/laser               n/a   
             cg_inputs.GHS_indef/qpband              n/a   
            cg_inputs.GHS_psdef/jnlbrng1           3.08±0s 
            cg_inputs.GHS_psdef/minsurfo             n/a   
            cg_inputs.GHS_psdef/obstclae             n/a   
                cg_inputs.Grund/meg4                 n/a   
             cg_inputs.Grund/poli__rhs0              n/a   
               cg_inputs.HB/bcspwr01                 n/a   
               cg_inputs.HB/bcspwr02                 n/a   
               cg_inputs.HB/bcsstk01                 n/a   
               cg_inputs.HB/bcsstk02               2.48±0s 
               cg_inputs.HB/bcsstm01                 n/a   
               cg_inputs.HB/bcsstm02                 n/a   
               cg_inputs.HB/bcsstm03                 n/a   
               cg_inputs.HB/bcsstm04                 n/a   
               cg_inputs.HB/bcsstm05                 n/a   
               cg_inputs.HB/bcsstm06                 n/a   
               cg_inputs.HB/bcsstm08                 n/a   
               cg_inputs.HB/bcsstm09               2.39±0s 
               cg_inputs.HB/bcsstm11                 n/a   
               cg_inputs.HB/bcsstm19                 n/a   
               cg_inputs.HB/bcsstm20                 n/a   
               cg_inputs.HB/bcsstm21                 n/a   
               cg_inputs.HB/bcsstm22                 n/a   
                cg_inputs.HB/can_144                 n/a   
                cg_inputs.HB/can_24                  n/a   
                cg_inputs.HB/can_61                2.46±0s 
                cg_inputs.HB/can_62                  n/a   
                cg_inputs.HB/can_73                  n/a   
                cg_inputs.HB/can_96                  n/a   
                cg_inputs.HB/dwt_59                  n/a   
                cg_inputs.HB/dwt_66                  n/a   
                cg_inputs.HB/dwt_72                  n/a   
               cg_inputs.HB/fs_541_1                 n/a   
               cg_inputs.HB/gr_30_30               2.80±0s 
                cg_inputs.HB/lap_25                  n/a   
                 cg_inputs.HB/nos4                   n/a   
            cg_inputs.HB/orani678__rhs1              n/a   
            cg_inputs.HB/orani678__rhs10             n/a   
            cg_inputs.HB/orani678__rhs11             n/a   
            cg_inputs.HB/orani678__rhs12             n/a   
            cg_inputs.HB/orani678__rhs14             n/a   
            cg_inputs.HB/orani678__rhs15             n/a   
            cg_inputs.HB/orani678__rhs16             n/a   
            cg_inputs.HB/orani678__rhs17             n/a   
            cg_inputs.HB/orani678__rhs18             n/a   
            cg_inputs.HB/orani678__rhs19             n/a   
            cg_inputs.HB/orani678__rhs2              n/a   
            cg_inputs.HB/orani678__rhs3              n/a   
            cg_inputs.HB/orani678__rhs4              n/a   
            cg_inputs.HB/orani678__rhs5              n/a   
            cg_inputs.HB/orani678__rhs6              n/a   
            cg_inputs.HB/orani678__rhs62             n/a   
            cg_inputs.HB/orani678__rhs7              n/a   
            cg_inputs.HB/orani678__rhs8              n/a   
                cg_inputs.HB/watt_1                  n/a   
                cg_inputs.HB/watt_2                  n/a   
             cg_inputs.Hamm/add32__rhs0              n/a   
                  cg_inputs.MKS/fp                   n/a   
              cg_inputs.MathWorks/Muu              2.77±0s 
           cg_inputs.MathWorks/tomography            n/a   
         cg_inputs.MaxPlanck/shallow_water1          n/a   
         cg_inputs.MaxPlanck/shallow_water2          n/a   
             cg_inputs.Mulvey/finan512               n/a   
           cg_inputs.Nasa/nasa2146__rhs0             n/a   
             cg_inputs.Nemeth/nemeth02               n/a   
             cg_inputs.Nemeth/nemeth03               n/a   
             cg_inputs.Nemeth/nemeth04             2.51±0s 
             cg_inputs.Nemeth/nemeth05               n/a   
             cg_inputs.Nemeth/nemeth06               n/a   
             cg_inputs.Nemeth/nemeth07               n/a   
             cg_inputs.Nemeth/nemeth08               n/a   
             cg_inputs.Nemeth/nemeth09               n/a   
             cg_inputs.Nemeth/nemeth10               n/a   
             cg_inputs.Nemeth/nemeth11               n/a   
             cg_inputs.Nemeth/nemeth12             2.71±0s 
             cg_inputs.Nemeth/nemeth13               n/a   
             cg_inputs.Nemeth/nemeth16               n/a   
             cg_inputs.Nemeth/nemeth17               n/a   
             cg_inputs.Nemeth/nemeth18               n/a   
             cg_inputs.Nemeth/nemeth19               n/a   
             cg_inputs.Nemeth/nemeth20               n/a   
             cg_inputs.Nemeth/nemeth21               n/a   
             cg_inputs.Nemeth/nemeth22             3.28±0s 
             cg_inputs.Nemeth/nemeth23               n/a   
             cg_inputs.Nemeth/nemeth24               n/a   
             cg_inputs.Nemeth/nemeth25               n/a   
             cg_inputs.Nemeth/nemeth26               n/a   
                cg_inputs.Norris/fv1                 n/a   
                cg_inputs.Norris/fv2                 n/a   
             cg_inputs.Oberwolfach/LF10              n/a   
            cg_inputs.Oberwolfach/LFAT5            5.01±0s 
                cg_inputs.PARSEC/Si2                 n/a   
              cg_inputs.Pothen/mesh1e1               n/a   
             cg_inputs.Pothen/mesh1em1               n/a   
             cg_inputs.Pothen/mesh1em6               n/a   
              cg_inputs.Pothen/mesh2e1               n/a   
             cg_inputs.Pothen/mesh2em5               n/a   
              cg_inputs.Pothen/mesh3e1               n/a   
             cg_inputs.Pothen/mesh3em5             2.46±0s 
              cg_inputs.Pothen/sphere2               n/a   
            cg_inputs.Precima/analytics              n/a   
             cg_inputs.Sandia/ASIC_100k              n/a   
            cg_inputs.Sandia/ASIC_100ks              n/a   
            cg_inputs.Sandia/ASIC_320ks              n/a   
           cg_inputs.Sandia/adder_dcop_61            n/a   
           cg_inputs.Sandia/adder_dcop_62            n/a   
           cg_inputs.Sandia/adder_dcop_63          2.52±0s 
           cg_inputs.Sandia/adder_dcop_64            n/a   
           cg_inputs.Sandia/adder_dcop_65            n/a   
           cg_inputs.Sandia/adder_dcop_66            n/a   
           cg_inputs.Sandia/adder_dcop_67            n/a   
           cg_inputs.Sandia/adder_dcop_68            n/a   
           cg_inputs.Sandia/adder_dcop_69            n/a   
        cg_inputs.Schenk_AFE/af_shell3__rhs0         n/a   
        cg_inputs.Schenk_AFE/af_shell4__rhs0         n/a   
        cg_inputs.Schenk_AFE/af_shell7__rhs0         n/a   
        cg_inputs.Schenk_AFE/af_shell8__rhs0         n/a   
         cg_inputs.VDOL/hangGlider_1__rhs0           n/a   
    cg_inputs.VDOL/tumorAntiAngiogenesis_1__rhs0   2.41±0s 
    cg_inputs.VDOL/tumorAntiAngiogenesis_2__rhs0     n/a   
                 cg_inputs.VLSI/ss1                  n/a   
   ============================================== =========
ERROR:root:For parameters: cg_inputs.Andrianov/net25
INFO root: Dataset suitesparse_matrix.Andrianov/net25 found in cache.

For parameters: cg_inputs.Bai/odepb400
INFO root: Dataset suitesparse_matrix.Bai/odepb400 found in cache.

For parameters: cg_inputs.Bourchtein/atmosmodd__rhs1
INFO root: Dataset suitesparse_matrix.Bourchtein/atmosmodd found in cache.

For parameters: cg_inputs.FEMLAB/problem1
INFO root: Dataset suitesparse_matrix.FEMLAB/problem1 found in cache.

For parameters: cg_inputs.GHS_psdef/jnlbrng1
INFO root: Dataset suitesparse_matrix.GHS_psdef/jnlbrng1 found in cache.

For parameters: cg_inputs.HB/bcsstk02
INFO root: Dataset suitesparse_matrix.HB/bcsstk02 found in cache.

For parameters: cg_inputs.HB/bcsstm09
INFO root: Dataset suitesparse_matrix.HB/bcsstm09 found in cache.

For parameters: cg_inputs.HB/can_61
INFO root: Dataset suitesparse_matrix.HB/can_61 found in cache.

For parameters: cg_inputs.HB/gr_30_30
INFO root: Dataset suitesparse_matrix.HB/gr_30_30 found in cache.

For parameters: cg_inputs.MathWorks/Muu
INFO root: Dataset suitesparse_matrix.MathWorks/Muu found in cache.

For parameters: cg_inputs.Nemeth/nemeth04
INFO root: Dataset suitesparse_matrix.Nemeth/nemeth04 found in cache.

For parameters: cg_inputs.Nemeth/nemeth12
INFO root: Dataset suitesparse_matrix.Nemeth/nemeth12 found in cache.

For parameters: cg_inputs.Nemeth/nemeth22
INFO root: Dataset suitesparse_matrix.Nemeth/nemeth22 found in cache.

For parameters: cg_inputs.Oberwolfach/LFAT5
INFO root: Dataset suitesparse_matrix.Oberwolfach/LFAT5 found in cache.

For parameters: cg_inputs.Pothen/mesh3em5
INFO root: Dataset suitesparse_matrix.Pothen/mesh3em5 found in cache.

For parameters: cg_inputs.Sandia/adder_dcop_63
INFO root: Dataset suitesparse_matrix.Sandia/adder_dcop_63 found in cache.

For parameters: cg_inputs.VDOL/tumorAntiAngiogenesis_1__rhs0
INFO root: Dataset suitesparse_matrix.VDOL/tumorAntiAngiogenesis_1 found in cache.

··· For parameters: cg_inputs.Andrianov/net25
    INFO root: Dataset suitesparse_matrix.Andrianov/net25 found in cache.
    
    For parameters: cg_inputs.Bai/odepb400
    INFO root: Dataset suitesparse_matrix.Bai/odepb400 found in cache.
    
    For parameters: cg_inputs.Bourchtein/atmosmodd__rhs1
    INFO root: Dataset suitesparse_matrix.Bourchtein/atmosmodd found in cache.
    
    For parameters: cg_inputs.FEMLAB/problem1
    INFO root: Dataset suitesparse_matrix.FEMLAB/problem1 found in cache.
    
    For parameters: cg_inputs.GHS_psdef/jnlbrng1
    INFO root: Dataset suitesparse_matrix.GHS_psdef/jnlbrng1 found in cache.
    
    For parameters: cg_inputs.HB/bcsstk02
    INFO root: Dataset suitesparse_matrix.HB/bcsstk02 found in cache.
    
    For parameters: cg_inputs.HB/bcsstm09
    INFO root: Dataset suitesparse_matrix.HB/bcsstm09 found in cache.
    
    For parameters: cg_inputs.HB/can_61
    INFO root: Dataset suitesparse_matrix.HB/can_61 found in cache.
    
    For parameters: cg_inputs.HB/gr_30_30
    INFO root: Dataset suitesparse_matrix.HB/gr_30_30 found in cache.
    
    For parameters: cg_inputs.MathWorks/Muu
    INFO root: Dataset suitesparse_matrix.MathWorks/Muu found in cache.
    
    For parameters: cg_inputs.Nemeth/nemeth04
    INFO root: Dataset suitesparse_matrix.Nemeth/nemeth04 found in cache.
    
    For parameters: cg_inputs.Nemeth/nemeth12
    INFO root: Dataset suitesparse_matrix.Nemeth/nemeth12 found in cache.
    
    For parameters: cg_inputs.Nemeth/nemeth22
    INFO root: Dataset suitesparse_matrix.Nemeth/nemeth22 found in cache.
    
    For parameters: cg_inputs.Oberwolfach/LFAT5
    INFO root: Dataset suitesparse_matrix.Oberwolfach/LFAT5 found in cache.
    
    For parameters: cg_inputs.Pothen/mesh3em5
    INFO root: Dataset suitesparse_matrix.Pothen/mesh3em5 found in cache.
    
    For parameters: cg_inputs.Sandia/adder_dcop_63
    INFO root: Dataset suitesparse_matrix.Sandia/adder_dcop_63 found in cache.
    
    For parameters: cg_inputs.VDOL/tumorAntiAngiogenesis_1__rhs0
    INFO root: Dataset suitesparse_matrix.VDOL/tumorAntiAngiogenesis_1 found in cache.
INFO:root:dae.SlicotDAEBDF.time_slicot_dae_bdf

·· dae.SlicotDAEBDF.time_slicot_dae_bdf                            okINFO:root:========================================== =========
                 dataset                            
------------------------------------------ ---------
 dae_test_inputs.test_slicot_descriptor_2     n/a   
         slicot_dae_inputs.tline              n/a   
          slicot_dae_inputs.peec            2.45±0s 
       slicot_dae_inputs.heat-disc            n/a   
         slicot_dae_inputs.MNA_1              n/a   
         slicot_dae_inputs.MNA_2              n/a   
         slicot_dae_inputs.MNA_3              n/a   
         slicot_dae_inputs.MNA_4              n/a   
         slicot_dae_inputs.MNA_5              n/a   
========================================== =========

·· ========================================== =========
                    dataset                            
   ------------------------------------------ ---------
    dae_test_inputs.test_slicot_descriptor_2     n/a   
            slicot_dae_inputs.tline              n/a   
             slicot_dae_inputs.peec            2.45±0s 
          slicot_dae_inputs.heat-disc            n/a   
            slicot_dae_inputs.MNA_1              n/a   
            slicot_dae_inputs.MNA_2              n/a   
            slicot_dae_inputs.MNA_3              n/a   
            slicot_dae_inputs.MNA_4              n/a   
            slicot_dae_inputs.MNA_5              n/a   
   ========================================== =========
INFO:root:jacobi.JacobiBenchmark.time_jacobi_solver

·· jacobi.JacobiBenchmark.time_jacobi_solver                       okINFO:root:========================================== =========
                 dataset                            
------------------------------------------ ---------
       jacobi_test_inputs.test_3x3            n/a   
       jacobi_test_inputs.test_4x4            n/a   
   jacobi_test_inputs.test_3x3_dominant       n/a   
      jacobi_inputs.Andrews/Andrews           n/a   
         jacobi_inputs.Bai/cdde2              n/a   
         jacobi_inputs.Bai/cdde4            5.68±0s 
         jacobi_inputs.Bai/cdde6              n/a   
         jacobi_inputs.Bai/dw256B             n/a   
         jacobi_inputs.Bai/dwb512             n/a   
         jacobi_inputs.Bai/pde900             n/a   
   jacobi_inputs.Bindel/ted_B_unscaled        n/a   
      jacobi_inputs.Boeing/bcsstm39           n/a   
 jacobi_inputs.Bourchtein/atmosmodd__rhs1     n/a   
 jacobi_inputs.Bourchtein/atmosmodj__rhs1   8.07±0s 
 jacobi_inputs.Bourchtein/atmosmodl__rhs1     n/a   
 jacobi_inputs.Bourchtein/atmosmodm__rhs1     n/a   
      jacobi_inputs.Cunningham/qa8fk          n/a   
      jacobi_inputs.FEMLAB/problem1           n/a   
   jacobi_inputs.Freescale/circuit5M_dc       n/a   
     jacobi_inputs.GHS_psdef/jnlbrng1         n/a   
     jacobi_inputs.GHS_psdef/minsurfo         n/a   
     jacobi_inputs.GHS_psdef/obstclae         n/a   
      jacobi_inputs.Grund/poli__rhs0          n/a   
        jacobi_inputs.Grund/poli3             n/a   
        jacobi_inputs.Grund/poli4           5.70±0s 
      jacobi_inputs.Grund/poli_large          n/a   
         jacobi_inputs.HB/arc130              n/a   
        jacobi_inputs.HB/bcsstm02             n/a   
        jacobi_inputs.HB/bcsstm05             n/a   
        jacobi_inputs.HB/bcsstm06             n/a   
        jacobi_inputs.HB/bcsstm08             n/a   
        jacobi_inputs.HB/bcsstm09             n/a   
        jacobi_inputs.HB/bcsstm11           5.51±0s 
        jacobi_inputs.HB/bcsstm19             n/a   
        jacobi_inputs.HB/bcsstm20             n/a   
        jacobi_inputs.HB/bcsstm21             n/a   
        jacobi_inputs.HB/bcsstm22             n/a   
        jacobi_inputs.HB/bcsstm23             n/a   
        jacobi_inputs.HB/bcsstm24             n/a   
        jacobi_inputs.HB/bcsstm25             n/a   
        jacobi_inputs.HB/bcsstm26           5.60±0s 
        jacobi_inputs.HB/fs_183_1             n/a   
        jacobi_inputs.HB/fs_183_3             n/a   
        jacobi_inputs.HB/fs_183_4             n/a   
        jacobi_inputs.HB/fs_183_6             n/a   
        jacobi_inputs.HB/fs_541_1             n/a   
        jacobi_inputs.HB/fs_680_1             n/a   
        jacobi_inputs.HB/fs_680_2             n/a   
        jacobi_inputs.HB/fs_760_1           5.54±0s 
        jacobi_inputs.HB/gr_30_30             n/a   
        jacobi_inputs.HB/jpwh_991             n/a   
         jacobi_inputs.HB/steam3              n/a   
         jacobi_inputs.HB/watt_1              n/a   
      jacobi_inputs.Hamm/add32__rhs0          n/a   
    jacobi_inputs.MathWorks/tomography        n/a   
  jacobi_inputs.MaxPlanck/shallow_water1      n/a   
  jacobi_inputs.MaxPlanck/shallow_water2    9.40±0s 
      jacobi_inputs.Mulvey/finan512           n/a   
    jacobi_inputs.Nasa/nasa2146__rhs0         n/a   
      jacobi_inputs.Nemeth/nemeth02           n/a   
      jacobi_inputs.Nemeth/nemeth03           n/a   
      jacobi_inputs.Nemeth/nemeth04           n/a   
      jacobi_inputs.Nemeth/nemeth05           n/a   
      jacobi_inputs.Nemeth/nemeth06           n/a   
      jacobi_inputs.Nemeth/nemeth07         5.74±0s 
      jacobi_inputs.Nemeth/nemeth08           n/a   
      jacobi_inputs.Nemeth/nemeth09           n/a   
      jacobi_inputs.Nemeth/nemeth10           n/a   
      jacobi_inputs.Nemeth/nemeth11           n/a   
      jacobi_inputs.Nemeth/nemeth12           n/a   
      jacobi_inputs.Nemeth/nemeth13           n/a   
         jacobi_inputs.Norris/fv1             n/a   
         jacobi_inputs.Norris/fv2           5.90±0s 
       jacobi_inputs.Norris/torso2            n/a   
       jacobi_inputs.Pothen/mesh1e1           n/a   
      jacobi_inputs.Pothen/mesh1em1           n/a   
      jacobi_inputs.Pothen/mesh1em6           n/a   
       jacobi_inputs.Pothen/mesh2e1           n/a   
      jacobi_inputs.Pothen/mesh2em5           n/a   
       jacobi_inputs.Pothen/mesh3e1           n/a   
      jacobi_inputs.Pothen/mesh3em5         5.53±0s 
       jacobi_inputs.QLi/majorbasis           n/a   
    jacobi_inputs.Simon/raefsky5__rhs0        n/a   
    jacobi_inputs.Simon/raefsky6__rhs0        n/a   
   jacobi_inputs.TOKAMAK/utm1700b__rhs0       n/a   
   jacobi_inputs.TOKAMAK/utm3060__rhs0        n/a   
          jacobi_inputs.VLSI/ss1              n/a   
        jacobi_inputs.Wang/swang1             n/a   
        jacobi_inputs.Wang/swang2           5.57±0s 
========================================== =========

·· ========================================== =========
                    dataset                            
   ------------------------------------------ ---------
          jacobi_test_inputs.test_3x3            n/a   
          jacobi_test_inputs.test_4x4            n/a   
      jacobi_test_inputs.test_3x3_dominant       n/a   
         jacobi_inputs.Andrews/Andrews           n/a   
            jacobi_inputs.Bai/cdde2              n/a   
            jacobi_inputs.Bai/cdde4            5.68±0s 
            jacobi_inputs.Bai/cdde6              n/a   
            jacobi_inputs.Bai/dw256B             n/a   
            jacobi_inputs.Bai/dwb512             n/a   
            jacobi_inputs.Bai/pde900             n/a   
      jacobi_inputs.Bindel/ted_B_unscaled        n/a   
         jacobi_inputs.Boeing/bcsstm39           n/a   
    jacobi_inputs.Bourchtein/atmosmodd__rhs1     n/a   
    jacobi_inputs.Bourchtein/atmosmodj__rhs1   8.07±0s 
    jacobi_inputs.Bourchtein/atmosmodl__rhs1     n/a   
    jacobi_inputs.Bourchtein/atmosmodm__rhs1     n/a   
         jacobi_inputs.Cunningham/qa8fk          n/a   
         jacobi_inputs.FEMLAB/problem1           n/a   
      jacobi_inputs.Freescale/circuit5M_dc       n/a   
        jacobi_inputs.GHS_psdef/jnlbrng1         n/a   
        jacobi_inputs.GHS_psdef/minsurfo         n/a   
        jacobi_inputs.GHS_psdef/obstclae         n/a   
         jacobi_inputs.Grund/poli__rhs0          n/a   
           jacobi_inputs.Grund/poli3             n/a   
           jacobi_inputs.Grund/poli4           5.70±0s 
         jacobi_inputs.Grund/poli_large          n/a   
            jacobi_inputs.HB/arc130              n/a   
           jacobi_inputs.HB/bcsstm02             n/a   
           jacobi_inputs.HB/bcsstm05             n/a   
           jacobi_inputs.HB/bcsstm06             n/a   
           jacobi_inputs.HB/bcsstm08             n/a   
           jacobi_inputs.HB/bcsstm09             n/a   
           jacobi_inputs.HB/bcsstm11           5.51±0s 
           jacobi_inputs.HB/bcsstm19             n/a   
           jacobi_inputs.HB/bcsstm20             n/a   
           jacobi_inputs.HB/bcsstm21             n/a   
           jacobi_inputs.HB/bcsstm22             n/a   
           jacobi_inputs.HB/bcsstm23             n/a   
           jacobi_inputs.HB/bcsstm24             n/a   
           jacobi_inputs.HB/bcsstm25             n/a   
           jacobi_inputs.HB/bcsstm26           5.60±0s 
           jacobi_inputs.HB/fs_183_1             n/a   
           jacobi_inputs.HB/fs_183_3             n/a   
           jacobi_inputs.HB/fs_183_4             n/a   
           jacobi_inputs.HB/fs_183_6             n/a   
           jacobi_inputs.HB/fs_541_1             n/a   
           jacobi_inputs.HB/fs_680_1             n/a   
           jacobi_inputs.HB/fs_680_2             n/a   
           jacobi_inputs.HB/fs_760_1           5.54±0s 
           jacobi_inputs.HB/gr_30_30             n/a   
           jacobi_inputs.HB/jpwh_991             n/a   
            jacobi_inputs.HB/steam3              n/a   
            jacobi_inputs.HB/watt_1              n/a   
         jacobi_inputs.Hamm/add32__rhs0          n/a   
       jacobi_inputs.MathWorks/tomography        n/a   
     jacobi_inputs.MaxPlanck/shallow_water1      n/a   
     jacobi_inputs.MaxPlanck/shallow_water2    9.40±0s 
         jacobi_inputs.Mulvey/finan512           n/a   
       jacobi_inputs.Nasa/nasa2146__rhs0         n/a   
         jacobi_inputs.Nemeth/nemeth02           n/a   
         jacobi_inputs.Nemeth/nemeth03           n/a   
         jacobi_inputs.Nemeth/nemeth04           n/a   
         jacobi_inputs.Nemeth/nemeth05           n/a   
         jacobi_inputs.Nemeth/nemeth06           n/a   
         jacobi_inputs.Nemeth/nemeth07         5.74±0s 
         jacobi_inputs.Nemeth/nemeth08           n/a   
         jacobi_inputs.Nemeth/nemeth09           n/a   
         jacobi_inputs.Nemeth/nemeth10           n/a   
         jacobi_inputs.Nemeth/nemeth11           n/a   
         jacobi_inputs.Nemeth/nemeth12           n/a   
         jacobi_inputs.Nemeth/nemeth13           n/a   
            jacobi_inputs.Norris/fv1             n/a   
            jacobi_inputs.Norris/fv2           5.90±0s 
          jacobi_inputs.Norris/torso2            n/a   
          jacobi_inputs.Pothen/mesh1e1           n/a   
         jacobi_inputs.Pothen/mesh1em1           n/a   
         jacobi_inputs.Pothen/mesh1em6           n/a   
          jacobi_inputs.Pothen/mesh2e1           n/a   
         jacobi_inputs.Pothen/mesh2em5           n/a   
          jacobi_inputs.Pothen/mesh3e1           n/a   
         jacobi_inputs.Pothen/mesh3em5         5.53±0s 
          jacobi_inputs.QLi/majorbasis           n/a   
       jacobi_inputs.Simon/raefsky5__rhs0        n/a   
       jacobi_inputs.Simon/raefsky6__rhs0        n/a   
      jacobi_inputs.TOKAMAK/utm1700b__rhs0       n/a   
      jacobi_inputs.TOKAMAK/utm3060__rhs0        n/a   
             jacobi_inputs.VLSI/ss1              n/a   
           jacobi_inputs.Wang/swang1             n/a   
           jacobi_inputs.Wang/swang2           5.57±0s 
   ========================================== =========
ERROR:root:For parameters: jacobi_inputs.Bai/cdde4
INFO root: Dataset suitesparse_matrix.Bai/cdde4 found in cache.

For parameters: jacobi_inputs.Bourchtein/atmosmodj__rhs1
INFO root: Dataset suitesparse_matrix.Bourchtein/atmosmodj found in cache.

For parameters: jacobi_inputs.Grund/poli4
INFO root: Dataset suitesparse_matrix.Grund/poli4 found in cache.

For parameters: jacobi_inputs.HB/bcsstm11
INFO root: Dataset suitesparse_matrix.HB/bcsstm11 found in cache.

For parameters: jacobi_inputs.HB/bcsstm26
INFO root: Dataset suitesparse_matrix.HB/bcsstm26 found in cache.

For parameters: jacobi_inputs.HB/fs_760_1
INFO root: Dataset suitesparse_matrix.HB/fs_760_1 found in cache.

For parameters: jacobi_inputs.MaxPlanck/shallow_water2
INFO root: Dataset suitesparse_matrix.MaxPlanck/shallow_water2 found in cache.

For parameters: jacobi_inputs.Nemeth/nemeth07
INFO root: Dataset suitesparse_matrix.Nemeth/nemeth07 found in cache.

For parameters: jacobi_inputs.Norris/fv2
INFO root: Dataset suitesparse_matrix.Norris/fv2 found in cache.

For parameters: jacobi_inputs.Pothen/mesh3em5
INFO root: Dataset suitesparse_matrix.Pothen/mesh3em5 found in cache.

For parameters: jacobi_inputs.Wang/swang2
INFO root: Dataset suitesparse_matrix.Wang/swang2 found in cache.

··· For parameters: jacobi_inputs.Bai/cdde4
    INFO root: Dataset suitesparse_matrix.Bai/cdde4 found in cache.
    
    For parameters: jacobi_inputs.Bourchtein/atmosmodj__rhs1
    INFO root: Dataset suitesparse_matrix.Bourchtein/atmosmodj found in cache.
    
    For parameters: jacobi_inputs.Grund/poli4
    INFO root: Dataset suitesparse_matrix.Grund/poli4 found in cache.
    
    For parameters: jacobi_inputs.HB/bcsstm11
    INFO root: Dataset suitesparse_matrix.HB/bcsstm11 found in cache.
    
    For parameters: jacobi_inputs.HB/bcsstm26
    INFO root: Dataset suitesparse_matrix.HB/bcsstm26 found in cache.
    
    For parameters: jacobi_inputs.HB/fs_760_1
    INFO root: Dataset suitesparse_matrix.HB/fs_760_1 found in cache.
    
    For parameters: jacobi_inputs.MaxPlanck/shallow_water2
    INFO root: Dataset suitesparse_matrix.MaxPlanck/shallow_water2 found in cache.
    
    For parameters: jacobi_inputs.Nemeth/nemeth07
    INFO root: Dataset suitesparse_matrix.Nemeth/nemeth07 found in cache.
    
    For parameters: jacobi_inputs.Norris/fv2
    INFO root: Dataset suitesparse_matrix.Norris/fv2 found in cache.
    
    For parameters: jacobi_inputs.Pothen/mesh3em5
    INFO root: Dataset suitesparse_matrix.Pothen/mesh3em5 found in cache.
    
    For parameters: jacobi_inputs.Wang/swang2
    INFO root: Dataset suitesparse_matrix.Wang/swang2 found in cache.
INFO:root:lsqr.LSQRBenchmark.time_lsqr

·· lsqr.LSQRBenchmark.time_lsqr                                    okINFO:root:=================================================== =========
                      dataset                                
--------------------------------------------------- ---------
    lsqr_test_inputs.test_lsqr_underdetermined_3       n/a   
    lsqr_test_inputs.test_lsqr_overdetermined_3        n/a   
         lsqr_test_inputs.test_lsqr_exact_3            n/a   
    lsqr_test_inputs.test_lsqr_underdetermined_4       n/a   
  lsqr_test_inputs.test_lsqr_overdetermined_sparse     n/a   
         lsqr_test_inputs.test_lsqr_exact_4            n/a   
 lsqr_test_inputs.test_lsqr_scaled_underdetermined     n/a   
  lsqr_test_inputs.test_lsqr_overdetermined_dense      n/a   
         lsqr_test_inputs.test_lsqr_exact_5            n/a   
            lsqr_inputs.ANSYS/Delor338K                n/a   
               lsqr_inputs.HB/ash219                   n/a   
               lsqr_inputs.HB/ash331                   n/a   
               lsqr_inputs.HB/ash608                   n/a   
                lsqr_inputs.HB/ash85                 2.81±0s 
               lsqr_inputs.HB/ash958                   n/a   
          lsqr_inputs.NYPA/Maragal_1__rhs0             n/a   
          lsqr_inputs.NYPA/Maragal_2__rhs0             n/a   
          lsqr_inputs.NYPA/Maragal_3__rhs0             n/a   
          lsqr_inputs.NYPA/Maragal_4__rhs0             n/a   
          lsqr_inputs.NYPA/Maragal_5__rhs0             n/a   
          lsqr_inputs.NYPA/Maragal_6__rhs0             n/a   
=================================================== =========

·· =================================================== =========
                         dataset                                
   --------------------------------------------------- ---------
       lsqr_test_inputs.test_lsqr_underdetermined_3       n/a   
       lsqr_test_inputs.test_lsqr_overdetermined_3        n/a   
            lsqr_test_inputs.test_lsqr_exact_3            n/a   
       lsqr_test_inputs.test_lsqr_underdetermined_4       n/a   
     lsqr_test_inputs.test_lsqr_overdetermined_sparse     n/a   
            lsqr_test_inputs.test_lsqr_exact_4            n/a   
    lsqr_test_inputs.test_lsqr_scaled_underdetermined     n/a   
     lsqr_test_inputs.test_lsqr_overdetermined_dense      n/a   
            lsqr_test_inputs.test_lsqr_exact_5            n/a   
               lsqr_inputs.ANSYS/Delor338K                n/a   
                  lsqr_inputs.HB/ash219                   n/a   
                  lsqr_inputs.HB/ash331                   n/a   
                  lsqr_inputs.HB/ash608                   n/a   
                   lsqr_inputs.HB/ash85                 2.81±0s 
                  lsqr_inputs.HB/ash958                   n/a   
             lsqr_inputs.NYPA/Maragal_1__rhs0             n/a   
             lsqr_inputs.NYPA/Maragal_2__rhs0             n/a   
             lsqr_inputs.NYPA/Maragal_3__rhs0             n/a   
             lsqr_inputs.NYPA/Maragal_4__rhs0             n/a   
             lsqr_inputs.NYPA/Maragal_5__rhs0             n/a   
             lsqr_inputs.NYPA/Maragal_6__rhs0             n/a   
   =================================================== =========
ERROR:root:For parameters: lsqr_inputs.HB/ash85
INFO root: Dataset suitesparse_matrix.HB/ash85 found in cache.

··· For parameters: lsqr_inputs.HB/ash85
    INFO root: Dataset suitesparse_matrix.HB/ash85 found in cache.
INFO:root:...delCounting.time_Model Counting using einsum

·· ...delCounting.time_Model Counting using einsum                 okINFO:root:================================== =========
             dataset                        
---------------------------------- ---------
       mc_generator.test_1            n/a   
       mc_generator.test_2            n/a   
       mc_generator.test_3            n/a   
       mc_generator.test_4            n/a   
 mccomp_mc.track1_mc_random_mc_1      n/a   
 mccomp_mc.track1_mc_random_mc_2      n/a   
 mccomp_mc.track1_mc_random_mc_3      n/a   
 mccomp_mc.track1_mc_random_mc_4    891±0ms 
 mccomp_mc.track1_mc_random_mc_5      n/a   
 mccomp_mc.track1_mc_random_mc_6      n/a   
 mccomp_mc.track1_mc_random_mc_7      n/a   
 mccomp_mc.track1_mc_random_mc_8      n/a   
 mccomp_mc.track1_mc_random_mc_9      n/a   
 mccomp_mc.track1_mc_random_mc_10     n/a   
================================== =========

·· ================================== =========
                dataset                        
   ---------------------------------- ---------
          mc_generator.test_1            n/a   
          mc_generator.test_2            n/a   
          mc_generator.test_3            n/a   
          mc_generator.test_4            n/a   
    mccomp_mc.track1_mc_random_mc_1      n/a   
    mccomp_mc.track1_mc_random_mc_2      n/a   
    mccomp_mc.track1_mc_random_mc_3      n/a   
    mccomp_mc.track1_mc_random_mc_4    891±0ms 
    mccomp_mc.track1_mc_random_mc_5      n/a   
    mccomp_mc.track1_mc_random_mc_6      n/a   
    mccomp_mc.track1_mc_random_mc_7      n/a   
    mccomp_mc.track1_mc_random_mc_8      n/a   
    mccomp_mc.track1_mc_random_mc_9      n/a   
    mccomp_mc.track1_mc_random_mc_10     n/a   
   ================================== =========
ERROR:root:For parameters: mccomp_mc.track1_mc_random_mc_4
INFO root: Dataset mccomp_mc.track1_mc_random_mc_4 found in cache.

··· For parameters: mccomp_mc.track1_mc_random_mc_4
    INFO root: Dataset mccomp_mc.track1_mc_random_mc_4 found in cache.
INFO:root:....MaskedMRIEdgeBenchmark.time_masked_mri_edge

·· ....MaskedMRIEdgeBenchmark.time_masked_mri_edge                 okINFO:root:===================================================================== =========
                               dataset                                         
--------------------------------------------------------------------- ---------
          masked_mri_test_inputs.test_masked_mri_zero_image              n/a   
           masked_mri_test_inputs.test_masked_mri_basic_roi              n/a   
 masked_mri_test_inputs.test_masked_mri_generator_builds_default_roi     n/a   
                    masked_mri_inputs.masked_mri_1                       n/a   
                    masked_mri_inputs.masked_mri_2                     701±0ms 
                    masked_mri_inputs.masked_mri_3                       n/a   
                    masked_mri_inputs.masked_mri_4                       n/a   
===================================================================== =========

·· ===================================================================== =========
                                  dataset                                         
   --------------------------------------------------------------------- ---------
             masked_mri_test_inputs.test_masked_mri_zero_image              n/a   
              masked_mri_test_inputs.test_masked_mri_basic_roi              n/a   
    masked_mri_test_inputs.test_masked_mri_generator_builds_default_roi     n/a   
                       masked_mri_inputs.masked_mri_1                       n/a   
                       masked_mri_inputs.masked_mri_2                     701±0ms 
                       masked_mri_inputs.masked_mri_3                       n/a   
                       masked_mri_inputs.masked_mri_4                       n/a   
   ===================================================================== =========
ERROR:root:For parameters: masked_mri_inputs.masked_mri_2
INFO root: Dataset masked_mri_inputs.masked_mri_2 found in cache.

··· For parameters: masked_mri_inputs.masked_mri_2
    INFO root: Dataset masked_mri_inputs.masked_mri_2 found in cache.
INFO:root:ode.BackwardEuler.time_backward_euler

·· ode.BackwardEuler.time_backward_euler                           okINFO:root:===================================== =========
               dataset                         
------------------------------------- ---------
             rc.rc_small                 n/a   
            rlc.rlc_small                n/a   
 lotka_volterra.lotka_volterra_small     n/a   
     brusselator.brusselator_tiny        n/a   
      brusselator.brusselator_4          n/a   
        slicot_ode.slicot_eady           n/a   
      slicot_ode.slicot_cdplayer         n/a   
        slicot_ode.slicot_fom            n/a   
       slicot_ode.slicot_random          n/a   
        slicot_ode.slicot_pde            n/a   
     slicot_ode.slicot_heat_cont         n/a   
      slicot_ode.slicot_orr_som          n/a   
        slicot_ode.slicot_iss            n/a   
       slicot_ode.slicot_build         4.76±0s 
        slicot_ode.slicot_beam           n/a   
===================================== =========

·· ===================================== =========
                  dataset                         
   ------------------------------------- ---------
                rc.rc_small                 n/a   
               rlc.rlc_small                n/a   
    lotka_volterra.lotka_volterra_small     n/a   
        brusselator.brusselator_tiny        n/a   
         brusselator.brusselator_4          n/a   
           slicot_ode.slicot_eady           n/a   
         slicot_ode.slicot_cdplayer         n/a   
           slicot_ode.slicot_fom            n/a   
          slicot_ode.slicot_random          n/a   
           slicot_ode.slicot_pde            n/a   
        slicot_ode.slicot_heat_cont         n/a   
         slicot_ode.slicot_orr_som          n/a   
           slicot_ode.slicot_iss            n/a   
          slicot_ode.slicot_build         4.76±0s 
           slicot_ode.slicot_beam           n/a   
   ===================================== =========
ERROR:root:For parameters: slicot_ode.slicot_build
INFO root: Dataset slicot_ode.slicot_build found in cache.

··· For parameters: slicot_ode.slicot_build
    INFO root: Dataset slicot_ode.slicot_build found in cache.
INFO:root:ode.ForwardEuler.time_forward_euler

·· ode.ForwardEuler.time_forward_euler                             okINFO:root:===================================== =========
               dataset                         
------------------------------------- ---------
             rc.rc_small                 n/a   
            rlc.rlc_small                n/a   
 lotka_volterra.lotka_volterra_small     n/a   
     brusselator.brusselator_tiny        n/a   
      brusselator.brusselator_4          n/a   
        slicot_ode.slicot_eady           n/a   
      slicot_ode.slicot_cdplayer         n/a   
        slicot_ode.slicot_fom            n/a   
       slicot_ode.slicot_random          n/a   
        slicot_ode.slicot_pde            n/a   
     slicot_ode.slicot_heat_cont         n/a   
      slicot_ode.slicot_orr_som        4.28±0s 
        slicot_ode.slicot_iss            n/a   
       slicot_ode.slicot_build           n/a   
        slicot_ode.slicot_beam           n/a   
===================================== =========

·· ===================================== =========
                  dataset                         
   ------------------------------------- ---------
                rc.rc_small                 n/a   
               rlc.rlc_small                n/a   
    lotka_volterra.lotka_volterra_small     n/a   
        brusselator.brusselator_tiny        n/a   
         brusselator.brusselator_4          n/a   
           slicot_ode.slicot_eady           n/a   
         slicot_ode.slicot_cdplayer         n/a   
           slicot_ode.slicot_fom            n/a   
          slicot_ode.slicot_random          n/a   
           slicot_ode.slicot_pde            n/a   
        slicot_ode.slicot_heat_cont         n/a   
         slicot_ode.slicot_orr_som        4.28±0s 
           slicot_ode.slicot_iss            n/a   
          slicot_ode.slicot_build           n/a   
           slicot_ode.slicot_beam           n/a   
   ===================================== =========
ERROR:root:For parameters: slicot_ode.slicot_orr_som
INFO root: Dataset slicot_ode.slicot_orr_som found in cache.

··· For parameters: slicot_ode.slicot_orr_som
    INFO root: Dataset slicot_ode.slicot_orr_som found in cache.
INFO:root:ode.RungeKutta.time_runge_kutta

·· ode.RungeKutta.time_runge_kutta                                 okINFO:root:===================================== =========
               dataset                         
------------------------------------- ---------
             rc.rc_small                 n/a   
            rlc.rlc_small                n/a   
 lotka_volterra.lotka_volterra_small     n/a   
     brusselator.brusselator_tiny        n/a   
      brusselator.brusselator_4          n/a   
        slicot_ode.slicot_eady           n/a   
      slicot_ode.slicot_cdplayer         n/a   
        slicot_ode.slicot_fom            n/a   
       slicot_ode.slicot_random          n/a   
        slicot_ode.slicot_pde            n/a   
     slicot_ode.slicot_heat_cont         n/a   
      slicot_ode.slicot_orr_som        3.38±0s 
        slicot_ode.slicot_iss            n/a   
       slicot_ode.slicot_build           n/a   
        slicot_ode.slicot_beam           n/a   
===================================== =========

·· ===================================== =========
                  dataset                         
   ------------------------------------- ---------
                rc.rc_small                 n/a   
               rlc.rlc_small                n/a   
    lotka_volterra.lotka_volterra_small     n/a   
        brusselator.brusselator_tiny        n/a   
         brusselator.brusselator_4          n/a   
           slicot_ode.slicot_eady           n/a   
         slicot_ode.slicot_cdplayer         n/a   
           slicot_ode.slicot_fom            n/a   
          slicot_ode.slicot_random          n/a   
           slicot_ode.slicot_pde            n/a   
        slicot_ode.slicot_heat_cont         n/a   
         slicot_ode.slicot_orr_som        3.38±0s 
           slicot_ode.slicot_iss            n/a   
          slicot_ode.slicot_build           n/a   
           slicot_ode.slicot_beam           n/a   
   ===================================== =========
ERROR:root:For parameters: slicot_ode.slicot_orr_som
INFO root: Dataset slicot_ode.slicot_orr_som found in cache.

··· For parameters: slicot_ode.slicot_orr_som
    INFO root: Dataset slicot_ode.slicot_orr_som found in cache.
INFO:root:...e_sim.ParticleSimBenchmark.time_particle_sim

·· ...e_sim.ParticleSimBenchmark.time_particle_sim                 okINFO:root:======================================================================== =========
                                dataset                                           
------------------------------------------------------------------------ ---------
 particle_sim_test_inputs.test_particle_sim_two_particles_within_cutoff     n/a   
         particle_sim_test_inputs.test_particle_sim_wall_bounce             n/a   
          particle_sim_test_inputs.test_particle_sim_random_10              n/a   
          particle_sim_test_inputs.test_particle_sim_random_50              n/a   
        synthetic_berkeley_cs267_particle.cs267_hw2_n1000_seed1             n/a   
                     ewap_particle_sim.ewap_seq_eth                         n/a   
                    ewap_particle_sim.ewap_seq_hotel                      826±0ms 
                     particle_sim.nemo_plummer_128                          n/a   
                     particle_sim.nemo_plummer_1024                         n/a   
                     particle_sim.nemo_dubinski_m31                         n/a   
======================================================================== =========

·· ======================================================================== =========
                                   dataset                                           
   ------------------------------------------------------------------------ ---------
    particle_sim_test_inputs.test_particle_sim_two_particles_within_cutoff     n/a   
            particle_sim_test_inputs.test_particle_sim_wall_bounce             n/a   
             particle_sim_test_inputs.test_particle_sim_random_10              n/a   
             particle_sim_test_inputs.test_particle_sim_random_50              n/a   
           synthetic_berkeley_cs267_particle.cs267_hw2_n1000_seed1             n/a   
                        ewap_particle_sim.ewap_seq_eth                         n/a   
                       ewap_particle_sim.ewap_seq_hotel                      826±0ms 
                        particle_sim.nemo_plummer_128                          n/a   
                        particle_sim.nemo_plummer_1024                         n/a   
                        particle_sim.nemo_dubinski_m31                         n/a   
   ======================================================================== =========
INFO:root:...nedCGBenchmark.time_jacobi_preconditioned_cg

·· ...nedCGBenchmark.time_jacobi_preconditioned_cg                 okINFO:root:===================================================== =========
                       dataset                                 
----------------------------------------------------- ---------
               jacobi_cg_inputs.test_A0                  n/a   
               jacobi_cg_inputs.test_A1                  n/a   
               jacobi_cg_inputs.test_A2                  n/a   
               jacobi_cg_inputs.test_A3                  n/a   
               jacobi_cg_inputs.test_A4                  n/a   
               jacobi_cg_inputs.test_A5                  n/a   
           jacobi_cg_inputs.Andrews/Andrews              n/a   
           jacobi_cg_inputs.Andrianov/ins2               n/a   
          jacobi_cg_inputs.Andrianov/net100              n/a   
          jacobi_cg_inputs.Andrianov/net125              n/a   
          jacobi_cg_inputs.Andrianov/net150              n/a   
           jacobi_cg_inputs.Andrianov/net25              n/a   
           jacobi_cg_inputs.Andrianov/net50              n/a   
           jacobi_cg_inputs.Andrianov/net75            9.14±0s 
             jacobi_cg_inputs.Bai/bfwb398                n/a   
             jacobi_cg_inputs.Bai/bfwb62                 n/a   
             jacobi_cg_inputs.Bai/bfwb782                n/a   
             jacobi_cg_inputs.Bai/dw256B                 n/a   
             jacobi_cg_inputs.Bai/dwb512                 n/a   
            jacobi_cg_inputs.Bai/mhd3200b                n/a   
            jacobi_cg_inputs.Bai/mhd4800b                n/a   
             jacobi_cg_inputs.Bai/mhdb416              2.44±0s 
            jacobi_cg_inputs.Bindel/ted_B                n/a   
        jacobi_cg_inputs.Bindel/ted_B_unscaled           n/a   
           jacobi_cg_inputs.Boeing/bcsstk34              n/a   
           jacobi_cg_inputs.Boeing/bcsstm39              n/a   
           jacobi_cg_inputs.Boeing/crystm01              n/a   
           jacobi_cg_inputs.Boeing/crystm02              n/a   
           jacobi_cg_inputs.Boeing/crystm03              n/a   
           jacobi_cg_inputs.Boeing/msc00726            2.59±0s 
      jacobi_cg_inputs.Botonakis/FEM_3D_thermal1         n/a   
      jacobi_cg_inputs.Botonakis/FEM_3D_thermal2         n/a   
       jacobi_cg_inputs.Botonakis/thermomech_TC          n/a   
       jacobi_cg_inputs.Botonakis/thermomech_dM          n/a   
     jacobi_cg_inputs.Bourchtein/atmosmodd__rhs1         n/a   
     jacobi_cg_inputs.Bourchtein/atmosmodj__rhs1         n/a   
     jacobi_cg_inputs.Bourchtein/atmosmodl__rhs1         n/a   
     jacobi_cg_inputs.Bourchtein/atmosmodm__rhs1       17.2±0s 
         jacobi_cg_inputs.Brunetiere/thermal             n/a   
          jacobi_cg_inputs.Cunningham/qa8fm              n/a   
       jacobi_cg_inputs.FEMLAB/poisson2D__rhs0           n/a   
           jacobi_cg_inputs.FEMLAB/problem1              n/a   
             jacobi_cg_inputs.FIDAP/ex29                 n/a   
             jacobi_cg_inputs.FIDAP/ex37                 n/a   
              jacobi_cg_inputs.FIDAP/ex5                 n/a   
              jacobi_cg_inputs.FIDAP/ex7               2.57±0s 
       jacobi_cg_inputs.Freescale/circuit5M_dc           n/a   
         jacobi_cg_inputs.GHS_psdef/jnlbrng1             n/a   
         jacobi_cg_inputs.GHS_psdef/minsurfo             n/a   
         jacobi_cg_inputs.GHS_psdef/obstclae             n/a   
         jacobi_cg_inputs.GHS_psdef/wathen100            n/a   
         jacobi_cg_inputs.GHS_psdef/wathen120            n/a   
          jacobi_cg_inputs.Grund/poli__rhs0              n/a   
          jacobi_cg_inputs.Guettel/TEM27623              n/a   
             jacobi_cg_inputs.HB/bcspwr01              2.41±0s 
             jacobi_cg_inputs.HB/bcspwr02                n/a   
             jacobi_cg_inputs.HB/bcsstk01                n/a   
             jacobi_cg_inputs.HB/bcsstk02                n/a   
             jacobi_cg_inputs.HB/bcsstk04                n/a   
             jacobi_cg_inputs.HB/bcsstk08                n/a   
             jacobi_cg_inputs.HB/bcsstk22                n/a   
             jacobi_cg_inputs.HB/bcsstm02                n/a   
             jacobi_cg_inputs.HB/bcsstm05              2.44±0s 
             jacobi_cg_inputs.HB/bcsstm06                n/a   
             jacobi_cg_inputs.HB/bcsstm07                n/a   
             jacobi_cg_inputs.HB/bcsstm08                n/a   
             jacobi_cg_inputs.HB/bcsstm09                n/a   
             jacobi_cg_inputs.HB/bcsstm11                n/a   
             jacobi_cg_inputs.HB/bcsstm19                n/a   
             jacobi_cg_inputs.HB/bcsstm20                n/a   
             jacobi_cg_inputs.HB/bcsstm21              2.40±0s 
             jacobi_cg_inputs.HB/bcsstm22                n/a   
             jacobi_cg_inputs.HB/bcsstm23                n/a   
             jacobi_cg_inputs.HB/bcsstm24                n/a   
             jacobi_cg_inputs.HB/bcsstm25                n/a   
             jacobi_cg_inputs.HB/bcsstm26                n/a   
             jacobi_cg_inputs.HB/can_144                 n/a   
              jacobi_cg_inputs.HB/can_24                 n/a   
              jacobi_cg_inputs.HB/can_61               2.43±0s 
              jacobi_cg_inputs.HB/can_62                 n/a   
              jacobi_cg_inputs.HB/can_73                 n/a   
              jacobi_cg_inputs.HB/can_96                 n/a   
              jacobi_cg_inputs.HB/dwt_59                 n/a   
              jacobi_cg_inputs.HB/dwt_66                 n/a   
              jacobi_cg_inputs.HB/dwt_72                 n/a   
             jacobi_cg_inputs.HB/fs_541_1                n/a   
             jacobi_cg_inputs.HB/gr_30_30              2.86±0s 
             jacobi_cg_inputs.HB/jpwh_991                n/a   
              jacobi_cg_inputs.HB/lap_25                 n/a   
              jacobi_cg_inputs.HB/lund_a                 n/a   
              jacobi_cg_inputs.HB/lund_b                 n/a   
               jacobi_cg_inputs.HB/nos4                  n/a   
               jacobi_cg_inputs.HB/nos6                  n/a   
               jacobi_cg_inputs.HB/nos7                  n/a   
          jacobi_cg_inputs.HB/orani678__rhs1           2.42±0s 
         jacobi_cg_inputs.HB/orani678__rhs10             n/a   
         jacobi_cg_inputs.HB/orani678__rhs11             n/a   
         jacobi_cg_inputs.HB/orani678__rhs12             n/a   
         jacobi_cg_inputs.HB/orani678__rhs14             n/a   
         jacobi_cg_inputs.HB/orani678__rhs15             n/a   
         jacobi_cg_inputs.HB/orani678__rhs16             n/a   
         jacobi_cg_inputs.HB/orani678__rhs17             n/a   
         jacobi_cg_inputs.HB/orani678__rhs18             n/a   
         jacobi_cg_inputs.HB/orani678__rhs19             n/a   
          jacobi_cg_inputs.HB/orani678__rhs2             n/a   
          jacobi_cg_inputs.HB/orani678__rhs3             n/a   
          jacobi_cg_inputs.HB/orani678__rhs4             n/a   
          jacobi_cg_inputs.HB/orani678__rhs5             n/a   
          jacobi_cg_inputs.HB/orani678__rhs6             n/a   
         jacobi_cg_inputs.HB/orani678__rhs62             n/a   
          jacobi_cg_inputs.HB/orani678__rhs7             n/a   
          jacobi_cg_inputs.HB/orani678__rhs8             n/a   
              jacobi_cg_inputs.HB/watt_1                 n/a   
          jacobi_cg_inputs.Hamm/add32__rhs0              n/a   
          jacobi_cg_inputs.Lourakis/bundle1              n/a   
            jacobi_cg_inputs.MathWorks/Muu               n/a   
        jacobi_cg_inputs.MathWorks/tomography            n/a   
      jacobi_cg_inputs.MaxPlanck/shallow_water1          n/a   
      jacobi_cg_inputs.MaxPlanck/shallow_water2          n/a   
           jacobi_cg_inputs.Mulvey/finan512            2.93±0s 
         jacobi_cg_inputs.Nasa/nasa2146__rhs0            n/a   
           jacobi_cg_inputs.Nemeth/nemeth02              n/a   
           jacobi_cg_inputs.Nemeth/nemeth03              n/a   
           jacobi_cg_inputs.Nemeth/nemeth04              n/a   
           jacobi_cg_inputs.Nemeth/nemeth05              n/a   
           jacobi_cg_inputs.Nemeth/nemeth06              n/a   
           jacobi_cg_inputs.Nemeth/nemeth07              n/a   
           jacobi_cg_inputs.Nemeth/nemeth08            2.54±0s 
           jacobi_cg_inputs.Nemeth/nemeth09              n/a   
           jacobi_cg_inputs.Nemeth/nemeth10              n/a   
           jacobi_cg_inputs.Nemeth/nemeth11              n/a   
           jacobi_cg_inputs.Nemeth/nemeth12              n/a   
           jacobi_cg_inputs.Nemeth/nemeth13              n/a   
           jacobi_cg_inputs.Nemeth/nemeth16              n/a   
           jacobi_cg_inputs.Nemeth/nemeth17              n/a   
             jacobi_cg_inputs.Norris/fv1               5.34±0s 
             jacobi_cg_inputs.Norris/fv2                 n/a   
          jacobi_cg_inputs.Oberwolfach/LF10              n/a   
          jacobi_cg_inputs.Oberwolfach/LFAT5             n/a   
             jacobi_cg_inputs.PARSEC/Si2                 n/a   
            jacobi_cg_inputs.Pothen/bodyy4               n/a   
           jacobi_cg_inputs.Pothen/mesh1e1               n/a   
           jacobi_cg_inputs.Pothen/mesh1em1              n/a   
           jacobi_cg_inputs.Pothen/mesh1em6            2.57±0s 
           jacobi_cg_inputs.Pothen/mesh2e1               n/a   
           jacobi_cg_inputs.Pothen/mesh2em5              n/a   
           jacobi_cg_inputs.Pothen/mesh3e1               n/a   
           jacobi_cg_inputs.Pothen/mesh3em5              n/a   
           jacobi_cg_inputs.Pothen/sphere2               n/a   
          jacobi_cg_inputs.Sandia/ASIC_100ks             n/a   
          jacobi_cg_inputs.Sandia/ASIC_320ks             n/a   
          jacobi_cg_inputs.Sandia/ASIC_680ks           5.36±0s 
     jacobi_cg_inputs.Schenk_AFE/af_shell3__rhs0         n/a   
     jacobi_cg_inputs.Schenk_AFE/af_shell4__rhs0         n/a   
     jacobi_cg_inputs.Schenk_AFE/af_shell7__rhs0         n/a   
     jacobi_cg_inputs.Schenk_AFE/af_shell8__rhs0         n/a   
       jacobi_cg_inputs.Um/2cubes_sphere__rhs0           n/a   
       jacobi_cg_inputs.VDOL/hangGlider_1__rhs0          n/a   
 jacobi_cg_inputs.VDOL/tumorAntiAngiogenesis_1__rhs0     n/a   
 jacobi_cg_inputs.VDOL/tumorAntiAngiogenesis_2__rhs0     n/a   
              jacobi_cg_inputs.VLSI/ss1                  n/a   
===================================================== =========

·· ===================================================== =========
                          dataset                                 
   ----------------------------------------------------- ---------
                  jacobi_cg_inputs.test_A0                  n/a   
                  jacobi_cg_inputs.test_A1                  n/a   
                  jacobi_cg_inputs.test_A2                  n/a   
                  jacobi_cg_inputs.test_A3                  n/a   
                  jacobi_cg_inputs.test_A4                  n/a   
                  jacobi_cg_inputs.test_A5                  n/a   
              jacobi_cg_inputs.Andrews/Andrews              n/a   
              jacobi_cg_inputs.Andrianov/ins2               n/a   
             jacobi_cg_inputs.Andrianov/net100              n/a   
             jacobi_cg_inputs.Andrianov/net125              n/a   
             jacobi_cg_inputs.Andrianov/net150              n/a   
              jacobi_cg_inputs.Andrianov/net25              n/a   
              jacobi_cg_inputs.Andrianov/net50              n/a   
              jacobi_cg_inputs.Andrianov/net75            9.14±0s 
                jacobi_cg_inputs.Bai/bfwb398                n/a   
                jacobi_cg_inputs.Bai/bfwb62                 n/a   
                jacobi_cg_inputs.Bai/bfwb782                n/a   
                jacobi_cg_inputs.Bai/dw256B                 n/a   
                jacobi_cg_inputs.Bai/dwb512                 n/a   
               jacobi_cg_inputs.Bai/mhd3200b                n/a   
               jacobi_cg_inputs.Bai/mhd4800b                n/a   
                jacobi_cg_inputs.Bai/mhdb416              2.44±0s 
               jacobi_cg_inputs.Bindel/ted_B                n/a   
           jacobi_cg_inputs.Bindel/ted_B_unscaled           n/a   
              jacobi_cg_inputs.Boeing/bcsstk34              n/a   
              jacobi_cg_inputs.Boeing/bcsstm39              n/a   
              jacobi_cg_inputs.Boeing/crystm01              n/a   
              jacobi_cg_inputs.Boeing/crystm02              n/a   
              jacobi_cg_inputs.Boeing/crystm03              n/a   
              jacobi_cg_inputs.Boeing/msc00726            2.59±0s 
         jacobi_cg_inputs.Botonakis/FEM_3D_thermal1         n/a   
         jacobi_cg_inputs.Botonakis/FEM_3D_thermal2         n/a   
          jacobi_cg_inputs.Botonakis/thermomech_TC          n/a   
          jacobi_cg_inputs.Botonakis/thermomech_dM          n/a   
        jacobi_cg_inputs.Bourchtein/atmosmodd__rhs1         n/a   
        jacobi_cg_inputs.Bourchtein/atmosmodj__rhs1         n/a   
        jacobi_cg_inputs.Bourchtein/atmosmodl__rhs1         n/a   
        jacobi_cg_inputs.Bourchtein/atmosmodm__rhs1       17.2±0s 
            jacobi_cg_inputs.Brunetiere/thermal             n/a   
             jacobi_cg_inputs.Cunningham/qa8fm              n/a   
          jacobi_cg_inputs.FEMLAB/poisson2D__rhs0           n/a   
              jacobi_cg_inputs.FEMLAB/problem1              n/a   
                jacobi_cg_inputs.FIDAP/ex29                 n/a   
                jacobi_cg_inputs.FIDAP/ex37                 n/a   
                 jacobi_cg_inputs.FIDAP/ex5                 n/a   
                 jacobi_cg_inputs.FIDAP/ex7               2.57±0s 
          jacobi_cg_inputs.Freescale/circuit5M_dc           n/a   
            jacobi_cg_inputs.GHS_psdef/jnlbrng1             n/a   
            jacobi_cg_inputs.GHS_psdef/minsurfo             n/a   
            jacobi_cg_inputs.GHS_psdef/obstclae             n/a   
            jacobi_cg_inputs.GHS_psdef/wathen100            n/a   
            jacobi_cg_inputs.GHS_psdef/wathen120            n/a   
             jacobi_cg_inputs.Grund/poli__rhs0              n/a   
             jacobi_cg_inputs.Guettel/TEM27623              n/a   
                jacobi_cg_inputs.HB/bcspwr01              2.41±0s 
                jacobi_cg_inputs.HB/bcspwr02                n/a   
                jacobi_cg_inputs.HB/bcsstk01                n/a   
                jacobi_cg_inputs.HB/bcsstk02                n/a   
                jacobi_cg_inputs.HB/bcsstk04                n/a   
                jacobi_cg_inputs.HB/bcsstk08                n/a   
                jacobi_cg_inputs.HB/bcsstk22                n/a   
                jacobi_cg_inputs.HB/bcsstm02                n/a   
                jacobi_cg_inputs.HB/bcsstm05              2.44±0s 
                jacobi_cg_inputs.HB/bcsstm06                n/a   
                jacobi_cg_inputs.HB/bcsstm07                n/a   
                jacobi_cg_inputs.HB/bcsstm08                n/a   
                jacobi_cg_inputs.HB/bcsstm09                n/a   
                jacobi_cg_inputs.HB/bcsstm11                n/a   
                jacobi_cg_inputs.HB/bcsstm19                n/a   
                jacobi_cg_inputs.HB/bcsstm20                n/a   
                jacobi_cg_inputs.HB/bcsstm21              2.40±0s 
                jacobi_cg_inputs.HB/bcsstm22                n/a   
                jacobi_cg_inputs.HB/bcsstm23                n/a   
                jacobi_cg_inputs.HB/bcsstm24                n/a   
                jacobi_cg_inputs.HB/bcsstm25                n/a   
                jacobi_cg_inputs.HB/bcsstm26                n/a   
                jacobi_cg_inputs.HB/can_144                 n/a   
                 jacobi_cg_inputs.HB/can_24                 n/a   
                 jacobi_cg_inputs.HB/can_61               2.43±0s 
                 jacobi_cg_inputs.HB/can_62                 n/a   
                 jacobi_cg_inputs.HB/can_73                 n/a   
                 jacobi_cg_inputs.HB/can_96                 n/a   
                 jacobi_cg_inputs.HB/dwt_59                 n/a   
                 jacobi_cg_inputs.HB/dwt_66                 n/a   
                 jacobi_cg_inputs.HB/dwt_72                 n/a   
                jacobi_cg_inputs.HB/fs_541_1                n/a   
                jacobi_cg_inputs.HB/gr_30_30              2.86±0s 
                jacobi_cg_inputs.HB/jpwh_991                n/a   
                 jacobi_cg_inputs.HB/lap_25                 n/a   
                 jacobi_cg_inputs.HB/lund_a                 n/a   
                 jacobi_cg_inputs.HB/lund_b                 n/a   
                  jacobi_cg_inputs.HB/nos4                  n/a   
                  jacobi_cg_inputs.HB/nos6                  n/a   
                  jacobi_cg_inputs.HB/nos7                  n/a   
             jacobi_cg_inputs.HB/orani678__rhs1           2.42±0s 
            jacobi_cg_inputs.HB/orani678__rhs10             n/a   
            jacobi_cg_inputs.HB/orani678__rhs11             n/a   
            jacobi_cg_inputs.HB/orani678__rhs12             n/a   
            jacobi_cg_inputs.HB/orani678__rhs14             n/a   
            jacobi_cg_inputs.HB/orani678__rhs15             n/a   
            jacobi_cg_inputs.HB/orani678__rhs16             n/a   
            jacobi_cg_inputs.HB/orani678__rhs17             n/a   
            jacobi_cg_inputs.HB/orani678__rhs18             n/a   
            jacobi_cg_inputs.HB/orani678__rhs19             n/a   
             jacobi_cg_inputs.HB/orani678__rhs2             n/a   
             jacobi_cg_inputs.HB/orani678__rhs3             n/a   
             jacobi_cg_inputs.HB/orani678__rhs4             n/a   
             jacobi_cg_inputs.HB/orani678__rhs5             n/a   
             jacobi_cg_inputs.HB/orani678__rhs6             n/a   
            jacobi_cg_inputs.HB/orani678__rhs62             n/a   
             jacobi_cg_inputs.HB/orani678__rhs7             n/a   
             jacobi_cg_inputs.HB/orani678__rhs8             n/a   
                 jacobi_cg_inputs.HB/watt_1                 n/a   
             jacobi_cg_inputs.Hamm/add32__rhs0              n/a   
             jacobi_cg_inputs.Lourakis/bundle1              n/a   
               jacobi_cg_inputs.MathWorks/Muu               n/a   
           jacobi_cg_inputs.MathWorks/tomography            n/a   
         jacobi_cg_inputs.MaxPlanck/shallow_water1          n/a   
         jacobi_cg_inputs.MaxPlanck/shallow_water2          n/a   
              jacobi_cg_inputs.Mulvey/finan512            2.93±0s 
            jacobi_cg_inputs.Nasa/nasa2146__rhs0            n/a   
              jacobi_cg_inputs.Nemeth/nemeth02              n/a   
              jacobi_cg_inputs.Nemeth/nemeth03              n/a   
              jacobi_cg_inputs.Nemeth/nemeth04              n/a   
              jacobi_cg_inputs.Nemeth/nemeth05              n/a   
              jacobi_cg_inputs.Nemeth/nemeth06              n/a   
              jacobi_cg_inputs.Nemeth/nemeth07              n/a   
              jacobi_cg_inputs.Nemeth/nemeth08            2.54±0s 
              jacobi_cg_inputs.Nemeth/nemeth09              n/a   
              jacobi_cg_inputs.Nemeth/nemeth10              n/a   
              jacobi_cg_inputs.Nemeth/nemeth11              n/a   
              jacobi_cg_inputs.Nemeth/nemeth12              n/a   
              jacobi_cg_inputs.Nemeth/nemeth13              n/a   
              jacobi_cg_inputs.Nemeth/nemeth16              n/a   
              jacobi_cg_inputs.Nemeth/nemeth17              n/a   
                jacobi_cg_inputs.Norris/fv1               5.34±0s 
                jacobi_cg_inputs.Norris/fv2                 n/a   
             jacobi_cg_inputs.Oberwolfach/LF10              n/a   
             jacobi_cg_inputs.Oberwolfach/LFAT5             n/a   
                jacobi_cg_inputs.PARSEC/Si2                 n/a   
               jacobi_cg_inputs.Pothen/bodyy4               n/a   
              jacobi_cg_inputs.Pothen/mesh1e1               n/a   
              jacobi_cg_inputs.Pothen/mesh1em1              n/a   
              jacobi_cg_inputs.Pothen/mesh1em6            2.57±0s 
              jacobi_cg_inputs.Pothen/mesh2e1               n/a   
              jacobi_cg_inputs.Pothen/mesh2em5              n/a   
              jacobi_cg_inputs.Pothen/mesh3e1               n/a   
              jacobi_cg_inputs.Pothen/mesh3em5              n/a   
              jacobi_cg_inputs.Pothen/sphere2               n/a   
             jacobi_cg_inputs.Sandia/ASIC_100ks             n/a   
             jacobi_cg_inputs.Sandia/ASIC_320ks             n/a   
             jacobi_cg_inputs.Sandia/ASIC_680ks           5.36±0s 
        jacobi_cg_inputs.Schenk_AFE/af_shell3__rhs0         n/a   
        jacobi_cg_inputs.Schenk_AFE/af_shell4__rhs0         n/a   
        jacobi_cg_inputs.Schenk_AFE/af_shell7__rhs0         n/a   
        jacobi_cg_inputs.Schenk_AFE/af_shell8__rhs0         n/a   
          jacobi_cg_inputs.Um/2cubes_sphere__rhs0           n/a   
          jacobi_cg_inputs.VDOL/hangGlider_1__rhs0          n/a   
    jacobi_cg_inputs.VDOL/tumorAntiAngiogenesis_1__rhs0     n/a   
    jacobi_cg_inputs.VDOL/tumorAntiAngiogenesis_2__rhs0     n/a   
                 jacobi_cg_inputs.VLSI/ss1                  n/a   
   ===================================================== =========
ERROR:root:For parameters: jacobi_cg_inputs.Andrianov/net75
INFO root: Dataset suitesparse_matrix.Andrianov/net75 found in cache.

For parameters: jacobi_cg_inputs.Bai/mhdb416
INFO root: Dataset suitesparse_matrix.Bai/mhdb416 found in cache.

For parameters: jacobi_cg_inputs.Boeing/msc00726
INFO root: Dataset suitesparse_matrix.Boeing/msc00726 found in cache.

For parameters: jacobi_cg_inputs.Bourchtein/atmosmodm__rhs1
INFO root: Dataset suitesparse_matrix.Bourchtein/atmosmodm found in cache.

For parameters: jacobi_cg_inputs.FIDAP/ex7
INFO root: Dataset suitesparse_matrix.FIDAP/ex7 found in cache.

For parameters: jacobi_cg_inputs.HB/bcspwr01
INFO root: Dataset suitesparse_matrix.HB/bcspwr01 found in cache.

For parameters: jacobi_cg_inputs.HB/bcsstm05
INFO root: Dataset suitesparse_matrix.HB/bcsstm05 found in cache.

For parameters: jacobi_cg_inputs.HB/bcsstm21
INFO root: Dataset suitesparse_matrix.HB/bcsstm21 found in cache.

For parameters: jacobi_cg_inputs.HB/can_61
INFO root: Dataset suitesparse_matrix.HB/can_61 found in cache.

For parameters: jacobi_cg_inputs.HB/gr_30_30
INFO root: Dataset suitesparse_matrix.HB/gr_30_30 found in cache.

For parameters: jacobi_cg_inputs.HB/orani678__rhs1
INFO root: Dataset suitesparse_matrix.HB/orani678 found in cache.
/storage/scratch1/7/wahrens6/SparseArrayProgrammingSuite/frameworks/saps_tagger.py:385: RuntimeWarning: invalid value encountered in divide
  op(self.framework._unwrap(left), self.framework._unwrap(right)),

For parameters: jacobi_cg_inputs.Mulvey/finan512
INFO root: Dataset suitesparse_matrix.Mulvey/finan512 found in cache.

For parameters: jacobi_cg_inputs.Nemeth/nemeth08
INFO root: Dataset suitesparse_matrix.Nemeth/nemeth08 found in cache.

For parameters: jacobi_cg_inputs.Norris/fv1
INFO root: Dataset suitesparse_matrix.Norris/fv1 found in cache.

For parameters: jacobi_cg_inputs.Pothen/mesh1em6
INFO root: Dataset suitesparse_matrix.Pothen/mesh1em6 found in cache.

For parameters: jacobi_cg_inputs.Sandia/ASIC_680ks
INFO root: Dataset suitesparse_matrix.Sandia/ASIC_680ks found in cache.

··· For parameters: jacobi_cg_inputs.Andrianov/net75
    INFO root: Dataset suitesparse_matrix.Andrianov/net75 found in cache.
    
    For parameters: jacobi_cg_inputs.Bai/mhdb416
    INFO root: Dataset suitesparse_matrix.Bai/mhdb416 found in cache.
    
    For parameters: jacobi_cg_inputs.Boeing/msc00726
    INFO root: Dataset suitesparse_matrix.Boeing/msc00726 found in cache.
    
    For parameters: jacobi_cg_inputs.Bourchtein/atmosmodm__rhs1
    INFO root: Dataset suitesparse_matrix.Bourchtein/atmosmodm found in cache.
    
    For parameters: jacobi_cg_inputs.FIDAP/ex7
    INFO root: Dataset suitesparse_matrix.FIDAP/ex7 found in cache.
    
    For parameters: jacobi_cg_inputs.HB/bcspwr01
    INFO root: Dataset suitesparse_matrix.HB/bcspwr01 found in cache.
    
    For parameters: jacobi_cg_inputs.HB/bcsstm05
    INFO root: Dataset suitesparse_matrix.HB/bcsstm05 found in cache.
    
    For parameters: jacobi_cg_inputs.HB/bcsstm21
    INFO root: Dataset suitesparse_matrix.HB/bcsstm21 found in cache.
    
    For parameters: jacobi_cg_inputs.HB/can_61
    INFO root: Dataset suitesparse_matrix.HB/can_61 found in cache.
    
    For parameters: jacobi_cg_inputs.HB/gr_30_30
    INFO root: Dataset suitesparse_matrix.HB/gr_30_30 found in cache.
    
    For parameters: jacobi_cg_inputs.HB/orani678__rhs1
    INFO root: Dataset suitesparse_matrix.HB/orani678 found in cache.
    /storage/scratch1/7/wahrens6/SparseArrayProgrammingSuite/frameworks/saps_tagger.py:385: RuntimeWarning: invalid value encountered in divide
      op(self.framework._unwrap(left), self.framework._unwrap(right)),
    
    For parameters: jacobi_cg_inputs.Mulvey/finan512
    INFO root: Dataset suitesparse_matrix.Mulvey/finan512 found in cache.
    
    For parameters: jacobi_cg_inputs.Nemeth/nemeth08
    INFO root: Dataset suitesparse_matrix.Nemeth/nemeth08 found in cache.
    
    For parameters: jacobi_cg_inputs.Norris/fv1
    INFO root: Dataset suitesparse_matrix.Norris/fv1 found in cache.
    
    For parameters: jacobi_cg_inputs.Pothen/mesh1em6
    INFO root: Dataset suitesparse_matrix.Pothen/mesh1em6 found in cache.
    
    For parameters: jacobi_cg_inputs.Sandia/ASIC_680ks
    INFO root: Dataset suitesparse_matrix.Sandia/ASIC_680ks found in cache.
INFO:root:...onditionedCGBenchmark.time_preconditioned_cg

·· ...onditionedCGBenchmark.time_preconditioned_cg                 okINFO:root:================================================== =========
                     dataset                                
-------------------------------------------------- ---------
          block_jacobi_cg_inputs.test_A0              n/a   
          block_jacobi_cg_inputs.test_A1              n/a   
          block_jacobi_cg_inputs.test_A2              n/a   
          block_jacobi_cg_inputs.test_A3              n/a   
          block_jacobi_cg_inputs.test_A4              n/a   
          block_jacobi_cg_inputs.test_A5              n/a   
      block_jacobi_cg_inputs.Andrews/Andrews          n/a   
     block_jacobi_cg_inputs.Andrianov/net100          n/a   
     block_jacobi_cg_inputs.Andrianov/net125          n/a   
     block_jacobi_cg_inputs.Andrianov/net150          n/a   
      block_jacobi_cg_inputs.Andrianov/net25          n/a   
      block_jacobi_cg_inputs.Andrianov/net50        14.8±0s 
      block_jacobi_cg_inputs.Andrianov/net75          n/a   
        block_jacobi_cg_inputs.Bai/dw256B             n/a   
        block_jacobi_cg_inputs.Bai/dwb512             n/a   
       block_jacobi_cg_inputs.Bai/mhd3200b            n/a   
       block_jacobi_cg_inputs.Bai/mhd4800b            n/a   
        block_jacobi_cg_inputs.Bai/mhdb416            n/a   
       block_jacobi_cg_inputs.Bindel/ted_B            n/a   
   block_jacobi_cg_inputs.Bindel/ted_B_unscaled     7.09±0s 
      block_jacobi_cg_inputs.Boeing/bcsstk34          n/a   
      block_jacobi_cg_inputs.Boeing/bcsstm39          n/a   
      block_jacobi_cg_inputs.Boeing/crystm01          n/a   
      block_jacobi_cg_inputs.Boeing/crystm02          n/a   
      block_jacobi_cg_inputs.Boeing/crystm03          n/a   
 block_jacobi_cg_inputs.Botonakis/FEM_3D_thermal1     n/a   
 block_jacobi_cg_inputs.Botonakis/FEM_3D_thermal2     n/a   
  block_jacobi_cg_inputs.Botonakis/thermomech_TC    13.5±0s 
  block_jacobi_cg_inputs.Botonakis/thermomech_dM      n/a   
    block_jacobi_cg_inputs.Brunetiere/thermal         n/a   
     block_jacobi_cg_inputs.Cunningham/qa8fm          n/a   
  block_jacobi_cg_inputs.FEMLAB/poisson2D__rhs0       n/a   
      block_jacobi_cg_inputs.FEMLAB/problem1          n/a   
        block_jacobi_cg_inputs.FIDAP/ex29             n/a   
        block_jacobi_cg_inputs.FIDAP/ex37             n/a   
         block_jacobi_cg_inputs.FIDAP/ex5           9.82±0s 
         block_jacobi_cg_inputs.FIDAP/ex7             n/a   
  block_jacobi_cg_inputs.Freescale/circuit5M_dc       n/a   
    block_jacobi_cg_inputs.GHS_psdef/jnlbrng1         n/a   
    block_jacobi_cg_inputs.GHS_psdef/minsurfo         n/a   
    block_jacobi_cg_inputs.GHS_psdef/obstclae         n/a   
    block_jacobi_cg_inputs.GHS_psdef/wathen100        n/a   
    block_jacobi_cg_inputs.GHS_psdef/wathen120        n/a   
     block_jacobi_cg_inputs.Grund/poli__rhs0          n/a   
     block_jacobi_cg_inputs.Guettel/TEM27623        20.7±0s 
        block_jacobi_cg_inputs.HB/bcsstk01            n/a   
        block_jacobi_cg_inputs.HB/bcsstk02            n/a   
        block_jacobi_cg_inputs.HB/bcsstk03            n/a   
        block_jacobi_cg_inputs.HB/bcsstk04            n/a   
        block_jacobi_cg_inputs.HB/bcsstk05            n/a   
        block_jacobi_cg_inputs.HB/bcsstk08            n/a   
        block_jacobi_cg_inputs.HB/bcsstk22            n/a   
        block_jacobi_cg_inputs.HB/bcsstm02          6.95±0s 
        block_jacobi_cg_inputs.HB/bcsstm05            n/a   
        block_jacobi_cg_inputs.HB/bcsstm06            n/a   
        block_jacobi_cg_inputs.HB/bcsstm07            n/a   
        block_jacobi_cg_inputs.HB/bcsstm08            n/a   
        block_jacobi_cg_inputs.HB/bcsstm09            n/a   
        block_jacobi_cg_inputs.HB/bcsstm11            n/a   
        block_jacobi_cg_inputs.HB/bcsstm12            n/a   
        block_jacobi_cg_inputs.HB/bcsstm19          6.93±0s 
        block_jacobi_cg_inputs.HB/bcsstm20            n/a   
        block_jacobi_cg_inputs.HB/bcsstm21            n/a   
        block_jacobi_cg_inputs.HB/bcsstm22            n/a   
        block_jacobi_cg_inputs.HB/bcsstm23            n/a   
        block_jacobi_cg_inputs.HB/bcsstm24            n/a   
        block_jacobi_cg_inputs.HB/bcsstm25            n/a   
        block_jacobi_cg_inputs.HB/bcsstm26            n/a   
        block_jacobi_cg_inputs.HB/fs_541_1          7.01±0s 
        block_jacobi_cg_inputs.HB/gr_30_30            n/a   
         block_jacobi_cg_inputs.HB/lund_a             n/a   
         block_jacobi_cg_inputs.HB/lund_b             n/a   
          block_jacobi_cg_inputs.HB/nos1              n/a   
          block_jacobi_cg_inputs.HB/nos4              n/a   
          block_jacobi_cg_inputs.HB/nos6              n/a   
          block_jacobi_cg_inputs.HB/nos7              n/a   
     block_jacobi_cg_inputs.Hamm/add32__rhs0        7.97±0s 
     block_jacobi_cg_inputs.Lourakis/bundle1          n/a   
       block_jacobi_cg_inputs.MathWorks/Muu           n/a   
   block_jacobi_cg_inputs.MathWorks/tomography        n/a   
 block_jacobi_cg_inputs.MaxPlanck/shallow_water1      n/a   
 block_jacobi_cg_inputs.MaxPlanck/shallow_water2      n/a   
      block_jacobi_cg_inputs.Mulvey/finan512          n/a   
    block_jacobi_cg_inputs.Nasa/nasa2146__rhs0        n/a   
        block_jacobi_cg_inputs.Norris/fv1           10.9±0s 
        block_jacobi_cg_inputs.Norris/fv2             n/a   
     block_jacobi_cg_inputs.Oberwolfach/LF10          n/a   
     block_jacobi_cg_inputs.Oberwolfach/LFAT5         n/a   
        block_jacobi_cg_inputs.PARSEC/Si2             n/a   
       block_jacobi_cg_inputs.Pothen/bodyy4           n/a   
      block_jacobi_cg_inputs.Pothen/mesh1e1           n/a   
      block_jacobi_cg_inputs.Pothen/mesh1em1          n/a   
      block_jacobi_cg_inputs.Pothen/mesh1em6        7.08±0s 
      block_jacobi_cg_inputs.Pothen/mesh2e1           n/a   
      block_jacobi_cg_inputs.Pothen/mesh2em5          n/a   
      block_jacobi_cg_inputs.Pothen/mesh3e1           n/a   
      block_jacobi_cg_inputs.Pothen/mesh3em5          n/a   
     block_jacobi_cg_inputs.Sandia/ASIC_100ks         n/a   
     block_jacobi_cg_inputs.Sandia/ASIC_320ks         n/a   
  block_jacobi_cg_inputs.Um/2cubes_sphere__rhs0       n/a   
================================================== =========

·· ================================================== =========
                        dataset                                
   -------------------------------------------------- ---------
             block_jacobi_cg_inputs.test_A0              n/a   
             block_jacobi_cg_inputs.test_A1              n/a   
             block_jacobi_cg_inputs.test_A2              n/a   
             block_jacobi_cg_inputs.test_A3              n/a   
             block_jacobi_cg_inputs.test_A4              n/a   
             block_jacobi_cg_inputs.test_A5              n/a   
         block_jacobi_cg_inputs.Andrews/Andrews          n/a   
        block_jacobi_cg_inputs.Andrianov/net100          n/a   
        block_jacobi_cg_inputs.Andrianov/net125          n/a   
        block_jacobi_cg_inputs.Andrianov/net150          n/a   
         block_jacobi_cg_inputs.Andrianov/net25          n/a   
         block_jacobi_cg_inputs.Andrianov/net50        14.8±0s 
         block_jacobi_cg_inputs.Andrianov/net75          n/a   
           block_jacobi_cg_inputs.Bai/dw256B             n/a   
           block_jacobi_cg_inputs.Bai/dwb512             n/a   
          block_jacobi_cg_inputs.Bai/mhd3200b            n/a   
          block_jacobi_cg_inputs.Bai/mhd4800b            n/a   
           block_jacobi_cg_inputs.Bai/mhdb416            n/a   
          block_jacobi_cg_inputs.Bindel/ted_B            n/a   
      block_jacobi_cg_inputs.Bindel/ted_B_unscaled     7.09±0s 
         block_jacobi_cg_inputs.Boeing/bcsstk34          n/a   
         block_jacobi_cg_inputs.Boeing/bcsstm39          n/a   
         block_jacobi_cg_inputs.Boeing/crystm01          n/a   
         block_jacobi_cg_inputs.Boeing/crystm02          n/a   
         block_jacobi_cg_inputs.Boeing/crystm03          n/a   
    block_jacobi_cg_inputs.Botonakis/FEM_3D_thermal1     n/a   
    block_jacobi_cg_inputs.Botonakis/FEM_3D_thermal2     n/a   
     block_jacobi_cg_inputs.Botonakis/thermomech_TC    13.5±0s 
     block_jacobi_cg_inputs.Botonakis/thermomech_dM      n/a   
       block_jacobi_cg_inputs.Brunetiere/thermal         n/a   
        block_jacobi_cg_inputs.Cunningham/qa8fm          n/a   
     block_jacobi_cg_inputs.FEMLAB/poisson2D__rhs0       n/a   
         block_jacobi_cg_inputs.FEMLAB/problem1          n/a   
           block_jacobi_cg_inputs.FIDAP/ex29             n/a   
           block_jacobi_cg_inputs.FIDAP/ex37             n/a   
            block_jacobi_cg_inputs.FIDAP/ex5           9.82±0s 
            block_jacobi_cg_inputs.FIDAP/ex7             n/a   
     block_jacobi_cg_inputs.Freescale/circuit5M_dc       n/a   
       block_jacobi_cg_inputs.GHS_psdef/jnlbrng1         n/a   
       block_jacobi_cg_inputs.GHS_psdef/minsurfo         n/a   
       block_jacobi_cg_inputs.GHS_psdef/obstclae         n/a   
       block_jacobi_cg_inputs.GHS_psdef/wathen100        n/a   
       block_jacobi_cg_inputs.GHS_psdef/wathen120        n/a   
        block_jacobi_cg_inputs.Grund/poli__rhs0          n/a   
        block_jacobi_cg_inputs.Guettel/TEM27623        20.7±0s 
           block_jacobi_cg_inputs.HB/bcsstk01            n/a   
           block_jacobi_cg_inputs.HB/bcsstk02            n/a   
           block_jacobi_cg_inputs.HB/bcsstk03            n/a   
           block_jacobi_cg_inputs.HB/bcsstk04            n/a   
           block_jacobi_cg_inputs.HB/bcsstk05            n/a   
           block_jacobi_cg_inputs.HB/bcsstk08            n/a   
           block_jacobi_cg_inputs.HB/bcsstk22            n/a   
           block_jacobi_cg_inputs.HB/bcsstm02          6.95±0s 
           block_jacobi_cg_inputs.HB/bcsstm05            n/a   
           block_jacobi_cg_inputs.HB/bcsstm06            n/a   
           block_jacobi_cg_inputs.HB/bcsstm07            n/a   
           block_jacobi_cg_inputs.HB/bcsstm08            n/a   
           block_jacobi_cg_inputs.HB/bcsstm09            n/a   
           block_jacobi_cg_inputs.HB/bcsstm11            n/a   
           block_jacobi_cg_inputs.HB/bcsstm12            n/a   
           block_jacobi_cg_inputs.HB/bcsstm19          6.93±0s 
           block_jacobi_cg_inputs.HB/bcsstm20            n/a   
           block_jacobi_cg_inputs.HB/bcsstm21            n/a   
           block_jacobi_cg_inputs.HB/bcsstm22            n/a   
           block_jacobi_cg_inputs.HB/bcsstm23            n/a   
           block_jacobi_cg_inputs.HB/bcsstm24            n/a   
           block_jacobi_cg_inputs.HB/bcsstm25            n/a   
           block_jacobi_cg_inputs.HB/bcsstm26            n/a   
           block_jacobi_cg_inputs.HB/fs_541_1          7.01±0s 
           block_jacobi_cg_inputs.HB/gr_30_30            n/a   
            block_jacobi_cg_inputs.HB/lund_a             n/a   
            block_jacobi_cg_inputs.HB/lund_b             n/a   
             block_jacobi_cg_inputs.HB/nos1              n/a   
             block_jacobi_cg_inputs.HB/nos4              n/a   
             block_jacobi_cg_inputs.HB/nos6              n/a   
             block_jacobi_cg_inputs.HB/nos7              n/a   
        block_jacobi_cg_inputs.Hamm/add32__rhs0        7.97±0s 
        block_jacobi_cg_inputs.Lourakis/bundle1          n/a   
          block_jacobi_cg_inputs.MathWorks/Muu           n/a   
      block_jacobi_cg_inputs.MathWorks/tomography        n/a   
    block_jacobi_cg_inputs.MaxPlanck/shallow_water1      n/a   
    block_jacobi_cg_inputs.MaxPlanck/shallow_water2      n/a   
         block_jacobi_cg_inputs.Mulvey/finan512          n/a   
       block_jacobi_cg_inputs.Nasa/nasa2146__rhs0        n/a   
           block_jacobi_cg_inputs.Norris/fv1           10.9±0s 
           block_jacobi_cg_inputs.Norris/fv2             n/a   
        block_jacobi_cg_inputs.Oberwolfach/LF10          n/a   
        block_jacobi_cg_inputs.Oberwolfach/LFAT5         n/a   
           block_jacobi_cg_inputs.PARSEC/Si2             n/a   
          block_jacobi_cg_inputs.Pothen/bodyy4           n/a   
         block_jacobi_cg_inputs.Pothen/mesh1e1           n/a   
         block_jacobi_cg_inputs.Pothen/mesh1em1          n/a   
         block_jacobi_cg_inputs.Pothen/mesh1em6        7.08±0s 
         block_jacobi_cg_inputs.Pothen/mesh2e1           n/a   
         block_jacobi_cg_inputs.Pothen/mesh2em5          n/a   
         block_jacobi_cg_inputs.Pothen/mesh3e1           n/a   
         block_jacobi_cg_inputs.Pothen/mesh3em5          n/a   
        block_jacobi_cg_inputs.Sandia/ASIC_100ks         n/a   
        block_jacobi_cg_inputs.Sandia/ASIC_320ks         n/a   
     block_jacobi_cg_inputs.Um/2cubes_sphere__rhs0       n/a   
   ================================================== =========
ERROR:root:For parameters: block_jacobi_cg_inputs.Andrianov/net50
INFO root: Dataset suitesparse_matrix.Andrianov/net50 found in cache.

For parameters: block_jacobi_cg_inputs.Bindel/ted_B_unscaled
INFO root: Dataset suitesparse_matrix.Bindel/ted_B_unscaled found in cache.

For parameters: block_jacobi_cg_inputs.Botonakis/thermomech_TC
INFO root: Dataset suitesparse_matrix.Botonakis/thermomech_TC found in cache.

For parameters: block_jacobi_cg_inputs.FIDAP/ex5
INFO root: Dataset suitesparse_matrix.FIDAP/ex5 found in cache.

For parameters: block_jacobi_cg_inputs.Guettel/TEM27623
INFO root: Dataset suitesparse_matrix.Guettel/TEM27623 found in cache.

For parameters: block_jacobi_cg_inputs.HB/bcsstm02
INFO root: Dataset suitesparse_matrix.HB/bcsstm02 found in cache.

For parameters: block_jacobi_cg_inputs.HB/bcsstm19
INFO root: Dataset suitesparse_matrix.HB/bcsstm19 found in cache.

For parameters: block_jacobi_cg_inputs.HB/fs_541_1
INFO root: Dataset suitesparse_matrix.HB/fs_541_1 found in cache.

For parameters: block_jacobi_cg_inputs.Hamm/add32__rhs0
INFO root: Dataset suitesparse_matrix.Hamm/add32 found in cache.

For parameters: block_jacobi_cg_inputs.Norris/fv1
INFO root: Dataset suitesparse_matrix.Norris/fv1 found in cache.

For parameters: block_jacobi_cg_inputs.Pothen/mesh1em6
INFO root: Dataset suitesparse_matrix.Pothen/mesh1em6 found in cache.

··· For parameters: block_jacobi_cg_inputs.Andrianov/net50
    INFO root: Dataset suitesparse_matrix.Andrianov/net50 found in cache.
    
    For parameters: block_jacobi_cg_inputs.Bindel/ted_B_unscaled
    INFO root: Dataset suitesparse_matrix.Bindel/ted_B_unscaled found in cache.
    
    For parameters: block_jacobi_cg_inputs.Botonakis/thermomech_TC
    INFO root: Dataset suitesparse_matrix.Botonakis/thermomech_TC found in cache.
    
    For parameters: block_jacobi_cg_inputs.FIDAP/ex5
    INFO root: Dataset suitesparse_matrix.FIDAP/ex5 found in cache.
    
    For parameters: block_jacobi_cg_inputs.Guettel/TEM27623
    INFO root: Dataset suitesparse_matrix.Guettel/TEM27623 found in cache.
    
    For parameters: block_jacobi_cg_inputs.HB/bcsstm02
    INFO root: Dataset suitesparse_matrix.HB/bcsstm02 found in cache.
    
    For parameters: block_jacobi_cg_inputs.HB/bcsstm19
    INFO root: Dataset suitesparse_matrix.HB/bcsstm19 found in cache.
    
    For parameters: block_jacobi_cg_inputs.HB/fs_541_1
    INFO root: Dataset suitesparse_matrix.HB/fs_541_1 found in cache.
    
    For parameters: block_jacobi_cg_inputs.Hamm/add32__rhs0
    INFO root: Dataset suitesparse_matrix.Hamm/add32 found in cache.
    
    For parameters: block_jacobi_cg_inputs.Norris/fv1
    INFO root: Dataset suitesparse_matrix.Norris/fv1 found in cache.
    
    For parameters: block_jacobi_cg_inputs.Pothen/mesh1em6
    INFO root: Dataset suitesparse_matrix.Pothen/mesh1em6 found in cache.
INFO:root:....RPKMeansBenchmark.time_rp_kmeans_clustering

·· ....RPKMeansBenchmark.time_rp_kmeans_clustering                 okINFO:root:================================= =========
             dataset                       
--------------------------------- ---------
 rp_kmeans_inputs.three_clusters     n/a   
  rp_kmeans_inputs.two_clusters      n/a   
      rp_kmeans_openml.mnist       14.6±0s 
     rp_kmeans_openml.cifar10        n/a   
    rp_kmeans_netflix.netflix        n/a   
================================= =========

·· ================================= =========
                dataset                       
   --------------------------------- ---------
    rp_kmeans_inputs.three_clusters     n/a   
     rp_kmeans_inputs.two_clusters      n/a   
         rp_kmeans_openml.mnist       14.6±0s 
        rp_kmeans_openml.cifar10        n/a   
       rp_kmeans_netflix.netflix        n/a   
   ================================= =========
ERROR:root:For parameters: rp_kmeans_openml.mnist
INFO root: Dataset openml_dataset.mnist found in cache.

··· For parameters: rp_kmeans_openml.mnist
    INFO root: Dataset openml_dataset.mnist found in cache.
INFO:root:...hing.SubgraphMatching.time_subgraph_matching

·· ...hing.SubgraphMatching.time_subgraph_matching                 okINFO:root:============================================= =========
                   dataset                             
--------------------------------------------- ---------
   subgraph_matching_test_inputs.all_edges       n/a   
 subgraph_matching_test_inputs.label_a_count     n/a   
     subgraph_matching_test_inputs.a_to_b        n/a   
     subgraph_matching_test_inputs.b_to_a        n/a   
  subgraph_gcare_human.human/Star_3/uf_Q_2_1     n/a   
  subgraph_gcare_human.human/Star_3/uf_Q_0_2   4.28±0s 
  subgraph_gcare_human.human/Star_3/uf_Q_2_2     n/a   
  subgraph_gcare_human.human/Star_3/uf_Q_0_1     n/a   
  subgraph_gcare_human.human/Star_3/uf_Q_2_3     n/a   
  subgraph_gcare_human.human/Star_3/uf_Q_1_1     n/a   
  subgraph_gcare_human.human/Star_3/uf_Q_1_3     n/a   
  subgraph_gcare_human.human/Star_3/uf_Q_1_2     n/a   
  subgraph_gcare_human.human/Star_3/uf_Q_1_6     n/a   
  subgraph_gcare_human.human/Star_3/uf_Q_1_5   4.27±0s 
  subgraph_gcare_human.human/Star_3/uf_Q_1_4     n/a   
 subgraph_gcare_human.human/Chain_3/uf_Q_1_1     n/a   
 subgraph_gcare_human.human/Chain_3/uf_Q_1_3     n/a   
 subgraph_gcare_human.human/Chain_3/uf_Q_1_2     n/a   
 subgraph_gcare_human.human/Graph_3/uf_Q_2_1     n/a   
 subgraph_gcare_human.human/Graph_3/uf_Q_0_3     n/a   
 subgraph_gcare_human.human/Graph_3/uf_Q_0_2     n/a   
 subgraph_gcare_human.human/Graph_3/uf_Q_2_2   4.29±0s 
 subgraph_gcare_human.human/Graph_3/uf_Q_0_1     n/a   
 subgraph_gcare_human.human/Graph_3/uf_Q_2_3     n/a   
 subgraph_gcare_human.human/Graph_3/uf_Q_0_5     n/a   
 subgraph_gcare_human.human/Graph_3/uf_Q_0_4     n/a   
 subgraph_gcare_human.human/Graph_3/uf_Q_2_6     n/a   
 subgraph_gcare_human.human/Graph_3/uf_Q_2_4     n/a   
 subgraph_gcare_human.human/Graph_3/uf_Q_0_6     n/a   
 subgraph_gcare_human.human/Graph_3/uf_Q_2_5   4.26±0s 
 subgraph_gcare_human.human/Graph_3/uf_Q_3_2     n/a   
 subgraph_gcare_human.human/Graph_3/uf_Q_3_3     n/a   
 subgraph_gcare_human.human/Graph_3/uf_Q_1_1     n/a   
 subgraph_gcare_human.human/Graph_3/uf_Q_1_3     n/a   
 subgraph_gcare_human.human/Graph_3/uf_Q_3_1     n/a   
 subgraph_gcare_human.human/Graph_3/uf_Q_1_2     n/a   
 subgraph_gcare_human.human/Graph_3/uf_Q_3_4     n/a   
 subgraph_gcare_human.human/Graph_3/uf_Q_3_5   4.29±0s 
 subgraph_gcare_human.human/Graph_3/uf_Q_3_7     n/a   
 subgraph_gcare_human.human/Graph_3/uf_Q_3_6     n/a   
 subgraph_gcare_human.human/Graph_3/uf_Q_1_4     n/a   
 subgraph_gcare_human.human/Graph_3/uf_Q_3_8     n/a   
 subgraph_gcare_human.human/Graph_3/uf_Q_3_9     n/a   
  subgraph_gcare_human.human/Tree_3/uf_Q_2_1     n/a   
  subgraph_gcare_human.human/Tree_3/uf_Q_0_3     n/a   
  subgraph_gcare_human.human/Tree_3/uf_Q_0_2   4.78±0s 
  subgraph_gcare_human.human/Tree_3/uf_Q_2_2     n/a   
  subgraph_gcare_human.human/Tree_3/uf_Q_0_1     n/a   
  subgraph_gcare_human.human/Tree_3/uf_Q_2_3     n/a   
  subgraph_gcare_human.human/Tree_3/uf_Q_2_4     n/a   
  subgraph_gcare_human.human/Tree_3/uf_Q_3_2     n/a   
  subgraph_gcare_human.human/Tree_3/uf_Q_1_1     n/a   
  subgraph_gcare_human.human/Tree_3/uf_Q_3_1     n/a   
  subgraph_gcare_aids.aids/Chain_12/uf_Q_4_7     n/a   
  subgraph_gcare_aids.aids/Chain_12/uf_Q_4_6     n/a   
  subgraph_gcare_aids.aids/Chain_12/uf_Q_4_4     n/a   
  subgraph_gcare_aids.aids/Chain_12/uf_Q_4_5     n/a   
  subgraph_gcare_aids.aids/Chain_12/uf_Q_4_1     n/a   
  subgraph_gcare_aids.aids/Chain_12/uf_Q_4_2     n/a   
  subgraph_gcare_aids.aids/Chain_12/uf_Q_4_3     n/a   
  subgraph_gcare_aids.aids/Chain_12/uf_Q_5_4     n/a   
  subgraph_gcare_aids.aids/Chain_12/uf_Q_3_2     n/a   
  subgraph_gcare_aids.aids/Chain_12/uf_Q_3_3     n/a   
  subgraph_gcare_aids.aids/Chain_12/uf_Q_5_5     n/a   
  subgraph_gcare_aids.aids/Chain_12/uf_Q_5_7     n/a   
  subgraph_gcare_aids.aids/Chain_12/uf_Q_3_1     n/a   
  subgraph_gcare_aids.aids/Chain_12/uf_Q_5_6     n/a   
  subgraph_gcare_aids.aids/Chain_12/uf_Q_5_2     n/a   
 subgraph_gcare_aids.aids/Chain_12/uf_Q_4_11     n/a   
 subgraph_gcare_aids.aids/Chain_12/uf_Q_4_10     n/a   
  subgraph_gcare_aids.aids/Chain_12/uf_Q_5_3     n/a   
  subgraph_gcare_aids.aids/Chain_12/uf_Q_5_1     n/a   
  subgraph_gcare_aids.aids/Chain_12/uf_Q_5_8     n/a   
  subgraph_gcare_aids.aids/Chain_12/uf_Q_5_9     n/a   
  subgraph_gcare_aids.aids/Chain_12/uf_Q_4_8     n/a   
 subgraph_gcare_aids.aids/Chain_12/uf_Q_5_12     n/a   
  subgraph_gcare_aids.aids/Chain_12/uf_Q_4_9     n/a   
 subgraph_gcare_aids.aids/Chain_12/uf_Q_5_10     n/a   
 subgraph_gcare_aids.aids/Chain_12/uf_Q_5_11     n/a   
  subgraph_gcare_aids.aids/Graph_12/uf_Q_0_1     n/a   
  subgraph_gcare_aids.aids/Chain_6/uf_Q_2_1      n/a   
  subgraph_gcare_aids.aids/Chain_6/uf_Q_0_3      n/a   
  subgraph_gcare_aids.aids/Chain_6/uf_Q_4_7      n/a   
  subgraph_gcare_aids.aids/Chain_6/uf_Q_5_20     n/a   
  subgraph_gcare_aids.aids/Chain_6/uf_Q_4_6      n/a   
  subgraph_gcare_aids.aids/Chain_6/uf_Q_0_2      n/a   
  subgraph_gcare_aids.aids/Chain_6/uf_Q_2_2      n/a   
  subgraph_gcare_aids.aids/Chain_6/uf_Q_4_4      n/a   
  subgraph_gcare_aids.aids/Chain_6/uf_Q_4_5      n/a   
  subgraph_gcare_aids.aids/Chain_6/uf_Q_0_1      n/a   
  subgraph_gcare_aids.aids/Chain_6/uf_Q_2_3      n/a   
  subgraph_gcare_aids.aids/Chain_6/uf_Q_2_7      n/a   
  subgraph_gcare_aids.aids/Chain_6/uf_Q_0_5      n/a   
  subgraph_gcare_aids.aids/Chain_6/uf_Q_4_1      n/a   
  subgraph_gcare_aids.aids/Chain_6/uf_Q_0_4      n/a   
  subgraph_gcare_aids.aids/Chain_6/uf_Q_2_6      n/a   
  subgraph_gcare_aids.aids/Chain_6/uf_Q_2_4      n/a   
  subgraph_gcare_aids.aids/Chain_6/uf_Q_5_19     n/a   
  subgraph_gcare_aids.aids/Chain_6/uf_Q_2_10     n/a   
  subgraph_gcare_aids.aids/Chain_6/uf_Q_4_2      n/a   
  subgraph_gcare_aids.aids/Chain_6/uf_Q_4_3      n/a   
  subgraph_gcare_aids.aids/Chain_6/uf_Q_5_18     n/a   
  subgraph_gcare_aids.aids/Chain_6/uf_Q_2_11     n/a   
  subgraph_gcare_aids.aids/Chain_6/uf_Q_2_5      n/a   
  subgraph_gcare_aids.aids/Chain_6/uf_Q_5_4      n/a   
  subgraph_gcare_aids.aids/Chain_6/uf_Q_4_17     n/a   
  subgraph_gcare_aids.aids/Chain_6/uf_Q_3_2      n/a   
  subgraph_gcare_aids.aids/Chain_6/uf_Q_3_3      n/a   
  subgraph_gcare_aids.aids/Chain_6/uf_Q_1_1      n/a   
  subgraph_gcare_aids.aids/Chain_6/uf_Q_4_16     n/a   
  subgraph_gcare_aids.aids/Chain_6/uf_Q_5_5      n/a   
  subgraph_gcare_aids.aids/Chain_6/uf_Q_5_7      n/a   
  subgraph_gcare_aids.aids/Chain_6/uf_Q_4_14     n/a   
  subgraph_gcare_aids.aids/Chain_6/uf_Q_1_3      n/a   
  subgraph_gcare_aids.aids/Chain_6/uf_Q_3_1      n/a   
  subgraph_gcare_aids.aids/Chain_6/uf_Q_1_2      n/a   
  subgraph_gcare_aids.aids/Chain_6/uf_Q_4_15     n/a   
  subgraph_gcare_aids.aids/Chain_6/uf_Q_5_6      n/a   
  subgraph_gcare_aids.aids/Chain_6/uf_Q_5_2      n/a   
  subgraph_gcare_aids.aids/Chain_6/uf_Q_4_11     n/a   
  subgraph_gcare_aids.aids/Chain_6/uf_Q_3_4      n/a   
  subgraph_gcare_aids.aids/Chain_6/uf_Q_3_5      n/a   
  subgraph_gcare_aids.aids/Chain_6/uf_Q_4_10     n/a   
  subgraph_gcare_aids.aids/Chain_6/uf_Q_5_3      n/a   
  subgraph_gcare_aids.aids/Chain_6/uf_Q_5_1      n/a   
  subgraph_gcare_aids.aids/Chain_6/uf_Q_4_12     n/a   
  subgraph_gcare_aids.aids/Chain_6/uf_Q_3_7      n/a   
  subgraph_gcare_aids.aids/Chain_6/uf_Q_3_6      n/a   
  subgraph_gcare_aids.aids/Chain_6/uf_Q_1_4      n/a   
  subgraph_gcare_aids.aids/Chain_6/uf_Q_4_13     n/a   
  subgraph_gcare_aids.aids/Chain_6/uf_Q_3_8      n/a   
  subgraph_gcare_aids.aids/Chain_6/uf_Q_3_9      n/a   
  subgraph_gcare_aids.aids/Chain_6/uf_Q_3_10     n/a   
  subgraph_gcare_aids.aids/Chain_6/uf_Q_5_8      n/a   
  subgraph_gcare_aids.aids/Chain_6/uf_Q_5_9      n/a   
  subgraph_gcare_aids.aids/Chain_6/uf_Q_2_8      n/a   
  subgraph_gcare_aids.aids/Chain_6/uf_Q_5_15     n/a   
  subgraph_gcare_aids.aids/Chain_6/uf_Q_5_14     n/a   
  subgraph_gcare_aids.aids/Chain_6/uf_Q_2_9      n/a   
  subgraph_gcare_aids.aids/Chain_6/uf_Q_5_16     n/a   
  subgraph_gcare_aids.aids/Chain_6/uf_Q_5_17     n/a   
  subgraph_gcare_aids.aids/Chain_6/uf_Q_4_8      n/a   
  subgraph_gcare_aids.aids/Chain_6/uf_Q_5_13     n/a   
  subgraph_gcare_aids.aids/Chain_6/uf_Q_5_12     n/a   
  subgraph_gcare_aids.aids/Chain_6/uf_Q_4_9      n/a   
  subgraph_gcare_aids.aids/Chain_6/uf_Q_5_10     n/a   
  subgraph_gcare_aids.aids/Chain_6/uf_Q_5_11     n/a   
  subgraph_gcare_aids.aids/Star_12/uf_Q_4_1      n/a   
  subgraph_gcare_aids.aids/Star_12/uf_Q_4_2      n/a   
  subgraph_gcare_aids.aids/Chain_9/uf_Q_2_1      n/a   
  subgraph_gcare_aids.aids/Chain_9/uf_Q_4_7      n/a   
  subgraph_gcare_aids.aids/Chain_9/uf_Q_4_6      n/a   
  subgraph_gcare_aids.aids/Chain_9/uf_Q_2_2      n/a   
  subgraph_gcare_aids.aids/Chain_9/uf_Q_4_4      n/a   
  subgraph_gcare_aids.aids/Chain_9/uf_Q_4_5      n/a   
  subgraph_gcare_aids.aids/Chain_9/uf_Q_4_1      n/a   
  subgraph_gcare_aids.aids/Chain_9/uf_Q_5_19     n/a   
  subgraph_gcare_aids.aids/Chain_9/uf_Q_4_2      n/a   
  subgraph_gcare_aids.aids/Chain_9/uf_Q_4_3      n/a   
  subgraph_gcare_aids.aids/Chain_9/uf_Q_5_18     n/a   
  subgraph_gcare_aids.aids/Chain_9/uf_Q_5_4      n/a   
  subgraph_gcare_aids.aids/Chain_9/uf_Q_3_2      n/a   
  subgraph_gcare_aids.aids/Chain_9/uf_Q_3_3      n/a   
  subgraph_gcare_aids.aids/Chain_9/uf_Q_5_5      n/a   
  subgraph_gcare_aids.aids/Chain_9/uf_Q_5_7      n/a   
  subgraph_gcare_aids.aids/Chain_9/uf_Q_4_14     n/a   
  subgraph_gcare_aids.aids/Chain_9/uf_Q_3_1      n/a   
  subgraph_gcare_aids.aids/Chain_9/uf_Q_5_6      n/a   
  subgraph_gcare_aids.aids/Chain_9/uf_Q_5_2      n/a   
  subgraph_gcare_aids.aids/Chain_9/uf_Q_4_11     n/a   
  subgraph_gcare_aids.aids/Chain_9/uf_Q_3_4      n/a   
  subgraph_gcare_aids.aids/Chain_9/uf_Q_3_5      n/a   
  subgraph_gcare_aids.aids/Chain_9/uf_Q_4_10     n/a   
  subgraph_gcare_aids.aids/Chain_9/uf_Q_5_3      n/a   
  subgraph_gcare_aids.aids/Chain_9/uf_Q_5_1      n/a   
  subgraph_gcare_aids.aids/Chain_9/uf_Q_4_12     n/a   
  subgraph_gcare_aids.aids/Chain_9/uf_Q_3_7      n/a   
  subgraph_gcare_aids.aids/Chain_9/uf_Q_3_6      n/a   
  subgraph_gcare_aids.aids/Chain_9/uf_Q_4_13     n/a   
  subgraph_gcare_aids.aids/Chain_9/uf_Q_3_8      n/a   
  subgraph_gcare_aids.aids/Chain_9/uf_Q_3_9      n/a   
  subgraph_gcare_aids.aids/Chain_9/uf_Q_5_8      n/a   
  subgraph_gcare_aids.aids/Chain_9/uf_Q_5_9      n/a   
  subgraph_gcare_aids.aids/Chain_9/uf_Q_5_15     n/a   
  subgraph_gcare_aids.aids/Chain_9/uf_Q_5_14     n/a   
  subgraph_gcare_aids.aids/Chain_9/uf_Q_5_16     n/a   
  subgraph_gcare_aids.aids/Chain_9/uf_Q_5_17     n/a   
  subgraph_gcare_aids.aids/Chain_9/uf_Q_4_8      n/a   
  subgraph_gcare_aids.aids/Chain_9/uf_Q_5_13     n/a   
  subgraph_gcare_aids.aids/Chain_9/uf_Q_5_12     n/a   
  subgraph_gcare_aids.aids/Chain_9/uf_Q_4_9      n/a   
  subgraph_gcare_aids.aids/Chain_9/uf_Q_5_10     n/a   
  subgraph_gcare_aids.aids/Chain_9/uf_Q_5_11     n/a   
   subgraph_gcare_aids.aids/Tree_6/uf_Q_2_1      n/a   
  subgraph_gcare_aids.aids/Tree_6/uf_Q_5_20      n/a   
   subgraph_gcare_aids.aids/Tree_6/uf_Q_2_2      n/a   
   subgraph_gcare_aids.aids/Tree_6/uf_Q_4_4      n/a   
   subgraph_gcare_aids.aids/Tree_6/uf_Q_4_5      n/a   
   subgraph_gcare_aids.aids/Tree_6/uf_Q_2_3      n/a   
   subgraph_gcare_aids.aids/Tree_6/uf_Q_4_1      n/a   
   subgraph_gcare_aids.aids/Tree_6/uf_Q_2_6      n/a   
   subgraph_gcare_aids.aids/Tree_6/uf_Q_2_4      n/a   
  subgraph_gcare_aids.aids/Tree_6/uf_Q_5_19      n/a   
   subgraph_gcare_aids.aids/Tree_6/uf_Q_4_2      n/a   
   subgraph_gcare_aids.aids/Tree_6/uf_Q_4_3      n/a   
  subgraph_gcare_aids.aids/Tree_6/uf_Q_5_18      n/a   
   subgraph_gcare_aids.aids/Tree_6/uf_Q_2_5      n/a   
   subgraph_gcare_aids.aids/Tree_6/uf_Q_5_4      n/a   
   subgraph_gcare_aids.aids/Tree_6/uf_Q_3_2      n/a   
   subgraph_gcare_aids.aids/Tree_6/uf_Q_3_3      n/a   
   subgraph_gcare_aids.aids/Tree_6/uf_Q_1_1      n/a   
   subgraph_gcare_aids.aids/Tree_6/uf_Q_5_5      n/a   
   subgraph_gcare_aids.aids/Tree_6/uf_Q_5_7      n/a   
   subgraph_gcare_aids.aids/Tree_6/uf_Q_1_3      n/a   
   subgraph_gcare_aids.aids/Tree_6/uf_Q_3_1      n/a   
   subgraph_gcare_aids.aids/Tree_6/uf_Q_1_2      n/a   
   subgraph_gcare_aids.aids/Tree_6/uf_Q_5_6      n/a   
   subgraph_gcare_aids.aids/Tree_6/uf_Q_5_2      n/a   
   subgraph_gcare_aids.aids/Tree_6/uf_Q_3_4      n/a   
   subgraph_gcare_aids.aids/Tree_6/uf_Q_3_5      n/a   
   subgraph_gcare_aids.aids/Tree_6/uf_Q_5_3      n/a   
   subgraph_gcare_aids.aids/Tree_6/uf_Q_5_1      n/a   
   subgraph_gcare_aids.aids/Tree_6/uf_Q_3_7      n/a   
   subgraph_gcare_aids.aids/Tree_6/uf_Q_3_6      n/a   
   subgraph_gcare_aids.aids/Tree_6/uf_Q_1_4      n/a   
  subgraph_gcare_aids.aids/Tree_6/uf_Q_3_14      n/a   
   subgraph_gcare_aids.aids/Tree_6/uf_Q_3_8      n/a   
   subgraph_gcare_aids.aids/Tree_6/uf_Q_3_9      n/a   
  subgraph_gcare_aids.aids/Tree_6/uf_Q_3_11      n/a   
  subgraph_gcare_aids.aids/Tree_6/uf_Q_3_10      n/a   
   subgraph_gcare_aids.aids/Tree_6/uf_Q_5_8      n/a   
  subgraph_gcare_aids.aids/Tree_6/uf_Q_3_12      n/a   
  subgraph_gcare_aids.aids/Tree_6/uf_Q_3_13      n/a   
   subgraph_gcare_aids.aids/Tree_6/uf_Q_5_9      n/a   
  subgraph_gcare_aids.aids/Tree_6/uf_Q_5_15      n/a   
  subgraph_gcare_aids.aids/Tree_6/uf_Q_5_14      n/a   
  subgraph_gcare_aids.aids/Tree_6/uf_Q_5_16      n/a   
  subgraph_gcare_aids.aids/Tree_6/uf_Q_5_17      n/a   
  subgraph_gcare_aids.aids/Tree_6/uf_Q_5_13      n/a   
  subgraph_gcare_aids.aids/Tree_6/uf_Q_5_12      n/a   
  subgraph_gcare_aids.aids/Tree_6/uf_Q_5_10      n/a   
  subgraph_gcare_aids.aids/Tree_6/uf_Q_5_11      n/a   
  subgraph_gcare_aids.aids/Cycle_6/uf_Q_2_1      n/a   
  subgraph_gcare_aids.aids/Cycle_6/uf_Q_2_2      n/a   
  subgraph_gcare_aids.aids/Cycle_6/uf_Q_2_4      n/a   
  subgraph_gcare_aids.aids/Cycle_6/uf_Q_3_2      n/a   
  subgraph_gcare_aids.aids/Cycle_6/uf_Q_3_3      n/a   
  subgraph_gcare_aids.aids/Cycle_6/uf_Q_1_1      n/a   
  subgraph_gcare_aids.aids/Cycle_6/uf_Q_1_3      n/a   
  subgraph_gcare_aids.aids/Cycle_6/uf_Q_3_1      n/a   
  subgraph_gcare_aids.aids/Cycle_6/uf_Q_1_2      n/a   
  subgraph_gcare_aids.aids/Cycle_6/uf_Q_1_4      n/a   
  subgraph_gcare_aids.aids/Flower_6/uf_Q_2_1     n/a   
  subgraph_gcare_aids.aids/Flower_6/uf_Q_4_6     n/a   
  subgraph_gcare_aids.aids/Flower_6/uf_Q_0_2     n/a   
  subgraph_gcare_aids.aids/Flower_6/uf_Q_2_2     n/a   
  subgraph_gcare_aids.aids/Flower_6/uf_Q_4_4     n/a   
  subgraph_gcare_aids.aids/Flower_6/uf_Q_4_5     n/a   
  subgraph_gcare_aids.aids/Flower_6/uf_Q_0_1     n/a   
  subgraph_gcare_aids.aids/Flower_6/uf_Q_2_3     n/a   
  subgraph_gcare_aids.aids/Flower_6/uf_Q_2_7     n/a   
  subgraph_gcare_aids.aids/Flower_6/uf_Q_4_1     n/a   
  subgraph_gcare_aids.aids/Flower_6/uf_Q_2_6     n/a   
  subgraph_gcare_aids.aids/Flower_6/uf_Q_2_4     n/a   
  subgraph_gcare_aids.aids/Flower_6/uf_Q_4_2     n/a   
  subgraph_gcare_aids.aids/Flower_6/uf_Q_4_3     n/a   
  subgraph_gcare_aids.aids/Flower_6/uf_Q_2_5     n/a   
  subgraph_gcare_aids.aids/Flower_6/uf_Q_5_4     n/a   
  subgraph_gcare_aids.aids/Flower_6/uf_Q_3_2     n/a   
  subgraph_gcare_aids.aids/Flower_6/uf_Q_3_3     n/a   
  subgraph_gcare_aids.aids/Flower_6/uf_Q_5_5     n/a   
  subgraph_gcare_aids.aids/Flower_6/uf_Q_1_3     n/a   
  subgraph_gcare_aids.aids/Flower_6/uf_Q_3_1     n/a   
  subgraph_gcare_aids.aids/Flower_6/uf_Q_5_2     n/a   
  subgraph_gcare_aids.aids/Flower_6/uf_Q_1_6     n/a   
  subgraph_gcare_aids.aids/Flower_6/uf_Q_3_4     n/a   
  subgraph_gcare_aids.aids/Flower_6/uf_Q_3_5     n/a   
  subgraph_gcare_aids.aids/Flower_6/uf_Q_1_7     n/a   
  subgraph_gcare_aids.aids/Flower_6/uf_Q_5_3     n/a   
  subgraph_gcare_aids.aids/Flower_6/uf_Q_5_1     n/a   
  subgraph_gcare_aids.aids/Flower_6/uf_Q_3_7     n/a   
  subgraph_gcare_aids.aids/Flower_6/uf_Q_3_6     n/a   
  subgraph_gcare_aids.aids/Flower_6/uf_Q_1_4     n/a   
 subgraph_gcare_aids.aids/Flower_6/uf_Q_3_16     n/a   
 subgraph_gcare_aids.aids/Flower_6/uf_Q_3_14     n/a   
  subgraph_gcare_aids.aids/Flower_6/uf_Q_3_8     n/a   
  subgraph_gcare_aids.aids/Flower_6/uf_Q_3_9     n/a   
 subgraph_gcare_aids.aids/Flower_6/uf_Q_3_15     n/a   
 subgraph_gcare_aids.aids/Flower_6/uf_Q_3_11     n/a   
 subgraph_gcare_aids.aids/Flower_6/uf_Q_3_10     n/a   
 subgraph_gcare_aids.aids/Flower_6/uf_Q_3_12     n/a   
 subgraph_gcare_aids.aids/Flower_6/uf_Q_3_13     n/a   
  subgraph_gcare_aids.aids/Graph_9/uf_Q_0_2      n/a   
  subgraph_gcare_aids.aids/Graph_9/uf_Q_0_1      n/a   
  subgraph_gcare_aids.aids/Graph_9/uf_Q_1_3      n/a   
  subgraph_gcare_aids.aids/Tree_12/uf_Q_4_7      n/a   
  subgraph_gcare_aids.aids/Tree_12/uf_Q_4_6      n/a   
  subgraph_gcare_aids.aids/Tree_12/uf_Q_4_4      n/a   
  subgraph_gcare_aids.aids/Tree_12/uf_Q_4_5      n/a   
  subgraph_gcare_aids.aids/Tree_12/uf_Q_0_1      n/a   
  subgraph_gcare_aids.aids/Tree_12/uf_Q_4_1      n/a   
  subgraph_gcare_aids.aids/Tree_12/uf_Q_4_2      n/a   
  subgraph_gcare_aids.aids/Tree_12/uf_Q_4_3      n/a   
  subgraph_gcare_aids.aids/Tree_12/uf_Q_5_4      n/a   
  subgraph_gcare_aids.aids/Tree_12/uf_Q_3_2      n/a   
  subgraph_gcare_aids.aids/Tree_12/uf_Q_5_5      n/a   
  subgraph_gcare_aids.aids/Tree_12/uf_Q_5_7      n/a   
  subgraph_gcare_aids.aids/Tree_12/uf_Q_4_14     n/a   
  subgraph_gcare_aids.aids/Tree_12/uf_Q_3_1      n/a   
  subgraph_gcare_aids.aids/Tree_12/uf_Q_5_6      n/a   
  subgraph_gcare_aids.aids/Tree_12/uf_Q_5_2      n/a   
  subgraph_gcare_aids.aids/Tree_12/uf_Q_4_11     n/a   
  subgraph_gcare_aids.aids/Tree_12/uf_Q_4_10     n/a   
  subgraph_gcare_aids.aids/Tree_12/uf_Q_5_3      n/a   
  subgraph_gcare_aids.aids/Tree_12/uf_Q_5_1      n/a   
  subgraph_gcare_aids.aids/Tree_12/uf_Q_4_12     n/a   
  subgraph_gcare_aids.aids/Tree_12/uf_Q_4_13     n/a   
  subgraph_gcare_aids.aids/Tree_12/uf_Q_3_11     n/a   
  subgraph_gcare_aids.aids/Tree_12/uf_Q_5_8      n/a   
  subgraph_gcare_aids.aids/Tree_12/uf_Q_5_9      n/a   
  subgraph_gcare_aids.aids/Tree_12/uf_Q_5_14     n/a   
  subgraph_gcare_aids.aids/Tree_12/uf_Q_4_8      n/a   
  subgraph_gcare_aids.aids/Tree_12/uf_Q_5_13     n/a   
  subgraph_gcare_aids.aids/Tree_12/uf_Q_5_12     n/a   
  subgraph_gcare_aids.aids/Tree_12/uf_Q_4_9      n/a   
  subgraph_gcare_aids.aids/Tree_12/uf_Q_5_10     n/a   
  subgraph_gcare_aids.aids/Tree_12/uf_Q_5_11     n/a   
   subgraph_gcare_aids.aids/Tree_9/uf_Q_2_1      n/a   
   subgraph_gcare_aids.aids/Tree_9/uf_Q_4_7      n/a   
   subgraph_gcare_aids.aids/Tree_9/uf_Q_4_6      n/a   
   subgraph_gcare_aids.aids/Tree_9/uf_Q_4_4      n/a   
   subgraph_gcare_aids.aids/Tree_9/uf_Q_4_5      n/a   
   subgraph_gcare_aids.aids/Tree_9/uf_Q_0_1      n/a   
   subgraph_gcare_aids.aids/Tree_9/uf_Q_4_1      n/a   
   subgraph_gcare_aids.aids/Tree_9/uf_Q_4_2      n/a   
   subgraph_gcare_aids.aids/Tree_9/uf_Q_4_3      n/a   
   subgraph_gcare_aids.aids/Tree_9/uf_Q_5_4      n/a   
   subgraph_gcare_aids.aids/Tree_9/uf_Q_3_2      n/a   
   subgraph_gcare_aids.aids/Tree_9/uf_Q_3_3      n/a   
   subgraph_gcare_aids.aids/Tree_9/uf_Q_5_5      n/a   
   subgraph_gcare_aids.aids/Tree_9/uf_Q_5_7      n/a   
  subgraph_gcare_aids.aids/Tree_9/uf_Q_4_14      n/a   
   subgraph_gcare_aids.aids/Tree_9/uf_Q_3_1      n/a   
  subgraph_gcare_aids.aids/Tree_9/uf_Q_4_15      n/a   
   subgraph_gcare_aids.aids/Tree_9/uf_Q_5_6      n/a   
   subgraph_gcare_aids.aids/Tree_9/uf_Q_5_2      n/a   
  subgraph_gcare_aids.aids/Tree_9/uf_Q_4_11      n/a   
   subgraph_gcare_aids.aids/Tree_9/uf_Q_3_4      n/a   
   subgraph_gcare_aids.aids/Tree_9/uf_Q_3_5      n/a   
  subgraph_gcare_aids.aids/Tree_9/uf_Q_4_10      n/a   
   subgraph_gcare_aids.aids/Tree_9/uf_Q_5_3      n/a   
   subgraph_gcare_aids.aids/Tree_9/uf_Q_5_1      n/a   
  subgraph_gcare_aids.aids/Tree_9/uf_Q_4_12      n/a   
   subgraph_gcare_aids.aids/Tree_9/uf_Q_3_7      n/a   
   subgraph_gcare_aids.aids/Tree_9/uf_Q_3_6      n/a   
  subgraph_gcare_aids.aids/Tree_9/uf_Q_4_13      n/a   
   subgraph_gcare_aids.aids/Tree_9/uf_Q_3_8      n/a   
   subgraph_gcare_aids.aids/Tree_9/uf_Q_3_9      n/a   
  subgraph_gcare_aids.aids/Tree_9/uf_Q_3_10      n/a   
   subgraph_gcare_aids.aids/Tree_9/uf_Q_5_8      n/a   
   subgraph_gcare_aids.aids/Tree_9/uf_Q_5_9      n/a   
   subgraph_gcare_aids.aids/Tree_9/uf_Q_4_8      n/a   
   subgraph_gcare_aids.aids/Tree_9/uf_Q_4_9      n/a   
  subgraph_gcare_aids.aids/Tree_9/uf_Q_5_10      n/a   
  subgraph_gcare_aids.aids/Tree_9/uf_Q_5_11      n/a   
  subgraph_gcare_aids.aids/Flower_9/uf_Q_2_1     n/a   
  subgraph_gcare_aids.aids/Flower_9/uf_Q_4_7     n/a   
  subgraph_gcare_aids.aids/Flower_9/uf_Q_4_6     n/a   
  subgraph_gcare_aids.aids/Flower_9/uf_Q_2_2     n/a   
  subgraph_gcare_aids.aids/Flower_9/uf_Q_4_4     n/a   
  subgraph_gcare_aids.aids/Flower_9/uf_Q_4_5     n/a   
  subgraph_gcare_aids.aids/Flower_9/uf_Q_4_1     n/a   
  subgraph_gcare_aids.aids/Flower_9/uf_Q_2_4     n/a   
  subgraph_gcare_aids.aids/Flower_9/uf_Q_4_2     n/a   
  subgraph_gcare_aids.aids/Flower_9/uf_Q_4_3     n/a   
  subgraph_gcare_aids.aids/Flower_9/uf_Q_5_4     n/a   
  subgraph_gcare_aids.aids/Flower_9/uf_Q_3_2     n/a   
  subgraph_gcare_aids.aids/Flower_9/uf_Q_3_3     n/a   
  subgraph_gcare_aids.aids/Flower_9/uf_Q_5_5     n/a   
  subgraph_gcare_aids.aids/Flower_9/uf_Q_5_7     n/a   
  subgraph_gcare_aids.aids/Flower_9/uf_Q_3_1     n/a   
  subgraph_gcare_aids.aids/Flower_9/uf_Q_1_2     n/a   
  subgraph_gcare_aids.aids/Flower_9/uf_Q_5_6     n/a   
  subgraph_gcare_aids.aids/Flower_9/uf_Q_5_2     n/a   
 subgraph_gcare_aids.aids/Flower_9/uf_Q_4_11     n/a   
  subgraph_gcare_aids.aids/Flower_9/uf_Q_3_4     n/a   
  subgraph_gcare_aids.aids/Flower_9/uf_Q_3_5     n/a   
 subgraph_gcare_aids.aids/Flower_9/uf_Q_4_10     n/a   
  subgraph_gcare_aids.aids/Flower_9/uf_Q_5_3     n/a   
  subgraph_gcare_aids.aids/Flower_9/uf_Q_5_1     n/a   
 subgraph_gcare_aids.aids/Flower_9/uf_Q_4_12     n/a   
  subgraph_gcare_aids.aids/Flower_9/uf_Q_3_7     n/a   
  subgraph_gcare_aids.aids/Flower_9/uf_Q_3_6     n/a   
  subgraph_gcare_aids.aids/Flower_9/uf_Q_3_8     n/a   
  subgraph_gcare_aids.aids/Flower_9/uf_Q_3_9     n/a   
 subgraph_gcare_aids.aids/Flower_9/uf_Q_3_10     n/a   
  subgraph_gcare_aids.aids/Flower_9/uf_Q_5_8     n/a   
  subgraph_gcare_aids.aids/Flower_9/uf_Q_5_9     n/a   
  subgraph_gcare_aids.aids/Flower_9/uf_Q_4_8     n/a   
  subgraph_gcare_aids.aids/Flower_9/uf_Q_4_9     n/a   
 subgraph_gcare_aids.aids/Flower_9/uf_Q_5_10     n/a   
 subgraph_gcare_aids.aids/Flower_9/uf_Q_5_11     n/a   
  subgraph_gcare_aids.aids/Graph_6/uf_Q_4_4      n/a   
  subgraph_gcare_aids.aids/Graph_6/uf_Q_0_1      n/a   
  subgraph_gcare_aids.aids/Graph_6/uf_Q_4_1      n/a   
  subgraph_gcare_aids.aids/Graph_6/uf_Q_4_2      n/a   
  subgraph_gcare_aids.aids/Graph_6/uf_Q_4_3      n/a   
  subgraph_gcare_aids.aids/Graph_6/uf_Q_5_4      n/a   
  subgraph_gcare_aids.aids/Graph_6/uf_Q_3_2      n/a   
  subgraph_gcare_aids.aids/Graph_6/uf_Q_3_1      n/a   
  subgraph_gcare_aids.aids/Graph_6/uf_Q_1_7      n/a   
  subgraph_gcare_aids.aids/Graph_6/uf_Q_5_3      n/a   
  subgraph_gcare_aids.aids/Graph_6/uf_Q_5_1      n/a   
  subgraph_gcare_aids.aids/Graph_6/uf_Q_3_8      n/a   
  subgraph_gcare_aids.aids/Graph_6/uf_Q_4_18     n/a   
  subgraph_gcare_aids.aids/Graph_6/uf_Q_5_14     n/a   
  subgraph_gcare_aids.aids/Graph_6/uf_Q_5_10     n/a   
   subgraph_gcare_aids.aids/Star_3/uf_Q_2_1    6.25±0s 
   subgraph_gcare_aids.aids/Star_3/uf_Q_4_7      n/a   
   subgraph_gcare_aids.aids/Star_3/uf_Q_4_6      n/a   
   subgraph_gcare_aids.aids/Star_3/uf_Q_2_2      n/a   
   subgraph_gcare_aids.aids/Star_3/uf_Q_4_4      n/a   
   subgraph_gcare_aids.aids/Star_3/uf_Q_4_5      n/a   
   subgraph_gcare_aids.aids/Star_3/uf_Q_0_1      n/a   
   subgraph_gcare_aids.aids/Star_3/uf_Q_2_3      n/a   
   subgraph_gcare_aids.aids/Star_3/uf_Q_2_7      n/a   
   subgraph_gcare_aids.aids/Star_3/uf_Q_4_1      n/a   
  subgraph_gcare_aids.aids/Star_3/uf_Q_2_12      n/a   
   subgraph_gcare_aids.aids/Star_3/uf_Q_2_6      n/a   
   subgraph_gcare_aids.aids/Star_3/uf_Q_2_4      n/a   
  subgraph_gcare_aids.aids/Star_3/uf_Q_2_10    4.41±0s 
   subgraph_gcare_aids.aids/Star_3/uf_Q_4_2      n/a   
   subgraph_gcare_aids.aids/Star_3/uf_Q_4_3      n/a   
  subgraph_gcare_aids.aids/Star_3/uf_Q_2_11      n/a   
   subgraph_gcare_aids.aids/Star_3/uf_Q_2_5      n/a   
  subgraph_gcare_aids.aids/Star_3/uf_Q_4_17      n/a   
   subgraph_gcare_aids.aids/Star_3/uf_Q_3_2      n/a   
   subgraph_gcare_aids.aids/Star_3/uf_Q_3_3      n/a   
   subgraph_gcare_aids.aids/Star_3/uf_Q_1_1      n/a   
  subgraph_gcare_aids.aids/Star_3/uf_Q_4_16      n/a   
  subgraph_gcare_aids.aids/Star_3/uf_Q_4_14      n/a   
   subgraph_gcare_aids.aids/Star_3/uf_Q_1_3      n/a   
   subgraph_gcare_aids.aids/Star_3/uf_Q_3_1      n/a   
   subgraph_gcare_aids.aids/Star_3/uf_Q_1_2    4.31±0s 
  subgraph_gcare_aids.aids/Star_3/uf_Q_4_15      n/a   
  subgraph_gcare_aids.aids/Star_3/uf_Q_4_11      n/a   
   subgraph_gcare_aids.aids/Star_3/uf_Q_1_6      n/a   
   subgraph_gcare_aids.aids/Star_3/uf_Q_3_4      n/a   
   subgraph_gcare_aids.aids/Star_3/uf_Q_3_5      n/a   
   subgraph_gcare_aids.aids/Star_3/uf_Q_1_7      n/a   
  subgraph_gcare_aids.aids/Star_3/uf_Q_4_10      n/a   
  subgraph_gcare_aids.aids/Star_3/uf_Q_4_12      n/a   
   subgraph_gcare_aids.aids/Star_3/uf_Q_1_5      n/a   
   subgraph_gcare_aids.aids/Star_3/uf_Q_3_7      n/a   
   subgraph_gcare_aids.aids/Star_3/uf_Q_3_6      n/a   
   subgraph_gcare_aids.aids/Star_3/uf_Q_1_4    4.28±0s 
  subgraph_gcare_aids.aids/Star_3/uf_Q_4_13      n/a   
  subgraph_gcare_aids.aids/Star_3/uf_Q_3_17      n/a   
   subgraph_gcare_aids.aids/Star_3/uf_Q_1_9      n/a   
   subgraph_gcare_aids.aids/Star_3/uf_Q_1_8      n/a   
  subgraph_gcare_aids.aids/Star_3/uf_Q_3_16      n/a   
  subgraph_gcare_aids.aids/Star_3/uf_Q_3_14      n/a   
   subgraph_gcare_aids.aids/Star_3/uf_Q_3_8      n/a   
   subgraph_gcare_aids.aids/Star_3/uf_Q_3_9      n/a   
  subgraph_gcare_aids.aids/Star_3/uf_Q_4_20      n/a   
  subgraph_gcare_aids.aids/Star_3/uf_Q_3_15      n/a   
  subgraph_gcare_aids.aids/Star_3/uf_Q_4_18      n/a   
  subgraph_gcare_aids.aids/Star_3/uf_Q_3_11    4.62±0s 
  subgraph_gcare_aids.aids/Star_3/uf_Q_4_19      n/a   
  subgraph_gcare_aids.aids/Star_3/uf_Q_3_10      n/a   
  subgraph_gcare_aids.aids/Star_3/uf_Q_3_12      n/a   
  subgraph_gcare_aids.aids/Star_3/uf_Q_3_13      n/a   
   subgraph_gcare_aids.aids/Star_3/uf_Q_2_8      n/a   
   subgraph_gcare_aids.aids/Star_3/uf_Q_2_9      n/a   
   subgraph_gcare_aids.aids/Star_3/uf_Q_4_8      n/a   
   subgraph_gcare_aids.aids/Star_3/uf_Q_4_9      n/a   
  subgraph_gcare_aids.aids/Petal_12/uf_Q_2_1     n/a   
  subgraph_gcare_aids.aids/Petal_12/uf_Q_4_1     n/a   
 subgraph_gcare_aids.aids/Petal_12/uf_Q_5_19     n/a   
  subgraph_gcare_aids.aids/Petal_12/uf_Q_4_2     n/a   
  subgraph_gcare_aids.aids/Petal_12/uf_Q_4_3     n/a   
  subgraph_gcare_aids.aids/Petal_12/uf_Q_5_4     n/a   
  subgraph_gcare_aids.aids/Petal_12/uf_Q_5_5     n/a   
  subgraph_gcare_aids.aids/Petal_12/uf_Q_3_1     n/a   
  subgraph_gcare_aids.aids/Petal_12/uf_Q_5_2     n/a   
  subgraph_gcare_aids.aids/Petal_12/uf_Q_5_3     n/a   
  subgraph_gcare_aids.aids/Petal_12/uf_Q_5_9     n/a   
 subgraph_gcare_aids.aids/Petal_12/uf_Q_5_14     n/a   
 subgraph_gcare_aids.aids/Petal_12/uf_Q_5_13     n/a   
 subgraph_gcare_aids.aids/Petal_12/uf_Q_5_12     n/a   
 subgraph_gcare_aids.aids/Flower_12/uf_Q_4_7     n/a   
 subgraph_gcare_aids.aids/Flower_12/uf_Q_4_6     n/a   
 subgraph_gcare_aids.aids/Flower_12/uf_Q_4_4     n/a   
 subgraph_gcare_aids.aids/Flower_12/uf_Q_4_5     n/a   
 subgraph_gcare_aids.aids/Flower_12/uf_Q_4_1     n/a   
 subgraph_gcare_aids.aids/Flower_12/uf_Q_4_2     n/a   
 subgraph_gcare_aids.aids/Flower_12/uf_Q_4_3     n/a   
 subgraph_gcare_aids.aids/Flower_12/uf_Q_5_4     n/a   
 subgraph_gcare_aids.aids/Flower_12/uf_Q_5_5     n/a   
 subgraph_gcare_aids.aids/Flower_12/uf_Q_5_7     n/a   
 subgraph_gcare_aids.aids/Flower_12/uf_Q_3_1     n/a   
 subgraph_gcare_aids.aids/Flower_12/uf_Q_5_6     n/a   
 subgraph_gcare_aids.aids/Flower_12/uf_Q_5_2     n/a   
 subgraph_gcare_aids.aids/Flower_12/uf_Q_5_3     n/a   
 subgraph_gcare_aids.aids/Flower_12/uf_Q_5_1     n/a   
 subgraph_gcare_aids.aids/Flower_12/uf_Q_5_8     n/a   
 subgraph_gcare_aids.aids/Flower_12/uf_Q_5_9     n/a   
  subgraph_gcare_aids.aids/Chain_3/uf_Q_2_1      n/a   
  subgraph_gcare_aids.aids/Chain_3/uf_Q_4_7      n/a   
  subgraph_gcare_aids.aids/Chain_3/uf_Q_2_15     n/a   
  subgraph_gcare_aids.aids/Chain_3/uf_Q_2_14   6.88±0s 
  subgraph_gcare_aids.aids/Chain_3/uf_Q_4_6      n/a   
  subgraph_gcare_aids.aids/Chain_3/uf_Q_0_2      n/a   
  subgraph_gcare_aids.aids/Chain_3/uf_Q_2_2      n/a   
  subgraph_gcare_aids.aids/Chain_3/uf_Q_4_4      n/a   
  subgraph_gcare_aids.aids/Chain_3/uf_Q_4_5      n/a   
  subgraph_gcare_aids.aids/Chain_3/uf_Q_2_3      n/a   
  subgraph_gcare_aids.aids/Chain_3/uf_Q_2_7      n/a   
  subgraph_gcare_aids.aids/Chain_3/uf_Q_2_13     n/a   
  subgraph_gcare_aids.aids/Chain_3/uf_Q_4_1      n/a   
  subgraph_gcare_aids.aids/Chain_3/uf_Q_2_12     n/a   
  subgraph_gcare_aids.aids/Chain_3/uf_Q_2_6      n/a   
  subgraph_gcare_aids.aids/Chain_3/uf_Q_2_4      n/a   
  subgraph_gcare_aids.aids/Chain_3/uf_Q_2_10     n/a   
  subgraph_gcare_aids.aids/Chain_3/uf_Q_4_2      n/a   
  subgraph_gcare_aids.aids/Chain_3/uf_Q_4_3      n/a   
  subgraph_gcare_aids.aids/Chain_3/uf_Q_2_11     n/a   
  subgraph_gcare_aids.aids/Chain_3/uf_Q_2_5      n/a   
  subgraph_gcare_aids.aids/Chain_3/uf_Q_4_17     n/a   
  subgraph_gcare_aids.aids/Chain_3/uf_Q_3_2      n/a   
  subgraph_gcare_aids.aids/Chain_3/uf_Q_3_3      n/a   
  subgraph_gcare_aids.aids/Chain_3/uf_Q_1_1      n/a   
  subgraph_gcare_aids.aids/Chain_3/uf_Q_4_16     n/a   
  subgraph_gcare_aids.aids/Chain_3/uf_Q_4_14     n/a   
  subgraph_gcare_aids.aids/Chain_3/uf_Q_1_3      n/a   
  subgraph_gcare_aids.aids/Chain_3/uf_Q_3_1      n/a   
  subgraph_gcare_aids.aids/Chain_3/uf_Q_1_2      n/a   
  subgraph_gcare_aids.aids/Chain_3/uf_Q_4_15     n/a   
  subgraph_gcare_aids.aids/Chain_3/uf_Q_5_2      n/a   
  subgraph_gcare_aids.aids/Chain_3/uf_Q_4_11     n/a   
  subgraph_gcare_aids.aids/Chain_3/uf_Q_3_4      n/a   
  subgraph_gcare_aids.aids/Chain_3/uf_Q_3_5      n/a   
  subgraph_gcare_aids.aids/Chain_3/uf_Q_4_10     n/a   
  subgraph_gcare_aids.aids/Chain_3/uf_Q_5_3      n/a   
  subgraph_gcare_aids.aids/Chain_3/uf_Q_5_1      n/a   
  subgraph_gcare_aids.aids/Chain_3/uf_Q_4_12     n/a   
  subgraph_gcare_aids.aids/Chain_3/uf_Q_1_5    4.29±0s 
  subgraph_gcare_aids.aids/Chain_3/uf_Q_3_7      n/a   
  subgraph_gcare_aids.aids/Chain_3/uf_Q_3_6      n/a   
  subgraph_gcare_aids.aids/Chain_3/uf_Q_1_4      n/a   
  subgraph_gcare_aids.aids/Chain_3/uf_Q_4_13     n/a   
  subgraph_gcare_aids.aids/Chain_3/uf_Q_3_8      n/a   
  subgraph_gcare_aids.aids/Chain_3/uf_Q_3_9      n/a   
  subgraph_gcare_aids.aids/Chain_3/uf_Q_4_20     n/a   
  subgraph_gcare_aids.aids/Chain_3/uf_Q_4_18     n/a   
  subgraph_gcare_aids.aids/Chain_3/uf_Q_3_11     n/a   
  subgraph_gcare_aids.aids/Chain_3/uf_Q_4_19     n/a   
  subgraph_gcare_aids.aids/Chain_3/uf_Q_3_10     n/a   
  subgraph_gcare_aids.aids/Chain_3/uf_Q_3_12     n/a   
  subgraph_gcare_aids.aids/Chain_3/uf_Q_2_8      n/a   
  subgraph_gcare_aids.aids/Chain_3/uf_Q_2_9      n/a   
  subgraph_gcare_aids.aids/Chain_3/uf_Q_4_8      n/a   
  subgraph_gcare_aids.aids/Chain_3/uf_Q_4_9      n/a   
  subgraph_gcare_aids.aids/Graph_3/uf_Q_2_1    4.44±0s 
  subgraph_gcare_aids.aids/Graph_3/uf_Q_0_3      n/a   
  subgraph_gcare_aids.aids/Graph_3/uf_Q_4_6      n/a   
  subgraph_gcare_aids.aids/Graph_3/uf_Q_0_1      n/a   
  subgraph_gcare_aids.aids/Graph_3/uf_Q_4_1      n/a   
  subgraph_gcare_aids.aids/Graph_3/uf_Q_2_12     n/a   
  subgraph_gcare_aids.aids/Graph_3/uf_Q_2_10     n/a   
  subgraph_gcare_aids.aids/Graph_3/uf_Q_2_11     n/a   
  subgraph_gcare_aids.aids/Graph_3/uf_Q_2_5      n/a   
  subgraph_gcare_aids.aids/Graph_3/uf_Q_4_17     n/a   
  subgraph_gcare_aids.aids/Graph_3/uf_Q_3_2      n/a   
  subgraph_gcare_aids.aids/Graph_3/uf_Q_3_3    4.48±0s 
  subgraph_gcare_aids.aids/Graph_3/uf_Q_1_1      n/a   
  subgraph_gcare_aids.aids/Graph_3/uf_Q_1_3      n/a   
  subgraph_gcare_aids.aids/Graph_3/uf_Q_1_18     n/a   
  subgraph_gcare_aids.aids/Graph_3/uf_Q_3_1      n/a   
  subgraph_gcare_aids.aids/Graph_3/uf_Q_1_19     n/a   
  subgraph_gcare_aids.aids/Graph_3/uf_Q_1_2      n/a   
  subgraph_gcare_aids.aids/Graph_3/uf_Q_4_11     n/a   
  subgraph_gcare_aids.aids/Graph_3/uf_Q_1_6    4.29±0s 
  subgraph_gcare_aids.aids/Graph_3/uf_Q_3_4      n/a   
  subgraph_gcare_aids.aids/Graph_3/uf_Q_3_5      n/a   
  subgraph_gcare_aids.aids/Graph_3/uf_Q_1_7      n/a   
  subgraph_gcare_aids.aids/Graph_3/uf_Q_4_10     n/a   
  subgraph_gcare_aids.aids/Graph_3/uf_Q_5_1      n/a   
  subgraph_gcare_aids.aids/Graph_3/uf_Q_1_5      n/a   
  subgraph_gcare_aids.aids/Graph_3/uf_Q_3_7      n/a   
  subgraph_gcare_aids.aids/Graph_3/uf_Q_1_12     n/a   
  subgraph_gcare_aids.aids/Graph_3/uf_Q_1_9      n/a   
  subgraph_gcare_aids.aids/Graph_3/uf_Q_1_8    5.00±0s 
  subgraph_gcare_aids.aids/Graph_3/uf_Q_1_13     n/a   
  subgraph_gcare_aids.aids/Graph_3/uf_Q_1_11     n/a   
  subgraph_gcare_aids.aids/Graph_3/uf_Q_3_8      n/a   
  subgraph_gcare_aids.aids/Graph_3/uf_Q_3_9      n/a   
  subgraph_gcare_aids.aids/Graph_3/uf_Q_3_11     n/a   
  subgraph_gcare_aids.aids/Graph_3/uf_Q_1_14     n/a   
  subgraph_gcare_aids.aids/Graph_3/uf_Q_3_12     n/a   
  subgraph_gcare_aids.aids/Graph_3/uf_Q_1_17   6.15±0s 
  subgraph_gcare_aids.aids/Graph_3/uf_Q_1_16     n/a   
  subgraph_gcare_aids.aids/Graph_3/uf_Q_3_13     n/a   
  subgraph_gcare_aids.aids/Graph_3/uf_Q_2_8      n/a   
  subgraph_gcare_aids.aids/Graph_3/uf_Q_2_9      n/a   
  subgraph_gcare_aids.aids/Graph_3/uf_Q_4_9      n/a   
  subgraph_gcare_aids.aids/Petal_6/uf_Q_2_1      n/a   
  subgraph_gcare_aids.aids/Petal_6/uf_Q_4_7      n/a   
  subgraph_gcare_aids.aids/Petal_6/uf_Q_4_6      n/a   
  subgraph_gcare_aids.aids/Petal_6/uf_Q_2_2      n/a   
  subgraph_gcare_aids.aids/Petal_6/uf_Q_4_4      n/a   
  subgraph_gcare_aids.aids/Petal_6/uf_Q_4_5      n/a   
  subgraph_gcare_aids.aids/Petal_6/uf_Q_2_3      n/a   
  subgraph_gcare_aids.aids/Petal_6/uf_Q_2_7      n/a   
  subgraph_gcare_aids.aids/Petal_6/uf_Q_4_1      n/a   
  subgraph_gcare_aids.aids/Petal_6/uf_Q_2_6      n/a   
  subgraph_gcare_aids.aids/Petal_6/uf_Q_2_4      n/a   
  subgraph_gcare_aids.aids/Petal_6/uf_Q_4_2      n/a   
  subgraph_gcare_aids.aids/Petal_6/uf_Q_4_3      n/a   
  subgraph_gcare_aids.aids/Petal_6/uf_Q_2_5      n/a   
  subgraph_gcare_aids.aids/Petal_6/uf_Q_5_4      n/a   
  subgraph_gcare_aids.aids/Petal_6/uf_Q_4_17     n/a   
  subgraph_gcare_aids.aids/Petal_6/uf_Q_3_2      n/a   
  subgraph_gcare_aids.aids/Petal_6/uf_Q_3_3      n/a   
  subgraph_gcare_aids.aids/Petal_6/uf_Q_4_16     n/a   
  subgraph_gcare_aids.aids/Petal_6/uf_Q_5_5      n/a   
  subgraph_gcare_aids.aids/Petal_6/uf_Q_4_14     n/a   
  subgraph_gcare_aids.aids/Petal_6/uf_Q_3_1      n/a   
  subgraph_gcare_aids.aids/Petal_6/uf_Q_4_15     n/a   
  subgraph_gcare_aids.aids/Petal_6/uf_Q_5_2      n/a   
  subgraph_gcare_aids.aids/Petal_6/uf_Q_4_11     n/a   
  subgraph_gcare_aids.aids/Petal_6/uf_Q_3_4      n/a   
  subgraph_gcare_aids.aids/Petal_6/uf_Q_3_5      n/a   
  subgraph_gcare_aids.aids/Petal_6/uf_Q_4_10     n/a   
  subgraph_gcare_aids.aids/Petal_6/uf_Q_5_3      n/a   
  subgraph_gcare_aids.aids/Petal_6/uf_Q_5_1      n/a   
  subgraph_gcare_aids.aids/Petal_6/uf_Q_4_12     n/a   
  subgraph_gcare_aids.aids/Petal_6/uf_Q_3_7      n/a   
  subgraph_gcare_aids.aids/Petal_6/uf_Q_3_6      n/a   
  subgraph_gcare_aids.aids/Petal_6/uf_Q_4_13     n/a   
  subgraph_gcare_aids.aids/Petal_6/uf_Q_3_8      n/a   
  subgraph_gcare_aids.aids/Petal_6/uf_Q_3_9      n/a   
  subgraph_gcare_aids.aids/Petal_6/uf_Q_4_20     n/a   
  subgraph_gcare_aids.aids/Petal_6/uf_Q_4_18     n/a   
  subgraph_gcare_aids.aids/Petal_6/uf_Q_3_11     n/a   
  subgraph_gcare_aids.aids/Petal_6/uf_Q_4_19     n/a   
  subgraph_gcare_aids.aids/Petal_6/uf_Q_3_10     n/a   
  subgraph_gcare_aids.aids/Petal_6/uf_Q_3_12     n/a   
  subgraph_gcare_aids.aids/Petal_6/uf_Q_3_13     n/a   
  subgraph_gcare_aids.aids/Petal_6/uf_Q_2_8      n/a   
  subgraph_gcare_aids.aids/Petal_6/uf_Q_2_9      n/a   
  subgraph_gcare_aids.aids/Petal_6/uf_Q_4_8      n/a   
  subgraph_gcare_aids.aids/Petal_6/uf_Q_4_9      n/a   
  subgraph_gcare_aids.aids/Cycle_3/uf_Q_2_1      n/a   
  subgraph_gcare_aids.aids/Cycle_3/uf_Q_2_15     n/a   
  subgraph_gcare_aids.aids/Cycle_3/uf_Q_2_14     n/a   
  subgraph_gcare_aids.aids/Cycle_3/uf_Q_2_2    4.47±0s 
  subgraph_gcare_aids.aids/Cycle_3/uf_Q_2_16     n/a   
  subgraph_gcare_aids.aids/Cycle_3/uf_Q_2_17     n/a   
  subgraph_gcare_aids.aids/Cycle_3/uf_Q_2_3      n/a   
  subgraph_gcare_aids.aids/Cycle_3/uf_Q_2_7      n/a   
  subgraph_gcare_aids.aids/Cycle_3/uf_Q_2_13     n/a   
  subgraph_gcare_aids.aids/Cycle_3/uf_Q_2_12     n/a   
  subgraph_gcare_aids.aids/Cycle_3/uf_Q_2_6      n/a   
  subgraph_gcare_aids.aids/Cycle_3/uf_Q_2_4    4.30±0s 
  subgraph_gcare_aids.aids/Cycle_3/uf_Q_2_10     n/a   
  subgraph_gcare_aids.aids/Cycle_3/uf_Q_2_11     n/a   
  subgraph_gcare_aids.aids/Cycle_3/uf_Q_2_5      n/a   
  subgraph_gcare_aids.aids/Cycle_3/uf_Q_3_2      n/a   
  subgraph_gcare_aids.aids/Cycle_3/uf_Q_3_3      n/a   
  subgraph_gcare_aids.aids/Cycle_3/uf_Q_1_1      n/a   
  subgraph_gcare_aids.aids/Cycle_3/uf_Q_1_3      n/a   
  subgraph_gcare_aids.aids/Cycle_3/uf_Q_3_1    4.45±0s 
  subgraph_gcare_aids.aids/Cycle_3/uf_Q_1_2      n/a   
  subgraph_gcare_aids.aids/Cycle_3/uf_Q_3_20     n/a   
  subgraph_gcare_aids.aids/Cycle_3/uf_Q_3_18     n/a   
  subgraph_gcare_aids.aids/Cycle_3/uf_Q_1_6      n/a   
  subgraph_gcare_aids.aids/Cycle_3/uf_Q_3_4      n/a   
  subgraph_gcare_aids.aids/Cycle_3/uf_Q_3_5      n/a   
  subgraph_gcare_aids.aids/Cycle_3/uf_Q_1_7      n/a   
  subgraph_gcare_aids.aids/Cycle_3/uf_Q_3_19   5.34±0s 
  subgraph_gcare_aids.aids/Cycle_3/uf_Q_3_7      n/a   
  subgraph_gcare_aids.aids/Cycle_3/uf_Q_3_6      n/a   
  subgraph_gcare_aids.aids/Cycle_3/uf_Q_1_4      n/a   
  subgraph_gcare_aids.aids/Cycle_3/uf_Q_3_17     n/a   
  subgraph_gcare_aids.aids/Cycle_3/uf_Q_1_9      n/a   
  subgraph_gcare_aids.aids/Cycle_3/uf_Q_1_8      n/a   
  subgraph_gcare_aids.aids/Cycle_3/uf_Q_3_16     n/a   
  subgraph_gcare_aids.aids/Cycle_3/uf_Q_3_14   4.48±0s 
  subgraph_gcare_aids.aids/Cycle_3/uf_Q_3_8      n/a   
  subgraph_gcare_aids.aids/Cycle_3/uf_Q_3_9      n/a   
  subgraph_gcare_aids.aids/Cycle_3/uf_Q_3_15     n/a   
  subgraph_gcare_aids.aids/Cycle_3/uf_Q_3_11     n/a   
  subgraph_gcare_aids.aids/Cycle_3/uf_Q_3_10     n/a   
  subgraph_gcare_aids.aids/Cycle_3/uf_Q_3_12     n/a   
  subgraph_gcare_aids.aids/Cycle_3/uf_Q_3_13     n/a   
  subgraph_gcare_aids.aids/Cycle_3/uf_Q_2_8    4.42±0s 
  subgraph_gcare_aids.aids/Cycle_3/uf_Q_2_9      n/a   
  subgraph_gcare_aids.aids/Petal_9/uf_Q_2_1      n/a   
  subgraph_gcare_aids.aids/Petal_9/uf_Q_4_7      n/a   
  subgraph_gcare_aids.aids/Petal_9/uf_Q_4_6      n/a   
  subgraph_gcare_aids.aids/Petal_9/uf_Q_4_4      n/a   
  subgraph_gcare_aids.aids/Petal_9/uf_Q_4_5      n/a   
  subgraph_gcare_aids.aids/Petal_9/uf_Q_4_1      n/a   
  subgraph_gcare_aids.aids/Petal_9/uf_Q_4_2      n/a   
  subgraph_gcare_aids.aids/Petal_9/uf_Q_4_3      n/a   
  subgraph_gcare_aids.aids/Petal_9/uf_Q_4_17     n/a   
  subgraph_gcare_aids.aids/Petal_9/uf_Q_3_2      n/a   
  subgraph_gcare_aids.aids/Petal_9/uf_Q_3_3      n/a   
  subgraph_gcare_aids.aids/Petal_9/uf_Q_4_16     n/a   
  subgraph_gcare_aids.aids/Petal_9/uf_Q_4_14     n/a   
  subgraph_gcare_aids.aids/Petal_9/uf_Q_4_15     n/a   
  subgraph_gcare_aids.aids/Petal_9/uf_Q_4_11     n/a   
  subgraph_gcare_aids.aids/Petal_9/uf_Q_3_4      n/a   
  subgraph_gcare_aids.aids/Petal_9/uf_Q_4_10     n/a   
  subgraph_gcare_aids.aids/Petal_9/uf_Q_4_12     n/a   
  subgraph_gcare_aids.aids/Petal_9/uf_Q_3_6      n/a   
  subgraph_gcare_aids.aids/Petal_9/uf_Q_4_13     n/a   
  subgraph_gcare_aids.aids/Petal_9/uf_Q_4_20     n/a   
  subgraph_gcare_aids.aids/Petal_9/uf_Q_4_18     n/a   
  subgraph_gcare_aids.aids/Petal_9/uf_Q_4_19     n/a   
  subgraph_gcare_aids.aids/Petal_9/uf_Q_4_8      n/a   
  subgraph_gcare_aids.aids/Petal_9/uf_Q_4_9      n/a   
   subgraph_gcare_aids.aids/Tree_3/uf_Q_2_1      n/a   
   subgraph_gcare_aids.aids/Tree_3/uf_Q_4_7      n/a   
   subgraph_gcare_aids.aids/Tree_3/uf_Q_4_6      n/a   
   subgraph_gcare_aids.aids/Tree_3/uf_Q_2_2      n/a   
   subgraph_gcare_aids.aids/Tree_3/uf_Q_4_4      n/a   
   subgraph_gcare_aids.aids/Tree_3/uf_Q_4_5      n/a   
   subgraph_gcare_aids.aids/Tree_3/uf_Q_0_1      n/a   
   subgraph_gcare_aids.aids/Tree_3/uf_Q_2_3      n/a   
   subgraph_gcare_aids.aids/Tree_3/uf_Q_2_7      n/a   
   subgraph_gcare_aids.aids/Tree_3/uf_Q_4_1      n/a   
   subgraph_gcare_aids.aids/Tree_3/uf_Q_2_6      n/a   
   subgraph_gcare_aids.aids/Tree_3/uf_Q_2_4      n/a   
   subgraph_gcare_aids.aids/Tree_3/uf_Q_4_2      n/a   
   subgraph_gcare_aids.aids/Tree_3/uf_Q_4_3      n/a   
   subgraph_gcare_aids.aids/Tree_3/uf_Q_2_5    4.28±0s 
  subgraph_gcare_aids.aids/Tree_3/uf_Q_4_17      n/a   
   subgraph_gcare_aids.aids/Tree_3/uf_Q_3_2      n/a   
   subgraph_gcare_aids.aids/Tree_3/uf_Q_3_3      n/a   
   subgraph_gcare_aids.aids/Tree_3/uf_Q_1_1      n/a   
  subgraph_gcare_aids.aids/Tree_3/uf_Q_4_16      n/a   
  subgraph_gcare_aids.aids/Tree_3/uf_Q_4_14      n/a   
   subgraph_gcare_aids.aids/Tree_3/uf_Q_1_3      n/a   
   subgraph_gcare_aids.aids/Tree_3/uf_Q_3_1      n/a   
   subgraph_gcare_aids.aids/Tree_3/uf_Q_1_2      n/a   
  subgraph_gcare_aids.aids/Tree_3/uf_Q_4_15      n/a   
  subgraph_gcare_aids.aids/Tree_3/uf_Q_4_11      n/a   
   subgraph_gcare_aids.aids/Tree_3/uf_Q_1_6      n/a   
   subgraph_gcare_aids.aids/Tree_3/uf_Q_3_4      n/a   
   subgraph_gcare_aids.aids/Tree_3/uf_Q_3_5      n/a   
  subgraph_gcare_aids.aids/Tree_3/uf_Q_4_10      n/a   
   subgraph_gcare_aids.aids/Tree_3/uf_Q_5_1      n/a   
  subgraph_gcare_aids.aids/Tree_3/uf_Q_4_12      n/a   
   subgraph_gcare_aids.aids/Tree_3/uf_Q_1_5    4.28±0s 
   subgraph_gcare_aids.aids/Tree_3/uf_Q_3_7      n/a   
   subgraph_gcare_aids.aids/Tree_3/uf_Q_3_6      n/a   
   subgraph_gcare_aids.aids/Tree_3/uf_Q_1_4      n/a   
  subgraph_gcare_aids.aids/Tree_3/uf_Q_4_13      n/a   
   subgraph_gcare_aids.aids/Tree_3/uf_Q_3_8      n/a   
   subgraph_gcare_aids.aids/Tree_3/uf_Q_3_9      n/a   
  subgraph_gcare_aids.aids/Tree_3/uf_Q_4_20      n/a   
  subgraph_gcare_aids.aids/Tree_3/uf_Q_4_18      n/a   
  subgraph_gcare_aids.aids/Tree_3/uf_Q_3_11      n/a   
  subgraph_gcare_aids.aids/Tree_3/uf_Q_4_19      n/a   
  subgraph_gcare_aids.aids/Tree_3/uf_Q_3_10      n/a   
   subgraph_gcare_aids.aids/Tree_3/uf_Q_2_8      n/a   
   subgraph_gcare_aids.aids/Tree_3/uf_Q_2_9      n/a   
   subgraph_gcare_aids.aids/Tree_3/uf_Q_4_8      n/a   
   subgraph_gcare_aids.aids/Tree_3/uf_Q_4_9      n/a   
   subgraph_gcare_aids.aids/Star_6/uf_Q_2_1      n/a   
   subgraph_gcare_aids.aids/Star_6/uf_Q_4_7      n/a   
  subgraph_gcare_aids.aids/Star_6/uf_Q_5_20      n/a   
   subgraph_gcare_aids.aids/Star_6/uf_Q_4_6      n/a   
   subgraph_gcare_aids.aids/Star_6/uf_Q_2_2      n/a   
   subgraph_gcare_aids.aids/Star_6/uf_Q_4_4      n/a   
   subgraph_gcare_aids.aids/Star_6/uf_Q_4_5      n/a   
   subgraph_gcare_aids.aids/Star_6/uf_Q_2_3      n/a   
   subgraph_gcare_aids.aids/Star_6/uf_Q_2_7      n/a   
   subgraph_gcare_aids.aids/Star_6/uf_Q_4_1      n/a   
   subgraph_gcare_aids.aids/Star_6/uf_Q_2_6      n/a   
   subgraph_gcare_aids.aids/Star_6/uf_Q_2_4      n/a   
  subgraph_gcare_aids.aids/Star_6/uf_Q_5_19      n/a   
   subgraph_gcare_aids.aids/Star_6/uf_Q_4_2      n/a   
   subgraph_gcare_aids.aids/Star_6/uf_Q_4_3      n/a   
  subgraph_gcare_aids.aids/Star_6/uf_Q_5_18      n/a   
   subgraph_gcare_aids.aids/Star_6/uf_Q_2_5      n/a   
   subgraph_gcare_aids.aids/Star_6/uf_Q_5_4      n/a   
   subgraph_gcare_aids.aids/Star_6/uf_Q_3_2      n/a   
   subgraph_gcare_aids.aids/Star_6/uf_Q_3_3      n/a   
   subgraph_gcare_aids.aids/Star_6/uf_Q_1_1      n/a   
   subgraph_gcare_aids.aids/Star_6/uf_Q_5_5      n/a   
   subgraph_gcare_aids.aids/Star_6/uf_Q_5_7      n/a   
   subgraph_gcare_aids.aids/Star_6/uf_Q_3_1      n/a   
   subgraph_gcare_aids.aids/Star_6/uf_Q_5_6      n/a   
   subgraph_gcare_aids.aids/Star_6/uf_Q_5_2      n/a   
   subgraph_gcare_aids.aids/Star_6/uf_Q_3_4      n/a   
   subgraph_gcare_aids.aids/Star_6/uf_Q_5_3      n/a   
   subgraph_gcare_aids.aids/Star_6/uf_Q_5_1      n/a   
   subgraph_gcare_aids.aids/Star_6/uf_Q_5_8      n/a   
   subgraph_gcare_aids.aids/Star_6/uf_Q_5_9      n/a   
  subgraph_gcare_aids.aids/Star_6/uf_Q_5_15      n/a   
  subgraph_gcare_aids.aids/Star_6/uf_Q_5_14      n/a   
  subgraph_gcare_aids.aids/Star_6/uf_Q_5_16      n/a   
  subgraph_gcare_aids.aids/Star_6/uf_Q_5_17      n/a   
   subgraph_gcare_aids.aids/Star_6/uf_Q_4_8      n/a   
  subgraph_gcare_aids.aids/Star_6/uf_Q_5_13      n/a   
  subgraph_gcare_aids.aids/Star_6/uf_Q_5_12      n/a   
  subgraph_gcare_aids.aids/Star_6/uf_Q_5_10      n/a   
  subgraph_gcare_aids.aids/Star_6/uf_Q_5_11      n/a   
   subgraph_gcare_aids.aids/Star_9/uf_Q_5_4      n/a   
   subgraph_gcare_aids.aids/Star_9/uf_Q_3_2      n/a   
   subgraph_gcare_aids.aids/Star_9/uf_Q_3_3      n/a   
   subgraph_gcare_aids.aids/Star_9/uf_Q_5_5      n/a   
   subgraph_gcare_aids.aids/Star_9/uf_Q_5_7      n/a   
   subgraph_gcare_aids.aids/Star_9/uf_Q_3_1      n/a   
   subgraph_gcare_aids.aids/Star_9/uf_Q_5_6      n/a   
   subgraph_gcare_aids.aids/Star_9/uf_Q_5_2      n/a   
   subgraph_gcare_aids.aids/Star_9/uf_Q_3_4      n/a   
   subgraph_gcare_aids.aids/Star_9/uf_Q_3_5      n/a   
   subgraph_gcare_aids.aids/Star_9/uf_Q_5_3      n/a   
   subgraph_gcare_aids.aids/Star_9/uf_Q_5_1      n/a   
   subgraph_gcare_aids.aids/Star_9/uf_Q_3_7      n/a   
   subgraph_gcare_aids.aids/Star_9/uf_Q_3_6      n/a   
   subgraph_gcare_aids.aids/Star_9/uf_Q_3_8      n/a   
   subgraph_gcare_aids.aids/Star_9/uf_Q_3_9      n/a   
  subgraph_gcare_aids.aids/Star_9/uf_Q_3_11      n/a   
  subgraph_gcare_aids.aids/Star_9/uf_Q_3_10      n/a   
   subgraph_gcare_aids.aids/Star_9/uf_Q_5_8      n/a   
   subgraph_gcare_aids.aids/Star_9/uf_Q_5_9      n/a   
  subgraph_gcare_aids.aids/Star_9/uf_Q_5_10      n/a   
  subgraph_gcare_aids.aids/Star_9/uf_Q_5_11      n/a   
    subgraph_gcare_lubm80.lubm80/lubm80_Q9       n/a   
    subgraph_gcare_lubm80.lubm80/lubm80_Q8       n/a   
    subgraph_gcare_lubm80.lubm80/lubm80_Q4       n/a   
    subgraph_gcare_lubm80.lubm80/lubm80_Q7       n/a   
    subgraph_gcare_lubm80.lubm80/lubm80_Q2       n/a   
   subgraph_gcare_lubm80.lubm80/lubm80_Q12       n/a   
  subgraph_gcare_yago.yago/Chain_12/f_Q_4_6      n/a   
  subgraph_gcare_yago.yago/Chain_12/f_Q_1_10     n/a   
  subgraph_gcare_yago.yago/Chain_12/f_Q_0_2      n/a   
  subgraph_gcare_yago.yago/Chain_12/f_Q_1_11     n/a   
  subgraph_gcare_yago.yago/Chain_12/f_Q_0_3      n/a   
  subgraph_gcare_yago.yago/Chain_12/f_Q_2_1      n/a   
  subgraph_gcare_yago.yago/Chain_12/f_Q_4_7      n/a   
  subgraph_gcare_yago.yago/Chain_12/f_Q_3_14     n/a   
  subgraph_gcare_yago.yago/Chain_12/f_Q_4_5      n/a   
  subgraph_gcare_yago.yago/Chain_12/f_Q_2_3      n/a   
  subgraph_gcare_yago.yago/Chain_12/f_Q_0_1      n/a   
  subgraph_gcare_yago.yago/Chain_12/f_Q_1_13     n/a   
  subgraph_gcare_yago.yago/Chain_12/f_Q_1_12     n/a   
  subgraph_gcare_yago.yago/Chain_12/f_Q_2_2      n/a   
  subgraph_gcare_yago.yago/Chain_12/f_Q_4_4      n/a   
  subgraph_gcare_yago.yago/Chain_12/f_Q_3_13     n/a   
  subgraph_gcare_yago.yago/Chain_12/f_Q_2_6      n/a   
  subgraph_gcare_yago.yago/Chain_12/f_Q_0_4      n/a   
  subgraph_gcare_yago.yago/Chain_12/f_Q_0_5      n/a   
  subgraph_gcare_yago.yago/Chain_12/f_Q_2_7      n/a   
  subgraph_gcare_yago.yago/Chain_12/f_Q_4_1      n/a   
  subgraph_gcare_yago.yago/Chain_12/f_Q_3_12     n/a   
  subgraph_gcare_yago.yago/Chain_12/f_Q_3_10     n/a   
  subgraph_gcare_yago.yago/Chain_12/f_Q_4_3      n/a   
  subgraph_gcare_yago.yago/Chain_12/f_Q_2_5      n/a   
  subgraph_gcare_yago.yago/Chain_12/f_Q_0_7      n/a   
  subgraph_gcare_yago.yago/Chain_12/f_Q_1_15     n/a   
  subgraph_gcare_yago.yago/Chain_12/f_Q_0_6      n/a   
  subgraph_gcare_yago.yago/Chain_12/f_Q_1_14     n/a   
  subgraph_gcare_yago.yago/Chain_12/f_Q_2_4      n/a   
  subgraph_gcare_yago.yago/Chain_12/f_Q_4_2      n/a   
  subgraph_gcare_yago.yago/Chain_12/f_Q_3_11     n/a   
  subgraph_gcare_yago.yago/Chain_12/f_Q_1_1      n/a   
  subgraph_gcare_yago.yago/Chain_12/f_Q_3_3      n/a   
  subgraph_gcare_yago.yago/Chain_12/f_Q_5_5      n/a   
  subgraph_gcare_yago.yago/Chain_12/f_Q_5_4      n/a   
  subgraph_gcare_yago.yago/Chain_12/f_Q_3_2      n/a   
  subgraph_gcare_yago.yago/Chain_12/f_Q_1_2      n/a   
  subgraph_gcare_yago.yago/Chain_12/f_Q_5_6      n/a   
  subgraph_gcare_yago.yago/Chain_12/f_Q_5_14     n/a   
  subgraph_gcare_yago.yago/Chain_12/f_Q_5_7      n/a   
  subgraph_gcare_yago.yago/Chain_12/f_Q_3_1      n/a   
  subgraph_gcare_yago.yago/Chain_12/f_Q_1_3      n/a   
  subgraph_gcare_yago.yago/Chain_12/f_Q_1_7      n/a   
  subgraph_gcare_yago.yago/Chain_12/f_Q_3_5      n/a   
  subgraph_gcare_yago.yago/Chain_12/f_Q_5_3      n/a   
  subgraph_gcare_yago.yago/Chain_12/f_Q_5_11     n/a   
  subgraph_gcare_yago.yago/Chain_12/f_Q_5_10     n/a   
  subgraph_gcare_yago.yago/Chain_12/f_Q_5_2      n/a   
  subgraph_gcare_yago.yago/Chain_12/f_Q_3_4      n/a   
  subgraph_gcare_yago.yago/Chain_12/f_Q_1_6      n/a   
  subgraph_gcare_yago.yago/Chain_12/f_Q_1_4      n/a   
  subgraph_gcare_yago.yago/Chain_12/f_Q_3_6      n/a   
  subgraph_gcare_yago.yago/Chain_12/f_Q_5_12     n/a   
  subgraph_gcare_yago.yago/Chain_12/f_Q_5_13     n/a   
  subgraph_gcare_yago.yago/Chain_12/f_Q_5_1      n/a   
  subgraph_gcare_yago.yago/Chain_12/f_Q_3_7      n/a   
  subgraph_gcare_yago.yago/Chain_12/f_Q_1_5      n/a   
  subgraph_gcare_yago.yago/Chain_12/f_Q_1_8      n/a   
  subgraph_gcare_yago.yago/Chain_12/f_Q_1_9      n/a   
  subgraph_gcare_yago.yago/Chain_12/f_Q_3_9      n/a   
  subgraph_gcare_yago.yago/Chain_12/f_Q_2_14     n/a   
  subgraph_gcare_yago.yago/Chain_12/f_Q_3_8      n/a   
  subgraph_gcare_yago.yago/Chain_12/f_Q_2_11     n/a   
  subgraph_gcare_yago.yago/Chain_12/f_Q_2_10     n/a   
  subgraph_gcare_yago.yago/Chain_12/f_Q_5_9      n/a   
  subgraph_gcare_yago.yago/Chain_12/f_Q_2_12     n/a   
  subgraph_gcare_yago.yago/Chain_12/f_Q_5_8      n/a   
  subgraph_gcare_yago.yago/Chain_12/f_Q_2_13     n/a   
  subgraph_gcare_yago.yago/Chain_12/f_Q_2_9      n/a   
  subgraph_gcare_yago.yago/Chain_12/f_Q_2_8      n/a   
  subgraph_gcare_yago.yago/Chain_12/f_Q_4_14     n/a   
  subgraph_gcare_yago.yago/Chain_12/f_Q_0_8      n/a   
  subgraph_gcare_yago.yago/Chain_12/f_Q_4_13     n/a   
  subgraph_gcare_yago.yago/Chain_12/f_Q_4_9      n/a   
  subgraph_gcare_yago.yago/Chain_12/f_Q_4_8      n/a   
  subgraph_gcare_yago.yago/Chain_12/f_Q_4_12     n/a   
  subgraph_gcare_yago.yago/Chain_12/f_Q_4_10     n/a   
  subgraph_gcare_yago.yago/Chain_12/f_Q_4_11     n/a   
  subgraph_gcare_yago.yago/Graph_12/f_Q_0_2      n/a   
  subgraph_gcare_yago.yago/Graph_12/f_Q_2_6      n/a   
  subgraph_gcare_yago.yago/Graph_12/f_Q_2_5      n/a   
  subgraph_gcare_yago.yago/Graph_12/f_Q_5_14     n/a   
  subgraph_gcare_yago.yago/Graph_12/f_Q_1_3      n/a   
  subgraph_gcare_yago.yago/Graph_12/f_Q_5_8      n/a   
  subgraph_gcare_yago.yago/Graph_12/f_Q_4_13     n/a   
   subgraph_gcare_yago.yago/Chain_6/f_Q_4_6      n/a   
  subgraph_gcare_yago.yago/Chain_6/f_Q_1_10      n/a   
   subgraph_gcare_yago.yago/Chain_6/f_Q_0_2      n/a   
  subgraph_gcare_yago.yago/Chain_6/f_Q_1_11      n/a   
   subgraph_gcare_yago.yago/Chain_6/f_Q_0_3      n/a   
   subgraph_gcare_yago.yago/Chain_6/f_Q_2_1      n/a   
   subgraph_gcare_yago.yago/Chain_6/f_Q_4_7      n/a   
   subgraph_gcare_yago.yago/Chain_6/f_Q_4_5      n/a   
   subgraph_gcare_yago.yago/Chain_6/f_Q_2_3      n/a   
   subgraph_gcare_yago.yago/Chain_6/f_Q_0_1      n/a   
   subgraph_gcare_yago.yago/Chain_6/f_Q_2_2      n/a   
   subgraph_gcare_yago.yago/Chain_6/f_Q_4_4      n/a   
  subgraph_gcare_yago.yago/Chain_6/f_Q_3_13      n/a   
   subgraph_gcare_yago.yago/Chain_6/f_Q_2_6      n/a   
   subgraph_gcare_yago.yago/Chain_6/f_Q_0_4      n/a   
   subgraph_gcare_yago.yago/Chain_6/f_Q_0_5      n/a   
   subgraph_gcare_yago.yago/Chain_6/f_Q_2_7      n/a   
   subgraph_gcare_yago.yago/Chain_6/f_Q_4_1      n/a   
  subgraph_gcare_yago.yago/Chain_6/f_Q_3_12      n/a   
  subgraph_gcare_yago.yago/Chain_6/f_Q_3_10      n/a   
   subgraph_gcare_yago.yago/Chain_6/f_Q_4_3      n/a   
   subgraph_gcare_yago.yago/Chain_6/f_Q_2_5      n/a   
   subgraph_gcare_yago.yago/Chain_6/f_Q_0_7      n/a   
   subgraph_gcare_yago.yago/Chain_6/f_Q_0_6      n/a   
   subgraph_gcare_yago.yago/Chain_6/f_Q_2_4      n/a   
   subgraph_gcare_yago.yago/Chain_6/f_Q_4_2      n/a   
  subgraph_gcare_yago.yago/Chain_6/f_Q_3_11      n/a   
   subgraph_gcare_yago.yago/Chain_6/f_Q_1_1      n/a   
   subgraph_gcare_yago.yago/Chain_6/f_Q_3_3      n/a   
   subgraph_gcare_yago.yago/Chain_6/f_Q_5_5      n/a   
   subgraph_gcare_yago.yago/Chain_6/f_Q_5_4      n/a   
   subgraph_gcare_yago.yago/Chain_6/f_Q_3_2      n/a   
   subgraph_gcare_yago.yago/Chain_6/f_Q_1_2      n/a   
   subgraph_gcare_yago.yago/Chain_6/f_Q_5_6      n/a   
   subgraph_gcare_yago.yago/Chain_6/f_Q_5_7      n/a   
   subgraph_gcare_yago.yago/Chain_6/f_Q_3_1      n/a   
   subgraph_gcare_yago.yago/Chain_6/f_Q_1_3      n/a   
   subgraph_gcare_yago.yago/Chain_6/f_Q_1_7      n/a   
   subgraph_gcare_yago.yago/Chain_6/f_Q_3_5      n/a   
   subgraph_gcare_yago.yago/Chain_6/f_Q_5_3      n/a   
  subgraph_gcare_yago.yago/Chain_6/f_Q_5_11      n/a   
  subgraph_gcare_yago.yago/Chain_6/f_Q_5_10      n/a   
   subgraph_gcare_yago.yago/Chain_6/f_Q_5_2      n/a   
   subgraph_gcare_yago.yago/Chain_6/f_Q_3_4      n/a   
   subgraph_gcare_yago.yago/Chain_6/f_Q_1_6      n/a   
   subgraph_gcare_yago.yago/Chain_6/f_Q_1_4      n/a   
   subgraph_gcare_yago.yago/Chain_6/f_Q_3_6      n/a   
  subgraph_gcare_yago.yago/Chain_6/f_Q_5_12      n/a   
  subgraph_gcare_yago.yago/Chain_6/f_Q_5_13      n/a   
   subgraph_gcare_yago.yago/Chain_6/f_Q_5_1      n/a   
   subgraph_gcare_yago.yago/Chain_6/f_Q_3_7      n/a   
   subgraph_gcare_yago.yago/Chain_6/f_Q_1_5      n/a   
   subgraph_gcare_yago.yago/Chain_6/f_Q_1_8      n/a   
  subgraph_gcare_yago.yago/Chain_6/f_Q_0_12      n/a   
  subgraph_gcare_yago.yago/Chain_6/f_Q_0_13      n/a   
   subgraph_gcare_yago.yago/Chain_6/f_Q_1_9      n/a   
   subgraph_gcare_yago.yago/Chain_6/f_Q_3_9      n/a   
  subgraph_gcare_yago.yago/Chain_6/f_Q_0_11      n/a   
  subgraph_gcare_yago.yago/Chain_6/f_Q_0_10      n/a   
   subgraph_gcare_yago.yago/Chain_6/f_Q_3_8      n/a   
  subgraph_gcare_yago.yago/Chain_6/f_Q_0_14      n/a   
  subgraph_gcare_yago.yago/Chain_6/f_Q_2_11      n/a   
  subgraph_gcare_yago.yago/Chain_6/f_Q_2_10      n/a   
   subgraph_gcare_yago.yago/Chain_6/f_Q_5_9      n/a   
  subgraph_gcare_yago.yago/Chain_6/f_Q_2_12      n/a   
   subgraph_gcare_yago.yago/Chain_6/f_Q_5_8      n/a   
  subgraph_gcare_yago.yago/Chain_6/f_Q_2_13      n/a   
   subgraph_gcare_yago.yago/Chain_6/f_Q_2_9      n/a   
   subgraph_gcare_yago.yago/Chain_6/f_Q_2_8      n/a   
   subgraph_gcare_yago.yago/Chain_6/f_Q_0_8      n/a   
   subgraph_gcare_yago.yago/Chain_6/f_Q_0_9      n/a   
  subgraph_gcare_yago.yago/Chain_6/f_Q_4_13      n/a   
   subgraph_gcare_yago.yago/Chain_6/f_Q_4_9      n/a   
   subgraph_gcare_yago.yago/Chain_6/f_Q_4_8      n/a   
  subgraph_gcare_yago.yago/Chain_6/f_Q_4_12      n/a   
  subgraph_gcare_yago.yago/Chain_6/f_Q_4_10      n/a   
  subgraph_gcare_yago.yago/Chain_6/f_Q_4_11      n/a   
   subgraph_gcare_yago.yago/Star_12/f_Q_4_6      n/a   
  subgraph_gcare_yago.yago/Star_12/f_Q_1_10      n/a   
   subgraph_gcare_yago.yago/Star_12/f_Q_0_2      n/a   
  subgraph_gcare_yago.yago/Star_12/f_Q_1_11      n/a   
   subgraph_gcare_yago.yago/Star_12/f_Q_0_3      n/a   
   subgraph_gcare_yago.yago/Star_12/f_Q_2_1      n/a   
   subgraph_gcare_yago.yago/Star_12/f_Q_4_7      n/a   
   subgraph_gcare_yago.yago/Star_12/f_Q_4_5      n/a   
   subgraph_gcare_yago.yago/Star_12/f_Q_2_3      n/a   
   subgraph_gcare_yago.yago/Star_12/f_Q_0_1      n/a   
  subgraph_gcare_yago.yago/Star_12/f_Q_1_13      n/a   
  subgraph_gcare_yago.yago/Star_12/f_Q_1_12      n/a   
   subgraph_gcare_yago.yago/Star_12/f_Q_2_2      n/a   
   subgraph_gcare_yago.yago/Star_12/f_Q_4_4      n/a   
  subgraph_gcare_yago.yago/Star_12/f_Q_3_13      n/a   
   subgraph_gcare_yago.yago/Star_12/f_Q_2_6      n/a   
   subgraph_gcare_yago.yago/Star_12/f_Q_0_4      n/a   
   subgraph_gcare_yago.yago/Star_12/f_Q_0_5      n/a   
   subgraph_gcare_yago.yago/Star_12/f_Q_2_7      n/a   
   subgraph_gcare_yago.yago/Star_12/f_Q_4_1      n/a   
  subgraph_gcare_yago.yago/Star_12/f_Q_3_12      n/a   
  subgraph_gcare_yago.yago/Star_12/f_Q_3_10      n/a   
   subgraph_gcare_yago.yago/Star_12/f_Q_4_3      n/a   
   subgraph_gcare_yago.yago/Star_12/f_Q_2_5      n/a   
   subgraph_gcare_yago.yago/Star_12/f_Q_0_7      n/a   
   subgraph_gcare_yago.yago/Star_12/f_Q_0_6      n/a   
  subgraph_gcare_yago.yago/Star_12/f_Q_1_14      n/a   
   subgraph_gcare_yago.yago/Star_12/f_Q_2_4      n/a   
   subgraph_gcare_yago.yago/Star_12/f_Q_4_2      n/a   
  subgraph_gcare_yago.yago/Star_12/f_Q_3_11      n/a   
   subgraph_gcare_yago.yago/Star_12/f_Q_1_1      n/a   
   subgraph_gcare_yago.yago/Star_12/f_Q_3_3      n/a   
   subgraph_gcare_yago.yago/Star_12/f_Q_5_5      n/a   
   subgraph_gcare_yago.yago/Star_12/f_Q_5_4      n/a   
   subgraph_gcare_yago.yago/Star_12/f_Q_3_2      n/a   
   subgraph_gcare_yago.yago/Star_12/f_Q_1_2      n/a   
   subgraph_gcare_yago.yago/Star_12/f_Q_5_6      n/a   
   subgraph_gcare_yago.yago/Star_12/f_Q_5_7      n/a   
   subgraph_gcare_yago.yago/Star_12/f_Q_3_1      n/a   
   subgraph_gcare_yago.yago/Star_12/f_Q_1_3      n/a   
   subgraph_gcare_yago.yago/Star_12/f_Q_1_7      n/a   
   subgraph_gcare_yago.yago/Star_12/f_Q_3_5      n/a   
   subgraph_gcare_yago.yago/Star_12/f_Q_5_3      n/a   
  subgraph_gcare_yago.yago/Star_12/f_Q_5_11      n/a   
  subgraph_gcare_yago.yago/Star_12/f_Q_5_10      n/a   
   subgraph_gcare_yago.yago/Star_12/f_Q_5_2      n/a   
   subgraph_gcare_yago.yago/Star_12/f_Q_3_4      n/a   
   subgraph_gcare_yago.yago/Star_12/f_Q_1_6      n/a   
   subgraph_gcare_yago.yago/Star_12/f_Q_1_4      n/a   
   subgraph_gcare_yago.yago/Star_12/f_Q_3_6      n/a   
  subgraph_gcare_yago.yago/Star_12/f_Q_5_12      n/a   
  subgraph_gcare_yago.yago/Star_12/f_Q_5_13      n/a   
   subgraph_gcare_yago.yago/Star_12/f_Q_5_1      n/a   
   subgraph_gcare_yago.yago/Star_12/f_Q_3_7      n/a   
   subgraph_gcare_yago.yago/Star_12/f_Q_1_5      n/a   
   subgraph_gcare_yago.yago/Star_12/f_Q_1_8      n/a   
  subgraph_gcare_yago.yago/Star_12/f_Q_0_12      n/a   
  subgraph_gcare_yago.yago/Star_12/f_Q_0_13      n/a   
   subgraph_gcare_yago.yago/Star_12/f_Q_1_9      n/a   
   subgraph_gcare_yago.yago/Star_12/f_Q_3_9      n/a   
  subgraph_gcare_yago.yago/Star_12/f_Q_0_11      n/a   
  subgraph_gcare_yago.yago/Star_12/f_Q_0_10      n/a   
   subgraph_gcare_yago.yago/Star_12/f_Q_3_8      n/a   
  subgraph_gcare_yago.yago/Star_12/f_Q_0_14      n/a   
  subgraph_gcare_yago.yago/Star_12/f_Q_2_11      n/a   
  subgraph_gcare_yago.yago/Star_12/f_Q_2_10      n/a   
   subgraph_gcare_yago.yago/Star_12/f_Q_5_9      n/a   
  subgraph_gcare_yago.yago/Star_12/f_Q_2_12      n/a   
   subgraph_gcare_yago.yago/Star_12/f_Q_5_8      n/a   
  subgraph_gcare_yago.yago/Star_12/f_Q_2_13      n/a   
   subgraph_gcare_yago.yago/Star_12/f_Q_2_9      n/a   
   subgraph_gcare_yago.yago/Star_12/f_Q_2_8      n/a   
   subgraph_gcare_yago.yago/Star_12/f_Q_0_8      n/a   
   subgraph_gcare_yago.yago/Star_12/f_Q_0_9      n/a   
  subgraph_gcare_yago.yago/Star_12/f_Q_4_13      n/a   
   subgraph_gcare_yago.yago/Star_12/f_Q_4_9      n/a   
   subgraph_gcare_yago.yago/Star_12/f_Q_4_8      n/a   
  subgraph_gcare_yago.yago/Star_12/f_Q_4_12      n/a   
  subgraph_gcare_yago.yago/Star_12/f_Q_4_10      n/a   
  subgraph_gcare_yago.yago/Star_12/f_Q_4_11      n/a   
   subgraph_gcare_yago.yago/Chain_9/f_Q_4_6      n/a   
  subgraph_gcare_yago.yago/Chain_9/f_Q_1_10      n/a   
   subgraph_gcare_yago.yago/Chain_9/f_Q_0_2      n/a   
  subgraph_gcare_yago.yago/Chain_9/f_Q_1_11      n/a   
   subgraph_gcare_yago.yago/Chain_9/f_Q_0_3      n/a   
   subgraph_gcare_yago.yago/Chain_9/f_Q_2_1      n/a   
   subgraph_gcare_yago.yago/Chain_9/f_Q_4_7      n/a   
   subgraph_gcare_yago.yago/Chain_9/f_Q_4_5      n/a   
   subgraph_gcare_yago.yago/Chain_9/f_Q_2_3      n/a   
   subgraph_gcare_yago.yago/Chain_9/f_Q_0_1      n/a   
  subgraph_gcare_yago.yago/Chain_9/f_Q_1_12      n/a   
   subgraph_gcare_yago.yago/Chain_9/f_Q_2_2      n/a   
   subgraph_gcare_yago.yago/Chain_9/f_Q_4_4      n/a   
  subgraph_gcare_yago.yago/Chain_9/f_Q_3_13      n/a   
   subgraph_gcare_yago.yago/Chain_9/f_Q_2_6      n/a   
   subgraph_gcare_yago.yago/Chain_9/f_Q_0_4      n/a   
   subgraph_gcare_yago.yago/Chain_9/f_Q_0_5      n/a   
   subgraph_gcare_yago.yago/Chain_9/f_Q_2_7      n/a   
   subgraph_gcare_yago.yago/Chain_9/f_Q_4_1      n/a   
  subgraph_gcare_yago.yago/Chain_9/f_Q_3_12      n/a   
  subgraph_gcare_yago.yago/Chain_9/f_Q_3_10      n/a   
   subgraph_gcare_yago.yago/Chain_9/f_Q_4_3      n/a   
   subgraph_gcare_yago.yago/Chain_9/f_Q_2_5      n/a   
   subgraph_gcare_yago.yago/Chain_9/f_Q_0_7      n/a   
   subgraph_gcare_yago.yago/Chain_9/f_Q_0_6      n/a   
   subgraph_gcare_yago.yago/Chain_9/f_Q_2_4      n/a   
   subgraph_gcare_yago.yago/Chain_9/f_Q_4_2      n/a   
  subgraph_gcare_yago.yago/Chain_9/f_Q_3_11      n/a   
   subgraph_gcare_yago.yago/Chain_9/f_Q_1_1      n/a   
   subgraph_gcare_yago.yago/Chain_9/f_Q_3_3      n/a   
   subgraph_gcare_yago.yago/Chain_9/f_Q_5_5      n/a   
   subgraph_gcare_yago.yago/Chain_9/f_Q_5_4      n/a   
   subgraph_gcare_yago.yago/Chain_9/f_Q_3_2      n/a   
   subgraph_gcare_yago.yago/Chain_9/f_Q_1_2      n/a   
   subgraph_gcare_yago.yago/Chain_9/f_Q_5_6      n/a   
  subgraph_gcare_yago.yago/Chain_9/f_Q_5_14      n/a   
   subgraph_gcare_yago.yago/Chain_9/f_Q_5_7      n/a   
   subgraph_gcare_yago.yago/Chain_9/f_Q_3_1      n/a   
   subgraph_gcare_yago.yago/Chain_9/f_Q_1_3      n/a   
   subgraph_gcare_yago.yago/Chain_9/f_Q_1_7      n/a   
   subgraph_gcare_yago.yago/Chain_9/f_Q_3_5      n/a   
   subgraph_gcare_yago.yago/Chain_9/f_Q_5_3      n/a   
  subgraph_gcare_yago.yago/Chain_9/f_Q_5_11      n/a   
  subgraph_gcare_yago.yago/Chain_9/f_Q_5_10      n/a   
   subgraph_gcare_yago.yago/Chain_9/f_Q_5_2      n/a   
   subgraph_gcare_yago.yago/Chain_9/f_Q_3_4      n/a   
   subgraph_gcare_yago.yago/Chain_9/f_Q_1_6      n/a   
   subgraph_gcare_yago.yago/Chain_9/f_Q_1_4      n/a   
   subgraph_gcare_yago.yago/Chain_9/f_Q_3_6      n/a   
  subgraph_gcare_yago.yago/Chain_9/f_Q_5_12      n/a   
  subgraph_gcare_yago.yago/Chain_9/f_Q_5_13      n/a   
   subgraph_gcare_yago.yago/Chain_9/f_Q_3_7      n/a   
   subgraph_gcare_yago.yago/Chain_9/f_Q_1_5      n/a   
   subgraph_gcare_yago.yago/Chain_9/f_Q_1_8      n/a   
  subgraph_gcare_yago.yago/Chain_9/f_Q_0_12      n/a   
   subgraph_gcare_yago.yago/Chain_9/f_Q_1_9      n/a   
   subgraph_gcare_yago.yago/Chain_9/f_Q_3_9      n/a   
  subgraph_gcare_yago.yago/Chain_9/f_Q_0_11      n/a   
  subgraph_gcare_yago.yago/Chain_9/f_Q_0_10      n/a   
   subgraph_gcare_yago.yago/Chain_9/f_Q_3_8      n/a   
  subgraph_gcare_yago.yago/Chain_9/f_Q_2_11      n/a   
  subgraph_gcare_yago.yago/Chain_9/f_Q_2_10      n/a   
   subgraph_gcare_yago.yago/Chain_9/f_Q_5_9      n/a   
  subgraph_gcare_yago.yago/Chain_9/f_Q_2_12      n/a   
   subgraph_gcare_yago.yago/Chain_9/f_Q_5_8      n/a   
  subgraph_gcare_yago.yago/Chain_9/f_Q_2_13      n/a   
   subgraph_gcare_yago.yago/Chain_9/f_Q_2_9      n/a   
   subgraph_gcare_yago.yago/Chain_9/f_Q_2_8      n/a   
   subgraph_gcare_yago.yago/Chain_9/f_Q_0_8      n/a   
   subgraph_gcare_yago.yago/Chain_9/f_Q_0_9      n/a   
  subgraph_gcare_yago.yago/Chain_9/f_Q_4_13      n/a   
   subgraph_gcare_yago.yago/Chain_9/f_Q_4_9      n/a   
   subgraph_gcare_yago.yago/Chain_9/f_Q_4_8      n/a   
  subgraph_gcare_yago.yago/Chain_9/f_Q_4_12      n/a   
  subgraph_gcare_yago.yago/Chain_9/f_Q_4_10      n/a   
  subgraph_gcare_yago.yago/Chain_9/f_Q_4_11      n/a   
   subgraph_gcare_yago.yago/Tree_6/f_Q_4_6       n/a   
   subgraph_gcare_yago.yago/Tree_6/f_Q_1_10      n/a   
   subgraph_gcare_yago.yago/Tree_6/f_Q_0_2       n/a   
   subgraph_gcare_yago.yago/Tree_6/f_Q_1_11      n/a   
   subgraph_gcare_yago.yago/Tree_6/f_Q_0_3       n/a   
   subgraph_gcare_yago.yago/Tree_6/f_Q_2_1       n/a   
   subgraph_gcare_yago.yago/Tree_6/f_Q_4_7       n/a   
   subgraph_gcare_yago.yago/Tree_6/f_Q_4_5       n/a   
   subgraph_gcare_yago.yago/Tree_6/f_Q_2_3       n/a   
   subgraph_gcare_yago.yago/Tree_6/f_Q_0_1       n/a   
   subgraph_gcare_yago.yago/Tree_6/f_Q_1_13      n/a   
   subgraph_gcare_yago.yago/Tree_6/f_Q_1_12      n/a   
   subgraph_gcare_yago.yago/Tree_6/f_Q_2_2       n/a   
   subgraph_gcare_yago.yago/Tree_6/f_Q_4_4       n/a   
   subgraph_gcare_yago.yago/Tree_6/f_Q_3_13      n/a   
   subgraph_gcare_yago.yago/Tree_6/f_Q_2_6       n/a   
   subgraph_gcare_yago.yago/Tree_6/f_Q_0_4       n/a   
   subgraph_gcare_yago.yago/Tree_6/f_Q_0_5       n/a   
   subgraph_gcare_yago.yago/Tree_6/f_Q_2_7       n/a   
   subgraph_gcare_yago.yago/Tree_6/f_Q_4_1       n/a   
   subgraph_gcare_yago.yago/Tree_6/f_Q_3_12      n/a   
   subgraph_gcare_yago.yago/Tree_6/f_Q_3_10      n/a   
   subgraph_gcare_yago.yago/Tree_6/f_Q_4_3       n/a   
   subgraph_gcare_yago.yago/Tree_6/f_Q_2_5       n/a   
   subgraph_gcare_yago.yago/Tree_6/f_Q_0_7       n/a   
   subgraph_gcare_yago.yago/Tree_6/f_Q_0_6       n/a   
   subgraph_gcare_yago.yago/Tree_6/f_Q_1_14      n/a   
   subgraph_gcare_yago.yago/Tree_6/f_Q_2_4       n/a   
   subgraph_gcare_yago.yago/Tree_6/f_Q_4_2       n/a   
   subgraph_gcare_yago.yago/Tree_6/f_Q_3_11      n/a   
   subgraph_gcare_yago.yago/Tree_6/f_Q_1_1       n/a   
   subgraph_gcare_yago.yago/Tree_6/f_Q_3_3       n/a   
   subgraph_gcare_yago.yago/Tree_6/f_Q_5_5       n/a   
   subgraph_gcare_yago.yago/Tree_6/f_Q_5_4       n/a   
   subgraph_gcare_yago.yago/Tree_6/f_Q_3_2       n/a   
   subgraph_gcare_yago.yago/Tree_6/f_Q_1_2       n/a   
   subgraph_gcare_yago.yago/Tree_6/f_Q_5_6       n/a   
   subgraph_gcare_yago.yago/Tree_6/f_Q_5_7       n/a   
   subgraph_gcare_yago.yago/Tree_6/f_Q_3_1       n/a   
   subgraph_gcare_yago.yago/Tree_6/f_Q_1_3       n/a   
   subgraph_gcare_yago.yago/Tree_6/f_Q_1_7       n/a   
   subgraph_gcare_yago.yago/Tree_6/f_Q_3_5       n/a   
   subgraph_gcare_yago.yago/Tree_6/f_Q_5_3       n/a   
   subgraph_gcare_yago.yago/Tree_6/f_Q_5_11      n/a   
   subgraph_gcare_yago.yago/Tree_6/f_Q_5_10      n/a   
   subgraph_gcare_yago.yago/Tree_6/f_Q_5_2       n/a   
   subgraph_gcare_yago.yago/Tree_6/f_Q_3_4       n/a   
   subgraph_gcare_yago.yago/Tree_6/f_Q_1_6       n/a   
   subgraph_gcare_yago.yago/Tree_6/f_Q_1_4       n/a   
   subgraph_gcare_yago.yago/Tree_6/f_Q_3_6       n/a   
   subgraph_gcare_yago.yago/Tree_6/f_Q_5_12      n/a   
   subgraph_gcare_yago.yago/Tree_6/f_Q_5_13      n/a   
   subgraph_gcare_yago.yago/Tree_6/f_Q_5_1       n/a   
   subgraph_gcare_yago.yago/Tree_6/f_Q_3_7       n/a   
   subgraph_gcare_yago.yago/Tree_6/f_Q_1_5       n/a   
   subgraph_gcare_yago.yago/Tree_6/f_Q_1_8       n/a   
   subgraph_gcare_yago.yago/Tree_6/f_Q_0_12      n/a   
   subgraph_gcare_yago.yago/Tree_6/f_Q_0_13      n/a   
   subgraph_gcare_yago.yago/Tree_6/f_Q_1_9       n/a   
   subgraph_gcare_yago.yago/Tree_6/f_Q_3_9       n/a   
   subgraph_gcare_yago.yago/Tree_6/f_Q_0_11      n/a   
   subgraph_gcare_yago.yago/Tree_6/f_Q_0_10      n/a   
   subgraph_gcare_yago.yago/Tree_6/f_Q_3_8       n/a   
   subgraph_gcare_yago.yago/Tree_6/f_Q_0_14      n/a   
   subgraph_gcare_yago.yago/Tree_6/f_Q_2_11      n/a   
   subgraph_gcare_yago.yago/Tree_6/f_Q_2_10      n/a   
   subgraph_gcare_yago.yago/Tree_6/f_Q_5_9       n/a   
   subgraph_gcare_yago.yago/Tree_6/f_Q_2_12      n/a   
   subgraph_gcare_yago.yago/Tree_6/f_Q_5_8       n/a   
   subgraph_gcare_yago.yago/Tree_6/f_Q_2_13      n/a   
   subgraph_gcare_yago.yago/Tree_6/f_Q_2_9       n/a   
   subgraph_gcare_yago.yago/Tree_6/f_Q_2_8       n/a   
   subgraph_gcare_yago.yago/Tree_6/f_Q_0_8       n/a   
   subgraph_gcare_yago.yago/Tree_6/f_Q_0_9       n/a   
   subgraph_gcare_yago.yago/Tree_6/f_Q_4_13      n/a   
   subgraph_gcare_yago.yago/Tree_6/f_Q_4_9       n/a   
   subgraph_gcare_yago.yago/Tree_6/f_Q_4_8       n/a   
   subgraph_gcare_yago.yago/Tree_6/f_Q_4_12      n/a   
   subgraph_gcare_yago.yago/Tree_6/f_Q_4_10      n/a   
   subgraph_gcare_yago.yago/Tree_6/f_Q_4_11      n/a   
  subgraph_gcare_yago.yago/Cycle_6/f_Q_3_15      n/a   
   subgraph_gcare_yago.yago/Cycle_6/f_Q_4_6      n/a   
  subgraph_gcare_yago.yago/Cycle_6/f_Q_1_10      n/a   
   subgraph_gcare_yago.yago/Cycle_6/f_Q_0_2      n/a   
  subgraph_gcare_yago.yago/Cycle_6/f_Q_1_11      n/a   
   subgraph_gcare_yago.yago/Cycle_6/f_Q_0_3      n/a   
   subgraph_gcare_yago.yago/Cycle_6/f_Q_2_1      n/a   
   subgraph_gcare_yago.yago/Cycle_6/f_Q_4_7      n/a   
  subgraph_gcare_yago.yago/Cycle_6/f_Q_3_14      n/a   
   subgraph_gcare_yago.yago/Cycle_6/f_Q_4_5      n/a   
   subgraph_gcare_yago.yago/Cycle_6/f_Q_2_3      n/a   
   subgraph_gcare_yago.yago/Cycle_6/f_Q_0_1      n/a   
  subgraph_gcare_yago.yago/Cycle_6/f_Q_1_13      n/a   
  subgraph_gcare_yago.yago/Cycle_6/f_Q_1_12      n/a   
   subgraph_gcare_yago.yago/Cycle_6/f_Q_2_2      n/a   
   subgraph_gcare_yago.yago/Cycle_6/f_Q_4_4      n/a   
  subgraph_gcare_yago.yago/Cycle_6/f_Q_3_13      n/a   
   subgraph_gcare_yago.yago/Cycle_6/f_Q_2_6      n/a   
   subgraph_gcare_yago.yago/Cycle_6/f_Q_0_4      n/a   
   subgraph_gcare_yago.yago/Cycle_6/f_Q_0_5      n/a   
   subgraph_gcare_yago.yago/Cycle_6/f_Q_2_7      n/a   
   subgraph_gcare_yago.yago/Cycle_6/f_Q_4_1      n/a   
  subgraph_gcare_yago.yago/Cycle_6/f_Q_3_12      n/a   
  subgraph_gcare_yago.yago/Cycle_6/f_Q_3_10      n/a   
   subgraph_gcare_yago.yago/Cycle_6/f_Q_4_3      n/a   
   subgraph_gcare_yago.yago/Cycle_6/f_Q_2_5      n/a   
   subgraph_gcare_yago.yago/Cycle_6/f_Q_0_7      n/a   
  subgraph_gcare_yago.yago/Cycle_6/f_Q_1_15      n/a   
   subgraph_gcare_yago.yago/Cycle_6/f_Q_0_6      n/a   
  subgraph_gcare_yago.yago/Cycle_6/f_Q_1_14      n/a   
   subgraph_gcare_yago.yago/Cycle_6/f_Q_2_4      n/a   
   subgraph_gcare_yago.yago/Cycle_6/f_Q_4_2      n/a   
  subgraph_gcare_yago.yago/Cycle_6/f_Q_3_11      n/a   
   subgraph_gcare_yago.yago/Cycle_6/f_Q_1_1      n/a   
   subgraph_gcare_yago.yago/Cycle_6/f_Q_3_3      n/a   
   subgraph_gcare_yago.yago/Cycle_6/f_Q_5_5      n/a   
   subgraph_gcare_yago.yago/Cycle_6/f_Q_5_4      n/a   
   subgraph_gcare_yago.yago/Cycle_6/f_Q_3_2      n/a   
   subgraph_gcare_yago.yago/Cycle_6/f_Q_1_2      n/a   
   subgraph_gcare_yago.yago/Cycle_6/f_Q_5_6      n/a   
  subgraph_gcare_yago.yago/Cycle_6/f_Q_5_14      n/a   
  subgraph_gcare_yago.yago/Cycle_6/f_Q_5_15      n/a   
   subgraph_gcare_yago.yago/Cycle_6/f_Q_5_7      n/a   
   subgraph_gcare_yago.yago/Cycle_6/f_Q_3_1      n/a   
   subgraph_gcare_yago.yago/Cycle_6/f_Q_1_3      n/a   
   subgraph_gcare_yago.yago/Cycle_6/f_Q_1_7      n/a   
   subgraph_gcare_yago.yago/Cycle_6/f_Q_3_5      n/a   
   subgraph_gcare_yago.yago/Cycle_6/f_Q_5_3      n/a   
  subgraph_gcare_yago.yago/Cycle_6/f_Q_5_11      n/a   
  subgraph_gcare_yago.yago/Cycle_6/f_Q_5_10      n/a   
   subgraph_gcare_yago.yago/Cycle_6/f_Q_5_2      n/a   
   subgraph_gcare_yago.yago/Cycle_6/f_Q_3_4      n/a   
   subgraph_gcare_yago.yago/Cycle_6/f_Q_1_6      n/a   
   subgraph_gcare_yago.yago/Cycle_6/f_Q_1_4      n/a   
   subgraph_gcare_yago.yago/Cycle_6/f_Q_3_6      n/a   
  subgraph_gcare_yago.yago/Cycle_6/f_Q_5_12      n/a   
  subgraph_gcare_yago.yago/Cycle_6/f_Q_5_13      n/a   
   subgraph_gcare_yago.yago/Cycle_6/f_Q_5_1      n/a   
   subgraph_gcare_yago.yago/Cycle_6/f_Q_3_7      n/a   
   subgraph_gcare_yago.yago/Cycle_6/f_Q_1_5      n/a   
   subgraph_gcare_yago.yago/Cycle_6/f_Q_1_8      n/a   
  subgraph_gcare_yago.yago/Cycle_6/f_Q_0_12      n/a   
  subgraph_gcare_yago.yago/Cycle_6/f_Q_0_13      n/a   
   subgraph_gcare_yago.yago/Cycle_6/f_Q_1_9      n/a   
   subgraph_gcare_yago.yago/Cycle_6/f_Q_3_9      n/a   
  subgraph_gcare_yago.yago/Cycle_6/f_Q_0_11      n/a   
  subgraph_gcare_yago.yago/Cycle_6/f_Q_2_14      n/a   
  subgraph_gcare_yago.yago/Cycle_6/f_Q_2_15      n/a   
  subgraph_gcare_yago.yago/Cycle_6/f_Q_0_10      n/a   
   subgraph_gcare_yago.yago/Cycle_6/f_Q_3_8      n/a   
  subgraph_gcare_yago.yago/Cycle_6/f_Q_0_14      n/a   
  subgraph_gcare_yago.yago/Cycle_6/f_Q_2_11      n/a   
  subgraph_gcare_yago.yago/Cycle_6/f_Q_2_10      n/a   
  subgraph_gcare_yago.yago/Cycle_6/f_Q_0_15      n/a   
   subgraph_gcare_yago.yago/Cycle_6/f_Q_5_9      n/a   
  subgraph_gcare_yago.yago/Cycle_6/f_Q_2_12      n/a   
   subgraph_gcare_yago.yago/Cycle_6/f_Q_5_8      n/a   
  subgraph_gcare_yago.yago/Cycle_6/f_Q_2_13      n/a   
  subgraph_gcare_yago.yago/Cycle_6/f_Q_4_15      n/a   
   subgraph_gcare_yago.yago/Cycle_6/f_Q_2_9      n/a   
   subgraph_gcare_yago.yago/Cycle_6/f_Q_2_8      n/a   
  subgraph_gcare_yago.yago/Cycle_6/f_Q_4_14      n/a   
   subgraph_gcare_yago.yago/Cycle_6/f_Q_0_8      n/a   
   subgraph_gcare_yago.yago/Cycle_6/f_Q_0_9      n/a   
  subgraph_gcare_yago.yago/Cycle_6/f_Q_4_13      n/a   
   subgraph_gcare_yago.yago/Cycle_6/f_Q_4_9      n/a   
   subgraph_gcare_yago.yago/Cycle_6/f_Q_4_8      n/a   
  subgraph_gcare_yago.yago/Cycle_6/f_Q_4_12      n/a   
  subgraph_gcare_yago.yago/Cycle_6/f_Q_4_10      n/a   
  subgraph_gcare_yago.yago/Cycle_6/f_Q_4_11      n/a   
  subgraph_gcare_yago.yago/Flower_6/f_Q_2_1      n/a   
  subgraph_gcare_yago.yago/Flower_6/f_Q_2_2      n/a   
  subgraph_gcare_yago.yago/Flower_6/f_Q_2_4      n/a   
  subgraph_gcare_yago.yago/Flower_6/f_Q_1_1      n/a   
  subgraph_gcare_yago.yago/Flower_6/f_Q_3_3      n/a   
  subgraph_gcare_yago.yago/Flower_6/f_Q_3_2      n/a   
  subgraph_gcare_yago.yago/Flower_6/f_Q_3_1      n/a   
  subgraph_gcare_yago.yago/Flower_6/f_Q_3_5      n/a   
  subgraph_gcare_yago.yago/Flower_6/f_Q_5_3      n/a   
  subgraph_gcare_yago.yago/Flower_6/f_Q_5_2      n/a   
  subgraph_gcare_yago.yago/Flower_6/f_Q_3_4      n/a   
  subgraph_gcare_yago.yago/Flower_6/f_Q_5_1      n/a   
   subgraph_gcare_yago.yago/Graph_9/f_Q_0_3      n/a   
   subgraph_gcare_yago.yago/Graph_9/f_Q_2_1      n/a   
   subgraph_gcare_yago.yago/Graph_9/f_Q_4_5      n/a   
   subgraph_gcare_yago.yago/Graph_9/f_Q_2_3      n/a   
   subgraph_gcare_yago.yago/Graph_9/f_Q_0_1      n/a   
   subgraph_gcare_yago.yago/Graph_9/f_Q_0_7      n/a   
   subgraph_gcare_yago.yago/Graph_9/f_Q_5_4      n/a   
   subgraph_gcare_yago.yago/Graph_9/f_Q_1_3      n/a   
   subgraph_gcare_yago.yago/Graph_9/f_Q_3_5      n/a   
   subgraph_gcare_yago.yago/Graph_9/f_Q_5_3      n/a   
  subgraph_gcare_yago.yago/Graph_9/f_Q_5_11      n/a   
   subgraph_gcare_yago.yago/Graph_9/f_Q_1_8      n/a   
  subgraph_gcare_yago.yago/Graph_9/f_Q_0_11      n/a   
   subgraph_gcare_yago.yago/Graph_9/f_Q_0_8      n/a   
   subgraph_gcare_yago.yago/Graph_9/f_Q_4_8      n/a   
  subgraph_gcare_yago.yago/Graph_9/f_Q_4_11      n/a   
  subgraph_gcare_yago.yago/Tree_12/f_Q_1_10      n/a   
   subgraph_gcare_yago.yago/Tree_12/f_Q_0_2      n/a   
  subgraph_gcare_yago.yago/Tree_12/f_Q_1_11      n/a   
   subgraph_gcare_yago.yago/Tree_12/f_Q_0_3      n/a   
   subgraph_gcare_yago.yago/Tree_12/f_Q_0_1      n/a   
   subgraph_gcare_yago.yago/Tree_12/f_Q_0_4      n/a   
   subgraph_gcare_yago.yago/Tree_12/f_Q_0_5      n/a   
   subgraph_gcare_yago.yago/Tree_12/f_Q_0_7      n/a   
   subgraph_gcare_yago.yago/Tree_12/f_Q_0_6      n/a   
   subgraph_gcare_yago.yago/Tree_12/f_Q_4_2      n/a   
   subgraph_gcare_yago.yago/Tree_12/f_Q_1_1      n/a   
   subgraph_gcare_yago.yago/Tree_12/f_Q_5_5      n/a   
   subgraph_gcare_yago.yago/Tree_12/f_Q_5_4      n/a   
   subgraph_gcare_yago.yago/Tree_12/f_Q_3_2      n/a   
   subgraph_gcare_yago.yago/Tree_12/f_Q_1_2      n/a   
   subgraph_gcare_yago.yago/Tree_12/f_Q_5_6      n/a   
   subgraph_gcare_yago.yago/Tree_12/f_Q_5_7      n/a   
   subgraph_gcare_yago.yago/Tree_12/f_Q_3_1      n/a   
   subgraph_gcare_yago.yago/Tree_12/f_Q_1_3      n/a   
   subgraph_gcare_yago.yago/Tree_12/f_Q_5_3      n/a   
   subgraph_gcare_yago.yago/Tree_12/f_Q_5_2      n/a   
   subgraph_gcare_yago.yago/Tree_12/f_Q_1_6      n/a   
   subgraph_gcare_yago.yago/Tree_12/f_Q_1_4      n/a   
   subgraph_gcare_yago.yago/Tree_12/f_Q_1_5      n/a   
   subgraph_gcare_yago.yago/Tree_12/f_Q_1_8      n/a   
  subgraph_gcare_yago.yago/Tree_12/f_Q_0_12      n/a   
  subgraph_gcare_yago.yago/Tree_12/f_Q_0_13      n/a   
   subgraph_gcare_yago.yago/Tree_12/f_Q_1_9      n/a   
  subgraph_gcare_yago.yago/Tree_12/f_Q_0_11      n/a   
  subgraph_gcare_yago.yago/Tree_12/f_Q_0_10      n/a   
  subgraph_gcare_yago.yago/Tree_12/f_Q_0_14      n/a   
   subgraph_gcare_yago.yago/Tree_12/f_Q_0_8      n/a   
   subgraph_gcare_yago.yago/Tree_12/f_Q_0_9      n/a   
   subgraph_gcare_yago.yago/Tree_9/f_Q_4_6       n/a   
   subgraph_gcare_yago.yago/Tree_9/f_Q_1_10      n/a   
   subgraph_gcare_yago.yago/Tree_9/f_Q_0_2       n/a   
   subgraph_gcare_yago.yago/Tree_9/f_Q_1_11      n/a   
   subgraph_gcare_yago.yago/Tree_9/f_Q_0_3       n/a   
   subgraph_gcare_yago.yago/Tree_9/f_Q_2_1       n/a   
   subgraph_gcare_yago.yago/Tree_9/f_Q_4_7       n/a   
   subgraph_gcare_yago.yago/Tree_9/f_Q_4_5       n/a   
   subgraph_gcare_yago.yago/Tree_9/f_Q_2_3       n/a   
   subgraph_gcare_yago.yago/Tree_9/f_Q_0_1       n/a   
   subgraph_gcare_yago.yago/Tree_9/f_Q_1_13      n/a   
   subgraph_gcare_yago.yago/Tree_9/f_Q_1_12      n/a   
   subgraph_gcare_yago.yago/Tree_9/f_Q_2_2       n/a   
   subgraph_gcare_yago.yago/Tree_9/f_Q_4_4       n/a   
   subgraph_gcare_yago.yago/Tree_9/f_Q_2_6       n/a   
   subgraph_gcare_yago.yago/Tree_9/f_Q_0_4       n/a   
   subgraph_gcare_yago.yago/Tree_9/f_Q_0_5       n/a   
   subgraph_gcare_yago.yago/Tree_9/f_Q_2_7       n/a   
   subgraph_gcare_yago.yago/Tree_9/f_Q_4_1       n/a   
   subgraph_gcare_yago.yago/Tree_9/f_Q_3_12      n/a   
   subgraph_gcare_yago.yago/Tree_9/f_Q_3_10      n/a   
   subgraph_gcare_yago.yago/Tree_9/f_Q_4_3       n/a   
   subgraph_gcare_yago.yago/Tree_9/f_Q_2_5       n/a   
   subgraph_gcare_yago.yago/Tree_9/f_Q_0_7       n/a   
   subgraph_gcare_yago.yago/Tree_9/f_Q_0_6       n/a   
   subgraph_gcare_yago.yago/Tree_9/f_Q_2_4       n/a   
   subgraph_gcare_yago.yago/Tree_9/f_Q_4_2       n/a   
   subgraph_gcare_yago.yago/Tree_9/f_Q_3_11      n/a   
   subgraph_gcare_yago.yago/Tree_9/f_Q_1_1       n/a   
   subgraph_gcare_yago.yago/Tree_9/f_Q_3_3       n/a   
   subgraph_gcare_yago.yago/Tree_9/f_Q_5_5       n/a   
   subgraph_gcare_yago.yago/Tree_9/f_Q_5_4       n/a   
   subgraph_gcare_yago.yago/Tree_9/f_Q_3_2       n/a   
   subgraph_gcare_yago.yago/Tree_9/f_Q_1_2       n/a   
   subgraph_gcare_yago.yago/Tree_9/f_Q_5_6       n/a   
   subgraph_gcare_yago.yago/Tree_9/f_Q_5_7       n/a   
   subgraph_gcare_yago.yago/Tree_9/f_Q_3_1       n/a   
   subgraph_gcare_yago.yago/Tree_9/f_Q_1_3       n/a   
   subgraph_gcare_yago.yago/Tree_9/f_Q_1_7       n/a   
   subgraph_gcare_yago.yago/Tree_9/f_Q_3_5       n/a   
   subgraph_gcare_yago.yago/Tree_9/f_Q_5_3       n/a   
   subgraph_gcare_yago.yago/Tree_9/f_Q_5_11      n/a   
   subgraph_gcare_yago.yago/Tree_9/f_Q_5_10      n/a   
   subgraph_gcare_yago.yago/Tree_9/f_Q_5_2       n/a   
   subgraph_gcare_yago.yago/Tree_9/f_Q_3_4       n/a   
   subgraph_gcare_yago.yago/Tree_9/f_Q_1_6       n/a   
   subgraph_gcare_yago.yago/Tree_9/f_Q_1_4       n/a   
   subgraph_gcare_yago.yago/Tree_9/f_Q_3_6       n/a   
   subgraph_gcare_yago.yago/Tree_9/f_Q_5_12      n/a   
   subgraph_gcare_yago.yago/Tree_9/f_Q_5_13      n/a   
   subgraph_gcare_yago.yago/Tree_9/f_Q_5_1       n/a   
   subgraph_gcare_yago.yago/Tree_9/f_Q_3_7       n/a   
   subgraph_gcare_yago.yago/Tree_9/f_Q_1_5       n/a   
   subgraph_gcare_yago.yago/Tree_9/f_Q_1_8       n/a   
   subgraph_gcare_yago.yago/Tree_9/f_Q_0_12      n/a   
   subgraph_gcare_yago.yago/Tree_9/f_Q_0_13      n/a   
   subgraph_gcare_yago.yago/Tree_9/f_Q_1_9       n/a   
   subgraph_gcare_yago.yago/Tree_9/f_Q_3_9       n/a   
   subgraph_gcare_yago.yago/Tree_9/f_Q_0_11      n/a   
   subgraph_gcare_yago.yago/Tree_9/f_Q_0_10      n/a   
   subgraph_gcare_yago.yago/Tree_9/f_Q_3_8       n/a   
   subgraph_gcare_yago.yago/Tree_9/f_Q_0_14      n/a   
   subgraph_gcare_yago.yago/Tree_9/f_Q_5_9       n/a   
   subgraph_gcare_yago.yago/Tree_9/f_Q_5_8       n/a   
   subgraph_gcare_yago.yago/Tree_9/f_Q_2_8       n/a   
   subgraph_gcare_yago.yago/Tree_9/f_Q_0_8       n/a   
   subgraph_gcare_yago.yago/Tree_9/f_Q_0_9       n/a   
   subgraph_gcare_yago.yago/Tree_9/f_Q_4_13      n/a   
   subgraph_gcare_yago.yago/Tree_9/f_Q_4_9       n/a   
   subgraph_gcare_yago.yago/Tree_9/f_Q_4_8       n/a   
   subgraph_gcare_yago.yago/Tree_9/f_Q_4_12      n/a   
   subgraph_gcare_yago.yago/Tree_9/f_Q_4_10      n/a   
   subgraph_gcare_yago.yago/Tree_9/f_Q_4_11      n/a   
   subgraph_gcare_yago.yago/Cycle_9/f_Q_0_2      n/a   
   subgraph_gcare_yago.yago/Cycle_9/f_Q_0_3      n/a   
   subgraph_gcare_yago.yago/Cycle_9/f_Q_0_1      n/a   
   subgraph_gcare_yago.yago/Cycle_9/f_Q_0_4      n/a   
   subgraph_gcare_yago.yago/Cycle_9/f_Q_0_5      n/a   
   subgraph_gcare_yago.yago/Cycle_9/f_Q_0_7      n/a   
   subgraph_gcare_yago.yago/Cycle_9/f_Q_0_6      n/a   
  subgraph_gcare_yago.yago/Cycle_9/f_Q_0_12      n/a   
  subgraph_gcare_yago.yago/Cycle_9/f_Q_0_11      n/a   
  subgraph_gcare_yago.yago/Cycle_9/f_Q_0_10      n/a   
   subgraph_gcare_yago.yago/Cycle_9/f_Q_0_8      n/a   
   subgraph_gcare_yago.yago/Cycle_9/f_Q_0_9      n/a   
   subgraph_gcare_yago.yago/Graph_6/f_Q_4_6      n/a   
  subgraph_gcare_yago.yago/Graph_6/f_Q_1_10      n/a   
   subgraph_gcare_yago.yago/Graph_6/f_Q_0_2      n/a   
   subgraph_gcare_yago.yago/Graph_6/f_Q_0_3      n/a   
   subgraph_gcare_yago.yago/Graph_6/f_Q_2_1      n/a   
   subgraph_gcare_yago.yago/Graph_6/f_Q_4_5      n/a   
   subgraph_gcare_yago.yago/Graph_6/f_Q_2_3      n/a   
   subgraph_gcare_yago.yago/Graph_6/f_Q_0_1      n/a   
  subgraph_gcare_yago.yago/Graph_6/f_Q_1_13      n/a   
   subgraph_gcare_yago.yago/Graph_6/f_Q_2_2      n/a   
   subgraph_gcare_yago.yago/Graph_6/f_Q_4_4      n/a   
   subgraph_gcare_yago.yago/Graph_6/f_Q_0_4      n/a   
   subgraph_gcare_yago.yago/Graph_6/f_Q_0_5      n/a   
  subgraph_gcare_yago.yago/Graph_6/f_Q_3_12      n/a   
  subgraph_gcare_yago.yago/Graph_6/f_Q_3_10      n/a   
   subgraph_gcare_yago.yago/Graph_6/f_Q_4_3      n/a   
   subgraph_gcare_yago.yago/Graph_6/f_Q_2_5      n/a   
   subgraph_gcare_yago.yago/Graph_6/f_Q_0_7      n/a   
   subgraph_gcare_yago.yago/Graph_6/f_Q_0_6      n/a   
   subgraph_gcare_yago.yago/Graph_6/f_Q_4_2      n/a   
  subgraph_gcare_yago.yago/Graph_6/f_Q_3_11      n/a   
   subgraph_gcare_yago.yago/Graph_6/f_Q_3_3      n/a   
   subgraph_gcare_yago.yago/Graph_6/f_Q_5_5      n/a   
   subgraph_gcare_yago.yago/Graph_6/f_Q_5_4      n/a   
   subgraph_gcare_yago.yago/Graph_6/f_Q_5_6      n/a   
   subgraph_gcare_yago.yago/Graph_6/f_Q_5_7      n/a   
   subgraph_gcare_yago.yago/Graph_6/f_Q_1_3      n/a   
   subgraph_gcare_yago.yago/Graph_6/f_Q_1_7      n/a   
   subgraph_gcare_yago.yago/Graph_6/f_Q_5_3      n/a   
  subgraph_gcare_yago.yago/Graph_6/f_Q_5_10      n/a   
   subgraph_gcare_yago.yago/Graph_6/f_Q_1_4      n/a   
   subgraph_gcare_yago.yago/Graph_6/f_Q_5_1      n/a   
   subgraph_gcare_yago.yago/Graph_6/f_Q_3_7      n/a   
   subgraph_gcare_yago.yago/Graph_6/f_Q_1_5      n/a   
  subgraph_gcare_yago.yago/Graph_6/f_Q_0_13      n/a   
   subgraph_gcare_yago.yago/Graph_6/f_Q_1_9      n/a   
  subgraph_gcare_yago.yago/Graph_6/f_Q_0_11      n/a   
  subgraph_gcare_yago.yago/Graph_6/f_Q_0_10      n/a   
  subgraph_gcare_yago.yago/Graph_6/f_Q_0_14      n/a   
  subgraph_gcare_yago.yago/Graph_6/f_Q_2_11      n/a   
  subgraph_gcare_yago.yago/Graph_6/f_Q_2_10      n/a   
   subgraph_gcare_yago.yago/Graph_6/f_Q_5_9      n/a   
  subgraph_gcare_yago.yago/Graph_6/f_Q_2_12      n/a   
  subgraph_gcare_yago.yago/Graph_6/f_Q_2_13      n/a   
   subgraph_gcare_yago.yago/Graph_6/f_Q_2_9      n/a   
   subgraph_gcare_yago.yago/Graph_6/f_Q_4_9      n/a   
   subgraph_gcare_yago.yago/Graph_6/f_Q_4_8      n/a   
  subgraph_gcare_yago.yago/Graph_6/f_Q_4_10      n/a   
  subgraph_gcare_yago.yago/Graph_6/f_Q_4_11      n/a   
   subgraph_gcare_yago.yago/Star_3/f_Q_4_6       n/a   
   subgraph_gcare_yago.yago/Star_3/f_Q_1_10      n/a   
   subgraph_gcare_yago.yago/Star_3/f_Q_0_2       n/a   
   subgraph_gcare_yago.yago/Star_3/f_Q_1_11      n/a   
   subgraph_gcare_yago.yago/Star_3/f_Q_0_3       n/a   
   subgraph_gcare_yago.yago/Star_3/f_Q_2_1       n/a   
   subgraph_gcare_yago.yago/Star_3/f_Q_4_7       n/a   
   subgraph_gcare_yago.yago/Star_3/f_Q_4_5       n/a   
   subgraph_gcare_yago.yago/Star_3/f_Q_2_3       n/a   
   subgraph_gcare_yago.yago/Star_3/f_Q_0_1       n/a   
   subgraph_gcare_yago.yago/Star_3/f_Q_1_13      n/a   
   subgraph_gcare_yago.yago/Star_3/f_Q_1_12      n/a   
   subgraph_gcare_yago.yago/Star_3/f_Q_2_2       n/a   
   subgraph_gcare_yago.yago/Star_3/f_Q_4_4       n/a   
   subgraph_gcare_yago.yago/Star_3/f_Q_3_13      n/a   
   subgraph_gcare_yago.yago/Star_3/f_Q_2_6       n/a   
   subgraph_gcare_yago.yago/Star_3/f_Q_0_4       n/a   
   subgraph_gcare_yago.yago/Star_3/f_Q_0_5       n/a   
   subgraph_gcare_yago.yago/Star_3/f_Q_2_7       n/a   
   subgraph_gcare_yago.yago/Star_3/f_Q_4_1       n/a   
   subgraph_gcare_yago.yago/Star_3/f_Q_3_12      n/a   
   subgraph_gcare_yago.yago/Star_3/f_Q_3_10      n/a   
   subgraph_gcare_yago.yago/Star_3/f_Q_4_3       n/a   
   subgraph_gcare_yago.yago/Star_3/f_Q_2_5       n/a   
   subgraph_gcare_yago.yago/Star_3/f_Q_0_7       n/a   
   subgraph_gcare_yago.yago/Star_3/f_Q_0_6       n/a   
   subgraph_gcare_yago.yago/Star_3/f_Q_1_14      n/a   
   subgraph_gcare_yago.yago/Star_3/f_Q_2_4       n/a   
   subgraph_gcare_yago.yago/Star_3/f_Q_4_2       n/a   
   subgraph_gcare_yago.yago/Star_3/f_Q_3_11      n/a   
   subgraph_gcare_yago.yago/Star_3/f_Q_1_1       n/a   
   subgraph_gcare_yago.yago/Star_3/f_Q_3_3       n/a   
   subgraph_gcare_yago.yago/Star_3/f_Q_5_5       n/a   
   subgraph_gcare_yago.yago/Star_3/f_Q_5_4       n/a   
   subgraph_gcare_yago.yago/Star_3/f_Q_3_2       n/a   
   subgraph_gcare_yago.yago/Star_3/f_Q_1_2       n/a   
   subgraph_gcare_yago.yago/Star_3/f_Q_5_6       n/a   
   subgraph_gcare_yago.yago/Star_3/f_Q_5_7       n/a   
   subgraph_gcare_yago.yago/Star_3/f_Q_3_1       n/a   
   subgraph_gcare_yago.yago/Star_3/f_Q_1_3       n/a   
   subgraph_gcare_yago.yago/Star_3/f_Q_3_5       n/a   
   subgraph_gcare_yago.yago/Star_3/f_Q_5_3       n/a   
   subgraph_gcare_yago.yago/Star_3/f_Q_5_11      n/a   
   subgraph_gcare_yago.yago/Star_3/f_Q_5_10      n/a   
   subgraph_gcare_yago.yago/Star_3/f_Q_5_2       n/a   
   subgraph_gcare_yago.yago/Star_3/f_Q_3_4       n/a   
   subgraph_gcare_yago.yago/Star_3/f_Q_1_6       n/a   
   subgraph_gcare_yago.yago/Star_3/f_Q_1_4       n/a   
   subgraph_gcare_yago.yago/Star_3/f_Q_3_6       n/a   
   subgraph_gcare_yago.yago/Star_3/f_Q_5_12      n/a   
   subgraph_gcare_yago.yago/Star_3/f_Q_5_13      n/a   
   subgraph_gcare_yago.yago/Star_3/f_Q_5_1       n/a   
   subgraph_gcare_yago.yago/Star_3/f_Q_3_7       n/a   
   subgraph_gcare_yago.yago/Star_3/f_Q_1_5       n/a   
   subgraph_gcare_yago.yago/Star_3/f_Q_1_8       n/a   
   subgraph_gcare_yago.yago/Star_3/f_Q_0_12      n/a   
   subgraph_gcare_yago.yago/Star_3/f_Q_0_13      n/a   
   subgraph_gcare_yago.yago/Star_3/f_Q_1_9       n/a   
   subgraph_gcare_yago.yago/Star_3/f_Q_3_9       n/a   
   subgraph_gcare_yago.yago/Star_3/f_Q_0_11      n/a   
   subgraph_gcare_yago.yago/Star_3/f_Q_0_10      n/a   
   subgraph_gcare_yago.yago/Star_3/f_Q_3_8       n/a   
   subgraph_gcare_yago.yago/Star_3/f_Q_0_14      n/a   
   subgraph_gcare_yago.yago/Star_3/f_Q_2_11      n/a   
   subgraph_gcare_yago.yago/Star_3/f_Q_2_10      n/a   
   subgraph_gcare_yago.yago/Star_3/f_Q_5_9       n/a   
   subgraph_gcare_yago.yago/Star_3/f_Q_2_12      n/a   
   subgraph_gcare_yago.yago/Star_3/f_Q_5_8       n/a   
   subgraph_gcare_yago.yago/Star_3/f_Q_2_13      n/a   
   subgraph_gcare_yago.yago/Star_3/f_Q_2_9       n/a   
   subgraph_gcare_yago.yago/Star_3/f_Q_2_8       n/a   
   subgraph_gcare_yago.yago/Star_3/f_Q_0_8       n/a   
   subgraph_gcare_yago.yago/Star_3/f_Q_0_9       n/a   
   subgraph_gcare_yago.yago/Star_3/f_Q_4_13      n/a   
   subgraph_gcare_yago.yago/Star_3/f_Q_4_9       n/a   
   subgraph_gcare_yago.yago/Star_3/f_Q_4_8       n/a   
   subgraph_gcare_yago.yago/Star_3/f_Q_4_12      n/a   
   subgraph_gcare_yago.yago/Star_3/f_Q_4_10      n/a   
   subgraph_gcare_yago.yago/Star_3/f_Q_4_11      n/a   
  subgraph_gcare_yago.yago/Petal_12/f_Q_0_2      n/a   
  subgraph_gcare_yago.yago/Petal_12/f_Q_0_3      n/a   
  subgraph_gcare_yago.yago/Petal_12/f_Q_2_1      n/a   
  subgraph_gcare_yago.yago/Petal_12/f_Q_2_3      n/a   
  subgraph_gcare_yago.yago/Petal_12/f_Q_0_1      n/a   
  subgraph_gcare_yago.yago/Petal_12/f_Q_2_2      n/a   
  subgraph_gcare_yago.yago/Petal_12/f_Q_4_1      n/a   
  subgraph_gcare_yago.yago/Petal_12/f_Q_2_4      n/a   
  subgraph_gcare_yago.yago/Petal_12/f_Q_1_1      n/a   
  subgraph_gcare_yago.yago/Petal_12/f_Q_3_3      n/a   
  subgraph_gcare_yago.yago/Petal_12/f_Q_3_2      n/a   
  subgraph_gcare_yago.yago/Petal_12/f_Q_1_2      n/a   
  subgraph_gcare_yago.yago/Petal_12/f_Q_3_1      n/a   
  subgraph_gcare_yago.yago/Petal_12/f_Q_1_3      n/a   
  subgraph_gcare_yago.yago/Petal_12/f_Q_3_5      n/a   
  subgraph_gcare_yago.yago/Petal_12/f_Q_3_4      n/a   
  subgraph_gcare_yago.yago/Petal_12/f_Q_1_6      n/a   
  subgraph_gcare_yago.yago/Petal_12/f_Q_1_4      n/a   
  subgraph_gcare_yago.yago/Petal_12/f_Q_5_1      n/a   
  subgraph_gcare_yago.yago/Petal_12/f_Q_1_5      n/a   
  subgraph_gcare_yago.yago/Petal_12/f_Q_0_8      n/a   
  subgraph_gcare_yago.yago/Petal_12/f_Q_0_9      n/a   
  subgraph_gcare_yago.yago/Clique_6/f_Q_0_11     n/a   
   subgraph_gcare_yago.yago/Chain_3/f_Q_4_6      n/a   
  subgraph_gcare_yago.yago/Chain_3/f_Q_1_10      n/a   
   subgraph_gcare_yago.yago/Chain_3/f_Q_0_2      n/a   
  subgraph_gcare_yago.yago/Chain_3/f_Q_1_11      n/a   
   subgraph_gcare_yago.yago/Chain_3/f_Q_0_3      n/a   
   subgraph_gcare_yago.yago/Chain_3/f_Q_2_1      n/a   
   subgraph_gcare_yago.yago/Chain_3/f_Q_4_7      n/a   
   subgraph_gcare_yago.yago/Chain_3/f_Q_4_5      n/a   
   subgraph_gcare_yago.yago/Chain_3/f_Q_2_3      n/a   
   subgraph_gcare_yago.yago/Chain_3/f_Q_0_1      n/a   
  subgraph_gcare_yago.yago/Chain_3/f_Q_1_13      n/a   
  subgraph_gcare_yago.yago/Chain_3/f_Q_1_12      n/a   
   subgraph_gcare_yago.yago/Chain_3/f_Q_2_2      n/a   
   subgraph_gcare_yago.yago/Chain_3/f_Q_4_4      n/a   
  subgraph_gcare_yago.yago/Chain_3/f_Q_3_13      n/a   
   subgraph_gcare_yago.yago/Chain_3/f_Q_2_6      n/a   
   subgraph_gcare_yago.yago/Chain_3/f_Q_0_4      n/a   
   subgraph_gcare_yago.yago/Chain_3/f_Q_0_5      n/a   
   subgraph_gcare_yago.yago/Chain_3/f_Q_2_7      n/a   
   subgraph_gcare_yago.yago/Chain_3/f_Q_4_1      n/a   
  subgraph_gcare_yago.yago/Chain_3/f_Q_3_12      n/a   
  subgraph_gcare_yago.yago/Chain_3/f_Q_3_10      n/a   
   subgraph_gcare_yago.yago/Chain_3/f_Q_4_3      n/a   
   subgraph_gcare_yago.yago/Chain_3/f_Q_2_5      n/a   
   subgraph_gcare_yago.yago/Chain_3/f_Q_0_7      n/a   
   subgraph_gcare_yago.yago/Chain_3/f_Q_0_6      n/a   
  subgraph_gcare_yago.yago/Chain_3/f_Q_1_14      n/a   
   subgraph_gcare_yago.yago/Chain_3/f_Q_2_4      n/a   
   subgraph_gcare_yago.yago/Chain_3/f_Q_4_2      n/a   
  subgraph_gcare_yago.yago/Chain_3/f_Q_3_11      n/a   
   subgraph_gcare_yago.yago/Chain_3/f_Q_1_1      n/a   
   subgraph_gcare_yago.yago/Chain_3/f_Q_3_3      n/a   
   subgraph_gcare_yago.yago/Chain_3/f_Q_5_5      n/a   
   subgraph_gcare_yago.yago/Chain_3/f_Q_5_4      n/a   
   subgraph_gcare_yago.yago/Chain_3/f_Q_3_2      n/a   
   subgraph_gcare_yago.yago/Chain_3/f_Q_1_2      n/a   
   subgraph_gcare_yago.yago/Chain_3/f_Q_5_6      n/a   
   subgraph_gcare_yago.yago/Chain_3/f_Q_5_7      n/a   
   subgraph_gcare_yago.yago/Chain_3/f_Q_3_1      n/a   
   subgraph_gcare_yago.yago/Chain_3/f_Q_1_3      n/a   
   subgraph_gcare_yago.yago/Chain_3/f_Q_1_7      n/a   
   subgraph_gcare_yago.yago/Chain_3/f_Q_3_5      n/a   
   subgraph_gcare_yago.yago/Chain_3/f_Q_5_3      n/a   
  subgraph_gcare_yago.yago/Chain_3/f_Q_5_11      n/a   
  subgraph_gcare_yago.yago/Chain_3/f_Q_5_10      n/a   
   subgraph_gcare_yago.yago/Chain_3/f_Q_5_2      n/a   
   subgraph_gcare_yago.yago/Chain_3/f_Q_3_4      n/a   
   subgraph_gcare_yago.yago/Chain_3/f_Q_1_6      n/a   
   subgraph_gcare_yago.yago/Chain_3/f_Q_1_4      n/a   
   subgraph_gcare_yago.yago/Chain_3/f_Q_3_6      n/a   
  subgraph_gcare_yago.yago/Chain_3/f_Q_5_12      n/a   
  subgraph_gcare_yago.yago/Chain_3/f_Q_5_13      n/a   
   subgraph_gcare_yago.yago/Chain_3/f_Q_5_1      n/a   
   subgraph_gcare_yago.yago/Chain_3/f_Q_3_7      n/a   
   subgraph_gcare_yago.yago/Chain_3/f_Q_1_5      n/a   
   subgraph_gcare_yago.yago/Chain_3/f_Q_1_8      n/a   
  subgraph_gcare_yago.yago/Chain_3/f_Q_0_12      n/a   
  subgraph_gcare_yago.yago/Chain_3/f_Q_0_13      n/a   
   subgraph_gcare_yago.yago/Chain_3/f_Q_1_9      n/a   
   subgraph_gcare_yago.yago/Chain_3/f_Q_3_9      n/a   
  subgraph_gcare_yago.yago/Chain_3/f_Q_0_11      n/a   
  subgraph_gcare_yago.yago/Chain_3/f_Q_0_10      n/a   
   subgraph_gcare_yago.yago/Chain_3/f_Q_3_8      n/a   
  subgraph_gcare_yago.yago/Chain_3/f_Q_0_14      n/a   
  subgraph_gcare_yago.yago/Chain_3/f_Q_2_11      n/a   
  subgraph_gcare_yago.yago/Chain_3/f_Q_2_10      n/a   
   subgraph_gcare_yago.yago/Chain_3/f_Q_5_9      n/a   
  subgraph_gcare_yago.yago/Chain_3/f_Q_2_12      n/a   
   subgraph_gcare_yago.yago/Chain_3/f_Q_5_8      n/a   
  subgraph_gcare_yago.yago/Chain_3/f_Q_2_13      n/a   
   subgraph_gcare_yago.yago/Chain_3/f_Q_2_9      n/a   
   subgraph_gcare_yago.yago/Chain_3/f_Q_2_8      n/a   
   subgraph_gcare_yago.yago/Chain_3/f_Q_0_8      n/a   
   subgraph_gcare_yago.yago/Chain_3/f_Q_0_9      n/a   
  subgraph_gcare_yago.yago/Chain_3/f_Q_4_13      n/a   
   subgraph_gcare_yago.yago/Chain_3/f_Q_4_9      n/a   
   subgraph_gcare_yago.yago/Chain_3/f_Q_4_8      n/a   
  subgraph_gcare_yago.yago/Chain_3/f_Q_4_12      n/a   
  subgraph_gcare_yago.yago/Chain_3/f_Q_4_10      n/a   
  subgraph_gcare_yago.yago/Chain_3/f_Q_4_11      n/a   
   subgraph_gcare_yago.yago/Graph_3/f_Q_0_2      n/a   
  subgraph_gcare_yago.yago/Graph_3/f_Q_1_11      n/a   
   subgraph_gcare_yago.yago/Graph_3/f_Q_0_3      n/a   
   subgraph_gcare_yago.yago/Graph_3/f_Q_2_1      n/a   
   subgraph_gcare_yago.yago/Graph_3/f_Q_4_7      n/a   
   subgraph_gcare_yago.yago/Graph_3/f_Q_4_5      n/a   
   subgraph_gcare_yago.yago/Graph_3/f_Q_2_3      n/a   
   subgraph_gcare_yago.yago/Graph_3/f_Q_0_1      n/a   
  subgraph_gcare_yago.yago/Graph_3/f_Q_1_13      n/a   
   subgraph_gcare_yago.yago/Graph_3/f_Q_2_2      n/a   
   subgraph_gcare_yago.yago/Graph_3/f_Q_4_4      n/a   
   subgraph_gcare_yago.yago/Graph_3/f_Q_2_6      n/a   
   subgraph_gcare_yago.yago/Graph_3/f_Q_0_4      n/a   
   subgraph_gcare_yago.yago/Graph_3/f_Q_0_5      n/a   
   subgraph_gcare_yago.yago/Graph_3/f_Q_2_7      n/a   
   subgraph_gcare_yago.yago/Graph_3/f_Q_4_1      n/a   
  subgraph_gcare_yago.yago/Graph_3/f_Q_3_12      n/a   
  subgraph_gcare_yago.yago/Graph_3/f_Q_3_10      n/a   
   subgraph_gcare_yago.yago/Graph_3/f_Q_2_5      n/a   
   subgraph_gcare_yago.yago/Graph_3/f_Q_0_7      n/a   
   subgraph_gcare_yago.yago/Graph_3/f_Q_0_6      n/a   
   subgraph_gcare_yago.yago/Graph_3/f_Q_2_4      n/a   
   subgraph_gcare_yago.yago/Graph_3/f_Q_4_2      n/a   
  subgraph_gcare_yago.yago/Graph_3/f_Q_3_11      n/a   
   subgraph_gcare_yago.yago/Graph_3/f_Q_3_3      n/a   
   subgraph_gcare_yago.yago/Graph_3/f_Q_5_5      n/a   
   subgraph_gcare_yago.yago/Graph_3/f_Q_3_2      n/a   
   subgraph_gcare_yago.yago/Graph_3/f_Q_1_2      n/a   
   subgraph_gcare_yago.yago/Graph_3/f_Q_5_7      n/a   
   subgraph_gcare_yago.yago/Graph_3/f_Q_3_1      n/a   
   subgraph_gcare_yago.yago/Graph_3/f_Q_1_3      n/a   
   subgraph_gcare_yago.yago/Graph_3/f_Q_5_3      n/a   
   subgraph_gcare_yago.yago/Graph_3/f_Q_5_2      n/a   
   subgraph_gcare_yago.yago/Graph_3/f_Q_1_4      n/a   
  subgraph_gcare_yago.yago/Graph_3/f_Q_5_12      n/a   
  subgraph_gcare_yago.yago/Graph_3/f_Q_5_13      n/a   
   subgraph_gcare_yago.yago/Graph_3/f_Q_3_7      n/a   
   subgraph_gcare_yago.yago/Graph_3/f_Q_1_5      n/a   
   subgraph_gcare_yago.yago/Graph_3/f_Q_1_8      n/a   
  subgraph_gcare_yago.yago/Graph_3/f_Q_0_12      n/a   
  subgraph_gcare_yago.yago/Graph_3/f_Q_0_13      n/a   
   subgraph_gcare_yago.yago/Graph_3/f_Q_1_9      n/a   
  subgraph_gcare_yago.yago/Graph_3/f_Q_0_11      n/a   
  subgraph_gcare_yago.yago/Graph_3/f_Q_0_10      n/a   
   subgraph_gcare_yago.yago/Graph_3/f_Q_3_8      n/a   
  subgraph_gcare_yago.yago/Graph_3/f_Q_0_14      n/a   
  subgraph_gcare_yago.yago/Graph_3/f_Q_2_11      n/a   
  subgraph_gcare_yago.yago/Graph_3/f_Q_2_10      n/a   
  subgraph_gcare_yago.yago/Graph_3/f_Q_2_12      n/a   
   subgraph_gcare_yago.yago/Graph_3/f_Q_5_8      n/a   
  subgraph_gcare_yago.yago/Graph_3/f_Q_2_13      n/a   
   subgraph_gcare_yago.yago/Graph_3/f_Q_2_9      n/a   
   subgraph_gcare_yago.yago/Graph_3/f_Q_0_8      n/a   
   subgraph_gcare_yago.yago/Graph_3/f_Q_0_9      n/a   
  subgraph_gcare_yago.yago/Graph_3/f_Q_4_13      n/a   
   subgraph_gcare_yago.yago/Graph_3/f_Q_4_8      n/a   
  subgraph_gcare_yago.yago/Graph_3/f_Q_4_10      n/a   
  subgraph_gcare_yago.yago/Graph_3/f_Q_4_11      n/a   
   subgraph_gcare_yago.yago/Petal_6/f_Q_4_6      n/a   
  subgraph_gcare_yago.yago/Petal_6/f_Q_1_10      n/a   
   subgraph_gcare_yago.yago/Petal_6/f_Q_0_2      n/a   
  subgraph_gcare_yago.yago/Petal_6/f_Q_1_11      n/a   
   subgraph_gcare_yago.yago/Petal_6/f_Q_0_3      n/a   
   subgraph_gcare_yago.yago/Petal_6/f_Q_2_1      n/a   
  subgraph_gcare_yago.yago/Petal_6/f_Q_3_14      n/a   
   subgraph_gcare_yago.yago/Petal_6/f_Q_4_5      n/a   
   subgraph_gcare_yago.yago/Petal_6/f_Q_2_3      n/a   
   subgraph_gcare_yago.yago/Petal_6/f_Q_0_1      n/a   
  subgraph_gcare_yago.yago/Petal_6/f_Q_1_13      n/a   
  subgraph_gcare_yago.yago/Petal_6/f_Q_1_12      n/a   
   subgraph_gcare_yago.yago/Petal_6/f_Q_2_2      n/a   
   subgraph_gcare_yago.yago/Petal_6/f_Q_4_4      n/a   
  subgraph_gcare_yago.yago/Petal_6/f_Q_3_13      n/a   
   subgraph_gcare_yago.yago/Petal_6/f_Q_2_6      n/a   
   subgraph_gcare_yago.yago/Petal_6/f_Q_0_4      n/a   
   subgraph_gcare_yago.yago/Petal_6/f_Q_0_5      n/a   
   subgraph_gcare_yago.yago/Petal_6/f_Q_2_7      n/a   
   subgraph_gcare_yago.yago/Petal_6/f_Q_4_1      n/a   
  subgraph_gcare_yago.yago/Petal_6/f_Q_3_12      n/a   
  subgraph_gcare_yago.yago/Petal_6/f_Q_3_10      n/a   
   subgraph_gcare_yago.yago/Petal_6/f_Q_4_3      n/a   
   subgraph_gcare_yago.yago/Petal_6/f_Q_2_5      n/a   
   subgraph_gcare_yago.yago/Petal_6/f_Q_0_7      n/a   
   subgraph_gcare_yago.yago/Petal_6/f_Q_0_6      n/a   
  subgraph_gcare_yago.yago/Petal_6/f_Q_1_14      n/a   
   subgraph_gcare_yago.yago/Petal_6/f_Q_2_4      n/a   
   subgraph_gcare_yago.yago/Petal_6/f_Q_4_2      n/a   
  subgraph_gcare_yago.yago/Petal_6/f_Q_3_11      n/a   
   subgraph_gcare_yago.yago/Petal_6/f_Q_1_1      n/a   
   subgraph_gcare_yago.yago/Petal_6/f_Q_3_3      n/a   
   subgraph_gcare_yago.yago/Petal_6/f_Q_5_5      n/a   
   subgraph_gcare_yago.yago/Petal_6/f_Q_5_4      n/a   
   subgraph_gcare_yago.yago/Petal_6/f_Q_3_2      n/a   
   subgraph_gcare_yago.yago/Petal_6/f_Q_1_2      n/a   
   subgraph_gcare_yago.yago/Petal_6/f_Q_5_6      n/a   
   subgraph_gcare_yago.yago/Petal_6/f_Q_5_7      n/a   
   subgraph_gcare_yago.yago/Petal_6/f_Q_3_1      n/a   
   subgraph_gcare_yago.yago/Petal_6/f_Q_1_3      n/a   
   subgraph_gcare_yago.yago/Petal_6/f_Q_1_7      n/a   
   subgraph_gcare_yago.yago/Petal_6/f_Q_3_5      n/a   
   subgraph_gcare_yago.yago/Petal_6/f_Q_5_3      n/a   
  subgraph_gcare_yago.yago/Petal_6/f_Q_5_11      n/a   
  subgraph_gcare_yago.yago/Petal_6/f_Q_5_10      n/a   
   subgraph_gcare_yago.yago/Petal_6/f_Q_5_2      n/a   
   subgraph_gcare_yago.yago/Petal_6/f_Q_3_4      n/a   
   subgraph_gcare_yago.yago/Petal_6/f_Q_1_6      n/a   
   subgraph_gcare_yago.yago/Petal_6/f_Q_1_4      n/a   
   subgraph_gcare_yago.yago/Petal_6/f_Q_3_6      n/a   
  subgraph_gcare_yago.yago/Petal_6/f_Q_5_12      n/a   
   subgraph_gcare_yago.yago/Petal_6/f_Q_5_1      n/a   
   subgraph_gcare_yago.yago/Petal_6/f_Q_3_7      n/a   
   subgraph_gcare_yago.yago/Petal_6/f_Q_1_5      n/a   
   subgraph_gcare_yago.yago/Petal_6/f_Q_1_8      n/a   
  subgraph_gcare_yago.yago/Petal_6/f_Q_0_12      n/a   
  subgraph_gcare_yago.yago/Petal_6/f_Q_0_13      n/a   
   subgraph_gcare_yago.yago/Petal_6/f_Q_1_9      n/a   
   subgraph_gcare_yago.yago/Petal_6/f_Q_3_9      n/a   
  subgraph_gcare_yago.yago/Petal_6/f_Q_0_11      n/a   
  subgraph_gcare_yago.yago/Petal_6/f_Q_2_14      n/a   
  subgraph_gcare_yago.yago/Petal_6/f_Q_0_10      n/a   
   subgraph_gcare_yago.yago/Petal_6/f_Q_3_8      n/a   
  subgraph_gcare_yago.yago/Petal_6/f_Q_0_14      n/a   
  subgraph_gcare_yago.yago/Petal_6/f_Q_2_11      n/a   
  subgraph_gcare_yago.yago/Petal_6/f_Q_2_10      n/a   
   subgraph_gcare_yago.yago/Petal_6/f_Q_5_9      n/a   
  subgraph_gcare_yago.yago/Petal_6/f_Q_2_12      n/a   
   subgraph_gcare_yago.yago/Petal_6/f_Q_2_9      n/a   
   subgraph_gcare_yago.yago/Petal_6/f_Q_2_8      n/a   
   subgraph_gcare_yago.yago/Petal_6/f_Q_0_8      n/a   
   subgraph_gcare_yago.yago/Petal_6/f_Q_0_9      n/a   
  subgraph_gcare_yago.yago/Petal_6/f_Q_4_13      n/a   
   subgraph_gcare_yago.yago/Petal_6/f_Q_4_9      n/a   
   subgraph_gcare_yago.yago/Petal_6/f_Q_4_8      n/a   
  subgraph_gcare_yago.yago/Petal_6/f_Q_4_12      n/a   
  subgraph_gcare_yago.yago/Petal_6/f_Q_4_10      n/a   
  subgraph_gcare_yago.yago/Petal_6/f_Q_4_11      n/a   
  subgraph_gcare_yago.yago/Cycle_3/f_Q_3_15      n/a   
  subgraph_gcare_yago.yago/Cycle_3/f_Q_1_10      n/a   
   subgraph_gcare_yago.yago/Cycle_3/f_Q_0_2      n/a   
  subgraph_gcare_yago.yago/Cycle_3/f_Q_1_11      n/a   
   subgraph_gcare_yago.yago/Cycle_3/f_Q_0_3      n/a   
   subgraph_gcare_yago.yago/Cycle_3/f_Q_2_1      n/a   
  subgraph_gcare_yago.yago/Cycle_3/f_Q_3_14      n/a   
   subgraph_gcare_yago.yago/Cycle_3/f_Q_2_3      n/a   
   subgraph_gcare_yago.yago/Cycle_3/f_Q_0_1      n/a   
  subgraph_gcare_yago.yago/Cycle_3/f_Q_1_13      n/a   
  subgraph_gcare_yago.yago/Cycle_3/f_Q_1_12      n/a   
   subgraph_gcare_yago.yago/Cycle_3/f_Q_2_2      n/a   
  subgraph_gcare_yago.yago/Cycle_3/f_Q_3_13      n/a   
   subgraph_gcare_yago.yago/Cycle_3/f_Q_2_6      n/a   
   subgraph_gcare_yago.yago/Cycle_3/f_Q_0_4      n/a   
   subgraph_gcare_yago.yago/Cycle_3/f_Q_0_5      n/a   
   subgraph_gcare_yago.yago/Cycle_3/f_Q_2_7      n/a   
   subgraph_gcare_yago.yago/Cycle_3/f_Q_4_1      n/a   
  subgraph_gcare_yago.yago/Cycle_3/f_Q_3_12      n/a   
  subgraph_gcare_yago.yago/Cycle_3/f_Q_3_10      n/a   
   subgraph_gcare_yago.yago/Cycle_3/f_Q_2_5      n/a   
   subgraph_gcare_yago.yago/Cycle_3/f_Q_0_7      n/a   
  subgraph_gcare_yago.yago/Cycle_3/f_Q_1_15      n/a   
   subgraph_gcare_yago.yago/Cycle_3/f_Q_0_6      n/a   
  subgraph_gcare_yago.yago/Cycle_3/f_Q_1_14      n/a   
   subgraph_gcare_yago.yago/Cycle_3/f_Q_2_4      n/a   
   subgraph_gcare_yago.yago/Cycle_3/f_Q_4_2      n/a   
  subgraph_gcare_yago.yago/Cycle_3/f_Q_3_11      n/a   
   subgraph_gcare_yago.yago/Cycle_3/f_Q_1_1      n/a   
   subgraph_gcare_yago.yago/Cycle_3/f_Q_3_3      n/a   
   subgraph_gcare_yago.yago/Cycle_3/f_Q_3_2      n/a   
   subgraph_gcare_yago.yago/Cycle_3/f_Q_1_2      n/a   
   subgraph_gcare_yago.yago/Cycle_3/f_Q_3_1      n/a   
   subgraph_gcare_yago.yago/Cycle_3/f_Q_1_3      n/a   
   subgraph_gcare_yago.yago/Cycle_3/f_Q_1_7      n/a   
   subgraph_gcare_yago.yago/Cycle_3/f_Q_3_5      n/a   
   subgraph_gcare_yago.yago/Cycle_3/f_Q_3_4      n/a   
   subgraph_gcare_yago.yago/Cycle_3/f_Q_1_6      n/a   
   subgraph_gcare_yago.yago/Cycle_3/f_Q_1_4      n/a   
   subgraph_gcare_yago.yago/Cycle_3/f_Q_3_6      n/a   
   subgraph_gcare_yago.yago/Cycle_3/f_Q_3_7      n/a   
   subgraph_gcare_yago.yago/Cycle_3/f_Q_1_5      n/a   
   subgraph_gcare_yago.yago/Cycle_3/f_Q_1_8      n/a   
  subgraph_gcare_yago.yago/Cycle_3/f_Q_0_12      n/a   
  subgraph_gcare_yago.yago/Cycle_3/f_Q_0_13      n/a   
   subgraph_gcare_yago.yago/Cycle_3/f_Q_1_9      n/a   
   subgraph_gcare_yago.yago/Cycle_3/f_Q_3_9      n/a   
  subgraph_gcare_yago.yago/Cycle_3/f_Q_0_11      n/a   
  subgraph_gcare_yago.yago/Cycle_3/f_Q_0_10      n/a   
   subgraph_gcare_yago.yago/Cycle_3/f_Q_3_8      n/a   
  subgraph_gcare_yago.yago/Cycle_3/f_Q_0_14      n/a   
  subgraph_gcare_yago.yago/Cycle_3/f_Q_2_10      n/a   
  subgraph_gcare_yago.yago/Cycle_3/f_Q_0_15      n/a   
   subgraph_gcare_yago.yago/Cycle_3/f_Q_2_9      n/a   
   subgraph_gcare_yago.yago/Cycle_3/f_Q_2_8      n/a   
   subgraph_gcare_yago.yago/Cycle_3/f_Q_0_8      n/a   
   subgraph_gcare_yago.yago/Cycle_3/f_Q_0_9      n/a   
   subgraph_gcare_yago.yago/Petal_9/f_Q_4_6      n/a   
  subgraph_gcare_yago.yago/Petal_9/f_Q_1_10      n/a   
   subgraph_gcare_yago.yago/Petal_9/f_Q_0_2      n/a   
   subgraph_gcare_yago.yago/Petal_9/f_Q_0_3      n/a   
   subgraph_gcare_yago.yago/Petal_9/f_Q_2_1      n/a   
   subgraph_gcare_yago.yago/Petal_9/f_Q_4_7      n/a   
   subgraph_gcare_yago.yago/Petal_9/f_Q_4_5      n/a   
   subgraph_gcare_yago.yago/Petal_9/f_Q_2_3      n/a   
   subgraph_gcare_yago.yago/Petal_9/f_Q_0_1      n/a   
   subgraph_gcare_yago.yago/Petal_9/f_Q_2_2      n/a   
   subgraph_gcare_yago.yago/Petal_9/f_Q_4_4      n/a   
   subgraph_gcare_yago.yago/Petal_9/f_Q_2_6      n/a   
   subgraph_gcare_yago.yago/Petal_9/f_Q_0_4      n/a   
   subgraph_gcare_yago.yago/Petal_9/f_Q_0_5      n/a   
   subgraph_gcare_yago.yago/Petal_9/f_Q_2_7      n/a   
   subgraph_gcare_yago.yago/Petal_9/f_Q_4_1      n/a   
  subgraph_gcare_yago.yago/Petal_9/f_Q_3_10      n/a   
   subgraph_gcare_yago.yago/Petal_9/f_Q_4_3      n/a   
   subgraph_gcare_yago.yago/Petal_9/f_Q_2_5      n/a   
   subgraph_gcare_yago.yago/Petal_9/f_Q_0_6      n/a   
   subgraph_gcare_yago.yago/Petal_9/f_Q_2_4      n/a   
   subgraph_gcare_yago.yago/Petal_9/f_Q_4_2      n/a   
  subgraph_gcare_yago.yago/Petal_9/f_Q_3_11      n/a   
   subgraph_gcare_yago.yago/Petal_9/f_Q_3_3      n/a   
   subgraph_gcare_yago.yago/Petal_9/f_Q_5_5      n/a   
   subgraph_gcare_yago.yago/Petal_9/f_Q_5_4      n/a   
   subgraph_gcare_yago.yago/Petal_9/f_Q_3_2      n/a   
   subgraph_gcare_yago.yago/Petal_9/f_Q_1_2      n/a   
   subgraph_gcare_yago.yago/Petal_9/f_Q_5_6      n/a   
   subgraph_gcare_yago.yago/Petal_9/f_Q_5_7      n/a   
   subgraph_gcare_yago.yago/Petal_9/f_Q_1_3      n/a   
   subgraph_gcare_yago.yago/Petal_9/f_Q_1_7      n/a   
   subgraph_gcare_yago.yago/Petal_9/f_Q_3_5      n/a   
   subgraph_gcare_yago.yago/Petal_9/f_Q_5_3      n/a   
   subgraph_gcare_yago.yago/Petal_9/f_Q_5_2      n/a   
   subgraph_gcare_yago.yago/Petal_9/f_Q_3_4      n/a   
   subgraph_gcare_yago.yago/Petal_9/f_Q_1_6      n/a   
   subgraph_gcare_yago.yago/Petal_9/f_Q_1_4      n/a   
   subgraph_gcare_yago.yago/Petal_9/f_Q_3_6      n/a   
   subgraph_gcare_yago.yago/Petal_9/f_Q_5_1      n/a   
   subgraph_gcare_yago.yago/Petal_9/f_Q_3_7      n/a   
   subgraph_gcare_yago.yago/Petal_9/f_Q_1_5      n/a   
   subgraph_gcare_yago.yago/Petal_9/f_Q_1_8      n/a   
  subgraph_gcare_yago.yago/Petal_9/f_Q_0_12      n/a   
  subgraph_gcare_yago.yago/Petal_9/f_Q_0_13      n/a   
   subgraph_gcare_yago.yago/Petal_9/f_Q_1_9      n/a   
   subgraph_gcare_yago.yago/Petal_9/f_Q_3_9      n/a   
  subgraph_gcare_yago.yago/Petal_9/f_Q_0_10      n/a   
   subgraph_gcare_yago.yago/Petal_9/f_Q_3_8      n/a   
  subgraph_gcare_yago.yago/Petal_9/f_Q_2_11      n/a   
  subgraph_gcare_yago.yago/Petal_9/f_Q_2_10      n/a   
   subgraph_gcare_yago.yago/Petal_9/f_Q_5_9      n/a   
   subgraph_gcare_yago.yago/Petal_9/f_Q_5_8      n/a   
   subgraph_gcare_yago.yago/Petal_9/f_Q_2_9      n/a   
   subgraph_gcare_yago.yago/Petal_9/f_Q_2_8      n/a   
  subgraph_gcare_yago.yago/Petal_9/f_Q_4_14      n/a   
  subgraph_gcare_yago.yago/Petal_9/f_Q_4_13      n/a   
   subgraph_gcare_yago.yago/Petal_9/f_Q_4_9      n/a   
   subgraph_gcare_yago.yago/Petal_9/f_Q_4_8      n/a   
  subgraph_gcare_yago.yago/Petal_9/f_Q_4_12      n/a   
  subgraph_gcare_yago.yago/Petal_9/f_Q_4_10      n/a   
  subgraph_gcare_yago.yago/Petal_9/f_Q_4_11      n/a   
   subgraph_gcare_yago.yago/Tree_3/f_Q_4_6       n/a   
   subgraph_gcare_yago.yago/Tree_3/f_Q_0_2       n/a   
   subgraph_gcare_yago.yago/Tree_3/f_Q_0_3       n/a   
   subgraph_gcare_yago.yago/Tree_3/f_Q_2_1       n/a   
   subgraph_gcare_yago.yago/Tree_3/f_Q_4_7       n/a   
   subgraph_gcare_yago.yago/Tree_3/f_Q_4_5       n/a   
   subgraph_gcare_yago.yago/Tree_3/f_Q_2_3       n/a   
   subgraph_gcare_yago.yago/Tree_3/f_Q_0_1       n/a   
   subgraph_gcare_yago.yago/Tree_3/f_Q_1_13      n/a   
   subgraph_gcare_yago.yago/Tree_3/f_Q_1_12      n/a   
   subgraph_gcare_yago.yago/Tree_3/f_Q_2_2       n/a   
   subgraph_gcare_yago.yago/Tree_3/f_Q_4_4       n/a   
   subgraph_gcare_yago.yago/Tree_3/f_Q_3_13      n/a   
   subgraph_gcare_yago.yago/Tree_3/f_Q_2_6       n/a   
   subgraph_gcare_yago.yago/Tree_3/f_Q_0_4       n/a   
   subgraph_gcare_yago.yago/Tree_3/f_Q_0_5       n/a   
   subgraph_gcare_yago.yago/Tree_3/f_Q_2_7       n/a   
   subgraph_gcare_yago.yago/Tree_3/f_Q_4_1       n/a   
   subgraph_gcare_yago.yago/Tree_3/f_Q_3_12      n/a   
   subgraph_gcare_yago.yago/Tree_3/f_Q_3_10      n/a   
   subgraph_gcare_yago.yago/Tree_3/f_Q_4_3       n/a   
   subgraph_gcare_yago.yago/Tree_3/f_Q_2_5       n/a   
   subgraph_gcare_yago.yago/Tree_3/f_Q_0_7       n/a   
   subgraph_gcare_yago.yago/Tree_3/f_Q_0_6       n/a   
   subgraph_gcare_yago.yago/Tree_3/f_Q_1_14      n/a   
   subgraph_gcare_yago.yago/Tree_3/f_Q_2_4       n/a   
   subgraph_gcare_yago.yago/Tree_3/f_Q_4_2       n/a   
   subgraph_gcare_yago.yago/Tree_3/f_Q_3_11      n/a   
   subgraph_gcare_yago.yago/Tree_3/f_Q_1_1       n/a   
   subgraph_gcare_yago.yago/Tree_3/f_Q_3_3       n/a   
   subgraph_gcare_yago.yago/Tree_3/f_Q_5_5       n/a   
   subgraph_gcare_yago.yago/Tree_3/f_Q_5_4       n/a   
   subgraph_gcare_yago.yago/Tree_3/f_Q_3_2       n/a   
   subgraph_gcare_yago.yago/Tree_3/f_Q_1_2       n/a   
   subgraph_gcare_yago.yago/Tree_3/f_Q_5_6       n/a   
   subgraph_gcare_yago.yago/Tree_3/f_Q_5_7       n/a   
   subgraph_gcare_yago.yago/Tree_3/f_Q_3_1       n/a   
   subgraph_gcare_yago.yago/Tree_3/f_Q_1_3       n/a   
   subgraph_gcare_yago.yago/Tree_3/f_Q_1_7       n/a   
   subgraph_gcare_yago.yago/Tree_3/f_Q_3_5       n/a   
   subgraph_gcare_yago.yago/Tree_3/f_Q_5_3       n/a   
   subgraph_gcare_yago.yago/Tree_3/f_Q_5_11      n/a   
   subgraph_gcare_yago.yago/Tree_3/f_Q_5_10      n/a   
   subgraph_gcare_yago.yago/Tree_3/f_Q_5_2       n/a   
   subgraph_gcare_yago.yago/Tree_3/f_Q_3_4       n/a   
   subgraph_gcare_yago.yago/Tree_3/f_Q_1_6       n/a   
   subgraph_gcare_yago.yago/Tree_3/f_Q_1_4       n/a   
   subgraph_gcare_yago.yago/Tree_3/f_Q_3_6       n/a   
   subgraph_gcare_yago.yago/Tree_3/f_Q_5_12      n/a   
   subgraph_gcare_yago.yago/Tree_3/f_Q_5_13      n/a   
   subgraph_gcare_yago.yago/Tree_3/f_Q_5_1       n/a   
   subgraph_gcare_yago.yago/Tree_3/f_Q_3_7       n/a   
   subgraph_gcare_yago.yago/Tree_3/f_Q_1_5       n/a   
   subgraph_gcare_yago.yago/Tree_3/f_Q_1_8       n/a   
   subgraph_gcare_yago.yago/Tree_3/f_Q_0_12      n/a   
   subgraph_gcare_yago.yago/Tree_3/f_Q_0_13      n/a   
   subgraph_gcare_yago.yago/Tree_3/f_Q_1_9       n/a   
   subgraph_gcare_yago.yago/Tree_3/f_Q_3_9       n/a   
   subgraph_gcare_yago.yago/Tree_3/f_Q_0_11      n/a   
   subgraph_gcare_yago.yago/Tree_3/f_Q_0_10      n/a   
   subgraph_gcare_yago.yago/Tree_3/f_Q_3_8       n/a   
   subgraph_gcare_yago.yago/Tree_3/f_Q_0_14      n/a   
   subgraph_gcare_yago.yago/Tree_3/f_Q_2_11      n/a   
   subgraph_gcare_yago.yago/Tree_3/f_Q_2_10      n/a   
   subgraph_gcare_yago.yago/Tree_3/f_Q_5_9       n/a   
   subgraph_gcare_yago.yago/Tree_3/f_Q_2_12      n/a   
   subgraph_gcare_yago.yago/Tree_3/f_Q_5_8       n/a   
   subgraph_gcare_yago.yago/Tree_3/f_Q_2_13      n/a   
   subgraph_gcare_yago.yago/Tree_3/f_Q_2_9       n/a   
   subgraph_gcare_yago.yago/Tree_3/f_Q_2_8       n/a   
   subgraph_gcare_yago.yago/Tree_3/f_Q_0_8       n/a   
   subgraph_gcare_yago.yago/Tree_3/f_Q_0_9       n/a   
   subgraph_gcare_yago.yago/Tree_3/f_Q_4_13      n/a   
   subgraph_gcare_yago.yago/Tree_3/f_Q_4_9       n/a   
   subgraph_gcare_yago.yago/Tree_3/f_Q_4_8       n/a   
   subgraph_gcare_yago.yago/Tree_3/f_Q_4_12      n/a   
   subgraph_gcare_yago.yago/Tree_3/f_Q_4_10      n/a   
   subgraph_gcare_yago.yago/Tree_3/f_Q_4_11      n/a   
  subgraph_gcare_yago.yago/Clique_10/f_Q_0_1     n/a   
 subgraph_gcare_yago.yago/Clique_10/f_Q_1_16     n/a   
 subgraph_gcare_yago.yago/Clique_10/f_Q_1_17     n/a   
 subgraph_gcare_yago.yago/Clique_10/f_Q_1_15     n/a   
 subgraph_gcare_yago.yago/Clique_10/f_Q_1_14     n/a   
 subgraph_gcare_yago.yago/Clique_10/f_Q_0_15     n/a   
 subgraph_gcare_yago.yago/Clique_10/f_Q_1_19     n/a   
 subgraph_gcare_yago.yago/Clique_10/f_Q_1_18     n/a   
   subgraph_gcare_yago.yago/Star_6/f_Q_4_6       n/a   
   subgraph_gcare_yago.yago/Star_6/f_Q_1_10      n/a   
   subgraph_gcare_yago.yago/Star_6/f_Q_0_2       n/a   
   subgraph_gcare_yago.yago/Star_6/f_Q_1_11      n/a   
   subgraph_gcare_yago.yago/Star_6/f_Q_0_3       n/a   
   subgraph_gcare_yago.yago/Star_6/f_Q_2_1       n/a   
   subgraph_gcare_yago.yago/Star_6/f_Q_4_7       n/a   
   subgraph_gcare_yago.yago/Star_6/f_Q_4_5       n/a   
   subgraph_gcare_yago.yago/Star_6/f_Q_2_3       n/a   
   subgraph_gcare_yago.yago/Star_6/f_Q_0_1       n/a   
   subgraph_gcare_yago.yago/Star_6/f_Q_1_13      n/a   
   subgraph_gcare_yago.yago/Star_6/f_Q_1_12      n/a   
   subgraph_gcare_yago.yago/Star_6/f_Q_2_2       n/a   
   subgraph_gcare_yago.yago/Star_6/f_Q_4_4       n/a   
   subgraph_gcare_yago.yago/Star_6/f_Q_3_13      n/a   
   subgraph_gcare_yago.yago/Star_6/f_Q_2_6       n/a   
   subgraph_gcare_yago.yago/Star_6/f_Q_0_4       n/a   
   subgraph_gcare_yago.yago/Star_6/f_Q_0_5       n/a   
   subgraph_gcare_yago.yago/Star_6/f_Q_2_7       n/a   
   subgraph_gcare_yago.yago/Star_6/f_Q_4_1       n/a   
   subgraph_gcare_yago.yago/Star_6/f_Q_3_12      n/a   
   subgraph_gcare_yago.yago/Star_6/f_Q_3_10      n/a   
   subgraph_gcare_yago.yago/Star_6/f_Q_4_3       n/a   
   subgraph_gcare_yago.yago/Star_6/f_Q_2_5       n/a   
   subgraph_gcare_yago.yago/Star_6/f_Q_0_7       n/a   
   subgraph_gcare_yago.yago/Star_6/f_Q_0_6       n/a   
   subgraph_gcare_yago.yago/Star_6/f_Q_2_4       n/a   
   subgraph_gcare_yago.yago/Star_6/f_Q_4_2       n/a   
   subgraph_gcare_yago.yago/Star_6/f_Q_3_11      n/a   
   subgraph_gcare_yago.yago/Star_6/f_Q_1_1       n/a   
   subgraph_gcare_yago.yago/Star_6/f_Q_3_3       n/a   
   subgraph_gcare_yago.yago/Star_6/f_Q_5_5       n/a   
   subgraph_gcare_yago.yago/Star_6/f_Q_5_4       n/a   
   subgraph_gcare_yago.yago/Star_6/f_Q_3_2       n/a   
   subgraph_gcare_yago.yago/Star_6/f_Q_1_2       n/a   
   subgraph_gcare_yago.yago/Star_6/f_Q_5_6       n/a   
   subgraph_gcare_yago.yago/Star_6/f_Q_5_7       n/a   
   subgraph_gcare_yago.yago/Star_6/f_Q_3_1       n/a   
   subgraph_gcare_yago.yago/Star_6/f_Q_1_3       n/a   
   subgraph_gcare_yago.yago/Star_6/f_Q_1_7       n/a   
   subgraph_gcare_yago.yago/Star_6/f_Q_3_5       n/a   
   subgraph_gcare_yago.yago/Star_6/f_Q_5_3       n/a   
   subgraph_gcare_yago.yago/Star_6/f_Q_5_11      n/a   
   subgraph_gcare_yago.yago/Star_6/f_Q_5_10      n/a   
   subgraph_gcare_yago.yago/Star_6/f_Q_5_2       n/a   
   subgraph_gcare_yago.yago/Star_6/f_Q_3_4       n/a   
   subgraph_gcare_yago.yago/Star_6/f_Q_1_6       n/a   
   subgraph_gcare_yago.yago/Star_6/f_Q_1_4       n/a   
   subgraph_gcare_yago.yago/Star_6/f_Q_3_6       n/a   
   subgraph_gcare_yago.yago/Star_6/f_Q_5_12      n/a   
   subgraph_gcare_yago.yago/Star_6/f_Q_5_13      n/a   
   subgraph_gcare_yago.yago/Star_6/f_Q_5_1       n/a   
   subgraph_gcare_yago.yago/Star_6/f_Q_3_7       n/a   
   subgraph_gcare_yago.yago/Star_6/f_Q_1_5       n/a   
   subgraph_gcare_yago.yago/Star_6/f_Q_1_8       n/a   
   subgraph_gcare_yago.yago/Star_6/f_Q_0_12      n/a   
   subgraph_gcare_yago.yago/Star_6/f_Q_0_13      n/a   
   subgraph_gcare_yago.yago/Star_6/f_Q_1_9       n/a   
   subgraph_gcare_yago.yago/Star_6/f_Q_3_9       n/a   
   subgraph_gcare_yago.yago/Star_6/f_Q_0_11      n/a   
   subgraph_gcare_yago.yago/Star_6/f_Q_0_10      n/a   
   subgraph_gcare_yago.yago/Star_6/f_Q_3_8       n/a   
   subgraph_gcare_yago.yago/Star_6/f_Q_0_14      n/a   
   subgraph_gcare_yago.yago/Star_6/f_Q_2_11      n/a   
   subgraph_gcare_yago.yago/Star_6/f_Q_2_10      n/a   
   subgraph_gcare_yago.yago/Star_6/f_Q_5_9       n/a   
   subgraph_gcare_yago.yago/Star_6/f_Q_2_12      n/a   
   subgraph_gcare_yago.yago/Star_6/f_Q_5_8       n/a   
   subgraph_gcare_yago.yago/Star_6/f_Q_2_13      n/a   
   subgraph_gcare_yago.yago/Star_6/f_Q_2_9       n/a   
   subgraph_gcare_yago.yago/Star_6/f_Q_2_8       n/a   
   subgraph_gcare_yago.yago/Star_6/f_Q_0_8       n/a   
   subgraph_gcare_yago.yago/Star_6/f_Q_0_9       n/a   
   subgraph_gcare_yago.yago/Star_6/f_Q_4_13      n/a   
   subgraph_gcare_yago.yago/Star_6/f_Q_4_9       n/a   
   subgraph_gcare_yago.yago/Star_6/f_Q_4_8       n/a   
   subgraph_gcare_yago.yago/Star_6/f_Q_4_12      n/a   
   subgraph_gcare_yago.yago/Star_6/f_Q_4_10      n/a   
   subgraph_gcare_yago.yago/Star_6/f_Q_4_11      n/a   
   subgraph_gcare_yago.yago/Star_9/f_Q_4_6       n/a   
   subgraph_gcare_yago.yago/Star_9/f_Q_1_10      n/a   
   subgraph_gcare_yago.yago/Star_9/f_Q_0_2       n/a   
   subgraph_gcare_yago.yago/Star_9/f_Q_1_11      n/a   
   subgraph_gcare_yago.yago/Star_9/f_Q_0_3       n/a   
   subgraph_gcare_yago.yago/Star_9/f_Q_2_1       n/a   
   subgraph_gcare_yago.yago/Star_9/f_Q_4_7       n/a   
   subgraph_gcare_yago.yago/Star_9/f_Q_4_5       n/a   
   subgraph_gcare_yago.yago/Star_9/f_Q_2_3       n/a   
   subgraph_gcare_yago.yago/Star_9/f_Q_0_1       n/a   
   subgraph_gcare_yago.yago/Star_9/f_Q_1_13      n/a   
   subgraph_gcare_yago.yago/Star_9/f_Q_1_12      n/a   
   subgraph_gcare_yago.yago/Star_9/f_Q_2_2       n/a   
   subgraph_gcare_yago.yago/Star_9/f_Q_4_4       n/a   
   subgraph_gcare_yago.yago/Star_9/f_Q_3_13      n/a   
   subgraph_gcare_yago.yago/Star_9/f_Q_2_6       n/a   
   subgraph_gcare_yago.yago/Star_9/f_Q_0_4       n/a   
   subgraph_gcare_yago.yago/Star_9/f_Q_0_5       n/a   
   subgraph_gcare_yago.yago/Star_9/f_Q_2_7       n/a   
   subgraph_gcare_yago.yago/Star_9/f_Q_4_1       n/a   
   subgraph_gcare_yago.yago/Star_9/f_Q_3_12      n/a   
   subgraph_gcare_yago.yago/Star_9/f_Q_3_10      n/a   
   subgraph_gcare_yago.yago/Star_9/f_Q_4_3       n/a   
   subgraph_gcare_yago.yago/Star_9/f_Q_2_5       n/a   
   subgraph_gcare_yago.yago/Star_9/f_Q_0_7       n/a   
   subgraph_gcare_yago.yago/Star_9/f_Q_0_6       n/a   
   subgraph_gcare_yago.yago/Star_9/f_Q_1_14      n/a   
   subgraph_gcare_yago.yago/Star_9/f_Q_2_4       n/a   
   subgraph_gcare_yago.yago/Star_9/f_Q_4_2       n/a   
   subgraph_gcare_yago.yago/Star_9/f_Q_3_11      n/a   
   subgraph_gcare_yago.yago/Star_9/f_Q_1_1       n/a   
   subgraph_gcare_yago.yago/Star_9/f_Q_3_3       n/a   
   subgraph_gcare_yago.yago/Star_9/f_Q_5_5       n/a   
   subgraph_gcare_yago.yago/Star_9/f_Q_5_4       n/a   
   subgraph_gcare_yago.yago/Star_9/f_Q_3_2       n/a   
   subgraph_gcare_yago.yago/Star_9/f_Q_1_2       n/a   
   subgraph_gcare_yago.yago/Star_9/f_Q_5_6       n/a   
   subgraph_gcare_yago.yago/Star_9/f_Q_5_7       n/a   
   subgraph_gcare_yago.yago/Star_9/f_Q_3_1       n/a   
   subgraph_gcare_yago.yago/Star_9/f_Q_1_3       n/a   
   subgraph_gcare_yago.yago/Star_9/f_Q_1_7       n/a   
   subgraph_gcare_yago.yago/Star_9/f_Q_3_5       n/a   
   subgraph_gcare_yago.yago/Star_9/f_Q_5_3       n/a   
   subgraph_gcare_yago.yago/Star_9/f_Q_5_11      n/a   
   subgraph_gcare_yago.yago/Star_9/f_Q_5_10      n/a   
   subgraph_gcare_yago.yago/Star_9/f_Q_5_2       n/a   
   subgraph_gcare_yago.yago/Star_9/f_Q_3_4       n/a   
   subgraph_gcare_yago.yago/Star_9/f_Q_1_6       n/a   
   subgraph_gcare_yago.yago/Star_9/f_Q_1_4       n/a   
   subgraph_gcare_yago.yago/Star_9/f_Q_3_6       n/a   
   subgraph_gcare_yago.yago/Star_9/f_Q_5_12      n/a   
   subgraph_gcare_yago.yago/Star_9/f_Q_5_13      n/a   
   subgraph_gcare_yago.yago/Star_9/f_Q_5_1       n/a   
   subgraph_gcare_yago.yago/Star_9/f_Q_3_7       n/a   
   subgraph_gcare_yago.yago/Star_9/f_Q_1_5       n/a   
   subgraph_gcare_yago.yago/Star_9/f_Q_1_8       n/a   
   subgraph_gcare_yago.yago/Star_9/f_Q_0_12      n/a   
   subgraph_gcare_yago.yago/Star_9/f_Q_0_13      n/a   
   subgraph_gcare_yago.yago/Star_9/f_Q_1_9       n/a   
   subgraph_gcare_yago.yago/Star_9/f_Q_3_9       n/a   
   subgraph_gcare_yago.yago/Star_9/f_Q_0_11      n/a   
   subgraph_gcare_yago.yago/Star_9/f_Q_0_10      n/a   
   subgraph_gcare_yago.yago/Star_9/f_Q_3_8       n/a   
   subgraph_gcare_yago.yago/Star_9/f_Q_0_14      n/a   
   subgraph_gcare_yago.yago/Star_9/f_Q_2_11      n/a   
   subgraph_gcare_yago.yago/Star_9/f_Q_2_10      n/a   
   subgraph_gcare_yago.yago/Star_9/f_Q_5_9       n/a   
   subgraph_gcare_yago.yago/Star_9/f_Q_2_12      n/a   
   subgraph_gcare_yago.yago/Star_9/f_Q_5_8       n/a   
   subgraph_gcare_yago.yago/Star_9/f_Q_2_13      n/a   
   subgraph_gcare_yago.yago/Star_9/f_Q_2_9       n/a   
   subgraph_gcare_yago.yago/Star_9/f_Q_2_8       n/a   
   subgraph_gcare_yago.yago/Star_9/f_Q_0_8       n/a   
   subgraph_gcare_yago.yago/Star_9/f_Q_0_9       n/a   
   subgraph_gcare_yago.yago/Star_9/f_Q_4_13      n/a   
   subgraph_gcare_yago.yago/Star_9/f_Q_4_9       n/a   
   subgraph_gcare_yago.yago/Star_9/f_Q_4_8       n/a   
   subgraph_gcare_yago.yago/Star_9/f_Q_4_12      n/a   
   subgraph_gcare_yago.yago/Star_9/f_Q_4_10      n/a   
   subgraph_gcare_yago.yago/Star_9/f_Q_4_11      n/a   
============================================= =========

·· ============================================= =========
                      dataset                             
   --------------------------------------------- ---------
      subgraph_matching_test_inputs.all_edges       n/a   
    subgraph_matching_test_inputs.label_a_count     n/a   
        subgraph_matching_test_inputs.a_to_b        n/a   
        subgraph_matching_test_inputs.b_to_a        n/a   
     subgraph_gcare_human.human/Star_3/uf_Q_2_1     n/a   
     subgraph_gcare_human.human/Star_3/uf_Q_0_2   4.28±0s 
     subgraph_gcare_human.human/Star_3/uf_Q_2_2     n/a   
     subgraph_gcare_human.human/Star_3/uf_Q_0_1     n/a   
     subgraph_gcare_human.human/Star_3/uf_Q_2_3     n/a   
     subgraph_gcare_human.human/Star_3/uf_Q_1_1     n/a   
     subgraph_gcare_human.human/Star_3/uf_Q_1_3     n/a   
     subgraph_gcare_human.human/Star_3/uf_Q_1_2     n/a   
     subgraph_gcare_human.human/Star_3/uf_Q_1_6     n/a   
     subgraph_gcare_human.human/Star_3/uf_Q_1_5   4.27±0s 
     subgraph_gcare_human.human/Star_3/uf_Q_1_4     n/a   
    subgraph_gcare_human.human/Chain_3/uf_Q_1_1     n/a   
    subgraph_gcare_human.human/Chain_3/uf_Q_1_3     n/a   
    subgraph_gcare_human.human/Chain_3/uf_Q_1_2     n/a   
    subgraph_gcare_human.human/Graph_3/uf_Q_2_1     n/a   
    subgraph_gcare_human.human/Graph_3/uf_Q_0_3     n/a   
    subgraph_gcare_human.human/Graph_3/uf_Q_0_2     n/a   
    subgraph_gcare_human.human/Graph_3/uf_Q_2_2   4.29±0s 
    subgraph_gcare_human.human/Graph_3/uf_Q_0_1     n/a   
    subgraph_gcare_human.human/Graph_3/uf_Q_2_3     n/a   
    subgraph_gcare_human.human/Graph_3/uf_Q_0_5     n/a   
    subgraph_gcare_human.human/Graph_3/uf_Q_0_4     n/a   
    subgraph_gcare_human.human/Graph_3/uf_Q_2_6     n/a   
    subgraph_gcare_human.human/Graph_3/uf_Q_2_4     n/a   
    subgraph_gcare_human.human/Graph_3/uf_Q_0_6     n/a   
    subgraph_gcare_human.human/Graph_3/uf_Q_2_5   4.26±0s 
    subgraph_gcare_human.human/Graph_3/uf_Q_3_2     n/a   
    subgraph_gcare_human.human/Graph_3/uf_Q_3_3     n/a   
    subgraph_gcare_human.human/Graph_3/uf_Q_1_1     n/a   
    subgraph_gcare_human.human/Graph_3/uf_Q_1_3     n/a   
    subgraph_gcare_human.human/Graph_3/uf_Q_3_1     n/a   
    subgraph_gcare_human.human/Graph_3/uf_Q_1_2     n/a   
    subgraph_gcare_human.human/Graph_3/uf_Q_3_4     n/a   
    subgraph_gcare_human.human/Graph_3/uf_Q_3_5   4.29±0s 
    subgraph_gcare_human.human/Graph_3/uf_Q_3_7     n/a   
    subgraph_gcare_human.human/Graph_3/uf_Q_3_6     n/a   
    subgraph_gcare_human.human/Graph_3/uf_Q_1_4     n/a   
    subgraph_gcare_human.human/Graph_3/uf_Q_3_8     n/a   
    subgraph_gcare_human.human/Graph_3/uf_Q_3_9     n/a   
     subgraph_gcare_human.human/Tree_3/uf_Q_2_1     n/a   
     subgraph_gcare_human.human/Tree_3/uf_Q_0_3     n/a   
     subgraph_gcare_human.human/Tree_3/uf_Q_0_2   4.78±0s 
     subgraph_gcare_human.human/Tree_3/uf_Q_2_2     n/a   
     subgraph_gcare_human.human/Tree_3/uf_Q_0_1     n/a   
     subgraph_gcare_human.human/Tree_3/uf_Q_2_3     n/a   
     subgraph_gcare_human.human/Tree_3/uf_Q_2_4     n/a   
     subgraph_gcare_human.human/Tree_3/uf_Q_3_2     n/a   
     subgraph_gcare_human.human/Tree_3/uf_Q_1_1     n/a   
     subgraph_gcare_human.human/Tree_3/uf_Q_3_1     n/a   
     subgraph_gcare_aids.aids/Chain_12/uf_Q_4_7     n/a   
     subgraph_gcare_aids.aids/Chain_12/uf_Q_4_6     n/a   
     subgraph_gcare_aids.aids/Chain_12/uf_Q_4_4     n/a   
     subgraph_gcare_aids.aids/Chain_12/uf_Q_4_5     n/a   
     subgraph_gcare_aids.aids/Chain_12/uf_Q_4_1     n/a   
     subgraph_gcare_aids.aids/Chain_12/uf_Q_4_2     n/a   
     subgraph_gcare_aids.aids/Chain_12/uf_Q_4_3     n/a   
     subgraph_gcare_aids.aids/Chain_12/uf_Q_5_4     n/a   
     subgraph_gcare_aids.aids/Chain_12/uf_Q_3_2     n/a   
     subgraph_gcare_aids.aids/Chain_12/uf_Q_3_3     n/a   
     subgraph_gcare_aids.aids/Chain_12/uf_Q_5_5     n/a   
     subgraph_gcare_aids.aids/Chain_12/uf_Q_5_7     n/a   
     subgraph_gcare_aids.aids/Chain_12/uf_Q_3_1     n/a   
     subgraph_gcare_aids.aids/Chain_12/uf_Q_5_6     n/a   
     subgraph_gcare_aids.aids/Chain_12/uf_Q_5_2     n/a   
    subgraph_gcare_aids.aids/Chain_12/uf_Q_4_11     n/a   
    subgraph_gcare_aids.aids/Chain_12/uf_Q_4_10     n/a   
     subgraph_gcare_aids.aids/Chain_12/uf_Q_5_3     n/a   
     subgraph_gcare_aids.aids/Chain_12/uf_Q_5_1     n/a   
     subgraph_gcare_aids.aids/Chain_12/uf_Q_5_8     n/a   
     subgraph_gcare_aids.aids/Chain_12/uf_Q_5_9     n/a   
     subgraph_gcare_aids.aids/Chain_12/uf_Q_4_8     n/a   
    subgraph_gcare_aids.aids/Chain_12/uf_Q_5_12     n/a   
     subgraph_gcare_aids.aids/Chain_12/uf_Q_4_9     n/a   
    subgraph_gcare_aids.aids/Chain_12/uf_Q_5_10     n/a   
    subgraph_gcare_aids.aids/Chain_12/uf_Q_5_11     n/a   
     subgraph_gcare_aids.aids/Graph_12/uf_Q_0_1     n/a   
     subgraph_gcare_aids.aids/Chain_6/uf_Q_2_1      n/a   
     subgraph_gcare_aids.aids/Chain_6/uf_Q_0_3      n/a   
     subgraph_gcare_aids.aids/Chain_6/uf_Q_4_7      n/a   
     subgraph_gcare_aids.aids/Chain_6/uf_Q_5_20     n/a   
     subgraph_gcare_aids.aids/Chain_6/uf_Q_4_6      n/a   
     subgraph_gcare_aids.aids/Chain_6/uf_Q_0_2      n/a   
     subgraph_gcare_aids.aids/Chain_6/uf_Q_2_2      n/a   
     subgraph_gcare_aids.aids/Chain_6/uf_Q_4_4      n/a   
     subgraph_gcare_aids.aids/Chain_6/uf_Q_4_5      n/a   
     subgraph_gcare_aids.aids/Chain_6/uf_Q_0_1      n/a   
     subgraph_gcare_aids.aids/Chain_6/uf_Q_2_3      n/a   
     subgraph_gcare_aids.aids/Chain_6/uf_Q_2_7      n/a   
     subgraph_gcare_aids.aids/Chain_6/uf_Q_0_5      n/a   
     subgraph_gcare_aids.aids/Chain_6/uf_Q_4_1      n/a   
     subgraph_gcare_aids.aids/Chain_6/uf_Q_0_4      n/a   
     subgraph_gcare_aids.aids/Chain_6/uf_Q_2_6      n/a   
     subgraph_gcare_aids.aids/Chain_6/uf_Q_2_4      n/a   
     subgraph_gcare_aids.aids/Chain_6/uf_Q_5_19     n/a   
     subgraph_gcare_aids.aids/Chain_6/uf_Q_2_10     n/a   
     subgraph_gcare_aids.aids/Chain_6/uf_Q_4_2      n/a   
     subgraph_gcare_aids.aids/Chain_6/uf_Q_4_3      n/a   
     subgraph_gcare_aids.aids/Chain_6/uf_Q_5_18     n/a   
     subgraph_gcare_aids.aids/Chain_6/uf_Q_2_11     n/a   
     subgraph_gcare_aids.aids/Chain_6/uf_Q_2_5      n/a   
     subgraph_gcare_aids.aids/Chain_6/uf_Q_5_4      n/a   
     subgraph_gcare_aids.aids/Chain_6/uf_Q_4_17     n/a   
     subgraph_gcare_aids.aids/Chain_6/uf_Q_3_2      n/a   
     subgraph_gcare_aids.aids/Chain_6/uf_Q_3_3      n/a   
     subgraph_gcare_aids.aids/Chain_6/uf_Q_1_1      n/a   
     subgraph_gcare_aids.aids/Chain_6/uf_Q_4_16     n/a   
     subgraph_gcare_aids.aids/Chain_6/uf_Q_5_5      n/a   
     subgraph_gcare_aids.aids/Chain_6/uf_Q_5_7      n/a   
     subgraph_gcare_aids.aids/Chain_6/uf_Q_4_14     n/a   
     subgraph_gcare_aids.aids/Chain_6/uf_Q_1_3      n/a   
     subgraph_gcare_aids.aids/Chain_6/uf_Q_3_1      n/a   
     subgraph_gcare_aids.aids/Chain_6/uf_Q_1_2      n/a   
     subgraph_gcare_aids.aids/Chain_6/uf_Q_4_15     n/a   
     subgraph_gcare_aids.aids/Chain_6/uf_Q_5_6      n/a   
     subgraph_gcare_aids.aids/Chain_6/uf_Q_5_2      n/a   
     subgraph_gcare_aids.aids/Chain_6/uf_Q_4_11     n/a   
     subgraph_gcare_aids.aids/Chain_6/uf_Q_3_4      n/a   
     subgraph_gcare_aids.aids/Chain_6/uf_Q_3_5      n/a   
     subgraph_gcare_aids.aids/Chain_6/uf_Q_4_10     n/a   
     subgraph_gcare_aids.aids/Chain_6/uf_Q_5_3      n/a   
     subgraph_gcare_aids.aids/Chain_6/uf_Q_5_1      n/a   
     subgraph_gcare_aids.aids/Chain_6/uf_Q_4_12     n/a   
     subgraph_gcare_aids.aids/Chain_6/uf_Q_3_7      n/a   
     subgraph_gcare_aids.aids/Chain_6/uf_Q_3_6      n/a   
     subgraph_gcare_aids.aids/Chain_6/uf_Q_1_4      n/a   
     subgraph_gcare_aids.aids/Chain_6/uf_Q_4_13     n/a   
     subgraph_gcare_aids.aids/Chain_6/uf_Q_3_8      n/a   
     subgraph_gcare_aids.aids/Chain_6/uf_Q_3_9      n/a   
     subgraph_gcare_aids.aids/Chain_6/uf_Q_3_10     n/a   
     subgraph_gcare_aids.aids/Chain_6/uf_Q_5_8      n/a   
     subgraph_gcare_aids.aids/Chain_6/uf_Q_5_9      n/a   
     subgraph_gcare_aids.aids/Chain_6/uf_Q_2_8      n/a   
     subgraph_gcare_aids.aids/Chain_6/uf_Q_5_15     n/a   
     subgraph_gcare_aids.aids/Chain_6/uf_Q_5_14     n/a   
     subgraph_gcare_aids.aids/Chain_6/uf_Q_2_9      n/a   
     subgraph_gcare_aids.aids/Chain_6/uf_Q_5_16     n/a   
     subgraph_gcare_aids.aids/Chain_6/uf_Q_5_17     n/a   
     subgraph_gcare_aids.aids/Chain_6/uf_Q_4_8      n/a   
     subgraph_gcare_aids.aids/Chain_6/uf_Q_5_13     n/a   
     subgraph_gcare_aids.aids/Chain_6/uf_Q_5_12     n/a   
     subgraph_gcare_aids.aids/Chain_6/uf_Q_4_9      n/a   
     subgraph_gcare_aids.aids/Chain_6/uf_Q_5_10     n/a   
     subgraph_gcare_aids.aids/Chain_6/uf_Q_5_11     n/a   
     subgraph_gcare_aids.aids/Star_12/uf_Q_4_1      n/a   
     subgraph_gcare_aids.aids/Star_12/uf_Q_4_2      n/a   
     subgraph_gcare_aids.aids/Chain_9/uf_Q_2_1      n/a   
     subgraph_gcare_aids.aids/Chain_9/uf_Q_4_7      n/a   
     subgraph_gcare_aids.aids/Chain_9/uf_Q_4_6      n/a   
     subgraph_gcare_aids.aids/Chain_9/uf_Q_2_2      n/a   
     subgraph_gcare_aids.aids/Chain_9/uf_Q_4_4      n/a   
     subgraph_gcare_aids.aids/Chain_9/uf_Q_4_5      n/a   
     subgraph_gcare_aids.aids/Chain_9/uf_Q_4_1      n/a   
     subgraph_gcare_aids.aids/Chain_9/uf_Q_5_19     n/a   
     subgraph_gcare_aids.aids/Chain_9/uf_Q_4_2      n/a   
     subgraph_gcare_aids.aids/Chain_9/uf_Q_4_3      n/a   
     subgraph_gcare_aids.aids/Chain_9/uf_Q_5_18     n/a   
     subgraph_gcare_aids.aids/Chain_9/uf_Q_5_4      n/a   
     subgraph_gcare_aids.aids/Chain_9/uf_Q_3_2      n/a   
     subgraph_gcare_aids.aids/Chain_9/uf_Q_3_3      n/a   
     subgraph_gcare_aids.aids/Chain_9/uf_Q_5_5      n/a   
     subgraph_gcare_aids.aids/Chain_9/uf_Q_5_7      n/a   
     subgraph_gcare_aids.aids/Chain_9/uf_Q_4_14     n/a   
     subgraph_gcare_aids.aids/Chain_9/uf_Q_3_1      n/a   
     subgraph_gcare_aids.aids/Chain_9/uf_Q_5_6      n/a   
     subgraph_gcare_aids.aids/Chain_9/uf_Q_5_2      n/a   
     subgraph_gcare_aids.aids/Chain_9/uf_Q_4_11     n/a   
     subgraph_gcare_aids.aids/Chain_9/uf_Q_3_4      n/a   
     subgraph_gcare_aids.aids/Chain_9/uf_Q_3_5      n/a   
     subgraph_gcare_aids.aids/Chain_9/uf_Q_4_10     n/a   
     subgraph_gcare_aids.aids/Chain_9/uf_Q_5_3      n/a   
     subgraph_gcare_aids.aids/Chain_9/uf_Q_5_1      n/a   
     subgraph_gcare_aids.aids/Chain_9/uf_Q_4_12     n/a   
     subgraph_gcare_aids.aids/Chain_9/uf_Q_3_7      n/a   
     subgraph_gcare_aids.aids/Chain_9/uf_Q_3_6      n/a   
     subgraph_gcare_aids.aids/Chain_9/uf_Q_4_13     n/a   
     subgraph_gcare_aids.aids/Chain_9/uf_Q_3_8      n/a   
     subgraph_gcare_aids.aids/Chain_9/uf_Q_3_9      n/a   
     subgraph_gcare_aids.aids/Chain_9/uf_Q_5_8      n/a   
     subgraph_gcare_aids.aids/Chain_9/uf_Q_5_9      n/a   
     subgraph_gcare_aids.aids/Chain_9/uf_Q_5_15     n/a   
     subgraph_gcare_aids.aids/Chain_9/uf_Q_5_14     n/a   
     subgraph_gcare_aids.aids/Chain_9/uf_Q_5_16     n/a   
     subgraph_gcare_aids.aids/Chain_9/uf_Q_5_17     n/a   
     subgraph_gcare_aids.aids/Chain_9/uf_Q_4_8      n/a   
     subgraph_gcare_aids.aids/Chain_9/uf_Q_5_13     n/a   
     subgraph_gcare_aids.aids/Chain_9/uf_Q_5_12     n/a   
     subgraph_gcare_aids.aids/Chain_9/uf_Q_4_9      n/a   
     subgraph_gcare_aids.aids/Chain_9/uf_Q_5_10     n/a   
     subgraph_gcare_aids.aids/Chain_9/uf_Q_5_11     n/a   
      subgraph_gcare_aids.aids/Tree_6/uf_Q_2_1      n/a   
     subgraph_gcare_aids.aids/Tree_6/uf_Q_5_20      n/a   
      subgraph_gcare_aids.aids/Tree_6/uf_Q_2_2      n/a   
      subgraph_gcare_aids.aids/Tree_6/uf_Q_4_4      n/a   
      subgraph_gcare_aids.aids/Tree_6/uf_Q_4_5      n/a   
      subgraph_gcare_aids.aids/Tree_6/uf_Q_2_3      n/a   
      subgraph_gcare_aids.aids/Tree_6/uf_Q_4_1      n/a   
      subgraph_gcare_aids.aids/Tree_6/uf_Q_2_6      n/a   
      subgraph_gcare_aids.aids/Tree_6/uf_Q_2_4      n/a   
     subgraph_gcare_aids.aids/Tree_6/uf_Q_5_19      n/a   
      subgraph_gcare_aids.aids/Tree_6/uf_Q_4_2      n/a   
      subgraph_gcare_aids.aids/Tree_6/uf_Q_4_3      n/a   
     subgraph_gcare_aids.aids/Tree_6/uf_Q_5_18      n/a   
      subgraph_gcare_aids.aids/Tree_6/uf_Q_2_5      n/a   
      subgraph_gcare_aids.aids/Tree_6/uf_Q_5_4      n/a   
      subgraph_gcare_aids.aids/Tree_6/uf_Q_3_2      n/a   
      subgraph_gcare_aids.aids/Tree_6/uf_Q_3_3      n/a   
      subgraph_gcare_aids.aids/Tree_6/uf_Q_1_1      n/a   
      subgraph_gcare_aids.aids/Tree_6/uf_Q_5_5      n/a   
      subgraph_gcare_aids.aids/Tree_6/uf_Q_5_7      n/a   
      subgraph_gcare_aids.aids/Tree_6/uf_Q_1_3      n/a   
      subgraph_gcare_aids.aids/Tree_6/uf_Q_3_1      n/a   
      subgraph_gcare_aids.aids/Tree_6/uf_Q_1_2      n/a   
      subgraph_gcare_aids.aids/Tree_6/uf_Q_5_6      n/a   
      subgraph_gcare_aids.aids/Tree_6/uf_Q_5_2      n/a   
      subgraph_gcare_aids.aids/Tree_6/uf_Q_3_4      n/a   
      subgraph_gcare_aids.aids/Tree_6/uf_Q_3_5      n/a   
      subgraph_gcare_aids.aids/Tree_6/uf_Q_5_3      n/a   
      subgraph_gcare_aids.aids/Tree_6/uf_Q_5_1      n/a   
      subgraph_gcare_aids.aids/Tree_6/uf_Q_3_7      n/a   
      subgraph_gcare_aids.aids/Tree_6/uf_Q_3_6      n/a   
      subgraph_gcare_aids.aids/Tree_6/uf_Q_1_4      n/a   
     subgraph_gcare_aids.aids/Tree_6/uf_Q_3_14      n/a   
      subgraph_gcare_aids.aids/Tree_6/uf_Q_3_8      n/a   
      subgraph_gcare_aids.aids/Tree_6/uf_Q_3_9      n/a   
     subgraph_gcare_aids.aids/Tree_6/uf_Q_3_11      n/a   
     subgraph_gcare_aids.aids/Tree_6/uf_Q_3_10      n/a   
      subgraph_gcare_aids.aids/Tree_6/uf_Q_5_8      n/a   
     subgraph_gcare_aids.aids/Tree_6/uf_Q_3_12      n/a   
     subgraph_gcare_aids.aids/Tree_6/uf_Q_3_13      n/a   
      subgraph_gcare_aids.aids/Tree_6/uf_Q_5_9      n/a   
     subgraph_gcare_aids.aids/Tree_6/uf_Q_5_15      n/a   
     subgraph_gcare_aids.aids/Tree_6/uf_Q_5_14      n/a   
     subgraph_gcare_aids.aids/Tree_6/uf_Q_5_16      n/a   
     subgraph_gcare_aids.aids/Tree_6/uf_Q_5_17      n/a   
     subgraph_gcare_aids.aids/Tree_6/uf_Q_5_13      n/a   
     subgraph_gcare_aids.aids/Tree_6/uf_Q_5_12      n/a   
     subgraph_gcare_aids.aids/Tree_6/uf_Q_5_10      n/a   
     subgraph_gcare_aids.aids/Tree_6/uf_Q_5_11      n/a   
     subgraph_gcare_aids.aids/Cycle_6/uf_Q_2_1      n/a   
     subgraph_gcare_aids.aids/Cycle_6/uf_Q_2_2      n/a   
     subgraph_gcare_aids.aids/Cycle_6/uf_Q_2_4      n/a   
     subgraph_gcare_aids.aids/Cycle_6/uf_Q_3_2      n/a   
     subgraph_gcare_aids.aids/Cycle_6/uf_Q_3_3      n/a   
     subgraph_gcare_aids.aids/Cycle_6/uf_Q_1_1      n/a   
     subgraph_gcare_aids.aids/Cycle_6/uf_Q_1_3      n/a   
     subgraph_gcare_aids.aids/Cycle_6/uf_Q_3_1      n/a   
     subgraph_gcare_aids.aids/Cycle_6/uf_Q_1_2      n/a   
     subgraph_gcare_aids.aids/Cycle_6/uf_Q_1_4      n/a   
     subgraph_gcare_aids.aids/Flower_6/uf_Q_2_1     n/a   
     subgraph_gcare_aids.aids/Flower_6/uf_Q_4_6     n/a   
     subgraph_gcare_aids.aids/Flower_6/uf_Q_0_2     n/a   
     subgraph_gcare_aids.aids/Flower_6/uf_Q_2_2     n/a   
     subgraph_gcare_aids.aids/Flower_6/uf_Q_4_4     n/a   
     subgraph_gcare_aids.aids/Flower_6/uf_Q_4_5     n/a   
     subgraph_gcare_aids.aids/Flower_6/uf_Q_0_1     n/a   
     subgraph_gcare_aids.aids/Flower_6/uf_Q_2_3     n/a   
     subgraph_gcare_aids.aids/Flower_6/uf_Q_2_7     n/a   
     subgraph_gcare_aids.aids/Flower_6/uf_Q_4_1     n/a   
     subgraph_gcare_aids.aids/Flower_6/uf_Q_2_6     n/a   
     subgraph_gcare_aids.aids/Flower_6/uf_Q_2_4     n/a   
     subgraph_gcare_aids.aids/Flower_6/uf_Q_4_2     n/a   
     subgraph_gcare_aids.aids/Flower_6/uf_Q_4_3     n/a   
     subgraph_gcare_aids.aids/Flower_6/uf_Q_2_5     n/a   
     subgraph_gcare_aids.aids/Flower_6/uf_Q_5_4     n/a   
     subgraph_gcare_aids.aids/Flower_6/uf_Q_3_2     n/a   
     subgraph_gcare_aids.aids/Flower_6/uf_Q_3_3     n/a   
     subgraph_gcare_aids.aids/Flower_6/uf_Q_5_5     n/a   
     subgraph_gcare_aids.aids/Flower_6/uf_Q_1_3     n/a   
     subgraph_gcare_aids.aids/Flower_6/uf_Q_3_1     n/a   
     subgraph_gcare_aids.aids/Flower_6/uf_Q_5_2     n/a   
     subgraph_gcare_aids.aids/Flower_6/uf_Q_1_6     n/a   
     subgraph_gcare_aids.aids/Flower_6/uf_Q_3_4     n/a   
     subgraph_gcare_aids.aids/Flower_6/uf_Q_3_5     n/a   
     subgraph_gcare_aids.aids/Flower_6/uf_Q_1_7     n/a   
     subgraph_gcare_aids.aids/Flower_6/uf_Q_5_3     n/a   
     subgraph_gcare_aids.aids/Flower_6/uf_Q_5_1     n/a   
     subgraph_gcare_aids.aids/Flower_6/uf_Q_3_7     n/a   
     subgraph_gcare_aids.aids/Flower_6/uf_Q_3_6     n/a   
     subgraph_gcare_aids.aids/Flower_6/uf_Q_1_4     n/a   
    subgraph_gcare_aids.aids/Flower_6/uf_Q_3_16     n/a   
    subgraph_gcare_aids.aids/Flower_6/uf_Q_3_14     n/a   
     subgraph_gcare_aids.aids/Flower_6/uf_Q_3_8     n/a   
     subgraph_gcare_aids.aids/Flower_6/uf_Q_3_9     n/a   
    subgraph_gcare_aids.aids/Flower_6/uf_Q_3_15     n/a   
    subgraph_gcare_aids.aids/Flower_6/uf_Q_3_11     n/a   
    subgraph_gcare_aids.aids/Flower_6/uf_Q_3_10     n/a   
    subgraph_gcare_aids.aids/Flower_6/uf_Q_3_12     n/a   
    subgraph_gcare_aids.aids/Flower_6/uf_Q_3_13     n/a   
     subgraph_gcare_aids.aids/Graph_9/uf_Q_0_2      n/a   
     subgraph_gcare_aids.aids/Graph_9/uf_Q_0_1      n/a   
     subgraph_gcare_aids.aids/Graph_9/uf_Q_1_3      n/a   
     subgraph_gcare_aids.aids/Tree_12/uf_Q_4_7      n/a   
     subgraph_gcare_aids.aids/Tree_12/uf_Q_4_6      n/a   
     subgraph_gcare_aids.aids/Tree_12/uf_Q_4_4      n/a   
     subgraph_gcare_aids.aids/Tree_12/uf_Q_4_5      n/a   
     subgraph_gcare_aids.aids/Tree_12/uf_Q_0_1      n/a   
     subgraph_gcare_aids.aids/Tree_12/uf_Q_4_1      n/a   
     subgraph_gcare_aids.aids/Tree_12/uf_Q_4_2      n/a   
     subgraph_gcare_aids.aids/Tree_12/uf_Q_4_3      n/a   
     subgraph_gcare_aids.aids/Tree_12/uf_Q_5_4      n/a   
     subgraph_gcare_aids.aids/Tree_12/uf_Q_3_2      n/a   
     subgraph_gcare_aids.aids/Tree_12/uf_Q_5_5      n/a   
     subgraph_gcare_aids.aids/Tree_12/uf_Q_5_7      n/a   
     subgraph_gcare_aids.aids/Tree_12/uf_Q_4_14     n/a   
     subgraph_gcare_aids.aids/Tree_12/uf_Q_3_1      n/a   
     subgraph_gcare_aids.aids/Tree_12/uf_Q_5_6      n/a   
     subgraph_gcare_aids.aids/Tree_12/uf_Q_5_2      n/a   
     subgraph_gcare_aids.aids/Tree_12/uf_Q_4_11     n/a   
     subgraph_gcare_aids.aids/Tree_12/uf_Q_4_10     n/a   
     subgraph_gcare_aids.aids/Tree_12/uf_Q_5_3      n/a   
     subgraph_gcare_aids.aids/Tree_12/uf_Q_5_1      n/a   
     subgraph_gcare_aids.aids/Tree_12/uf_Q_4_12     n/a   
     subgraph_gcare_aids.aids/Tree_12/uf_Q_4_13     n/a   
     subgraph_gcare_aids.aids/Tree_12/uf_Q_3_11     n/a   
     subgraph_gcare_aids.aids/Tree_12/uf_Q_5_8      n/a   
     subgraph_gcare_aids.aids/Tree_12/uf_Q_5_9      n/a   
     subgraph_gcare_aids.aids/Tree_12/uf_Q_5_14     n/a   
     subgraph_gcare_aids.aids/Tree_12/uf_Q_4_8      n/a   
     subgraph_gcare_aids.aids/Tree_12/uf_Q_5_13     n/a   
     subgraph_gcare_aids.aids/Tree_12/uf_Q_5_12     n/a   
     subgraph_gcare_aids.aids/Tree_12/uf_Q_4_9      n/a   
     subgraph_gcare_aids.aids/Tree_12/uf_Q_5_10     n/a   
     subgraph_gcare_aids.aids/Tree_12/uf_Q_5_11     n/a   
      subgraph_gcare_aids.aids/Tree_9/uf_Q_2_1      n/a   
      subgraph_gcare_aids.aids/Tree_9/uf_Q_4_7      n/a   
      subgraph_gcare_aids.aids/Tree_9/uf_Q_4_6      n/a   
      subgraph_gcare_aids.aids/Tree_9/uf_Q_4_4      n/a   
      subgraph_gcare_aids.aids/Tree_9/uf_Q_4_5      n/a   
      subgraph_gcare_aids.aids/Tree_9/uf_Q_0_1      n/a   
      subgraph_gcare_aids.aids/Tree_9/uf_Q_4_1      n/a   
      subgraph_gcare_aids.aids/Tree_9/uf_Q_4_2      n/a   
      subgraph_gcare_aids.aids/Tree_9/uf_Q_4_3      n/a   
      subgraph_gcare_aids.aids/Tree_9/uf_Q_5_4      n/a   
      subgraph_gcare_aids.aids/Tree_9/uf_Q_3_2      n/a   
      subgraph_gcare_aids.aids/Tree_9/uf_Q_3_3      n/a   
      subgraph_gcare_aids.aids/Tree_9/uf_Q_5_5      n/a   
      subgraph_gcare_aids.aids/Tree_9/uf_Q_5_7      n/a   
     subgraph_gcare_aids.aids/Tree_9/uf_Q_4_14      n/a   
      subgraph_gcare_aids.aids/Tree_9/uf_Q_3_1      n/a   
     subgraph_gcare_aids.aids/Tree_9/uf_Q_4_15      n/a   
      subgraph_gcare_aids.aids/Tree_9/uf_Q_5_6      n/a   
      subgraph_gcare_aids.aids/Tree_9/uf_Q_5_2      n/a   
     subgraph_gcare_aids.aids/Tree_9/uf_Q_4_11      n/a   
      subgraph_gcare_aids.aids/Tree_9/uf_Q_3_4      n/a   
      subgraph_gcare_aids.aids/Tree_9/uf_Q_3_5      n/a   
     subgraph_gcare_aids.aids/Tree_9/uf_Q_4_10      n/a   
      subgraph_gcare_aids.aids/Tree_9/uf_Q_5_3      n/a   
      subgraph_gcare_aids.aids/Tree_9/uf_Q_5_1      n/a   
     subgraph_gcare_aids.aids/Tree_9/uf_Q_4_12      n/a   
      subgraph_gcare_aids.aids/Tree_9/uf_Q_3_7      n/a   
      subgraph_gcare_aids.aids/Tree_9/uf_Q_3_6      n/a   
     subgraph_gcare_aids.aids/Tree_9/uf_Q_4_13      n/a   
      subgraph_gcare_aids.aids/Tree_9/uf_Q_3_8      n/a   
      subgraph_gcare_aids.aids/Tree_9/uf_Q_3_9      n/a   
     subgraph_gcare_aids.aids/Tree_9/uf_Q_3_10      n/a   
      subgraph_gcare_aids.aids/Tree_9/uf_Q_5_8      n/a   
      subgraph_gcare_aids.aids/Tree_9/uf_Q_5_9      n/a   
      subgraph_gcare_aids.aids/Tree_9/uf_Q_4_8      n/a   
      subgraph_gcare_aids.aids/Tree_9/uf_Q_4_9      n/a   
     subgraph_gcare_aids.aids/Tree_9/uf_Q_5_10      n/a   
     subgraph_gcare_aids.aids/Tree_9/uf_Q_5_11      n/a   
     subgraph_gcare_aids.aids/Flower_9/uf_Q_2_1     n/a   
     subgraph_gcare_aids.aids/Flower_9/uf_Q_4_7     n/a   
     subgraph_gcare_aids.aids/Flower_9/uf_Q_4_6     n/a   
     subgraph_gcare_aids.aids/Flower_9/uf_Q_2_2     n/a   
     subgraph_gcare_aids.aids/Flower_9/uf_Q_4_4     n/a   
     subgraph_gcare_aids.aids/Flower_9/uf_Q_4_5     n/a   
     subgraph_gcare_aids.aids/Flower_9/uf_Q_4_1     n/a   
     subgraph_gcare_aids.aids/Flower_9/uf_Q_2_4     n/a   
     subgraph_gcare_aids.aids/Flower_9/uf_Q_4_2     n/a   
     subgraph_gcare_aids.aids/Flower_9/uf_Q_4_3     n/a   
     subgraph_gcare_aids.aids/Flower_9/uf_Q_5_4     n/a   
     subgraph_gcare_aids.aids/Flower_9/uf_Q_3_2     n/a   
     subgraph_gcare_aids.aids/Flower_9/uf_Q_3_3     n/a   
     subgraph_gcare_aids.aids/Flower_9/uf_Q_5_5     n/a   
     subgraph_gcare_aids.aids/Flower_9/uf_Q_5_7     n/a   
     subgraph_gcare_aids.aids/Flower_9/uf_Q_3_1     n/a   
     subgraph_gcare_aids.aids/Flower_9/uf_Q_1_2     n/a   
     subgraph_gcare_aids.aids/Flower_9/uf_Q_5_6     n/a   
     subgraph_gcare_aids.aids/Flower_9/uf_Q_5_2     n/a   
    subgraph_gcare_aids.aids/Flower_9/uf_Q_4_11     n/a   
     subgraph_gcare_aids.aids/Flower_9/uf_Q_3_4     n/a   
     subgraph_gcare_aids.aids/Flower_9/uf_Q_3_5     n/a   
    subgraph_gcare_aids.aids/Flower_9/uf_Q_4_10     n/a   
     subgraph_gcare_aids.aids/Flower_9/uf_Q_5_3     n/a   
     subgraph_gcare_aids.aids/Flower_9/uf_Q_5_1     n/a   
    subgraph_gcare_aids.aids/Flower_9/uf_Q_4_12     n/a   
     subgraph_gcare_aids.aids/Flower_9/uf_Q_3_7     n/a   
     subgraph_gcare_aids.aids/Flower_9/uf_Q_3_6     n/a   
     subgraph_gcare_aids.aids/Flower_9/uf_Q_3_8     n/a   
     subgraph_gcare_aids.aids/Flower_9/uf_Q_3_9     n/a   
    subgraph_gcare_aids.aids/Flower_9/uf_Q_3_10     n/a   
     subgraph_gcare_aids.aids/Flower_9/uf_Q_5_8     n/a   
     subgraph_gcare_aids.aids/Flower_9/uf_Q_5_9     n/a   
     subgraph_gcare_aids.aids/Flower_9/uf_Q_4_8     n/a   
     subgraph_gcare_aids.aids/Flower_9/uf_Q_4_9     n/a   
    subgraph_gcare_aids.aids/Flower_9/uf_Q_5_10     n/a   
    subgraph_gcare_aids.aids/Flower_9/uf_Q_5_11     n/a   
     subgraph_gcare_aids.aids/Graph_6/uf_Q_4_4      n/a   
     subgraph_gcare_aids.aids/Graph_6/uf_Q_0_1      n/a   
     subgraph_gcare_aids.aids/Graph_6/uf_Q_4_1      n/a   
     subgraph_gcare_aids.aids/Graph_6/uf_Q_4_2      n/a   
     subgraph_gcare_aids.aids/Graph_6/uf_Q_4_3      n/a   
     subgraph_gcare_aids.aids/Graph_6/uf_Q_5_4      n/a   
     subgraph_gcare_aids.aids/Graph_6/uf_Q_3_2      n/a   
     subgraph_gcare_aids.aids/Graph_6/uf_Q_3_1      n/a   
     subgraph_gcare_aids.aids/Graph_6/uf_Q_1_7      n/a   
     subgraph_gcare_aids.aids/Graph_6/uf_Q_5_3      n/a   
     subgraph_gcare_aids.aids/Graph_6/uf_Q_5_1      n/a   
     subgraph_gcare_aids.aids/Graph_6/uf_Q_3_8      n/a   
     subgraph_gcare_aids.aids/Graph_6/uf_Q_4_18     n/a   
     subgraph_gcare_aids.aids/Graph_6/uf_Q_5_14     n/a   
     subgraph_gcare_aids.aids/Graph_6/uf_Q_5_10     n/a   
      subgraph_gcare_aids.aids/Star_3/uf_Q_2_1    6.25±0s 
      subgraph_gcare_aids.aids/Star_3/uf_Q_4_7      n/a   
      subgraph_gcare_aids.aids/Star_3/uf_Q_4_6      n/a   
      subgraph_gcare_aids.aids/Star_3/uf_Q_2_2      n/a   
      subgraph_gcare_aids.aids/Star_3/uf_Q_4_4      n/a   
      subgraph_gcare_aids.aids/Star_3/uf_Q_4_5      n/a   
      subgraph_gcare_aids.aids/Star_3/uf_Q_0_1      n/a   
      subgraph_gcare_aids.aids/Star_3/uf_Q_2_3      n/a   
      subgraph_gcare_aids.aids/Star_3/uf_Q_2_7      n/a   
      subgraph_gcare_aids.aids/Star_3/uf_Q_4_1      n/a   
     subgraph_gcare_aids.aids/Star_3/uf_Q_2_12      n/a   
      subgraph_gcare_aids.aids/Star_3/uf_Q_2_6      n/a   
      subgraph_gcare_aids.aids/Star_3/uf_Q_2_4      n/a   
     subgraph_gcare_aids.aids/Star_3/uf_Q_2_10    4.41±0s 
      subgraph_gcare_aids.aids/Star_3/uf_Q_4_2      n/a   
      subgraph_gcare_aids.aids/Star_3/uf_Q_4_3      n/a   
     subgraph_gcare_aids.aids/Star_3/uf_Q_2_11      n/a   
      subgraph_gcare_aids.aids/Star_3/uf_Q_2_5      n/a   
     subgraph_gcare_aids.aids/Star_3/uf_Q_4_17      n/a   
      subgraph_gcare_aids.aids/Star_3/uf_Q_3_2      n/a   
      subgraph_gcare_aids.aids/Star_3/uf_Q_3_3      n/a   
      subgraph_gcare_aids.aids/Star_3/uf_Q_1_1      n/a   
     subgraph_gcare_aids.aids/Star_3/uf_Q_4_16      n/a   
     subgraph_gcare_aids.aids/Star_3/uf_Q_4_14      n/a   
      subgraph_gcare_aids.aids/Star_3/uf_Q_1_3      n/a   
      subgraph_gcare_aids.aids/Star_3/uf_Q_3_1      n/a   
      subgraph_gcare_aids.aids/Star_3/uf_Q_1_2    4.31±0s 
     subgraph_gcare_aids.aids/Star_3/uf_Q_4_15      n/a   
     subgraph_gcare_aids.aids/Star_3/uf_Q_4_11      n/a   
      subgraph_gcare_aids.aids/Star_3/uf_Q_1_6      n/a   
      subgraph_gcare_aids.aids/Star_3/uf_Q_3_4      n/a   
      subgraph_gcare_aids.aids/Star_3/uf_Q_3_5      n/a   
      subgraph_gcare_aids.aids/Star_3/uf_Q_1_7      n/a   
     subgraph_gcare_aids.aids/Star_3/uf_Q_4_10      n/a   
     subgraph_gcare_aids.aids/Star_3/uf_Q_4_12      n/a   
      subgraph_gcare_aids.aids/Star_3/uf_Q_1_5      n/a   
      subgraph_gcare_aids.aids/Star_3/uf_Q_3_7      n/a   
      subgraph_gcare_aids.aids/Star_3/uf_Q_3_6      n/a   
      subgraph_gcare_aids.aids/Star_3/uf_Q_1_4    4.28±0s 
     subgraph_gcare_aids.aids/Star_3/uf_Q_4_13      n/a   
     subgraph_gcare_aids.aids/Star_3/uf_Q_3_17      n/a   
      subgraph_gcare_aids.aids/Star_3/uf_Q_1_9      n/a   
      subgraph_gcare_aids.aids/Star_3/uf_Q_1_8      n/a   
     subgraph_gcare_aids.aids/Star_3/uf_Q_3_16      n/a   
     subgraph_gcare_aids.aids/Star_3/uf_Q_3_14      n/a   
      subgraph_gcare_aids.aids/Star_3/uf_Q_3_8      n/a   
      subgraph_gcare_aids.aids/Star_3/uf_Q_3_9      n/a   
     subgraph_gcare_aids.aids/Star_3/uf_Q_4_20      n/a   
     subgraph_gcare_aids.aids/Star_3/uf_Q_3_15      n/a   
     subgraph_gcare_aids.aids/Star_3/uf_Q_4_18      n/a   
     subgraph_gcare_aids.aids/Star_3/uf_Q_3_11    4.62±0s 
     subgraph_gcare_aids.aids/Star_3/uf_Q_4_19      n/a   
     subgraph_gcare_aids.aids/Star_3/uf_Q_3_10      n/a   
     subgraph_gcare_aids.aids/Star_3/uf_Q_3_12      n/a   
     subgraph_gcare_aids.aids/Star_3/uf_Q_3_13      n/a   
      subgraph_gcare_aids.aids/Star_3/uf_Q_2_8      n/a   
      subgraph_gcare_aids.aids/Star_3/uf_Q_2_9      n/a   
      subgraph_gcare_aids.aids/Star_3/uf_Q_4_8      n/a   
      subgraph_gcare_aids.aids/Star_3/uf_Q_4_9      n/a   
     subgraph_gcare_aids.aids/Petal_12/uf_Q_2_1     n/a   
     subgraph_gcare_aids.aids/Petal_12/uf_Q_4_1     n/a   
    subgraph_gcare_aids.aids/Petal_12/uf_Q_5_19     n/a   
     subgraph_gcare_aids.aids/Petal_12/uf_Q_4_2     n/a   
     subgraph_gcare_aids.aids/Petal_12/uf_Q_4_3     n/a   
     subgraph_gcare_aids.aids/Petal_12/uf_Q_5_4     n/a   
     subgraph_gcare_aids.aids/Petal_12/uf_Q_5_5     n/a   
     subgraph_gcare_aids.aids/Petal_12/uf_Q_3_1     n/a   
     subgraph_gcare_aids.aids/Petal_12/uf_Q_5_2     n/a   
     subgraph_gcare_aids.aids/Petal_12/uf_Q_5_3     n/a   
     subgraph_gcare_aids.aids/Petal_12/uf_Q_5_9     n/a   
    subgraph_gcare_aids.aids/Petal_12/uf_Q_5_14     n/a   
    subgraph_gcare_aids.aids/Petal_12/uf_Q_5_13     n/a   
    subgraph_gcare_aids.aids/Petal_12/uf_Q_5_12     n/a   
    subgraph_gcare_aids.aids/Flower_12/uf_Q_4_7     n/a   
    subgraph_gcare_aids.aids/Flower_12/uf_Q_4_6     n/a   
    subgraph_gcare_aids.aids/Flower_12/uf_Q_4_4     n/a   
    subgraph_gcare_aids.aids/Flower_12/uf_Q_4_5     n/a   
    subgraph_gcare_aids.aids/Flower_12/uf_Q_4_1     n/a   
    subgraph_gcare_aids.aids/Flower_12/uf_Q_4_2     n/a   
    subgraph_gcare_aids.aids/Flower_12/uf_Q_4_3     n/a   
    subgraph_gcare_aids.aids/Flower_12/uf_Q_5_4     n/a   
    subgraph_gcare_aids.aids/Flower_12/uf_Q_5_5     n/a   
    subgraph_gcare_aids.aids/Flower_12/uf_Q_5_7     n/a   
    subgraph_gcare_aids.aids/Flower_12/uf_Q_3_1     n/a   
    subgraph_gcare_aids.aids/Flower_12/uf_Q_5_6     n/a   
    subgraph_gcare_aids.aids/Flower_12/uf_Q_5_2     n/a   
    subgraph_gcare_aids.aids/Flower_12/uf_Q_5_3     n/a   
    subgraph_gcare_aids.aids/Flower_12/uf_Q_5_1     n/a   
    subgraph_gcare_aids.aids/Flower_12/uf_Q_5_8     n/a   
    subgraph_gcare_aids.aids/Flower_12/uf_Q_5_9     n/a   
     subgraph_gcare_aids.aids/Chain_3/uf_Q_2_1      n/a   
     subgraph_gcare_aids.aids/Chain_3/uf_Q_4_7      n/a   
     subgraph_gcare_aids.aids/Chain_3/uf_Q_2_15     n/a   
     subgraph_gcare_aids.aids/Chain_3/uf_Q_2_14   6.88±0s 
     subgraph_gcare_aids.aids/Chain_3/uf_Q_4_6      n/a   
     subgraph_gcare_aids.aids/Chain_3/uf_Q_0_2      n/a   
     subgraph_gcare_aids.aids/Chain_3/uf_Q_2_2      n/a   
     subgraph_gcare_aids.aids/Chain_3/uf_Q_4_4      n/a   
     subgraph_gcare_aids.aids/Chain_3/uf_Q_4_5      n/a   
     subgraph_gcare_aids.aids/Chain_3/uf_Q_2_3      n/a   
     subgraph_gcare_aids.aids/Chain_3/uf_Q_2_7      n/a   
     subgraph_gcare_aids.aids/Chain_3/uf_Q_2_13     n/a   
     subgraph_gcare_aids.aids/Chain_3/uf_Q_4_1      n/a   
     subgraph_gcare_aids.aids/Chain_3/uf_Q_2_12     n/a   
     subgraph_gcare_aids.aids/Chain_3/uf_Q_2_6      n/a   
     subgraph_gcare_aids.aids/Chain_3/uf_Q_2_4      n/a   
     subgraph_gcare_aids.aids/Chain_3/uf_Q_2_10     n/a   
     subgraph_gcare_aids.aids/Chain_3/uf_Q_4_2      n/a   
     subgraph_gcare_aids.aids/Chain_3/uf_Q_4_3      n/a   
     subgraph_gcare_aids.aids/Chain_3/uf_Q_2_11     n/a   
     subgraph_gcare_aids.aids/Chain_3/uf_Q_2_5      n/a   
     subgraph_gcare_aids.aids/Chain_3/uf_Q_4_17     n/a   
     subgraph_gcare_aids.aids/Chain_3/uf_Q_3_2      n/a   
     subgraph_gcare_aids.aids/Chain_3/uf_Q_3_3      n/a   
     subgraph_gcare_aids.aids/Chain_3/uf_Q_1_1      n/a   
     subgraph_gcare_aids.aids/Chain_3/uf_Q_4_16     n/a   
     subgraph_gcare_aids.aids/Chain_3/uf_Q_4_14     n/a   
     subgraph_gcare_aids.aids/Chain_3/uf_Q_1_3      n/a   
     subgraph_gcare_aids.aids/Chain_3/uf_Q_3_1      n/a   
     subgraph_gcare_aids.aids/Chain_3/uf_Q_1_2      n/a   
     subgraph_gcare_aids.aids/Chain_3/uf_Q_4_15     n/a   
     subgraph_gcare_aids.aids/Chain_3/uf_Q_5_2      n/a   
     subgraph_gcare_aids.aids/Chain_3/uf_Q_4_11     n/a   
     subgraph_gcare_aids.aids/Chain_3/uf_Q_3_4      n/a   
     subgraph_gcare_aids.aids/Chain_3/uf_Q_3_5      n/a   
     subgraph_gcare_aids.aids/Chain_3/uf_Q_4_10     n/a   
     subgraph_gcare_aids.aids/Chain_3/uf_Q_5_3      n/a   
     subgraph_gcare_aids.aids/Chain_3/uf_Q_5_1      n/a   
     subgraph_gcare_aids.aids/Chain_3/uf_Q_4_12     n/a   
     subgraph_gcare_aids.aids/Chain_3/uf_Q_1_5    4.29±0s 
     subgraph_gcare_aids.aids/Chain_3/uf_Q_3_7      n/a   
     subgraph_gcare_aids.aids/Chain_3/uf_Q_3_6      n/a   
     subgraph_gcare_aids.aids/Chain_3/uf_Q_1_4      n/a   
     subgraph_gcare_aids.aids/Chain_3/uf_Q_4_13     n/a   
     subgraph_gcare_aids.aids/Chain_3/uf_Q_3_8      n/a   
     subgraph_gcare_aids.aids/Chain_3/uf_Q_3_9      n/a   
     subgraph_gcare_aids.aids/Chain_3/uf_Q_4_20     n/a   
     subgraph_gcare_aids.aids/Chain_3/uf_Q_4_18     n/a   
     subgraph_gcare_aids.aids/Chain_3/uf_Q_3_11     n/a   
     subgraph_gcare_aids.aids/Chain_3/uf_Q_4_19     n/a   
     subgraph_gcare_aids.aids/Chain_3/uf_Q_3_10     n/a   
     subgraph_gcare_aids.aids/Chain_3/uf_Q_3_12     n/a   
     subgraph_gcare_aids.aids/Chain_3/uf_Q_2_8      n/a   
     subgraph_gcare_aids.aids/Chain_3/uf_Q_2_9      n/a   
     subgraph_gcare_aids.aids/Chain_3/uf_Q_4_8      n/a   
     subgraph_gcare_aids.aids/Chain_3/uf_Q_4_9      n/a   
     subgraph_gcare_aids.aids/Graph_3/uf_Q_2_1    4.44±0s 
     subgraph_gcare_aids.aids/Graph_3/uf_Q_0_3      n/a   
     subgraph_gcare_aids.aids/Graph_3/uf_Q_4_6      n/a   
     subgraph_gcare_aids.aids/Graph_3/uf_Q_0_1      n/a   
     subgraph_gcare_aids.aids/Graph_3/uf_Q_4_1      n/a   
     subgraph_gcare_aids.aids/Graph_3/uf_Q_2_12     n/a   
     subgraph_gcare_aids.aids/Graph_3/uf_Q_2_10     n/a   
     subgraph_gcare_aids.aids/Graph_3/uf_Q_2_11     n/a   
     subgraph_gcare_aids.aids/Graph_3/uf_Q_2_5      n/a   
     subgraph_gcare_aids.aids/Graph_3/uf_Q_4_17     n/a   
     subgraph_gcare_aids.aids/Graph_3/uf_Q_3_2      n/a   
     subgraph_gcare_aids.aids/Graph_3/uf_Q_3_3    4.48±0s 
     subgraph_gcare_aids.aids/Graph_3/uf_Q_1_1      n/a   
     subgraph_gcare_aids.aids/Graph_3/uf_Q_1_3      n/a   
     subgraph_gcare_aids.aids/Graph_3/uf_Q_1_18     n/a   
     subgraph_gcare_aids.aids/Graph_3/uf_Q_3_1      n/a   
     subgraph_gcare_aids.aids/Graph_3/uf_Q_1_19     n/a   
     subgraph_gcare_aids.aids/Graph_3/uf_Q_1_2      n/a   
     subgraph_gcare_aids.aids/Graph_3/uf_Q_4_11     n/a   
     subgraph_gcare_aids.aids/Graph_3/uf_Q_1_6    4.29±0s 
     subgraph_gcare_aids.aids/Graph_3/uf_Q_3_4      n/a   
     subgraph_gcare_aids.aids/Graph_3/uf_Q_3_5      n/a   
     subgraph_gcare_aids.aids/Graph_3/uf_Q_1_7      n/a   
     subgraph_gcare_aids.aids/Graph_3/uf_Q_4_10     n/a   
     subgraph_gcare_aids.aids/Graph_3/uf_Q_5_1      n/a   
     subgraph_gcare_aids.aids/Graph_3/uf_Q_1_5      n/a   
     subgraph_gcare_aids.aids/Graph_3/uf_Q_3_7      n/a   
     subgraph_gcare_aids.aids/Graph_3/uf_Q_1_12     n/a   
     subgraph_gcare_aids.aids/Graph_3/uf_Q_1_9      n/a   
     subgraph_gcare_aids.aids/Graph_3/uf_Q_1_8    5.00±0s 
     subgraph_gcare_aids.aids/Graph_3/uf_Q_1_13     n/a   
     subgraph_gcare_aids.aids/Graph_3/uf_Q_1_11     n/a   
     subgraph_gcare_aids.aids/Graph_3/uf_Q_3_8      n/a   
     subgraph_gcare_aids.aids/Graph_3/uf_Q_3_9      n/a   
     subgraph_gcare_aids.aids/Graph_3/uf_Q_3_11     n/a   
     subgraph_gcare_aids.aids/Graph_3/uf_Q_1_14     n/a   
     subgraph_gcare_aids.aids/Graph_3/uf_Q_3_12     n/a   
     subgraph_gcare_aids.aids/Graph_3/uf_Q_1_17   6.15±0s 
     subgraph_gcare_aids.aids/Graph_3/uf_Q_1_16     n/a   
     subgraph_gcare_aids.aids/Graph_3/uf_Q_3_13     n/a   
     subgraph_gcare_aids.aids/Graph_3/uf_Q_2_8      n/a   
     subgraph_gcare_aids.aids/Graph_3/uf_Q_2_9      n/a   
     subgraph_gcare_aids.aids/Graph_3/uf_Q_4_9      n/a   
     subgraph_gcare_aids.aids/Petal_6/uf_Q_2_1      n/a   
     subgraph_gcare_aids.aids/Petal_6/uf_Q_4_7      n/a   
     subgraph_gcare_aids.aids/Petal_6/uf_Q_4_6      n/a   
     subgraph_gcare_aids.aids/Petal_6/uf_Q_2_2      n/a   
     subgraph_gcare_aids.aids/Petal_6/uf_Q_4_4      n/a   
     subgraph_gcare_aids.aids/Petal_6/uf_Q_4_5      n/a   
     subgraph_gcare_aids.aids/Petal_6/uf_Q_2_3      n/a   
     subgraph_gcare_aids.aids/Petal_6/uf_Q_2_7      n/a   
     subgraph_gcare_aids.aids/Petal_6/uf_Q_4_1      n/a   
     subgraph_gcare_aids.aids/Petal_6/uf_Q_2_6      n/a   
     subgraph_gcare_aids.aids/Petal_6/uf_Q_2_4      n/a   
     subgraph_gcare_aids.aids/Petal_6/uf_Q_4_2      n/a   
     subgraph_gcare_aids.aids/Petal_6/uf_Q_4_3      n/a   
     subgraph_gcare_aids.aids/Petal_6/uf_Q_2_5      n/a   
     subgraph_gcare_aids.aids/Petal_6/uf_Q_5_4      n/a   
     subgraph_gcare_aids.aids/Petal_6/uf_Q_4_17     n/a   
     subgraph_gcare_aids.aids/Petal_6/uf_Q_3_2      n/a   
     subgraph_gcare_aids.aids/Petal_6/uf_Q_3_3      n/a   
     subgraph_gcare_aids.aids/Petal_6/uf_Q_4_16     n/a   
     subgraph_gcare_aids.aids/Petal_6/uf_Q_5_5      n/a   
     subgraph_gcare_aids.aids/Petal_6/uf_Q_4_14     n/a   
     subgraph_gcare_aids.aids/Petal_6/uf_Q_3_1      n/a   
     subgraph_gcare_aids.aids/Petal_6/uf_Q_4_15     n/a   
     subgraph_gcare_aids.aids/Petal_6/uf_Q_5_2      n/a   
     subgraph_gcare_aids.aids/Petal_6/uf_Q_4_11     n/a   
     subgraph_gcare_aids.aids/Petal_6/uf_Q_3_4      n/a   
     subgraph_gcare_aids.aids/Petal_6/uf_Q_3_5      n/a   
     subgraph_gcare_aids.aids/Petal_6/uf_Q_4_10     n/a   
     subgraph_gcare_aids.aids/Petal_6/uf_Q_5_3      n/a   
     subgraph_gcare_aids.aids/Petal_6/uf_Q_5_1      n/a   
     subgraph_gcare_aids.aids/Petal_6/uf_Q_4_12     n/a   
     subgraph_gcare_aids.aids/Petal_6/uf_Q_3_7      n/a   
     subgraph_gcare_aids.aids/Petal_6/uf_Q_3_6      n/a   
     subgraph_gcare_aids.aids/Petal_6/uf_Q_4_13     n/a   
     subgraph_gcare_aids.aids/Petal_6/uf_Q_3_8      n/a   
     subgraph_gcare_aids.aids/Petal_6/uf_Q_3_9      n/a   
     subgraph_gcare_aids.aids/Petal_6/uf_Q_4_20     n/a   
     subgraph_gcare_aids.aids/Petal_6/uf_Q_4_18     n/a   
     subgraph_gcare_aids.aids/Petal_6/uf_Q_3_11     n/a   
     subgraph_gcare_aids.aids/Petal_6/uf_Q_4_19     n/a   
     subgraph_gcare_aids.aids/Petal_6/uf_Q_3_10     n/a   
     subgraph_gcare_aids.aids/Petal_6/uf_Q_3_12     n/a   
     subgraph_gcare_aids.aids/Petal_6/uf_Q_3_13     n/a   
     subgraph_gcare_aids.aids/Petal_6/uf_Q_2_8      n/a   
     subgraph_gcare_aids.aids/Petal_6/uf_Q_2_9      n/a   
     subgraph_gcare_aids.aids/Petal_6/uf_Q_4_8      n/a   
     subgraph_gcare_aids.aids/Petal_6/uf_Q_4_9      n/a   
     subgraph_gcare_aids.aids/Cycle_3/uf_Q_2_1      n/a   
     subgraph_gcare_aids.aids/Cycle_3/uf_Q_2_15     n/a   
     subgraph_gcare_aids.aids/Cycle_3/uf_Q_2_14     n/a   
     subgraph_gcare_aids.aids/Cycle_3/uf_Q_2_2    4.47±0s 
     subgraph_gcare_aids.aids/Cycle_3/uf_Q_2_16     n/a   
     subgraph_gcare_aids.aids/Cycle_3/uf_Q_2_17     n/a   
     subgraph_gcare_aids.aids/Cycle_3/uf_Q_2_3      n/a   
     subgraph_gcare_aids.aids/Cycle_3/uf_Q_2_7      n/a   
     subgraph_gcare_aids.aids/Cycle_3/uf_Q_2_13     n/a   
     subgraph_gcare_aids.aids/Cycle_3/uf_Q_2_12     n/a   
     subgraph_gcare_aids.aids/Cycle_3/uf_Q_2_6      n/a   
     subgraph_gcare_aids.aids/Cycle_3/uf_Q_2_4    4.30±0s 
     subgraph_gcare_aids.aids/Cycle_3/uf_Q_2_10     n/a   
     subgraph_gcare_aids.aids/Cycle_3/uf_Q_2_11     n/a   
     subgraph_gcare_aids.aids/Cycle_3/uf_Q_2_5      n/a   
     subgraph_gcare_aids.aids/Cycle_3/uf_Q_3_2      n/a   
     subgraph_gcare_aids.aids/Cycle_3/uf_Q_3_3      n/a   
     subgraph_gcare_aids.aids/Cycle_3/uf_Q_1_1      n/a   
     subgraph_gcare_aids.aids/Cycle_3/uf_Q_1_3      n/a   
     subgraph_gcare_aids.aids/Cycle_3/uf_Q_3_1    4.45±0s 
     subgraph_gcare_aids.aids/Cycle_3/uf_Q_1_2      n/a   
     subgraph_gcare_aids.aids/Cycle_3/uf_Q_3_20     n/a   
     subgraph_gcare_aids.aids/Cycle_3/uf_Q_3_18     n/a   
     subgraph_gcare_aids.aids/Cycle_3/uf_Q_1_6      n/a   
     subgraph_gcare_aids.aids/Cycle_3/uf_Q_3_4      n/a   
     subgraph_gcare_aids.aids/Cycle_3/uf_Q_3_5      n/a   
     subgraph_gcare_aids.aids/Cycle_3/uf_Q_1_7      n/a   
     subgraph_gcare_aids.aids/Cycle_3/uf_Q_3_19   5.34±0s 
     subgraph_gcare_aids.aids/Cycle_3/uf_Q_3_7      n/a   
     subgraph_gcare_aids.aids/Cycle_3/uf_Q_3_6      n/a   
     subgraph_gcare_aids.aids/Cycle_3/uf_Q_1_4      n/a   
     subgraph_gcare_aids.aids/Cycle_3/uf_Q_3_17     n/a   
     subgraph_gcare_aids.aids/Cycle_3/uf_Q_1_9      n/a   
     subgraph_gcare_aids.aids/Cycle_3/uf_Q_1_8      n/a   
     subgraph_gcare_aids.aids/Cycle_3/uf_Q_3_16     n/a   
     subgraph_gcare_aids.aids/Cycle_3/uf_Q_3_14   4.48±0s 
     subgraph_gcare_aids.aids/Cycle_3/uf_Q_3_8      n/a   
     subgraph_gcare_aids.aids/Cycle_3/uf_Q_3_9      n/a   
     subgraph_gcare_aids.aids/Cycle_3/uf_Q_3_15     n/a   
     subgraph_gcare_aids.aids/Cycle_3/uf_Q_3_11     n/a   
     subgraph_gcare_aids.aids/Cycle_3/uf_Q_3_10     n/a   
     subgraph_gcare_aids.aids/Cycle_3/uf_Q_3_12     n/a   
     subgraph_gcare_aids.aids/Cycle_3/uf_Q_3_13     n/a   
     subgraph_gcare_aids.aids/Cycle_3/uf_Q_2_8    4.42±0s 
     subgraph_gcare_aids.aids/Cycle_3/uf_Q_2_9      n/a   
     subgraph_gcare_aids.aids/Petal_9/uf_Q_2_1      n/a   
     subgraph_gcare_aids.aids/Petal_9/uf_Q_4_7      n/a   
     subgraph_gcare_aids.aids/Petal_9/uf_Q_4_6      n/a   
     subgraph_gcare_aids.aids/Petal_9/uf_Q_4_4      n/a   
     subgraph_gcare_aids.aids/Petal_9/uf_Q_4_5      n/a   
     subgraph_gcare_aids.aids/Petal_9/uf_Q_4_1      n/a   
     subgraph_gcare_aids.aids/Petal_9/uf_Q_4_2      n/a   
     subgraph_gcare_aids.aids/Petal_9/uf_Q_4_3      n/a   
     subgraph_gcare_aids.aids/Petal_9/uf_Q_4_17     n/a   
     subgraph_gcare_aids.aids/Petal_9/uf_Q_3_2      n/a   
     subgraph_gcare_aids.aids/Petal_9/uf_Q_3_3      n/a   
     subgraph_gcare_aids.aids/Petal_9/uf_Q_4_16     n/a   
     subgraph_gcare_aids.aids/Petal_9/uf_Q_4_14     n/a   
     subgraph_gcare_aids.aids/Petal_9/uf_Q_4_15     n/a   
     subgraph_gcare_aids.aids/Petal_9/uf_Q_4_11     n/a   
     subgraph_gcare_aids.aids/Petal_9/uf_Q_3_4      n/a   
     subgraph_gcare_aids.aids/Petal_9/uf_Q_4_10     n/a   
     subgraph_gcare_aids.aids/Petal_9/uf_Q_4_12     n/a   
     subgraph_gcare_aids.aids/Petal_9/uf_Q_3_6      n/a   
     subgraph_gcare_aids.aids/Petal_9/uf_Q_4_13     n/a   
     subgraph_gcare_aids.aids/Petal_9/uf_Q_4_20     n/a   
     subgraph_gcare_aids.aids/Petal_9/uf_Q_4_18     n/a   
     subgraph_gcare_aids.aids/Petal_9/uf_Q_4_19     n/a   
     subgraph_gcare_aids.aids/Petal_9/uf_Q_4_8      n/a   
     subgraph_gcare_aids.aids/Petal_9/uf_Q_4_9      n/a   
      subgraph_gcare_aids.aids/Tree_3/uf_Q_2_1      n/a   
      subgraph_gcare_aids.aids/Tree_3/uf_Q_4_7      n/a   
      subgraph_gcare_aids.aids/Tree_3/uf_Q_4_6      n/a   
      subgraph_gcare_aids.aids/Tree_3/uf_Q_2_2      n/a   
      subgraph_gcare_aids.aids/Tree_3/uf_Q_4_4      n/a   
      subgraph_gcare_aids.aids/Tree_3/uf_Q_4_5      n/a   
      subgraph_gcare_aids.aids/Tree_3/uf_Q_0_1      n/a   
      subgraph_gcare_aids.aids/Tree_3/uf_Q_2_3      n/a   
      subgraph_gcare_aids.aids/Tree_3/uf_Q_2_7      n/a   
      subgraph_gcare_aids.aids/Tree_3/uf_Q_4_1      n/a   
      subgraph_gcare_aids.aids/Tree_3/uf_Q_2_6      n/a   
      subgraph_gcare_aids.aids/Tree_3/uf_Q_2_4      n/a   
      subgraph_gcare_aids.aids/Tree_3/uf_Q_4_2      n/a   
      subgraph_gcare_aids.aids/Tree_3/uf_Q_4_3      n/a   
      subgraph_gcare_aids.aids/Tree_3/uf_Q_2_5    4.28±0s 
     subgraph_gcare_aids.aids/Tree_3/uf_Q_4_17      n/a   
      subgraph_gcare_aids.aids/Tree_3/uf_Q_3_2      n/a   
      subgraph_gcare_aids.aids/Tree_3/uf_Q_3_3      n/a   
      subgraph_gcare_aids.aids/Tree_3/uf_Q_1_1      n/a   
     subgraph_gcare_aids.aids/Tree_3/uf_Q_4_16      n/a   
     subgraph_gcare_aids.aids/Tree_3/uf_Q_4_14      n/a   
      subgraph_gcare_aids.aids/Tree_3/uf_Q_1_3      n/a   
      subgraph_gcare_aids.aids/Tree_3/uf_Q_3_1      n/a   
      subgraph_gcare_aids.aids/Tree_3/uf_Q_1_2      n/a   
     subgraph_gcare_aids.aids/Tree_3/uf_Q_4_15      n/a   
     subgraph_gcare_aids.aids/Tree_3/uf_Q_4_11      n/a   
      subgraph_gcare_aids.aids/Tree_3/uf_Q_1_6      n/a   
      subgraph_gcare_aids.aids/Tree_3/uf_Q_3_4      n/a   
      subgraph_gcare_aids.aids/Tree_3/uf_Q_3_5      n/a   
     subgraph_gcare_aids.aids/Tree_3/uf_Q_4_10      n/a   
      subgraph_gcare_aids.aids/Tree_3/uf_Q_5_1      n/a   
     subgraph_gcare_aids.aids/Tree_3/uf_Q_4_12      n/a   
      subgraph_gcare_aids.aids/Tree_3/uf_Q_1_5    4.28±0s 
      subgraph_gcare_aids.aids/Tree_3/uf_Q_3_7      n/a   
      subgraph_gcare_aids.aids/Tree_3/uf_Q_3_6      n/a   
      subgraph_gcare_aids.aids/Tree_3/uf_Q_1_4      n/a   
     subgraph_gcare_aids.aids/Tree_3/uf_Q_4_13      n/a   
      subgraph_gcare_aids.aids/Tree_3/uf_Q_3_8      n/a   
      subgraph_gcare_aids.aids/Tree_3/uf_Q_3_9      n/a   
     subgraph_gcare_aids.aids/Tree_3/uf_Q_4_20      n/a   
     subgraph_gcare_aids.aids/Tree_3/uf_Q_4_18      n/a   
     subgraph_gcare_aids.aids/Tree_3/uf_Q_3_11      n/a   
     subgraph_gcare_aids.aids/Tree_3/uf_Q_4_19      n/a   
     subgraph_gcare_aids.aids/Tree_3/uf_Q_3_10      n/a   
      subgraph_gcare_aids.aids/Tree_3/uf_Q_2_8      n/a   
      subgraph_gcare_aids.aids/Tree_3/uf_Q_2_9      n/a   
      subgraph_gcare_aids.aids/Tree_3/uf_Q_4_8      n/a   
      subgraph_gcare_aids.aids/Tree_3/uf_Q_4_9      n/a   
      subgraph_gcare_aids.aids/Star_6/uf_Q_2_1      n/a   
      subgraph_gcare_aids.aids/Star_6/uf_Q_4_7      n/a   
     subgraph_gcare_aids.aids/Star_6/uf_Q_5_20      n/a   
      subgraph_gcare_aids.aids/Star_6/uf_Q_4_6      n/a   
      subgraph_gcare_aids.aids/Star_6/uf_Q_2_2      n/a   
      subgraph_gcare_aids.aids/Star_6/uf_Q_4_4      n/a   
      subgraph_gcare_aids.aids/Star_6/uf_Q_4_5      n/a   
      subgraph_gcare_aids.aids/Star_6/uf_Q_2_3      n/a   
      subgraph_gcare_aids.aids/Star_6/uf_Q_2_7      n/a   
      subgraph_gcare_aids.aids/Star_6/uf_Q_4_1      n/a   
      subgraph_gcare_aids.aids/Star_6/uf_Q_2_6      n/a   
      subgraph_gcare_aids.aids/Star_6/uf_Q_2_4      n/a   
     subgraph_gcare_aids.aids/Star_6/uf_Q_5_19      n/a   
      subgraph_gcare_aids.aids/Star_6/uf_Q_4_2      n/a   
      subgraph_gcare_aids.aids/Star_6/uf_Q_4_3      n/a   
     subgraph_gcare_aids.aids/Star_6/uf_Q_5_18      n/a   
      subgraph_gcare_aids.aids/Star_6/uf_Q_2_5      n/a   
      subgraph_gcare_aids.aids/Star_6/uf_Q_5_4      n/a   
      subgraph_gcare_aids.aids/Star_6/uf_Q_3_2      n/a   
      subgraph_gcare_aids.aids/Star_6/uf_Q_3_3      n/a   
      subgraph_gcare_aids.aids/Star_6/uf_Q_1_1      n/a   
      subgraph_gcare_aids.aids/Star_6/uf_Q_5_5      n/a   
      subgraph_gcare_aids.aids/Star_6/uf_Q_5_7      n/a   
      subgraph_gcare_aids.aids/Star_6/uf_Q_3_1      n/a   
      subgraph_gcare_aids.aids/Star_6/uf_Q_5_6      n/a   
      subgraph_gcare_aids.aids/Star_6/uf_Q_5_2      n/a   
      subgraph_gcare_aids.aids/Star_6/uf_Q_3_4      n/a   
      subgraph_gcare_aids.aids/Star_6/uf_Q_5_3      n/a   
      subgraph_gcare_aids.aids/Star_6/uf_Q_5_1      n/a   
      subgraph_gcare_aids.aids/Star_6/uf_Q_5_8      n/a   
      subgraph_gcare_aids.aids/Star_6/uf_Q_5_9      n/a   
     subgraph_gcare_aids.aids/Star_6/uf_Q_5_15      n/a   
     subgraph_gcare_aids.aids/Star_6/uf_Q_5_14      n/a   
     subgraph_gcare_aids.aids/Star_6/uf_Q_5_16      n/a   
     subgraph_gcare_aids.aids/Star_6/uf_Q_5_17      n/a   
      subgraph_gcare_aids.aids/Star_6/uf_Q_4_8      n/a   
     subgraph_gcare_aids.aids/Star_6/uf_Q_5_13      n/a   
     subgraph_gcare_aids.aids/Star_6/uf_Q_5_12      n/a   
     subgraph_gcare_aids.aids/Star_6/uf_Q_5_10      n/a   
     subgraph_gcare_aids.aids/Star_6/uf_Q_5_11      n/a   
      subgraph_gcare_aids.aids/Star_9/uf_Q_5_4      n/a   
      subgraph_gcare_aids.aids/Star_9/uf_Q_3_2      n/a   
      subgraph_gcare_aids.aids/Star_9/uf_Q_3_3      n/a   
      subgraph_gcare_aids.aids/Star_9/uf_Q_5_5      n/a   
      subgraph_gcare_aids.aids/Star_9/uf_Q_5_7      n/a   
      subgraph_gcare_aids.aids/Star_9/uf_Q_3_1      n/a   
      subgraph_gcare_aids.aids/Star_9/uf_Q_5_6      n/a   
      subgraph_gcare_aids.aids/Star_9/uf_Q_5_2      n/a   
      subgraph_gcare_aids.aids/Star_9/uf_Q_3_4      n/a   
      subgraph_gcare_aids.aids/Star_9/uf_Q_3_5      n/a   
      subgraph_gcare_aids.aids/Star_9/uf_Q_5_3      n/a   
      subgraph_gcare_aids.aids/Star_9/uf_Q_5_1      n/a   
      subgraph_gcare_aids.aids/Star_9/uf_Q_3_7      n/a   
      subgraph_gcare_aids.aids/Star_9/uf_Q_3_6      n/a   
      subgraph_gcare_aids.aids/Star_9/uf_Q_3_8      n/a   
      subgraph_gcare_aids.aids/Star_9/uf_Q_3_9      n/a   
     subgraph_gcare_aids.aids/Star_9/uf_Q_3_11      n/a   
     subgraph_gcare_aids.aids/Star_9/uf_Q_3_10      n/a   
      subgraph_gcare_aids.aids/Star_9/uf_Q_5_8      n/a   
      subgraph_gcare_aids.aids/Star_9/uf_Q_5_9      n/a   
     subgraph_gcare_aids.aids/Star_9/uf_Q_5_10      n/a   
     subgraph_gcare_aids.aids/Star_9/uf_Q_5_11      n/a   
       subgraph_gcare_lubm80.lubm80/lubm80_Q9       n/a   
       subgraph_gcare_lubm80.lubm80/lubm80_Q8       n/a   
       subgraph_gcare_lubm80.lubm80/lubm80_Q4       n/a   
       subgraph_gcare_lubm80.lubm80/lubm80_Q7       n/a   
       subgraph_gcare_lubm80.lubm80/lubm80_Q2       n/a   
      subgraph_gcare_lubm80.lubm80/lubm80_Q12       n/a   
     subgraph_gcare_yago.yago/Chain_12/f_Q_4_6      n/a   
     subgraph_gcare_yago.yago/Chain_12/f_Q_1_10     n/a   
     subgraph_gcare_yago.yago/Chain_12/f_Q_0_2      n/a   
     subgraph_gcare_yago.yago/Chain_12/f_Q_1_11     n/a   
     subgraph_gcare_yago.yago/Chain_12/f_Q_0_3      n/a   
     subgraph_gcare_yago.yago/Chain_12/f_Q_2_1      n/a   
     subgraph_gcare_yago.yago/Chain_12/f_Q_4_7      n/a   
     subgraph_gcare_yago.yago/Chain_12/f_Q_3_14     n/a   
     subgraph_gcare_yago.yago/Chain_12/f_Q_4_5      n/a   
     subgraph_gcare_yago.yago/Chain_12/f_Q_2_3      n/a   
     subgraph_gcare_yago.yago/Chain_12/f_Q_0_1      n/a   
     subgraph_gcare_yago.yago/Chain_12/f_Q_1_13     n/a   
     subgraph_gcare_yago.yago/Chain_12/f_Q_1_12     n/a   
     subgraph_gcare_yago.yago/Chain_12/f_Q_2_2      n/a   
     subgraph_gcare_yago.yago/Chain_12/f_Q_4_4      n/a   
     subgraph_gcare_yago.yago/Chain_12/f_Q_3_13     n/a   
     subgraph_gcare_yago.yago/Chain_12/f_Q_2_6      n/a   
     subgraph_gcare_yago.yago/Chain_12/f_Q_0_4      n/a   
     subgraph_gcare_yago.yago/Chain_12/f_Q_0_5      n/a   
     subgraph_gcare_yago.yago/Chain_12/f_Q_2_7      n/a   
     subgraph_gcare_yago.yago/Chain_12/f_Q_4_1      n/a   
     subgraph_gcare_yago.yago/Chain_12/f_Q_3_12     n/a   
     subgraph_gcare_yago.yago/Chain_12/f_Q_3_10     n/a   
     subgraph_gcare_yago.yago/Chain_12/f_Q_4_3      n/a   
     subgraph_gcare_yago.yago/Chain_12/f_Q_2_5      n/a   
     subgraph_gcare_yago.yago/Chain_12/f_Q_0_7      n/a   
     subgraph_gcare_yago.yago/Chain_12/f_Q_1_15     n/a   
     subgraph_gcare_yago.yago/Chain_12/f_Q_0_6      n/a   
     subgraph_gcare_yago.yago/Chain_12/f_Q_1_14     n/a   
     subgraph_gcare_yago.yago/Chain_12/f_Q_2_4      n/a   
     subgraph_gcare_yago.yago/Chain_12/f_Q_4_2      n/a   
     subgraph_gcare_yago.yago/Chain_12/f_Q_3_11     n/a   
     subgraph_gcare_yago.yago/Chain_12/f_Q_1_1      n/a   
     subgraph_gcare_yago.yago/Chain_12/f_Q_3_3      n/a   
     subgraph_gcare_yago.yago/Chain_12/f_Q_5_5      n/a   
     subgraph_gcare_yago.yago/Chain_12/f_Q_5_4      n/a   
     subgraph_gcare_yago.yago/Chain_12/f_Q_3_2      n/a   
     subgraph_gcare_yago.yago/Chain_12/f_Q_1_2      n/a   
     subgraph_gcare_yago.yago/Chain_12/f_Q_5_6      n/a   
     subgraph_gcare_yago.yago/Chain_12/f_Q_5_14     n/a   
     subgraph_gcare_yago.yago/Chain_12/f_Q_5_7      n/a   
     subgraph_gcare_yago.yago/Chain_12/f_Q_3_1      n/a   
     subgraph_gcare_yago.yago/Chain_12/f_Q_1_3      n/a   
     subgraph_gcare_yago.yago/Chain_12/f_Q_1_7      n/a   
     subgraph_gcare_yago.yago/Chain_12/f_Q_3_5      n/a   
     subgraph_gcare_yago.yago/Chain_12/f_Q_5_3      n/a   
     subgraph_gcare_yago.yago/Chain_12/f_Q_5_11     n/a   
     subgraph_gcare_yago.yago/Chain_12/f_Q_5_10     n/a   
     subgraph_gcare_yago.yago/Chain_12/f_Q_5_2      n/a   
     subgraph_gcare_yago.yago/Chain_12/f_Q_3_4      n/a   
     subgraph_gcare_yago.yago/Chain_12/f_Q_1_6      n/a   
     subgraph_gcare_yago.yago/Chain_12/f_Q_1_4      n/a   
     subgraph_gcare_yago.yago/Chain_12/f_Q_3_6      n/a   
     subgraph_gcare_yago.yago/Chain_12/f_Q_5_12     n/a   
     subgraph_gcare_yago.yago/Chain_12/f_Q_5_13     n/a   
     subgraph_gcare_yago.yago/Chain_12/f_Q_5_1      n/a   
     subgraph_gcare_yago.yago/Chain_12/f_Q_3_7      n/a   
     subgraph_gcare_yago.yago/Chain_12/f_Q_1_5      n/a   
     subgraph_gcare_yago.yago/Chain_12/f_Q_1_8      n/a   
     subgraph_gcare_yago.yago/Chain_12/f_Q_1_9      n/a   
     subgraph_gcare_yago.yago/Chain_12/f_Q_3_9      n/a   
     subgraph_gcare_yago.yago/Chain_12/f_Q_2_14     n/a   
     subgraph_gcare_yago.yago/Chain_12/f_Q_3_8      n/a   
     subgraph_gcare_yago.yago/Chain_12/f_Q_2_11     n/a   
     subgraph_gcare_yago.yago/Chain_12/f_Q_2_10     n/a   
     subgraph_gcare_yago.yago/Chain_12/f_Q_5_9      n/a   
     subgraph_gcare_yago.yago/Chain_12/f_Q_2_12     n/a   
     subgraph_gcare_yago.yago/Chain_12/f_Q_5_8      n/a   
     subgraph_gcare_yago.yago/Chain_12/f_Q_2_13     n/a   
     subgraph_gcare_yago.yago/Chain_12/f_Q_2_9      n/a   
     subgraph_gcare_yago.yago/Chain_12/f_Q_2_8      n/a   
     subgraph_gcare_yago.yago/Chain_12/f_Q_4_14     n/a   
     subgraph_gcare_yago.yago/Chain_12/f_Q_0_8      n/a   
     subgraph_gcare_yago.yago/Chain_12/f_Q_4_13     n/a   
     subgraph_gcare_yago.yago/Chain_12/f_Q_4_9      n/a   
     subgraph_gcare_yago.yago/Chain_12/f_Q_4_8      n/a   
     subgraph_gcare_yago.yago/Chain_12/f_Q_4_12     n/a   
     subgraph_gcare_yago.yago/Chain_12/f_Q_4_10     n/a   
     subgraph_gcare_yago.yago/Chain_12/f_Q_4_11     n/a   
     subgraph_gcare_yago.yago/Graph_12/f_Q_0_2      n/a   
     subgraph_gcare_yago.yago/Graph_12/f_Q_2_6      n/a   
     subgraph_gcare_yago.yago/Graph_12/f_Q_2_5      n/a   
     subgraph_gcare_yago.yago/Graph_12/f_Q_5_14     n/a   
     subgraph_gcare_yago.yago/Graph_12/f_Q_1_3      n/a   
     subgraph_gcare_yago.yago/Graph_12/f_Q_5_8      n/a   
     subgraph_gcare_yago.yago/Graph_12/f_Q_4_13     n/a   
      subgraph_gcare_yago.yago/Chain_6/f_Q_4_6      n/a   
     subgraph_gcare_yago.yago/Chain_6/f_Q_1_10      n/a   
      subgraph_gcare_yago.yago/Chain_6/f_Q_0_2      n/a   
     subgraph_gcare_yago.yago/Chain_6/f_Q_1_11      n/a   
      subgraph_gcare_yago.yago/Chain_6/f_Q_0_3      n/a   
      subgraph_gcare_yago.yago/Chain_6/f_Q_2_1      n/a   
      subgraph_gcare_yago.yago/Chain_6/f_Q_4_7      n/a   
      subgraph_gcare_yago.yago/Chain_6/f_Q_4_5      n/a   
      subgraph_gcare_yago.yago/Chain_6/f_Q_2_3      n/a   
      subgraph_gcare_yago.yago/Chain_6/f_Q_0_1      n/a   
      subgraph_gcare_yago.yago/Chain_6/f_Q_2_2      n/a   
      subgraph_gcare_yago.yago/Chain_6/f_Q_4_4      n/a   
     subgraph_gcare_yago.yago/Chain_6/f_Q_3_13      n/a   
      subgraph_gcare_yago.yago/Chain_6/f_Q_2_6      n/a   
      subgraph_gcare_yago.yago/Chain_6/f_Q_0_4      n/a   
      subgraph_gcare_yago.yago/Chain_6/f_Q_0_5      n/a   
      subgraph_gcare_yago.yago/Chain_6/f_Q_2_7      n/a   
      subgraph_gcare_yago.yago/Chain_6/f_Q_4_1      n/a   
     subgraph_gcare_yago.yago/Chain_6/f_Q_3_12      n/a   
     subgraph_gcare_yago.yago/Chain_6/f_Q_3_10      n/a   
      subgraph_gcare_yago.yago/Chain_6/f_Q_4_3      n/a   
      subgraph_gcare_yago.yago/Chain_6/f_Q_2_5      n/a   
      subgraph_gcare_yago.yago/Chain_6/f_Q_0_7      n/a   
      subgraph_gcare_yago.yago/Chain_6/f_Q_0_6      n/a   
      subgraph_gcare_yago.yago/Chain_6/f_Q_2_4      n/a   
      subgraph_gcare_yago.yago/Chain_6/f_Q_4_2      n/a   
     subgraph_gcare_yago.yago/Chain_6/f_Q_3_11      n/a   
      subgraph_gcare_yago.yago/Chain_6/f_Q_1_1      n/a   
      subgraph_gcare_yago.yago/Chain_6/f_Q_3_3      n/a   
      subgraph_gcare_yago.yago/Chain_6/f_Q_5_5      n/a   
      subgraph_gcare_yago.yago/Chain_6/f_Q_5_4      n/a   
      subgraph_gcare_yago.yago/Chain_6/f_Q_3_2      n/a   
      subgraph_gcare_yago.yago/Chain_6/f_Q_1_2      n/a   
      subgraph_gcare_yago.yago/Chain_6/f_Q_5_6      n/a   
      subgraph_gcare_yago.yago/Chain_6/f_Q_5_7      n/a   
      subgraph_gcare_yago.yago/Chain_6/f_Q_3_1      n/a   
      subgraph_gcare_yago.yago/Chain_6/f_Q_1_3      n/a   
      subgraph_gcare_yago.yago/Chain_6/f_Q_1_7      n/a   
      subgraph_gcare_yago.yago/Chain_6/f_Q_3_5      n/a   
      subgraph_gcare_yago.yago/Chain_6/f_Q_5_3      n/a   
     subgraph_gcare_yago.yago/Chain_6/f_Q_5_11      n/a   
     subgraph_gcare_yago.yago/Chain_6/f_Q_5_10      n/a   
      subgraph_gcare_yago.yago/Chain_6/f_Q_5_2      n/a   
      subgraph_gcare_yago.yago/Chain_6/f_Q_3_4      n/a   
      subgraph_gcare_yago.yago/Chain_6/f_Q_1_6      n/a   
      subgraph_gcare_yago.yago/Chain_6/f_Q_1_4      n/a   
      subgraph_gcare_yago.yago/Chain_6/f_Q_3_6      n/a   
     subgraph_gcare_yago.yago/Chain_6/f_Q_5_12      n/a   
     subgraph_gcare_yago.yago/Chain_6/f_Q_5_13      n/a   
      subgraph_gcare_yago.yago/Chain_6/f_Q_5_1      n/a   
      subgraph_gcare_yago.yago/Chain_6/f_Q_3_7      n/a   
      subgraph_gcare_yago.yago/Chain_6/f_Q_1_5      n/a   
      subgraph_gcare_yago.yago/Chain_6/f_Q_1_8      n/a   
     subgraph_gcare_yago.yago/Chain_6/f_Q_0_12      n/a   
     subgraph_gcare_yago.yago/Chain_6/f_Q_0_13      n/a   
      subgraph_gcare_yago.yago/Chain_6/f_Q_1_9      n/a   
      subgraph_gcare_yago.yago/Chain_6/f_Q_3_9      n/a   
     subgraph_gcare_yago.yago/Chain_6/f_Q_0_11      n/a   
     subgraph_gcare_yago.yago/Chain_6/f_Q_0_10      n/a   
      subgraph_gcare_yago.yago/Chain_6/f_Q_3_8      n/a   
     subgraph_gcare_yago.yago/Chain_6/f_Q_0_14      n/a   
     subgraph_gcare_yago.yago/Chain_6/f_Q_2_11      n/a   
     subgraph_gcare_yago.yago/Chain_6/f_Q_2_10      n/a   
      subgraph_gcare_yago.yago/Chain_6/f_Q_5_9      n/a   
     subgraph_gcare_yago.yago/Chain_6/f_Q_2_12      n/a   
      subgraph_gcare_yago.yago/Chain_6/f_Q_5_8      n/a   
     subgraph_gcare_yago.yago/Chain_6/f_Q_2_13      n/a   
      subgraph_gcare_yago.yago/Chain_6/f_Q_2_9      n/a   
      subgraph_gcare_yago.yago/Chain_6/f_Q_2_8      n/a   
      subgraph_gcare_yago.yago/Chain_6/f_Q_0_8      n/a   
      subgraph_gcare_yago.yago/Chain_6/f_Q_0_9      n/a   
     subgraph_gcare_yago.yago/Chain_6/f_Q_4_13      n/a   
      subgraph_gcare_yago.yago/Chain_6/f_Q_4_9      n/a   
      subgraph_gcare_yago.yago/Chain_6/f_Q_4_8      n/a   
     subgraph_gcare_yago.yago/Chain_6/f_Q_4_12      n/a   
     subgraph_gcare_yago.yago/Chain_6/f_Q_4_10      n/a   
     subgraph_gcare_yago.yago/Chain_6/f_Q_4_11      n/a   
      subgraph_gcare_yago.yago/Star_12/f_Q_4_6      n/a   
     subgraph_gcare_yago.yago/Star_12/f_Q_1_10      n/a   
      subgraph_gcare_yago.yago/Star_12/f_Q_0_2      n/a   
     subgraph_gcare_yago.yago/Star_12/f_Q_1_11      n/a   
      subgraph_gcare_yago.yago/Star_12/f_Q_0_3      n/a   
      subgraph_gcare_yago.yago/Star_12/f_Q_2_1      n/a   
      subgraph_gcare_yago.yago/Star_12/f_Q_4_7      n/a   
      subgraph_gcare_yago.yago/Star_12/f_Q_4_5      n/a   
      subgraph_gcare_yago.yago/Star_12/f_Q_2_3      n/a   
      subgraph_gcare_yago.yago/Star_12/f_Q_0_1      n/a   
     subgraph_gcare_yago.yago/Star_12/f_Q_1_13      n/a   
     subgraph_gcare_yago.yago/Star_12/f_Q_1_12      n/a   
      subgraph_gcare_yago.yago/Star_12/f_Q_2_2      n/a   
      subgraph_gcare_yago.yago/Star_12/f_Q_4_4      n/a   
     subgraph_gcare_yago.yago/Star_12/f_Q_3_13      n/a   
      subgraph_gcare_yago.yago/Star_12/f_Q_2_6      n/a   
      subgraph_gcare_yago.yago/Star_12/f_Q_0_4      n/a   
      subgraph_gcare_yago.yago/Star_12/f_Q_0_5      n/a   
      subgraph_gcare_yago.yago/Star_12/f_Q_2_7      n/a   
      subgraph_gcare_yago.yago/Star_12/f_Q_4_1      n/a   
     subgraph_gcare_yago.yago/Star_12/f_Q_3_12      n/a   
     subgraph_gcare_yago.yago/Star_12/f_Q_3_10      n/a   
      subgraph_gcare_yago.yago/Star_12/f_Q_4_3      n/a   
      subgraph_gcare_yago.yago/Star_12/f_Q_2_5      n/a   
      subgraph_gcare_yago.yago/Star_12/f_Q_0_7      n/a   
      subgraph_gcare_yago.yago/Star_12/f_Q_0_6      n/a   
     subgraph_gcare_yago.yago/Star_12/f_Q_1_14      n/a   
      subgraph_gcare_yago.yago/Star_12/f_Q_2_4      n/a   
      subgraph_gcare_yago.yago/Star_12/f_Q_4_2      n/a   
     subgraph_gcare_yago.yago/Star_12/f_Q_3_11      n/a   
      subgraph_gcare_yago.yago/Star_12/f_Q_1_1      n/a   
      subgraph_gcare_yago.yago/Star_12/f_Q_3_3      n/a   
      subgraph_gcare_yago.yago/Star_12/f_Q_5_5      n/a   
      subgraph_gcare_yago.yago/Star_12/f_Q_5_4      n/a   
      subgraph_gcare_yago.yago/Star_12/f_Q_3_2      n/a   
      subgraph_gcare_yago.yago/Star_12/f_Q_1_2      n/a   
      subgraph_gcare_yago.yago/Star_12/f_Q_5_6      n/a   
      subgraph_gcare_yago.yago/Star_12/f_Q_5_7      n/a   
      subgraph_gcare_yago.yago/Star_12/f_Q_3_1      n/a   
      subgraph_gcare_yago.yago/Star_12/f_Q_1_3      n/a   
      subgraph_gcare_yago.yago/Star_12/f_Q_1_7      n/a   
      subgraph_gcare_yago.yago/Star_12/f_Q_3_5      n/a   
      subgraph_gcare_yago.yago/Star_12/f_Q_5_3      n/a   
     subgraph_gcare_yago.yago/Star_12/f_Q_5_11      n/a   
     subgraph_gcare_yago.yago/Star_12/f_Q_5_10      n/a   
      subgraph_gcare_yago.yago/Star_12/f_Q_5_2      n/a   
      subgraph_gcare_yago.yago/Star_12/f_Q_3_4      n/a   
      subgraph_gcare_yago.yago/Star_12/f_Q_1_6      n/a   
      subgraph_gcare_yago.yago/Star_12/f_Q_1_4      n/a   
      subgraph_gcare_yago.yago/Star_12/f_Q_3_6      n/a   
     subgraph_gcare_yago.yago/Star_12/f_Q_5_12      n/a   
     subgraph_gcare_yago.yago/Star_12/f_Q_5_13      n/a   
      subgraph_gcare_yago.yago/Star_12/f_Q_5_1      n/a   
      subgraph_gcare_yago.yago/Star_12/f_Q_3_7      n/a   
      subgraph_gcare_yago.yago/Star_12/f_Q_1_5      n/a   
      subgraph_gcare_yago.yago/Star_12/f_Q_1_8      n/a   
     subgraph_gcare_yago.yago/Star_12/f_Q_0_12      n/a   
     subgraph_gcare_yago.yago/Star_12/f_Q_0_13      n/a   
      subgraph_gcare_yago.yago/Star_12/f_Q_1_9      n/a   
      subgraph_gcare_yago.yago/Star_12/f_Q_3_9      n/a   
     subgraph_gcare_yago.yago/Star_12/f_Q_0_11      n/a   
     subgraph_gcare_yago.yago/Star_12/f_Q_0_10      n/a   
      subgraph_gcare_yago.yago/Star_12/f_Q_3_8      n/a   
     subgraph_gcare_yago.yago/Star_12/f_Q_0_14      n/a   
     subgraph_gcare_yago.yago/Star_12/f_Q_2_11      n/a   
     subgraph_gcare_yago.yago/Star_12/f_Q_2_10      n/a   
      subgraph_gcare_yago.yago/Star_12/f_Q_5_9      n/a   
     subgraph_gcare_yago.yago/Star_12/f_Q_2_12      n/a   
      subgraph_gcare_yago.yago/Star_12/f_Q_5_8      n/a   
     subgraph_gcare_yago.yago/Star_12/f_Q_2_13      n/a   
      subgraph_gcare_yago.yago/Star_12/f_Q_2_9      n/a   
      subgraph_gcare_yago.yago/Star_12/f_Q_2_8      n/a   
      subgraph_gcare_yago.yago/Star_12/f_Q_0_8      n/a   
      subgraph_gcare_yago.yago/Star_12/f_Q_0_9      n/a   
     subgraph_gcare_yago.yago/Star_12/f_Q_4_13      n/a   
      subgraph_gcare_yago.yago/Star_12/f_Q_4_9      n/a   
      subgraph_gcare_yago.yago/Star_12/f_Q_4_8      n/a   
     subgraph_gcare_yago.yago/Star_12/f_Q_4_12      n/a   
     subgraph_gcare_yago.yago/Star_12/f_Q_4_10      n/a   
     subgraph_gcare_yago.yago/Star_12/f_Q_4_11      n/a   
      subgraph_gcare_yago.yago/Chain_9/f_Q_4_6      n/a   
     subgraph_gcare_yago.yago/Chain_9/f_Q_1_10      n/a   
      subgraph_gcare_yago.yago/Chain_9/f_Q_0_2      n/a   
     subgraph_gcare_yago.yago/Chain_9/f_Q_1_11      n/a   
      subgraph_gcare_yago.yago/Chain_9/f_Q_0_3      n/a   
      subgraph_gcare_yago.yago/Chain_9/f_Q_2_1      n/a   
      subgraph_gcare_yago.yago/Chain_9/f_Q_4_7      n/a   
      subgraph_gcare_yago.yago/Chain_9/f_Q_4_5      n/a   
      subgraph_gcare_yago.yago/Chain_9/f_Q_2_3      n/a   
      subgraph_gcare_yago.yago/Chain_9/f_Q_0_1      n/a   
     subgraph_gcare_yago.yago/Chain_9/f_Q_1_12      n/a   
      subgraph_gcare_yago.yago/Chain_9/f_Q_2_2      n/a   
      subgraph_gcare_yago.yago/Chain_9/f_Q_4_4      n/a   
     subgraph_gcare_yago.yago/Chain_9/f_Q_3_13      n/a   
      subgraph_gcare_yago.yago/Chain_9/f_Q_2_6      n/a   
      subgraph_gcare_yago.yago/Chain_9/f_Q_0_4      n/a   
      subgraph_gcare_yago.yago/Chain_9/f_Q_0_5      n/a   
      subgraph_gcare_yago.yago/Chain_9/f_Q_2_7      n/a   
      subgraph_gcare_yago.yago/Chain_9/f_Q_4_1      n/a   
     subgraph_gcare_yago.yago/Chain_9/f_Q_3_12      n/a   
     subgraph_gcare_yago.yago/Chain_9/f_Q_3_10      n/a   
      subgraph_gcare_yago.yago/Chain_9/f_Q_4_3      n/a   
      subgraph_gcare_yago.yago/Chain_9/f_Q_2_5      n/a   
      subgraph_gcare_yago.yago/Chain_9/f_Q_0_7      n/a   
      subgraph_gcare_yago.yago/Chain_9/f_Q_0_6      n/a   
      subgraph_gcare_yago.yago/Chain_9/f_Q_2_4      n/a   
      subgraph_gcare_yago.yago/Chain_9/f_Q_4_2      n/a   
     subgraph_gcare_yago.yago/Chain_9/f_Q_3_11      n/a   
      subgraph_gcare_yago.yago/Chain_9/f_Q_1_1      n/a   
      subgraph_gcare_yago.yago/Chain_9/f_Q_3_3      n/a   
      subgraph_gcare_yago.yago/Chain_9/f_Q_5_5      n/a   
      subgraph_gcare_yago.yago/Chain_9/f_Q_5_4      n/a   
      subgraph_gcare_yago.yago/Chain_9/f_Q_3_2      n/a   
      subgraph_gcare_yago.yago/Chain_9/f_Q_1_2      n/a   
      subgraph_gcare_yago.yago/Chain_9/f_Q_5_6      n/a   
     subgraph_gcare_yago.yago/Chain_9/f_Q_5_14      n/a   
      subgraph_gcare_yago.yago/Chain_9/f_Q_5_7      n/a   
      subgraph_gcare_yago.yago/Chain_9/f_Q_3_1      n/a   
      subgraph_gcare_yago.yago/Chain_9/f_Q_1_3      n/a   
      subgraph_gcare_yago.yago/Chain_9/f_Q_1_7      n/a   
      subgraph_gcare_yago.yago/Chain_9/f_Q_3_5      n/a   
      subgraph_gcare_yago.yago/Chain_9/f_Q_5_3      n/a   
     subgraph_gcare_yago.yago/Chain_9/f_Q_5_11      n/a   
     subgraph_gcare_yago.yago/Chain_9/f_Q_5_10      n/a   
      subgraph_gcare_yago.yago/Chain_9/f_Q_5_2      n/a   
      subgraph_gcare_yago.yago/Chain_9/f_Q_3_4      n/a   
      subgraph_gcare_yago.yago/Chain_9/f_Q_1_6      n/a   
      subgraph_gcare_yago.yago/Chain_9/f_Q_1_4      n/a   
      subgraph_gcare_yago.yago/Chain_9/f_Q_3_6      n/a   
     subgraph_gcare_yago.yago/Chain_9/f_Q_5_12      n/a   
     subgraph_gcare_yago.yago/Chain_9/f_Q_5_13      n/a   
      subgraph_gcare_yago.yago/Chain_9/f_Q_3_7      n/a   
      subgraph_gcare_yago.yago/Chain_9/f_Q_1_5      n/a   
      subgraph_gcare_yago.yago/Chain_9/f_Q_1_8      n/a   
     subgraph_gcare_yago.yago/Chain_9/f_Q_0_12      n/a   
      subgraph_gcare_yago.yago/Chain_9/f_Q_1_9      n/a   
      subgraph_gcare_yago.yago/Chain_9/f_Q_3_9      n/a   
     subgraph_gcare_yago.yago/Chain_9/f_Q_0_11      n/a   
     subgraph_gcare_yago.yago/Chain_9/f_Q_0_10      n/a   
      subgraph_gcare_yago.yago/Chain_9/f_Q_3_8      n/a   
     subgraph_gcare_yago.yago/Chain_9/f_Q_2_11      n/a   
     subgraph_gcare_yago.yago/Chain_9/f_Q_2_10      n/a   
      subgraph_gcare_yago.yago/Chain_9/f_Q_5_9      n/a   
     subgraph_gcare_yago.yago/Chain_9/f_Q_2_12      n/a   
      subgraph_gcare_yago.yago/Chain_9/f_Q_5_8      n/a   
     subgraph_gcare_yago.yago/Chain_9/f_Q_2_13      n/a   
      subgraph_gcare_yago.yago/Chain_9/f_Q_2_9      n/a   
      subgraph_gcare_yago.yago/Chain_9/f_Q_2_8      n/a   
      subgraph_gcare_yago.yago/Chain_9/f_Q_0_8      n/a   
      subgraph_gcare_yago.yago/Chain_9/f_Q_0_9      n/a   
     subgraph_gcare_yago.yago/Chain_9/f_Q_4_13      n/a   
      subgraph_gcare_yago.yago/Chain_9/f_Q_4_9      n/a   
      subgraph_gcare_yago.yago/Chain_9/f_Q_4_8      n/a   
     subgraph_gcare_yago.yago/Chain_9/f_Q_4_12      n/a   
     subgraph_gcare_yago.yago/Chain_9/f_Q_4_10      n/a   
     subgraph_gcare_yago.yago/Chain_9/f_Q_4_11      n/a   
      subgraph_gcare_yago.yago/Tree_6/f_Q_4_6       n/a   
      subgraph_gcare_yago.yago/Tree_6/f_Q_1_10      n/a   
      subgraph_gcare_yago.yago/Tree_6/f_Q_0_2       n/a   
      subgraph_gcare_yago.yago/Tree_6/f_Q_1_11      n/a   
      subgraph_gcare_yago.yago/Tree_6/f_Q_0_3       n/a   
      subgraph_gcare_yago.yago/Tree_6/f_Q_2_1       n/a   
      subgraph_gcare_yago.yago/Tree_6/f_Q_4_7       n/a   
      subgraph_gcare_yago.yago/Tree_6/f_Q_4_5       n/a   
      subgraph_gcare_yago.yago/Tree_6/f_Q_2_3       n/a   
      subgraph_gcare_yago.yago/Tree_6/f_Q_0_1       n/a   
      subgraph_gcare_yago.yago/Tree_6/f_Q_1_13      n/a   
      subgraph_gcare_yago.yago/Tree_6/f_Q_1_12      n/a   
      subgraph_gcare_yago.yago/Tree_6/f_Q_2_2       n/a   
      subgraph_gcare_yago.yago/Tree_6/f_Q_4_4       n/a   
      subgraph_gcare_yago.yago/Tree_6/f_Q_3_13      n/a   
      subgraph_gcare_yago.yago/Tree_6/f_Q_2_6       n/a   
      subgraph_gcare_yago.yago/Tree_6/f_Q_0_4       n/a   
      subgraph_gcare_yago.yago/Tree_6/f_Q_0_5       n/a   
      subgraph_gcare_yago.yago/Tree_6/f_Q_2_7       n/a   
      subgraph_gcare_yago.yago/Tree_6/f_Q_4_1       n/a   
      subgraph_gcare_yago.yago/Tree_6/f_Q_3_12      n/a   
      subgraph_gcare_yago.yago/Tree_6/f_Q_3_10      n/a   
      subgraph_gcare_yago.yago/Tree_6/f_Q_4_3       n/a   
      subgraph_gcare_yago.yago/Tree_6/f_Q_2_5       n/a   
      subgraph_gcare_yago.yago/Tree_6/f_Q_0_7       n/a   
      subgraph_gcare_yago.yago/Tree_6/f_Q_0_6       n/a   
      subgraph_gcare_yago.yago/Tree_6/f_Q_1_14      n/a   
      subgraph_gcare_yago.yago/Tree_6/f_Q_2_4       n/a   
      subgraph_gcare_yago.yago/Tree_6/f_Q_4_2       n/a   
      subgraph_gcare_yago.yago/Tree_6/f_Q_3_11      n/a   
      subgraph_gcare_yago.yago/Tree_6/f_Q_1_1       n/a   
      subgraph_gcare_yago.yago/Tree_6/f_Q_3_3       n/a   
      subgraph_gcare_yago.yago/Tree_6/f_Q_5_5       n/a   
      subgraph_gcare_yago.yago/Tree_6/f_Q_5_4       n/a   
      subgraph_gcare_yago.yago/Tree_6/f_Q_3_2       n/a   
      subgraph_gcare_yago.yago/Tree_6/f_Q_1_2       n/a   
      subgraph_gcare_yago.yago/Tree_6/f_Q_5_6       n/a   
      subgraph_gcare_yago.yago/Tree_6/f_Q_5_7       n/a   
      subgraph_gcare_yago.yago/Tree_6/f_Q_3_1       n/a   
      subgraph_gcare_yago.yago/Tree_6/f_Q_1_3       n/a   
      subgraph_gcare_yago.yago/Tree_6/f_Q_1_7       n/a   
      subgraph_gcare_yago.yago/Tree_6/f_Q_3_5       n/a   
      subgraph_gcare_yago.yago/Tree_6/f_Q_5_3       n/a   
      subgraph_gcare_yago.yago/Tree_6/f_Q_5_11      n/a   
      subgraph_gcare_yago.yago/Tree_6/f_Q_5_10      n/a   
      subgraph_gcare_yago.yago/Tree_6/f_Q_5_2       n/a   
      subgraph_gcare_yago.yago/Tree_6/f_Q_3_4       n/a   
      subgraph_gcare_yago.yago/Tree_6/f_Q_1_6       n/a   
      subgraph_gcare_yago.yago/Tree_6/f_Q_1_4       n/a   
      subgraph_gcare_yago.yago/Tree_6/f_Q_3_6       n/a   
      subgraph_gcare_yago.yago/Tree_6/f_Q_5_12      n/a   
      subgraph_gcare_yago.yago/Tree_6/f_Q_5_13      n/a   
      subgraph_gcare_yago.yago/Tree_6/f_Q_5_1       n/a   
      subgraph_gcare_yago.yago/Tree_6/f_Q_3_7       n/a   
      subgraph_gcare_yago.yago/Tree_6/f_Q_1_5       n/a   
      subgraph_gcare_yago.yago/Tree_6/f_Q_1_8       n/a   
      subgraph_gcare_yago.yago/Tree_6/f_Q_0_12      n/a   
      subgraph_gcare_yago.yago/Tree_6/f_Q_0_13      n/a   
      subgraph_gcare_yago.yago/Tree_6/f_Q_1_9       n/a   
      subgraph_gcare_yago.yago/Tree_6/f_Q_3_9       n/a   
      subgraph_gcare_yago.yago/Tree_6/f_Q_0_11      n/a   
      subgraph_gcare_yago.yago/Tree_6/f_Q_0_10      n/a   
      subgraph_gcare_yago.yago/Tree_6/f_Q_3_8       n/a   
      subgraph_gcare_yago.yago/Tree_6/f_Q_0_14      n/a   
      subgraph_gcare_yago.yago/Tree_6/f_Q_2_11      n/a   
      subgraph_gcare_yago.yago/Tree_6/f_Q_2_10      n/a   
      subgraph_gcare_yago.yago/Tree_6/f_Q_5_9       n/a   
      subgraph_gcare_yago.yago/Tree_6/f_Q_2_12      n/a   
      subgraph_gcare_yago.yago/Tree_6/f_Q_5_8       n/a   
      subgraph_gcare_yago.yago/Tree_6/f_Q_2_13      n/a   
      subgraph_gcare_yago.yago/Tree_6/f_Q_2_9       n/a   
      subgraph_gcare_yago.yago/Tree_6/f_Q_2_8       n/a   
      subgraph_gcare_yago.yago/Tree_6/f_Q_0_8       n/a   
      subgraph_gcare_yago.yago/Tree_6/f_Q_0_9       n/a   
      subgraph_gcare_yago.yago/Tree_6/f_Q_4_13      n/a   
      subgraph_gcare_yago.yago/Tree_6/f_Q_4_9       n/a   
      subgraph_gcare_yago.yago/Tree_6/f_Q_4_8       n/a   
      subgraph_gcare_yago.yago/Tree_6/f_Q_4_12      n/a   
      subgraph_gcare_yago.yago/Tree_6/f_Q_4_10      n/a   
      subgraph_gcare_yago.yago/Tree_6/f_Q_4_11      n/a   
     subgraph_gcare_yago.yago/Cycle_6/f_Q_3_15      n/a   
      subgraph_gcare_yago.yago/Cycle_6/f_Q_4_6      n/a   
     subgraph_gcare_yago.yago/Cycle_6/f_Q_1_10      n/a   
      subgraph_gcare_yago.yago/Cycle_6/f_Q_0_2      n/a   
     subgraph_gcare_yago.yago/Cycle_6/f_Q_1_11      n/a   
      subgraph_gcare_yago.yago/Cycle_6/f_Q_0_3      n/a   
      subgraph_gcare_yago.yago/Cycle_6/f_Q_2_1      n/a   
      subgraph_gcare_yago.yago/Cycle_6/f_Q_4_7      n/a   
     subgraph_gcare_yago.yago/Cycle_6/f_Q_3_14      n/a   
      subgraph_gcare_yago.yago/Cycle_6/f_Q_4_5      n/a   
      subgraph_gcare_yago.yago/Cycle_6/f_Q_2_3      n/a   
      subgraph_gcare_yago.yago/Cycle_6/f_Q_0_1      n/a   
     subgraph_gcare_yago.yago/Cycle_6/f_Q_1_13      n/a   
     subgraph_gcare_yago.yago/Cycle_6/f_Q_1_12      n/a   
      subgraph_gcare_yago.yago/Cycle_6/f_Q_2_2      n/a   
      subgraph_gcare_yago.yago/Cycle_6/f_Q_4_4      n/a   
     subgraph_gcare_yago.yago/Cycle_6/f_Q_3_13      n/a   
      subgraph_gcare_yago.yago/Cycle_6/f_Q_2_6      n/a   
      subgraph_gcare_yago.yago/Cycle_6/f_Q_0_4      n/a   
      subgraph_gcare_yago.yago/Cycle_6/f_Q_0_5      n/a   
      subgraph_gcare_yago.yago/Cycle_6/f_Q_2_7      n/a   
      subgraph_gcare_yago.yago/Cycle_6/f_Q_4_1      n/a   
     subgraph_gcare_yago.yago/Cycle_6/f_Q_3_12      n/a   
     subgraph_gcare_yago.yago/Cycle_6/f_Q_3_10      n/a   
      subgraph_gcare_yago.yago/Cycle_6/f_Q_4_3      n/a   
      subgraph_gcare_yago.yago/Cycle_6/f_Q_2_5      n/a   
      subgraph_gcare_yago.yago/Cycle_6/f_Q_0_7      n/a   
     subgraph_gcare_yago.yago/Cycle_6/f_Q_1_15      n/a   
      subgraph_gcare_yago.yago/Cycle_6/f_Q_0_6      n/a   
     subgraph_gcare_yago.yago/Cycle_6/f_Q_1_14      n/a   
      subgraph_gcare_yago.yago/Cycle_6/f_Q_2_4      n/a   
      subgraph_gcare_yago.yago/Cycle_6/f_Q_4_2      n/a   
     subgraph_gcare_yago.yago/Cycle_6/f_Q_3_11      n/a   
      subgraph_gcare_yago.yago/Cycle_6/f_Q_1_1      n/a   
      subgraph_gcare_yago.yago/Cycle_6/f_Q_3_3      n/a   
      subgraph_gcare_yago.yago/Cycle_6/f_Q_5_5      n/a   
      subgraph_gcare_yago.yago/Cycle_6/f_Q_5_4      n/a   
      subgraph_gcare_yago.yago/Cycle_6/f_Q_3_2      n/a   
      subgraph_gcare_yago.yago/Cycle_6/f_Q_1_2      n/a   
      subgraph_gcare_yago.yago/Cycle_6/f_Q_5_6      n/a   
     subgraph_gcare_yago.yago/Cycle_6/f_Q_5_14      n/a   
     subgraph_gcare_yago.yago/Cycle_6/f_Q_5_15      n/a   
      subgraph_gcare_yago.yago/Cycle_6/f_Q_5_7      n/a   
      subgraph_gcare_yago.yago/Cycle_6/f_Q_3_1      n/a   
      subgraph_gcare_yago.yago/Cycle_6/f_Q_1_3      n/a   
      subgraph_gcare_yago.yago/Cycle_6/f_Q_1_7      n/a   
      subgraph_gcare_yago.yago/Cycle_6/f_Q_3_5      n/a   
      subgraph_gcare_yago.yago/Cycle_6/f_Q_5_3      n/a   
     subgraph_gcare_yago.yago/Cycle_6/f_Q_5_11      n/a   
     subgraph_gcare_yago.yago/Cycle_6/f_Q_5_10      n/a   
      subgraph_gcare_yago.yago/Cycle_6/f_Q_5_2      n/a   
      subgraph_gcare_yago.yago/Cycle_6/f_Q_3_4      n/a   
      subgraph_gcare_yago.yago/Cycle_6/f_Q_1_6      n/a   
      subgraph_gcare_yago.yago/Cycle_6/f_Q_1_4      n/a   
      subgraph_gcare_yago.yago/Cycle_6/f_Q_3_6      n/a   
     subgraph_gcare_yago.yago/Cycle_6/f_Q_5_12      n/a   
     subgraph_gcare_yago.yago/Cycle_6/f_Q_5_13      n/a   
      subgraph_gcare_yago.yago/Cycle_6/f_Q_5_1      n/a   
      subgraph_gcare_yago.yago/Cycle_6/f_Q_3_7      n/a   
      subgraph_gcare_yago.yago/Cycle_6/f_Q_1_5      n/a   
      subgraph_gcare_yago.yago/Cycle_6/f_Q_1_8      n/a   
     subgraph_gcare_yago.yago/Cycle_6/f_Q_0_12      n/a   
     subgraph_gcare_yago.yago/Cycle_6/f_Q_0_13      n/a   
      subgraph_gcare_yago.yago/Cycle_6/f_Q_1_9      n/a   
      subgraph_gcare_yago.yago/Cycle_6/f_Q_3_9      n/a   
     subgraph_gcare_yago.yago/Cycle_6/f_Q_0_11      n/a   
     subgraph_gcare_yago.yago/Cycle_6/f_Q_2_14      n/a   
     subgraph_gcare_yago.yago/Cycle_6/f_Q_2_15      n/a   
     subgraph_gcare_yago.yago/Cycle_6/f_Q_0_10      n/a   
      subgraph_gcare_yago.yago/Cycle_6/f_Q_3_8      n/a   
     subgraph_gcare_yago.yago/Cycle_6/f_Q_0_14      n/a   
     subgraph_gcare_yago.yago/Cycle_6/f_Q_2_11      n/a   
     subgraph_gcare_yago.yago/Cycle_6/f_Q_2_10      n/a   
     subgraph_gcare_yago.yago/Cycle_6/f_Q_0_15      n/a   
      subgraph_gcare_yago.yago/Cycle_6/f_Q_5_9      n/a   
     subgraph_gcare_yago.yago/Cycle_6/f_Q_2_12      n/a   
      subgraph_gcare_yago.yago/Cycle_6/f_Q_5_8      n/a   
     subgraph_gcare_yago.yago/Cycle_6/f_Q_2_13      n/a   
     subgraph_gcare_yago.yago/Cycle_6/f_Q_4_15      n/a   
      subgraph_gcare_yago.yago/Cycle_6/f_Q_2_9      n/a   
      subgraph_gcare_yago.yago/Cycle_6/f_Q_2_8      n/a   
     subgraph_gcare_yago.yago/Cycle_6/f_Q_4_14      n/a   
      subgraph_gcare_yago.yago/Cycle_6/f_Q_0_8      n/a   
      subgraph_gcare_yago.yago/Cycle_6/f_Q_0_9      n/a   
     subgraph_gcare_yago.yago/Cycle_6/f_Q_4_13      n/a   
      subgraph_gcare_yago.yago/Cycle_6/f_Q_4_9      n/a   
      subgraph_gcare_yago.yago/Cycle_6/f_Q_4_8      n/a   
     subgraph_gcare_yago.yago/Cycle_6/f_Q_4_12      n/a   
     subgraph_gcare_yago.yago/Cycle_6/f_Q_4_10      n/a   
     subgraph_gcare_yago.yago/Cycle_6/f_Q_4_11      n/a   
     subgraph_gcare_yago.yago/Flower_6/f_Q_2_1      n/a   
     subgraph_gcare_yago.yago/Flower_6/f_Q_2_2      n/a   
     subgraph_gcare_yago.yago/Flower_6/f_Q_2_4      n/a   
     subgraph_gcare_yago.yago/Flower_6/f_Q_1_1      n/a   
     subgraph_gcare_yago.yago/Flower_6/f_Q_3_3      n/a   
     subgraph_gcare_yago.yago/Flower_6/f_Q_3_2      n/a   
     subgraph_gcare_yago.yago/Flower_6/f_Q_3_1      n/a   
     subgraph_gcare_yago.yago/Flower_6/f_Q_3_5      n/a   
     subgraph_gcare_yago.yago/Flower_6/f_Q_5_3      n/a   
     subgraph_gcare_yago.yago/Flower_6/f_Q_5_2      n/a   
     subgraph_gcare_yago.yago/Flower_6/f_Q_3_4      n/a   
     subgraph_gcare_yago.yago/Flower_6/f_Q_5_1      n/a   
      subgraph_gcare_yago.yago/Graph_9/f_Q_0_3      n/a   
      subgraph_gcare_yago.yago/Graph_9/f_Q_2_1      n/a   
      subgraph_gcare_yago.yago/Graph_9/f_Q_4_5      n/a   
      subgraph_gcare_yago.yago/Graph_9/f_Q_2_3      n/a   
      subgraph_gcare_yago.yago/Graph_9/f_Q_0_1      n/a   
      subgraph_gcare_yago.yago/Graph_9/f_Q_0_7      n/a   
      subgraph_gcare_yago.yago/Graph_9/f_Q_5_4      n/a   
      subgraph_gcare_yago.yago/Graph_9/f_Q_1_3      n/a   
      subgraph_gcare_yago.yago/Graph_9/f_Q_3_5      n/a   
      subgraph_gcare_yago.yago/Graph_9/f_Q_5_3      n/a   
     subgraph_gcare_yago.yago/Graph_9/f_Q_5_11      n/a   
      subgraph_gcare_yago.yago/Graph_9/f_Q_1_8      n/a   
     subgraph_gcare_yago.yago/Graph_9/f_Q_0_11      n/a   
      subgraph_gcare_yago.yago/Graph_9/f_Q_0_8      n/a   
      subgraph_gcare_yago.yago/Graph_9/f_Q_4_8      n/a   
     subgraph_gcare_yago.yago/Graph_9/f_Q_4_11      n/a   
     subgraph_gcare_yago.yago/Tree_12/f_Q_1_10      n/a   
      subgraph_gcare_yago.yago/Tree_12/f_Q_0_2      n/a   
     subgraph_gcare_yago.yago/Tree_12/f_Q_1_11      n/a   
      subgraph_gcare_yago.yago/Tree_12/f_Q_0_3      n/a   
      subgraph_gcare_yago.yago/Tree_12/f_Q_0_1      n/a   
      subgraph_gcare_yago.yago/Tree_12/f_Q_0_4      n/a   
      subgraph_gcare_yago.yago/Tree_12/f_Q_0_5      n/a   
      subgraph_gcare_yago.yago/Tree_12/f_Q_0_7      n/a   
      subgraph_gcare_yago.yago/Tree_12/f_Q_0_6      n/a   
      subgraph_gcare_yago.yago/Tree_12/f_Q_4_2      n/a   
      subgraph_gcare_yago.yago/Tree_12/f_Q_1_1      n/a   
      subgraph_gcare_yago.yago/Tree_12/f_Q_5_5      n/a   
      subgraph_gcare_yago.yago/Tree_12/f_Q_5_4      n/a   
      subgraph_gcare_yago.yago/Tree_12/f_Q_3_2      n/a   
      subgraph_gcare_yago.yago/Tree_12/f_Q_1_2      n/a   
      subgraph_gcare_yago.yago/Tree_12/f_Q_5_6      n/a   
      subgraph_gcare_yago.yago/Tree_12/f_Q_5_7      n/a   
      subgraph_gcare_yago.yago/Tree_12/f_Q_3_1      n/a   
      subgraph_gcare_yago.yago/Tree_12/f_Q_1_3      n/a   
      subgraph_gcare_yago.yago/Tree_12/f_Q_5_3      n/a   
      subgraph_gcare_yago.yago/Tree_12/f_Q_5_2      n/a   
      subgraph_gcare_yago.yago/Tree_12/f_Q_1_6      n/a   
      subgraph_gcare_yago.yago/Tree_12/f_Q_1_4      n/a   
      subgraph_gcare_yago.yago/Tree_12/f_Q_1_5      n/a   
      subgraph_gcare_yago.yago/Tree_12/f_Q_1_8      n/a   
     subgraph_gcare_yago.yago/Tree_12/f_Q_0_12      n/a   
     subgraph_gcare_yago.yago/Tree_12/f_Q_0_13      n/a   
      subgraph_gcare_yago.yago/Tree_12/f_Q_1_9      n/a   
     subgraph_gcare_yago.yago/Tree_12/f_Q_0_11      n/a   
     subgraph_gcare_yago.yago/Tree_12/f_Q_0_10      n/a   
     subgraph_gcare_yago.yago/Tree_12/f_Q_0_14      n/a   
      subgraph_gcare_yago.yago/Tree_12/f_Q_0_8      n/a   
      subgraph_gcare_yago.yago/Tree_12/f_Q_0_9      n/a   
      subgraph_gcare_yago.yago/Tree_9/f_Q_4_6       n/a   
      subgraph_gcare_yago.yago/Tree_9/f_Q_1_10      n/a   
      subgraph_gcare_yago.yago/Tree_9/f_Q_0_2       n/a   
      subgraph_gcare_yago.yago/Tree_9/f_Q_1_11      n/a   
      subgraph_gcare_yago.yago/Tree_9/f_Q_0_3       n/a   
      subgraph_gcare_yago.yago/Tree_9/f_Q_2_1       n/a   
      subgraph_gcare_yago.yago/Tree_9/f_Q_4_7       n/a   
      subgraph_gcare_yago.yago/Tree_9/f_Q_4_5       n/a   
      subgraph_gcare_yago.yago/Tree_9/f_Q_2_3       n/a   
      subgraph_gcare_yago.yago/Tree_9/f_Q_0_1       n/a   
      subgraph_gcare_yago.yago/Tree_9/f_Q_1_13      n/a   
      subgraph_gcare_yago.yago/Tree_9/f_Q_1_12      n/a   
      subgraph_gcare_yago.yago/Tree_9/f_Q_2_2       n/a   
      subgraph_gcare_yago.yago/Tree_9/f_Q_4_4       n/a   
      subgraph_gcare_yago.yago/Tree_9/f_Q_2_6       n/a   
      subgraph_gcare_yago.yago/Tree_9/f_Q_0_4       n/a   
      subgraph_gcare_yago.yago/Tree_9/f_Q_0_5       n/a   
      subgraph_gcare_yago.yago/Tree_9/f_Q_2_7       n/a   
      subgraph_gcare_yago.yago/Tree_9/f_Q_4_1       n/a   
      subgraph_gcare_yago.yago/Tree_9/f_Q_3_12      n/a   
      subgraph_gcare_yago.yago/Tree_9/f_Q_3_10      n/a   
      subgraph_gcare_yago.yago/Tree_9/f_Q_4_3       n/a   
      subgraph_gcare_yago.yago/Tree_9/f_Q_2_5       n/a   
      subgraph_gcare_yago.yago/Tree_9/f_Q_0_7       n/a   
      subgraph_gcare_yago.yago/Tree_9/f_Q_0_6       n/a   
      subgraph_gcare_yago.yago/Tree_9/f_Q_2_4       n/a   
      subgraph_gcare_yago.yago/Tree_9/f_Q_4_2       n/a   
      subgraph_gcare_yago.yago/Tree_9/f_Q_3_11      n/a   
      subgraph_gcare_yago.yago/Tree_9/f_Q_1_1       n/a   
      subgraph_gcare_yago.yago/Tree_9/f_Q_3_3       n/a   
      subgraph_gcare_yago.yago/Tree_9/f_Q_5_5       n/a   
      subgraph_gcare_yago.yago/Tree_9/f_Q_5_4       n/a   
      subgraph_gcare_yago.yago/Tree_9/f_Q_3_2       n/a   
      subgraph_gcare_yago.yago/Tree_9/f_Q_1_2       n/a   
      subgraph_gcare_yago.yago/Tree_9/f_Q_5_6       n/a   
      subgraph_gcare_yago.yago/Tree_9/f_Q_5_7       n/a   
      subgraph_gcare_yago.yago/Tree_9/f_Q_3_1       n/a   
      subgraph_gcare_yago.yago/Tree_9/f_Q_1_3       n/a   
      subgraph_gcare_yago.yago/Tree_9/f_Q_1_7       n/a   
      subgraph_gcare_yago.yago/Tree_9/f_Q_3_5       n/a   
      subgraph_gcare_yago.yago/Tree_9/f_Q_5_3       n/a   
      subgraph_gcare_yago.yago/Tree_9/f_Q_5_11      n/a   
      subgraph_gcare_yago.yago/Tree_9/f_Q_5_10      n/a   
      subgraph_gcare_yago.yago/Tree_9/f_Q_5_2       n/a   
      subgraph_gcare_yago.yago/Tree_9/f_Q_3_4       n/a   
      subgraph_gcare_yago.yago/Tree_9/f_Q_1_6       n/a   
      subgraph_gcare_yago.yago/Tree_9/f_Q_1_4       n/a   
      subgraph_gcare_yago.yago/Tree_9/f_Q_3_6       n/a   
      subgraph_gcare_yago.yago/Tree_9/f_Q_5_12      n/a   
      subgraph_gcare_yago.yago/Tree_9/f_Q_5_13      n/a   
      subgraph_gcare_yago.yago/Tree_9/f_Q_5_1       n/a   
      subgraph_gcare_yago.yago/Tree_9/f_Q_3_7       n/a   
      subgraph_gcare_yago.yago/Tree_9/f_Q_1_5       n/a   
      subgraph_gcare_yago.yago/Tree_9/f_Q_1_8       n/a   
      subgraph_gcare_yago.yago/Tree_9/f_Q_0_12      n/a   
      subgraph_gcare_yago.yago/Tree_9/f_Q_0_13      n/a   
      subgraph_gcare_yago.yago/Tree_9/f_Q_1_9       n/a   
      subgraph_gcare_yago.yago/Tree_9/f_Q_3_9       n/a   
      subgraph_gcare_yago.yago/Tree_9/f_Q_0_11      n/a   
      subgraph_gcare_yago.yago/Tree_9/f_Q_0_10      n/a   
      subgraph_gcare_yago.yago/Tree_9/f_Q_3_8       n/a   
      subgraph_gcare_yago.yago/Tree_9/f_Q_0_14      n/a   
      subgraph_gcare_yago.yago/Tree_9/f_Q_5_9       n/a   
      subgraph_gcare_yago.yago/Tree_9/f_Q_5_8       n/a   
      subgraph_gcare_yago.yago/Tree_9/f_Q_2_8       n/a   
      subgraph_gcare_yago.yago/Tree_9/f_Q_0_8       n/a   
      subgraph_gcare_yago.yago/Tree_9/f_Q_0_9       n/a   
      subgraph_gcare_yago.yago/Tree_9/f_Q_4_13      n/a   
      subgraph_gcare_yago.yago/Tree_9/f_Q_4_9       n/a   
      subgraph_gcare_yago.yago/Tree_9/f_Q_4_8       n/a   
      subgraph_gcare_yago.yago/Tree_9/f_Q_4_12      n/a   
      subgraph_gcare_yago.yago/Tree_9/f_Q_4_10      n/a   
      subgraph_gcare_yago.yago/Tree_9/f_Q_4_11      n/a   
      subgraph_gcare_yago.yago/Cycle_9/f_Q_0_2      n/a   
      subgraph_gcare_yago.yago/Cycle_9/f_Q_0_3      n/a   
      subgraph_gcare_yago.yago/Cycle_9/f_Q_0_1      n/a   
      subgraph_gcare_yago.yago/Cycle_9/f_Q_0_4      n/a   
      subgraph_gcare_yago.yago/Cycle_9/f_Q_0_5      n/a   
      subgraph_gcare_yago.yago/Cycle_9/f_Q_0_7      n/a   
      subgraph_gcare_yago.yago/Cycle_9/f_Q_0_6      n/a   
     subgraph_gcare_yago.yago/Cycle_9/f_Q_0_12      n/a   
     subgraph_gcare_yago.yago/Cycle_9/f_Q_0_11      n/a   
     subgraph_gcare_yago.yago/Cycle_9/f_Q_0_10      n/a   
      subgraph_gcare_yago.yago/Cycle_9/f_Q_0_8      n/a   
      subgraph_gcare_yago.yago/Cycle_9/f_Q_0_9      n/a   
      subgraph_gcare_yago.yago/Graph_6/f_Q_4_6      n/a   
     subgraph_gcare_yago.yago/Graph_6/f_Q_1_10      n/a   
      subgraph_gcare_yago.yago/Graph_6/f_Q_0_2      n/a   
      subgraph_gcare_yago.yago/Graph_6/f_Q_0_3      n/a   
      subgraph_gcare_yago.yago/Graph_6/f_Q_2_1      n/a   
      subgraph_gcare_yago.yago/Graph_6/f_Q_4_5      n/a   
      subgraph_gcare_yago.yago/Graph_6/f_Q_2_3      n/a   
      subgraph_gcare_yago.yago/Graph_6/f_Q_0_1      n/a   
     subgraph_gcare_yago.yago/Graph_6/f_Q_1_13      n/a   
      subgraph_gcare_yago.yago/Graph_6/f_Q_2_2      n/a   
      subgraph_gcare_yago.yago/Graph_6/f_Q_4_4      n/a   
      subgraph_gcare_yago.yago/Graph_6/f_Q_0_4      n/a   
      subgraph_gcare_yago.yago/Graph_6/f_Q_0_5      n/a   
     subgraph_gcare_yago.yago/Graph_6/f_Q_3_12      n/a   
     subgraph_gcare_yago.yago/Graph_6/f_Q_3_10      n/a   
      subgraph_gcare_yago.yago/Graph_6/f_Q_4_3      n/a   
      subgraph_gcare_yago.yago/Graph_6/f_Q_2_5      n/a   
      subgraph_gcare_yago.yago/Graph_6/f_Q_0_7      n/a   
      subgraph_gcare_yago.yago/Graph_6/f_Q_0_6      n/a   
      subgraph_gcare_yago.yago/Graph_6/f_Q_4_2      n/a   
     subgraph_gcare_yago.yago/Graph_6/f_Q_3_11      n/a   
      subgraph_gcare_yago.yago/Graph_6/f_Q_3_3      n/a   
      subgraph_gcare_yago.yago/Graph_6/f_Q_5_5      n/a   
      subgraph_gcare_yago.yago/Graph_6/f_Q_5_4      n/a   
      subgraph_gcare_yago.yago/Graph_6/f_Q_5_6      n/a   
      subgraph_gcare_yago.yago/Graph_6/f_Q_5_7      n/a   
      subgraph_gcare_yago.yago/Graph_6/f_Q_1_3      n/a   
      subgraph_gcare_yago.yago/Graph_6/f_Q_1_7      n/a   
      subgraph_gcare_yago.yago/Graph_6/f_Q_5_3      n/a   
     subgraph_gcare_yago.yago/Graph_6/f_Q_5_10      n/a   
      subgraph_gcare_yago.yago/Graph_6/f_Q_1_4      n/a   
      subgraph_gcare_yago.yago/Graph_6/f_Q_5_1      n/a   
      subgraph_gcare_yago.yago/Graph_6/f_Q_3_7      n/a   
      subgraph_gcare_yago.yago/Graph_6/f_Q_1_5      n/a   
     subgraph_gcare_yago.yago/Graph_6/f_Q_0_13      n/a   
      subgraph_gcare_yago.yago/Graph_6/f_Q_1_9      n/a   
     subgraph_gcare_yago.yago/Graph_6/f_Q_0_11      n/a   
     subgraph_gcare_yago.yago/Graph_6/f_Q_0_10      n/a   
     subgraph_gcare_yago.yago/Graph_6/f_Q_0_14      n/a   
     subgraph_gcare_yago.yago/Graph_6/f_Q_2_11      n/a   
     subgraph_gcare_yago.yago/Graph_6/f_Q_2_10      n/a   
      subgraph_gcare_yago.yago/Graph_6/f_Q_5_9      n/a   
     subgraph_gcare_yago.yago/Graph_6/f_Q_2_12      n/a   
     subgraph_gcare_yago.yago/Graph_6/f_Q_2_13      n/a   
      subgraph_gcare_yago.yago/Graph_6/f_Q_2_9      n/a   
      subgraph_gcare_yago.yago/Graph_6/f_Q_4_9      n/a   
      subgraph_gcare_yago.yago/Graph_6/f_Q_4_8      n/a   
     subgraph_gcare_yago.yago/Graph_6/f_Q_4_10      n/a   
     subgraph_gcare_yago.yago/Graph_6/f_Q_4_11      n/a   
      subgraph_gcare_yago.yago/Star_3/f_Q_4_6       n/a   
      subgraph_gcare_yago.yago/Star_3/f_Q_1_10      n/a   
      subgraph_gcare_yago.yago/Star_3/f_Q_0_2       n/a   
      subgraph_gcare_yago.yago/Star_3/f_Q_1_11      n/a   
      subgraph_gcare_yago.yago/Star_3/f_Q_0_3       n/a   
      subgraph_gcare_yago.yago/Star_3/f_Q_2_1       n/a   
      subgraph_gcare_yago.yago/Star_3/f_Q_4_7       n/a   
      subgraph_gcare_yago.yago/Star_3/f_Q_4_5       n/a   
      subgraph_gcare_yago.yago/Star_3/f_Q_2_3       n/a   
      subgraph_gcare_yago.yago/Star_3/f_Q_0_1       n/a   
      subgraph_gcare_yago.yago/Star_3/f_Q_1_13      n/a   
      subgraph_gcare_yago.yago/Star_3/f_Q_1_12      n/a   
      subgraph_gcare_yago.yago/Star_3/f_Q_2_2       n/a   
      subgraph_gcare_yago.yago/Star_3/f_Q_4_4       n/a   
      subgraph_gcare_yago.yago/Star_3/f_Q_3_13      n/a   
      subgraph_gcare_yago.yago/Star_3/f_Q_2_6       n/a   
      subgraph_gcare_yago.yago/Star_3/f_Q_0_4       n/a   
      subgraph_gcare_yago.yago/Star_3/f_Q_0_5       n/a   
      subgraph_gcare_yago.yago/Star_3/f_Q_2_7       n/a   
      subgraph_gcare_yago.yago/Star_3/f_Q_4_1       n/a   
      subgraph_gcare_yago.yago/Star_3/f_Q_3_12      n/a   
      subgraph_gcare_yago.yago/Star_3/f_Q_3_10      n/a   
      subgraph_gcare_yago.yago/Star_3/f_Q_4_3       n/a   
      subgraph_gcare_yago.yago/Star_3/f_Q_2_5       n/a   
      subgraph_gcare_yago.yago/Star_3/f_Q_0_7       n/a   
      subgraph_gcare_yago.yago/Star_3/f_Q_0_6       n/a   
      subgraph_gcare_yago.yago/Star_3/f_Q_1_14      n/a   
      subgraph_gcare_yago.yago/Star_3/f_Q_2_4       n/a   
      subgraph_gcare_yago.yago/Star_3/f_Q_4_2       n/a   
      subgraph_gcare_yago.yago/Star_3/f_Q_3_11      n/a   
      subgraph_gcare_yago.yago/Star_3/f_Q_1_1       n/a   
      subgraph_gcare_yago.yago/Star_3/f_Q_3_3       n/a   
      subgraph_gcare_yago.yago/Star_3/f_Q_5_5       n/a   
      subgraph_gcare_yago.yago/Star_3/f_Q_5_4       n/a   
      subgraph_gcare_yago.yago/Star_3/f_Q_3_2       n/a   
      subgraph_gcare_yago.yago/Star_3/f_Q_1_2       n/a   
      subgraph_gcare_yago.yago/Star_3/f_Q_5_6       n/a   
      subgraph_gcare_yago.yago/Star_3/f_Q_5_7       n/a   
      subgraph_gcare_yago.yago/Star_3/f_Q_3_1       n/a   
      subgraph_gcare_yago.yago/Star_3/f_Q_1_3       n/a   
      subgraph_gcare_yago.yago/Star_3/f_Q_3_5       n/a   
      subgraph_gcare_yago.yago/Star_3/f_Q_5_3       n/a   
      subgraph_gcare_yago.yago/Star_3/f_Q_5_11      n/a   
      subgraph_gcare_yago.yago/Star_3/f_Q_5_10      n/a   
      subgraph_gcare_yago.yago/Star_3/f_Q_5_2       n/a   
      subgraph_gcare_yago.yago/Star_3/f_Q_3_4       n/a   
      subgraph_gcare_yago.yago/Star_3/f_Q_1_6       n/a   
      subgraph_gcare_yago.yago/Star_3/f_Q_1_4       n/a   
      subgraph_gcare_yago.yago/Star_3/f_Q_3_6       n/a   
      subgraph_gcare_yago.yago/Star_3/f_Q_5_12      n/a   
      subgraph_gcare_yago.yago/Star_3/f_Q_5_13      n/a   
      subgraph_gcare_yago.yago/Star_3/f_Q_5_1       n/a   
      subgraph_gcare_yago.yago/Star_3/f_Q_3_7       n/a   
      subgraph_gcare_yago.yago/Star_3/f_Q_1_5       n/a   
      subgraph_gcare_yago.yago/Star_3/f_Q_1_8       n/a   
      subgraph_gcare_yago.yago/Star_3/f_Q_0_12      n/a   
      subgraph_gcare_yago.yago/Star_3/f_Q_0_13      n/a   
      subgraph_gcare_yago.yago/Star_3/f_Q_1_9       n/a   
      subgraph_gcare_yago.yago/Star_3/f_Q_3_9       n/a   
      subgraph_gcare_yago.yago/Star_3/f_Q_0_11      n/a   
      subgraph_gcare_yago.yago/Star_3/f_Q_0_10      n/a   
      subgraph_gcare_yago.yago/Star_3/f_Q_3_8       n/a   
      subgraph_gcare_yago.yago/Star_3/f_Q_0_14      n/a   
      subgraph_gcare_yago.yago/Star_3/f_Q_2_11      n/a   
      subgraph_gcare_yago.yago/Star_3/f_Q_2_10      n/a   
      subgraph_gcare_yago.yago/Star_3/f_Q_5_9       n/a   
      subgraph_gcare_yago.yago/Star_3/f_Q_2_12      n/a   
      subgraph_gcare_yago.yago/Star_3/f_Q_5_8       n/a   
      subgraph_gcare_yago.yago/Star_3/f_Q_2_13      n/a   
      subgraph_gcare_yago.yago/Star_3/f_Q_2_9       n/a   
      subgraph_gcare_yago.yago/Star_3/f_Q_2_8       n/a   
      subgraph_gcare_yago.yago/Star_3/f_Q_0_8       n/a   
      subgraph_gcare_yago.yago/Star_3/f_Q_0_9       n/a   
      subgraph_gcare_yago.yago/Star_3/f_Q_4_13      n/a   
      subgraph_gcare_yago.yago/Star_3/f_Q_4_9       n/a   
      subgraph_gcare_yago.yago/Star_3/f_Q_4_8       n/a   
      subgraph_gcare_yago.yago/Star_3/f_Q_4_12      n/a   
      subgraph_gcare_yago.yago/Star_3/f_Q_4_10      n/a   
      subgraph_gcare_yago.yago/Star_3/f_Q_4_11      n/a   
     subgraph_gcare_yago.yago/Petal_12/f_Q_0_2      n/a   
     subgraph_gcare_yago.yago/Petal_12/f_Q_0_3      n/a   
     subgraph_gcare_yago.yago/Petal_12/f_Q_2_1      n/a   
     subgraph_gcare_yago.yago/Petal_12/f_Q_2_3      n/a   
     subgraph_gcare_yago.yago/Petal_12/f_Q_0_1      n/a   
     subgraph_gcare_yago.yago/Petal_12/f_Q_2_2      n/a   
     subgraph_gcare_yago.yago/Petal_12/f_Q_4_1      n/a   
     subgraph_gcare_yago.yago/Petal_12/f_Q_2_4      n/a   
     subgraph_gcare_yago.yago/Petal_12/f_Q_1_1      n/a   
     subgraph_gcare_yago.yago/Petal_12/f_Q_3_3      n/a   
     subgraph_gcare_yago.yago/Petal_12/f_Q_3_2      n/a   
     subgraph_gcare_yago.yago/Petal_12/f_Q_1_2      n/a   
     subgraph_gcare_yago.yago/Petal_12/f_Q_3_1      n/a   
     subgraph_gcare_yago.yago/Petal_12/f_Q_1_3      n/a   
     subgraph_gcare_yago.yago/Petal_12/f_Q_3_5      n/a   
     subgraph_gcare_yago.yago/Petal_12/f_Q_3_4      n/a   
     subgraph_gcare_yago.yago/Petal_12/f_Q_1_6      n/a   
     subgraph_gcare_yago.yago/Petal_12/f_Q_1_4      n/a   
     subgraph_gcare_yago.yago/Petal_12/f_Q_5_1      n/a   
     subgraph_gcare_yago.yago/Petal_12/f_Q_1_5      n/a   
     subgraph_gcare_yago.yago/Petal_12/f_Q_0_8      n/a   
     subgraph_gcare_yago.yago/Petal_12/f_Q_0_9      n/a   
     subgraph_gcare_yago.yago/Clique_6/f_Q_0_11     n/a   
      subgraph_gcare_yago.yago/Chain_3/f_Q_4_6      n/a   
     subgraph_gcare_yago.yago/Chain_3/f_Q_1_10      n/a   
      subgraph_gcare_yago.yago/Chain_3/f_Q_0_2      n/a   
     subgraph_gcare_yago.yago/Chain_3/f_Q_1_11      n/a   
      subgraph_gcare_yago.yago/Chain_3/f_Q_0_3      n/a   
      subgraph_gcare_yago.yago/Chain_3/f_Q_2_1      n/a   
      subgraph_gcare_yago.yago/Chain_3/f_Q_4_7      n/a   
      subgraph_gcare_yago.yago/Chain_3/f_Q_4_5      n/a   
      subgraph_gcare_yago.yago/Chain_3/f_Q_2_3      n/a   
      subgraph_gcare_yago.yago/Chain_3/f_Q_0_1      n/a   
     subgraph_gcare_yago.yago/Chain_3/f_Q_1_13      n/a   
     subgraph_gcare_yago.yago/Chain_3/f_Q_1_12      n/a   
      subgraph_gcare_yago.yago/Chain_3/f_Q_2_2      n/a   
      subgraph_gcare_yago.yago/Chain_3/f_Q_4_4      n/a   
     subgraph_gcare_yago.yago/Chain_3/f_Q_3_13      n/a   
      subgraph_gcare_yago.yago/Chain_3/f_Q_2_6      n/a   
      subgraph_gcare_yago.yago/Chain_3/f_Q_0_4      n/a   
      subgraph_gcare_yago.yago/Chain_3/f_Q_0_5      n/a   
      subgraph_gcare_yago.yago/Chain_3/f_Q_2_7      n/a   
      subgraph_gcare_yago.yago/Chain_3/f_Q_4_1      n/a   
     subgraph_gcare_yago.yago/Chain_3/f_Q_3_12      n/a   
     subgraph_gcare_yago.yago/Chain_3/f_Q_3_10      n/a   
      subgraph_gcare_yago.yago/Chain_3/f_Q_4_3      n/a   
      subgraph_gcare_yago.yago/Chain_3/f_Q_2_5      n/a   
      subgraph_gcare_yago.yago/Chain_3/f_Q_0_7      n/a   
      subgraph_gcare_yago.yago/Chain_3/f_Q_0_6      n/a   
     subgraph_gcare_yago.yago/Chain_3/f_Q_1_14      n/a   
      subgraph_gcare_yago.yago/Chain_3/f_Q_2_4      n/a   
      subgraph_gcare_yago.yago/Chain_3/f_Q_4_2      n/a   
     subgraph_gcare_yago.yago/Chain_3/f_Q_3_11      n/a   
      subgraph_gcare_yago.yago/Chain_3/f_Q_1_1      n/a   
      subgraph_gcare_yago.yago/Chain_3/f_Q_3_3      n/a   
      subgraph_gcare_yago.yago/Chain_3/f_Q_5_5      n/a   
      subgraph_gcare_yago.yago/Chain_3/f_Q_5_4      n/a   
      subgraph_gcare_yago.yago/Chain_3/f_Q_3_2      n/a   
      subgraph_gcare_yago.yago/Chain_3/f_Q_1_2      n/a   
      subgraph_gcare_yago.yago/Chain_3/f_Q_5_6      n/a   
      subgraph_gcare_yago.yago/Chain_3/f_Q_5_7      n/a   
      subgraph_gcare_yago.yago/Chain_3/f_Q_3_1      n/a   
      subgraph_gcare_yago.yago/Chain_3/f_Q_1_3      n/a   
      subgraph_gcare_yago.yago/Chain_3/f_Q_1_7      n/a   
      subgraph_gcare_yago.yago/Chain_3/f_Q_3_5      n/a   
      subgraph_gcare_yago.yago/Chain_3/f_Q_5_3      n/a   
     subgraph_gcare_yago.yago/Chain_3/f_Q_5_11      n/a   
     subgraph_gcare_yago.yago/Chain_3/f_Q_5_10      n/a   
      subgraph_gcare_yago.yago/Chain_3/f_Q_5_2      n/a   
      subgraph_gcare_yago.yago/Chain_3/f_Q_3_4      n/a   
      subgraph_gcare_yago.yago/Chain_3/f_Q_1_6      n/a   
      subgraph_gcare_yago.yago/Chain_3/f_Q_1_4      n/a   
      subgraph_gcare_yago.yago/Chain_3/f_Q_3_6      n/a   
     subgraph_gcare_yago.yago/Chain_3/f_Q_5_12      n/a   
     subgraph_gcare_yago.yago/Chain_3/f_Q_5_13      n/a   
      subgraph_gcare_yago.yago/Chain_3/f_Q_5_1      n/a   
      subgraph_gcare_yago.yago/Chain_3/f_Q_3_7      n/a   
      subgraph_gcare_yago.yago/Chain_3/f_Q_1_5      n/a   
      subgraph_gcare_yago.yago/Chain_3/f_Q_1_8      n/a   
     subgraph_gcare_yago.yago/Chain_3/f_Q_0_12      n/a   
     subgraph_gcare_yago.yago/Chain_3/f_Q_0_13      n/a   
      subgraph_gcare_yago.yago/Chain_3/f_Q_1_9      n/a   
      subgraph_gcare_yago.yago/Chain_3/f_Q_3_9      n/a   
     subgraph_gcare_yago.yago/Chain_3/f_Q_0_11      n/a   
     subgraph_gcare_yago.yago/Chain_3/f_Q_0_10      n/a   
      subgraph_gcare_yago.yago/Chain_3/f_Q_3_8      n/a   
     subgraph_gcare_yago.yago/Chain_3/f_Q_0_14      n/a   
     subgraph_gcare_yago.yago/Chain_3/f_Q_2_11      n/a   
     subgraph_gcare_yago.yago/Chain_3/f_Q_2_10      n/a   
      subgraph_gcare_yago.yago/Chain_3/f_Q_5_9      n/a   
     subgraph_gcare_yago.yago/Chain_3/f_Q_2_12      n/a   
      subgraph_gcare_yago.yago/Chain_3/f_Q_5_8      n/a   
     subgraph_gcare_yago.yago/Chain_3/f_Q_2_13      n/a   
      subgraph_gcare_yago.yago/Chain_3/f_Q_2_9      n/a   
      subgraph_gcare_yago.yago/Chain_3/f_Q_2_8      n/a   
      subgraph_gcare_yago.yago/Chain_3/f_Q_0_8      n/a   
      subgraph_gcare_yago.yago/Chain_3/f_Q_0_9      n/a   
     subgraph_gcare_yago.yago/Chain_3/f_Q_4_13      n/a   
      subgraph_gcare_yago.yago/Chain_3/f_Q_4_9      n/a   
      subgraph_gcare_yago.yago/Chain_3/f_Q_4_8      n/a   
     subgraph_gcare_yago.yago/Chain_3/f_Q_4_12      n/a   
     subgraph_gcare_yago.yago/Chain_3/f_Q_4_10      n/a   
     subgraph_gcare_yago.yago/Chain_3/f_Q_4_11      n/a   
      subgraph_gcare_yago.yago/Graph_3/f_Q_0_2      n/a   
     subgraph_gcare_yago.yago/Graph_3/f_Q_1_11      n/a   
      subgraph_gcare_yago.yago/Graph_3/f_Q_0_3      n/a   
      subgraph_gcare_yago.yago/Graph_3/f_Q_2_1      n/a   
      subgraph_gcare_yago.yago/Graph_3/f_Q_4_7      n/a   
      subgraph_gcare_yago.yago/Graph_3/f_Q_4_5      n/a   
      subgraph_gcare_yago.yago/Graph_3/f_Q_2_3      n/a   
      subgraph_gcare_yago.yago/Graph_3/f_Q_0_1      n/a   
     subgraph_gcare_yago.yago/Graph_3/f_Q_1_13      n/a   
      subgraph_gcare_yago.yago/Graph_3/f_Q_2_2      n/a   
      subgraph_gcare_yago.yago/Graph_3/f_Q_4_4      n/a   
      subgraph_gcare_yago.yago/Graph_3/f_Q_2_6      n/a   
      subgraph_gcare_yago.yago/Graph_3/f_Q_0_4      n/a   
      subgraph_gcare_yago.yago/Graph_3/f_Q_0_5      n/a   
      subgraph_gcare_yago.yago/Graph_3/f_Q_2_7      n/a   
      subgraph_gcare_yago.yago/Graph_3/f_Q_4_1      n/a   
     subgraph_gcare_yago.yago/Graph_3/f_Q_3_12      n/a   
     subgraph_gcare_yago.yago/Graph_3/f_Q_3_10      n/a   
      subgraph_gcare_yago.yago/Graph_3/f_Q_2_5      n/a   
      subgraph_gcare_yago.yago/Graph_3/f_Q_0_7      n/a   
      subgraph_gcare_yago.yago/Graph_3/f_Q_0_6      n/a   
      subgraph_gcare_yago.yago/Graph_3/f_Q_2_4      n/a   
      subgraph_gcare_yago.yago/Graph_3/f_Q_4_2      n/a   
     subgraph_gcare_yago.yago/Graph_3/f_Q_3_11      n/a   
      subgraph_gcare_yago.yago/Graph_3/f_Q_3_3      n/a   
      subgraph_gcare_yago.yago/Graph_3/f_Q_5_5      n/a   
      subgraph_gcare_yago.yago/Graph_3/f_Q_3_2      n/a   
      subgraph_gcare_yago.yago/Graph_3/f_Q_1_2      n/a   
      subgraph_gcare_yago.yago/Graph_3/f_Q_5_7      n/a   
      subgraph_gcare_yago.yago/Graph_3/f_Q_3_1      n/a   
      subgraph_gcare_yago.yago/Graph_3/f_Q_1_3      n/a   
      subgraph_gcare_yago.yago/Graph_3/f_Q_5_3      n/a   
      subgraph_gcare_yago.yago/Graph_3/f_Q_5_2      n/a   
      subgraph_gcare_yago.yago/Graph_3/f_Q_1_4      n/a   
     subgraph_gcare_yago.yago/Graph_3/f_Q_5_12      n/a   
     subgraph_gcare_yago.yago/Graph_3/f_Q_5_13      n/a   
      subgraph_gcare_yago.yago/Graph_3/f_Q_3_7      n/a   
      subgraph_gcare_yago.yago/Graph_3/f_Q_1_5      n/a   
      subgraph_gcare_yago.yago/Graph_3/f_Q_1_8      n/a   
     subgraph_gcare_yago.yago/Graph_3/f_Q_0_12      n/a   
     subgraph_gcare_yago.yago/Graph_3/f_Q_0_13      n/a   
      subgraph_gcare_yago.yago/Graph_3/f_Q_1_9      n/a   
     subgraph_gcare_yago.yago/Graph_3/f_Q_0_11      n/a   
     subgraph_gcare_yago.yago/Graph_3/f_Q_0_10      n/a   
      subgraph_gcare_yago.yago/Graph_3/f_Q_3_8      n/a   
     subgraph_gcare_yago.yago/Graph_3/f_Q_0_14      n/a   
     subgraph_gcare_yago.yago/Graph_3/f_Q_2_11      n/a   
     subgraph_gcare_yago.yago/Graph_3/f_Q_2_10      n/a   
     subgraph_gcare_yago.yago/Graph_3/f_Q_2_12      n/a   
      subgraph_gcare_yago.yago/Graph_3/f_Q_5_8      n/a   
     subgraph_gcare_yago.yago/Graph_3/f_Q_2_13      n/a   
      subgraph_gcare_yago.yago/Graph_3/f_Q_2_9      n/a   
      subgraph_gcare_yago.yago/Graph_3/f_Q_0_8      n/a   
      subgraph_gcare_yago.yago/Graph_3/f_Q_0_9      n/a   
     subgraph_gcare_yago.yago/Graph_3/f_Q_4_13      n/a   
      subgraph_gcare_yago.yago/Graph_3/f_Q_4_8      n/a   
     subgraph_gcare_yago.yago/Graph_3/f_Q_4_10      n/a   
     subgraph_gcare_yago.yago/Graph_3/f_Q_4_11      n/a   
      subgraph_gcare_yago.yago/Petal_6/f_Q_4_6      n/a   
     subgraph_gcare_yago.yago/Petal_6/f_Q_1_10      n/a   
      subgraph_gcare_yago.yago/Petal_6/f_Q_0_2      n/a   
     subgraph_gcare_yago.yago/Petal_6/f_Q_1_11      n/a   
      subgraph_gcare_yago.yago/Petal_6/f_Q_0_3      n/a   
      subgraph_gcare_yago.yago/Petal_6/f_Q_2_1      n/a   
     subgraph_gcare_yago.yago/Petal_6/f_Q_3_14      n/a   
      subgraph_gcare_yago.yago/Petal_6/f_Q_4_5      n/a   
      subgraph_gcare_yago.yago/Petal_6/f_Q_2_3      n/a   
      subgraph_gcare_yago.yago/Petal_6/f_Q_0_1      n/a   
     subgraph_gcare_yago.yago/Petal_6/f_Q_1_13      n/a   
     subgraph_gcare_yago.yago/Petal_6/f_Q_1_12      n/a   
      subgraph_gcare_yago.yago/Petal_6/f_Q_2_2      n/a   
      subgraph_gcare_yago.yago/Petal_6/f_Q_4_4      n/a   
     subgraph_gcare_yago.yago/Petal_6/f_Q_3_13      n/a   
      subgraph_gcare_yago.yago/Petal_6/f_Q_2_6      n/a   
      subgraph_gcare_yago.yago/Petal_6/f_Q_0_4      n/a   
      subgraph_gcare_yago.yago/Petal_6/f_Q_0_5      n/a   
      subgraph_gcare_yago.yago/Petal_6/f_Q_2_7      n/a   
      subgraph_gcare_yago.yago/Petal_6/f_Q_4_1      n/a   
     subgraph_gcare_yago.yago/Petal_6/f_Q_3_12      n/a   
     subgraph_gcare_yago.yago/Petal_6/f_Q_3_10      n/a   
      subgraph_gcare_yago.yago/Petal_6/f_Q_4_3      n/a   
      subgraph_gcare_yago.yago/Petal_6/f_Q_2_5      n/a   
      subgraph_gcare_yago.yago/Petal_6/f_Q_0_7      n/a   
      subgraph_gcare_yago.yago/Petal_6/f_Q_0_6      n/a   
     subgraph_gcare_yago.yago/Petal_6/f_Q_1_14      n/a   
      subgraph_gcare_yago.yago/Petal_6/f_Q_2_4      n/a   
      subgraph_gcare_yago.yago/Petal_6/f_Q_4_2      n/a   
     subgraph_gcare_yago.yago/Petal_6/f_Q_3_11      n/a   
      subgraph_gcare_yago.yago/Petal_6/f_Q_1_1      n/a   
      subgraph_gcare_yago.yago/Petal_6/f_Q_3_3      n/a   
      subgraph_gcare_yago.yago/Petal_6/f_Q_5_5      n/a   
      subgraph_gcare_yago.yago/Petal_6/f_Q_5_4      n/a   
      subgraph_gcare_yago.yago/Petal_6/f_Q_3_2      n/a   
      subgraph_gcare_yago.yago/Petal_6/f_Q_1_2      n/a   
      subgraph_gcare_yago.yago/Petal_6/f_Q_5_6      n/a   
      subgraph_gcare_yago.yago/Petal_6/f_Q_5_7      n/a   
      subgraph_gcare_yago.yago/Petal_6/f_Q_3_1      n/a   
      subgraph_gcare_yago.yago/Petal_6/f_Q_1_3      n/a   
      subgraph_gcare_yago.yago/Petal_6/f_Q_1_7      n/a   
      subgraph_gcare_yago.yago/Petal_6/f_Q_3_5      n/a   
      subgraph_gcare_yago.yago/Petal_6/f_Q_5_3      n/a   
     subgraph_gcare_yago.yago/Petal_6/f_Q_5_11      n/a   
     subgraph_gcare_yago.yago/Petal_6/f_Q_5_10      n/a   
      subgraph_gcare_yago.yago/Petal_6/f_Q_5_2      n/a   
      subgraph_gcare_yago.yago/Petal_6/f_Q_3_4      n/a   
      subgraph_gcare_yago.yago/Petal_6/f_Q_1_6      n/a   
      subgraph_gcare_yago.yago/Petal_6/f_Q_1_4      n/a   
      subgraph_gcare_yago.yago/Petal_6/f_Q_3_6      n/a   
     subgraph_gcare_yago.yago/Petal_6/f_Q_5_12      n/a   
      subgraph_gcare_yago.yago/Petal_6/f_Q_5_1      n/a   
      subgraph_gcare_yago.yago/Petal_6/f_Q_3_7      n/a   
      subgraph_gcare_yago.yago/Petal_6/f_Q_1_5      n/a   
      subgraph_gcare_yago.yago/Petal_6/f_Q_1_8      n/a   
     subgraph_gcare_yago.yago/Petal_6/f_Q_0_12      n/a   
     subgraph_gcare_yago.yago/Petal_6/f_Q_0_13      n/a   
      subgraph_gcare_yago.yago/Petal_6/f_Q_1_9      n/a   
      subgraph_gcare_yago.yago/Petal_6/f_Q_3_9      n/a   
     subgraph_gcare_yago.yago/Petal_6/f_Q_0_11      n/a   
     subgraph_gcare_yago.yago/Petal_6/f_Q_2_14      n/a   
     subgraph_gcare_yago.yago/Petal_6/f_Q_0_10      n/a   
      subgraph_gcare_yago.yago/Petal_6/f_Q_3_8      n/a   
     subgraph_gcare_yago.yago/Petal_6/f_Q_0_14      n/a   
     subgraph_gcare_yago.yago/Petal_6/f_Q_2_11      n/a   
     subgraph_gcare_yago.yago/Petal_6/f_Q_2_10      n/a   
      subgraph_gcare_yago.yago/Petal_6/f_Q_5_9      n/a   
     subgraph_gcare_yago.yago/Petal_6/f_Q_2_12      n/a   
      subgraph_gcare_yago.yago/Petal_6/f_Q_2_9      n/a   
      subgraph_gcare_yago.yago/Petal_6/f_Q_2_8      n/a   
      subgraph_gcare_yago.yago/Petal_6/f_Q_0_8      n/a   
      subgraph_gcare_yago.yago/Petal_6/f_Q_0_9      n/a   
     subgraph_gcare_yago.yago/Petal_6/f_Q_4_13      n/a   
      subgraph_gcare_yago.yago/Petal_6/f_Q_4_9      n/a   
      subgraph_gcare_yago.yago/Petal_6/f_Q_4_8      n/a   
     subgraph_gcare_yago.yago/Petal_6/f_Q_4_12      n/a   
     subgraph_gcare_yago.yago/Petal_6/f_Q_4_10      n/a   
     subgraph_gcare_yago.yago/Petal_6/f_Q_4_11      n/a   
     subgraph_gcare_yago.yago/Cycle_3/f_Q_3_15      n/a   
     subgraph_gcare_yago.yago/Cycle_3/f_Q_1_10      n/a   
      subgraph_gcare_yago.yago/Cycle_3/f_Q_0_2      n/a   
     subgraph_gcare_yago.yago/Cycle_3/f_Q_1_11      n/a   
      subgraph_gcare_yago.yago/Cycle_3/f_Q_0_3      n/a   
      subgraph_gcare_yago.yago/Cycle_3/f_Q_2_1      n/a   
     subgraph_gcare_yago.yago/Cycle_3/f_Q_3_14      n/a   
      subgraph_gcare_yago.yago/Cycle_3/f_Q_2_3      n/a   
      subgraph_gcare_yago.yago/Cycle_3/f_Q_0_1      n/a   
     subgraph_gcare_yago.yago/Cycle_3/f_Q_1_13      n/a   
     subgraph_gcare_yago.yago/Cycle_3/f_Q_1_12      n/a   
      subgraph_gcare_yago.yago/Cycle_3/f_Q_2_2      n/a   
     subgraph_gcare_yago.yago/Cycle_3/f_Q_3_13      n/a   
      subgraph_gcare_yago.yago/Cycle_3/f_Q_2_6      n/a   
      subgraph_gcare_yago.yago/Cycle_3/f_Q_0_4      n/a   
      subgraph_gcare_yago.yago/Cycle_3/f_Q_0_5      n/a   
      subgraph_gcare_yago.yago/Cycle_3/f_Q_2_7      n/a   
      subgraph_gcare_yago.yago/Cycle_3/f_Q_4_1      n/a   
     subgraph_gcare_yago.yago/Cycle_3/f_Q_3_12      n/a   
     subgraph_gcare_yago.yago/Cycle_3/f_Q_3_10      n/a   
      subgraph_gcare_yago.yago/Cycle_3/f_Q_2_5      n/a   
      subgraph_gcare_yago.yago/Cycle_3/f_Q_0_7      n/a   
     subgraph_gcare_yago.yago/Cycle_3/f_Q_1_15      n/a   
      subgraph_gcare_yago.yago/Cycle_3/f_Q_0_6      n/a   
     subgraph_gcare_yago.yago/Cycle_3/f_Q_1_14      n/a   
      subgraph_gcare_yago.yago/Cycle_3/f_Q_2_4      n/a   
      subgraph_gcare_yago.yago/Cycle_3/f_Q_4_2      n/a   
     subgraph_gcare_yago.yago/Cycle_3/f_Q_3_11      n/a   
      subgraph_gcare_yago.yago/Cycle_3/f_Q_1_1      n/a   
      subgraph_gcare_yago.yago/Cycle_3/f_Q_3_3      n/a   
      subgraph_gcare_yago.yago/Cycle_3/f_Q_3_2      n/a   
      subgraph_gcare_yago.yago/Cycle_3/f_Q_1_2      n/a   
      subgraph_gcare_yago.yago/Cycle_3/f_Q_3_1      n/a   
      subgraph_gcare_yago.yago/Cycle_3/f_Q_1_3      n/a   
      subgraph_gcare_yago.yago/Cycle_3/f_Q_1_7      n/a   
      subgraph_gcare_yago.yago/Cycle_3/f_Q_3_5      n/a   
      subgraph_gcare_yago.yago/Cycle_3/f_Q_3_4      n/a   
      subgraph_gcare_yago.yago/Cycle_3/f_Q_1_6      n/a   
      subgraph_gcare_yago.yago/Cycle_3/f_Q_1_4      n/a   
      subgraph_gcare_yago.yago/Cycle_3/f_Q_3_6      n/a   
      subgraph_gcare_yago.yago/Cycle_3/f_Q_3_7      n/a   
      subgraph_gcare_yago.yago/Cycle_3/f_Q_1_5      n/a   
      subgraph_gcare_yago.yago/Cycle_3/f_Q_1_8      n/a   
     subgraph_gcare_yago.yago/Cycle_3/f_Q_0_12      n/a   
     subgraph_gcare_yago.yago/Cycle_3/f_Q_0_13      n/a   
      subgraph_gcare_yago.yago/Cycle_3/f_Q_1_9      n/a   
      subgraph_gcare_yago.yago/Cycle_3/f_Q_3_9      n/a   
     subgraph_gcare_yago.yago/Cycle_3/f_Q_0_11      n/a   
     subgraph_gcare_yago.yago/Cycle_3/f_Q_0_10      n/a   
      subgraph_gcare_yago.yago/Cycle_3/f_Q_3_8      n/a   
     subgraph_gcare_yago.yago/Cycle_3/f_Q_0_14      n/a   
     subgraph_gcare_yago.yago/Cycle_3/f_Q_2_10      n/a   
     subgraph_gcare_yago.yago/Cycle_3/f_Q_0_15      n/a   
      subgraph_gcare_yago.yago/Cycle_3/f_Q_2_9      n/a   
      subgraph_gcare_yago.yago/Cycle_3/f_Q_2_8      n/a   
      subgraph_gcare_yago.yago/Cycle_3/f_Q_0_8      n/a   
      subgraph_gcare_yago.yago/Cycle_3/f_Q_0_9      n/a   
      subgraph_gcare_yago.yago/Petal_9/f_Q_4_6      n/a   
     subgraph_gcare_yago.yago/Petal_9/f_Q_1_10      n/a   
      subgraph_gcare_yago.yago/Petal_9/f_Q_0_2      n/a   
      subgraph_gcare_yago.yago/Petal_9/f_Q_0_3      n/a   
      subgraph_gcare_yago.yago/Petal_9/f_Q_2_1      n/a   
      subgraph_gcare_yago.yago/Petal_9/f_Q_4_7      n/a   
      subgraph_gcare_yago.yago/Petal_9/f_Q_4_5      n/a   
      subgraph_gcare_yago.yago/Petal_9/f_Q_2_3      n/a   
      subgraph_gcare_yago.yago/Petal_9/f_Q_0_1      n/a   
      subgraph_gcare_yago.yago/Petal_9/f_Q_2_2      n/a   
      subgraph_gcare_yago.yago/Petal_9/f_Q_4_4      n/a   
      subgraph_gcare_yago.yago/Petal_9/f_Q_2_6      n/a   
      subgraph_gcare_yago.yago/Petal_9/f_Q_0_4      n/a   
      subgraph_gcare_yago.yago/Petal_9/f_Q_0_5      n/a   
      subgraph_gcare_yago.yago/Petal_9/f_Q_2_7      n/a   
      subgraph_gcare_yago.yago/Petal_9/f_Q_4_1      n/a   
     subgraph_gcare_yago.yago/Petal_9/f_Q_3_10      n/a   
      subgraph_gcare_yago.yago/Petal_9/f_Q_4_3      n/a   
      subgraph_gcare_yago.yago/Petal_9/f_Q_2_5      n/a   
      subgraph_gcare_yago.yago/Petal_9/f_Q_0_6      n/a   
      subgraph_gcare_yago.yago/Petal_9/f_Q_2_4      n/a   
      subgraph_gcare_yago.yago/Petal_9/f_Q_4_2      n/a   
     subgraph_gcare_yago.yago/Petal_9/f_Q_3_11      n/a   
      subgraph_gcare_yago.yago/Petal_9/f_Q_3_3      n/a   
      subgraph_gcare_yago.yago/Petal_9/f_Q_5_5      n/a   
      subgraph_gcare_yago.yago/Petal_9/f_Q_5_4      n/a   
      subgraph_gcare_yago.yago/Petal_9/f_Q_3_2      n/a   
      subgraph_gcare_yago.yago/Petal_9/f_Q_1_2      n/a   
      subgraph_gcare_yago.yago/Petal_9/f_Q_5_6      n/a   
      subgraph_gcare_yago.yago/Petal_9/f_Q_5_7      n/a   
      subgraph_gcare_yago.yago/Petal_9/f_Q_1_3      n/a   
      subgraph_gcare_yago.yago/Petal_9/f_Q_1_7      n/a   
      subgraph_gcare_yago.yago/Petal_9/f_Q_3_5      n/a   
      subgraph_gcare_yago.yago/Petal_9/f_Q_5_3      n/a   
      subgraph_gcare_yago.yago/Petal_9/f_Q_5_2      n/a   
      subgraph_gcare_yago.yago/Petal_9/f_Q_3_4      n/a   
      subgraph_gcare_yago.yago/Petal_9/f_Q_1_6      n/a   
      subgraph_gcare_yago.yago/Petal_9/f_Q_1_4      n/a   
      subgraph_gcare_yago.yago/Petal_9/f_Q_3_6      n/a   
      subgraph_gcare_yago.yago/Petal_9/f_Q_5_1      n/a   
      subgraph_gcare_yago.yago/Petal_9/f_Q_3_7      n/a   
      subgraph_gcare_yago.yago/Petal_9/f_Q_1_5      n/a   
      subgraph_gcare_yago.yago/Petal_9/f_Q_1_8      n/a   
     subgraph_gcare_yago.yago/Petal_9/f_Q_0_12      n/a   
     subgraph_gcare_yago.yago/Petal_9/f_Q_0_13      n/a   
      subgraph_gcare_yago.yago/Petal_9/f_Q_1_9      n/a   
      subgraph_gcare_yago.yago/Petal_9/f_Q_3_9      n/a   
     subgraph_gcare_yago.yago/Petal_9/f_Q_0_10      n/a   
      subgraph_gcare_yago.yago/Petal_9/f_Q_3_8      n/a   
     subgraph_gcare_yago.yago/Petal_9/f_Q_2_11      n/a   
     subgraph_gcare_yago.yago/Petal_9/f_Q_2_10      n/a   
      subgraph_gcare_yago.yago/Petal_9/f_Q_5_9      n/a   
      subgraph_gcare_yago.yago/Petal_9/f_Q_5_8      n/a   
      subgraph_gcare_yago.yago/Petal_9/f_Q_2_9      n/a   
      subgraph_gcare_yago.yago/Petal_9/f_Q_2_8      n/a   
     subgraph_gcare_yago.yago/Petal_9/f_Q_4_14      n/a   
     subgraph_gcare_yago.yago/Petal_9/f_Q_4_13      n/a   
      subgraph_gcare_yago.yago/Petal_9/f_Q_4_9      n/a   
      subgraph_gcare_yago.yago/Petal_9/f_Q_4_8      n/a   
     subgraph_gcare_yago.yago/Petal_9/f_Q_4_12      n/a   
     subgraph_gcare_yago.yago/Petal_9/f_Q_4_10      n/a   
     subgraph_gcare_yago.yago/Petal_9/f_Q_4_11      n/a   
      subgraph_gcare_yago.yago/Tree_3/f_Q_4_6       n/a   
      subgraph_gcare_yago.yago/Tree_3/f_Q_0_2       n/a   
      subgraph_gcare_yago.yago/Tree_3/f_Q_0_3       n/a   
      subgraph_gcare_yago.yago/Tree_3/f_Q_2_1       n/a   
      subgraph_gcare_yago.yago/Tree_3/f_Q_4_7       n/a   
      subgraph_gcare_yago.yago/Tree_3/f_Q_4_5       n/a   
      subgraph_gcare_yago.yago/Tree_3/f_Q_2_3       n/a   
      subgraph_gcare_yago.yago/Tree_3/f_Q_0_1       n/a   
      subgraph_gcare_yago.yago/Tree_3/f_Q_1_13      n/a   
      subgraph_gcare_yago.yago/Tree_3/f_Q_1_12      n/a   
      subgraph_gcare_yago.yago/Tree_3/f_Q_2_2       n/a   
      subgraph_gcare_yago.yago/Tree_3/f_Q_4_4       n/a   
      subgraph_gcare_yago.yago/Tree_3/f_Q_3_13      n/a   
      subgraph_gcare_yago.yago/Tree_3/f_Q_2_6       n/a   
      subgraph_gcare_yago.yago/Tree_3/f_Q_0_4       n/a   
      subgraph_gcare_yago.yago/Tree_3/f_Q_0_5       n/a   
      subgraph_gcare_yago.yago/Tree_3/f_Q_2_7       n/a   
      subgraph_gcare_yago.yago/Tree_3/f_Q_4_1       n/a   
      subgraph_gcare_yago.yago/Tree_3/f_Q_3_12      n/a   
      subgraph_gcare_yago.yago/Tree_3/f_Q_3_10      n/a   
      subgraph_gcare_yago.yago/Tree_3/f_Q_4_3       n/a   
      subgraph_gcare_yago.yago/Tree_3/f_Q_2_5       n/a   
      subgraph_gcare_yago.yago/Tree_3/f_Q_0_7       n/a   
      subgraph_gcare_yago.yago/Tree_3/f_Q_0_6       n/a   
      subgraph_gcare_yago.yago/Tree_3/f_Q_1_14      n/a   
      subgraph_gcare_yago.yago/Tree_3/f_Q_2_4       n/a   
      subgraph_gcare_yago.yago/Tree_3/f_Q_4_2       n/a   
      subgraph_gcare_yago.yago/Tree_3/f_Q_3_11      n/a   
      subgraph_gcare_yago.yago/Tree_3/f_Q_1_1       n/a   
      subgraph_gcare_yago.yago/Tree_3/f_Q_3_3       n/a   
      subgraph_gcare_yago.yago/Tree_3/f_Q_5_5       n/a   
      subgraph_gcare_yago.yago/Tree_3/f_Q_5_4       n/a   
      subgraph_gcare_yago.yago/Tree_3/f_Q_3_2       n/a   
      subgraph_gcare_yago.yago/Tree_3/f_Q_1_2       n/a   
      subgraph_gcare_yago.yago/Tree_3/f_Q_5_6       n/a   
      subgraph_gcare_yago.yago/Tree_3/f_Q_5_7       n/a   
      subgraph_gcare_yago.yago/Tree_3/f_Q_3_1       n/a   
      subgraph_gcare_yago.yago/Tree_3/f_Q_1_3       n/a   
      subgraph_gcare_yago.yago/Tree_3/f_Q_1_7       n/a   
      subgraph_gcare_yago.yago/Tree_3/f_Q_3_5       n/a   
      subgraph_gcare_yago.yago/Tree_3/f_Q_5_3       n/a   
      subgraph_gcare_yago.yago/Tree_3/f_Q_5_11      n/a   
      subgraph_gcare_yago.yago/Tree_3/f_Q_5_10      n/a   
      subgraph_gcare_yago.yago/Tree_3/f_Q_5_2       n/a   
      subgraph_gcare_yago.yago/Tree_3/f_Q_3_4       n/a   
      subgraph_gcare_yago.yago/Tree_3/f_Q_1_6       n/a   
      subgraph_gcare_yago.yago/Tree_3/f_Q_1_4       n/a   
      subgraph_gcare_yago.yago/Tree_3/f_Q_3_6       n/a   
      subgraph_gcare_yago.yago/Tree_3/f_Q_5_12      n/a   
      subgraph_gcare_yago.yago/Tree_3/f_Q_5_13      n/a   
      subgraph_gcare_yago.yago/Tree_3/f_Q_5_1       n/a   
      subgraph_gcare_yago.yago/Tree_3/f_Q_3_7       n/a   
      subgraph_gcare_yago.yago/Tree_3/f_Q_1_5       n/a   
      subgraph_gcare_yago.yago/Tree_3/f_Q_1_8       n/a   
      subgraph_gcare_yago.yago/Tree_3/f_Q_0_12      n/a   
      subgraph_gcare_yago.yago/Tree_3/f_Q_0_13      n/a   
      subgraph_gcare_yago.yago/Tree_3/f_Q_1_9       n/a   
      subgraph_gcare_yago.yago/Tree_3/f_Q_3_9       n/a   
      subgraph_gcare_yago.yago/Tree_3/f_Q_0_11      n/a   
      subgraph_gcare_yago.yago/Tree_3/f_Q_0_10      n/a   
      subgraph_gcare_yago.yago/Tree_3/f_Q_3_8       n/a   
      subgraph_gcare_yago.yago/Tree_3/f_Q_0_14      n/a   
      subgraph_gcare_yago.yago/Tree_3/f_Q_2_11      n/a   
      subgraph_gcare_yago.yago/Tree_3/f_Q_2_10      n/a   
      subgraph_gcare_yago.yago/Tree_3/f_Q_5_9       n/a   
      subgraph_gcare_yago.yago/Tree_3/f_Q_2_12      n/a   
      subgraph_gcare_yago.yago/Tree_3/f_Q_5_8       n/a   
      subgraph_gcare_yago.yago/Tree_3/f_Q_2_13      n/a   
      subgraph_gcare_yago.yago/Tree_3/f_Q_2_9       n/a   
      subgraph_gcare_yago.yago/Tree_3/f_Q_2_8       n/a   
      subgraph_gcare_yago.yago/Tree_3/f_Q_0_8       n/a   
      subgraph_gcare_yago.yago/Tree_3/f_Q_0_9       n/a   
      subgraph_gcare_yago.yago/Tree_3/f_Q_4_13      n/a   
      subgraph_gcare_yago.yago/Tree_3/f_Q_4_9       n/a   
      subgraph_gcare_yago.yago/Tree_3/f_Q_4_8       n/a   
      subgraph_gcare_yago.yago/Tree_3/f_Q_4_12      n/a   
      subgraph_gcare_yago.yago/Tree_3/f_Q_4_10      n/a   
      subgraph_gcare_yago.yago/Tree_3/f_Q_4_11      n/a   
     subgraph_gcare_yago.yago/Clique_10/f_Q_0_1     n/a   
    subgraph_gcare_yago.yago/Clique_10/f_Q_1_16     n/a   
    subgraph_gcare_yago.yago/Clique_10/f_Q_1_17     n/a   
    subgraph_gcare_yago.yago/Clique_10/f_Q_1_15     n/a   
    subgraph_gcare_yago.yago/Clique_10/f_Q_1_14     n/a   
    subgraph_gcare_yago.yago/Clique_10/f_Q_0_15     n/a   
    subgraph_gcare_yago.yago/Clique_10/f_Q_1_19     n/a   
    subgraph_gcare_yago.yago/Clique_10/f_Q_1_18     n/a   
      subgraph_gcare_yago.yago/Star_6/f_Q_4_6       n/a   
      subgraph_gcare_yago.yago/Star_6/f_Q_1_10      n/a   
      subgraph_gcare_yago.yago/Star_6/f_Q_0_2       n/a   
      subgraph_gcare_yago.yago/Star_6/f_Q_1_11      n/a   
      subgraph_gcare_yago.yago/Star_6/f_Q_0_3       n/a   
      subgraph_gcare_yago.yago/Star_6/f_Q_2_1       n/a   
      subgraph_gcare_yago.yago/Star_6/f_Q_4_7       n/a   
      subgraph_gcare_yago.yago/Star_6/f_Q_4_5       n/a   
      subgraph_gcare_yago.yago/Star_6/f_Q_2_3       n/a   
      subgraph_gcare_yago.yago/Star_6/f_Q_0_1       n/a   
      subgraph_gcare_yago.yago/Star_6/f_Q_1_13      n/a   
      subgraph_gcare_yago.yago/Star_6/f_Q_1_12      n/a   
      subgraph_gcare_yago.yago/Star_6/f_Q_2_2       n/a   
      subgraph_gcare_yago.yago/Star_6/f_Q_4_4       n/a   
      subgraph_gcare_yago.yago/Star_6/f_Q_3_13      n/a   
      subgraph_gcare_yago.yago/Star_6/f_Q_2_6       n/a   
      subgraph_gcare_yago.yago/Star_6/f_Q_0_4       n/a   
      subgraph_gcare_yago.yago/Star_6/f_Q_0_5       n/a   
      subgraph_gcare_yago.yago/Star_6/f_Q_2_7       n/a   
      subgraph_gcare_yago.yago/Star_6/f_Q_4_1       n/a   
      subgraph_gcare_yago.yago/Star_6/f_Q_3_12      n/a   
      subgraph_gcare_yago.yago/Star_6/f_Q_3_10      n/a   
      subgraph_gcare_yago.yago/Star_6/f_Q_4_3       n/a   
      subgraph_gcare_yago.yago/Star_6/f_Q_2_5       n/a   
      subgraph_gcare_yago.yago/Star_6/f_Q_0_7       n/a   
      subgraph_gcare_yago.yago/Star_6/f_Q_0_6       n/a   
      subgraph_gcare_yago.yago/Star_6/f_Q_2_4       n/a   
      subgraph_gcare_yago.yago/Star_6/f_Q_4_2       n/a   
      subgraph_gcare_yago.yago/Star_6/f_Q_3_11      n/a   
      subgraph_gcare_yago.yago/Star_6/f_Q_1_1       n/a   
      subgraph_gcare_yago.yago/Star_6/f_Q_3_3       n/a   
      subgraph_gcare_yago.yago/Star_6/f_Q_5_5       n/a   
      subgraph_gcare_yago.yago/Star_6/f_Q_5_4       n/a   
      subgraph_gcare_yago.yago/Star_6/f_Q_3_2       n/a   
      subgraph_gcare_yago.yago/Star_6/f_Q_1_2       n/a   
      subgraph_gcare_yago.yago/Star_6/f_Q_5_6       n/a   
      subgraph_gcare_yago.yago/Star_6/f_Q_5_7       n/a   
      subgraph_gcare_yago.yago/Star_6/f_Q_3_1       n/a   
      subgraph_gcare_yago.yago/Star_6/f_Q_1_3       n/a   
      subgraph_gcare_yago.yago/Star_6/f_Q_1_7       n/a   
      subgraph_gcare_yago.yago/Star_6/f_Q_3_5       n/a   
      subgraph_gcare_yago.yago/Star_6/f_Q_5_3       n/a   
      subgraph_gcare_yago.yago/Star_6/f_Q_5_11      n/a   
      subgraph_gcare_yago.yago/Star_6/f_Q_5_10      n/a   
      subgraph_gcare_yago.yago/Star_6/f_Q_5_2       n/a   
      subgraph_gcare_yago.yago/Star_6/f_Q_3_4       n/a   
      subgraph_gcare_yago.yago/Star_6/f_Q_1_6       n/a   
      subgraph_gcare_yago.yago/Star_6/f_Q_1_4       n/a   
      subgraph_gcare_yago.yago/Star_6/f_Q_3_6       n/a   
      subgraph_gcare_yago.yago/Star_6/f_Q_5_12      n/a   
      subgraph_gcare_yago.yago/Star_6/f_Q_5_13      n/a   
      subgraph_gcare_yago.yago/Star_6/f_Q_5_1       n/a   
      subgraph_gcare_yago.yago/Star_6/f_Q_3_7       n/a   
      subgraph_gcare_yago.yago/Star_6/f_Q_1_5       n/a   
      subgraph_gcare_yago.yago/Star_6/f_Q_1_8       n/a   
      subgraph_gcare_yago.yago/Star_6/f_Q_0_12      n/a   
      subgraph_gcare_yago.yago/Star_6/f_Q_0_13      n/a   
      subgraph_gcare_yago.yago/Star_6/f_Q_1_9       n/a   
      subgraph_gcare_yago.yago/Star_6/f_Q_3_9       n/a   
      subgraph_gcare_yago.yago/Star_6/f_Q_0_11      n/a   
      subgraph_gcare_yago.yago/Star_6/f_Q_0_10      n/a   
      subgraph_gcare_yago.yago/Star_6/f_Q_3_8       n/a   
      subgraph_gcare_yago.yago/Star_6/f_Q_0_14      n/a   
      subgraph_gcare_yago.yago/Star_6/f_Q_2_11      n/a   
      subgraph_gcare_yago.yago/Star_6/f_Q_2_10      n/a   
      subgraph_gcare_yago.yago/Star_6/f_Q_5_9       n/a   
      subgraph_gcare_yago.yago/Star_6/f_Q_2_12      n/a   
      subgraph_gcare_yago.yago/Star_6/f_Q_5_8       n/a   
      subgraph_gcare_yago.yago/Star_6/f_Q_2_13      n/a   
      subgraph_gcare_yago.yago/Star_6/f_Q_2_9       n/a   
      subgraph_gcare_yago.yago/Star_6/f_Q_2_8       n/a   
      subgraph_gcare_yago.yago/Star_6/f_Q_0_8       n/a   
      subgraph_gcare_yago.yago/Star_6/f_Q_0_9       n/a   
      subgraph_gcare_yago.yago/Star_6/f_Q_4_13      n/a   
      subgraph_gcare_yago.yago/Star_6/f_Q_4_9       n/a   
      subgraph_gcare_yago.yago/Star_6/f_Q_4_8       n/a   
      subgraph_gcare_yago.yago/Star_6/f_Q_4_12      n/a   
      subgraph_gcare_yago.yago/Star_6/f_Q_4_10      n/a   
      subgraph_gcare_yago.yago/Star_6/f_Q_4_11      n/a   
      subgraph_gcare_yago.yago/Star_9/f_Q_4_6       n/a   
      subgraph_gcare_yago.yago/Star_9/f_Q_1_10      n/a   
      subgraph_gcare_yago.yago/Star_9/f_Q_0_2       n/a   
      subgraph_gcare_yago.yago/Star_9/f_Q_1_11      n/a   
      subgraph_gcare_yago.yago/Star_9/f_Q_0_3       n/a   
      subgraph_gcare_yago.yago/Star_9/f_Q_2_1       n/a   
      subgraph_gcare_yago.yago/Star_9/f_Q_4_7       n/a   
      subgraph_gcare_yago.yago/Star_9/f_Q_4_5       n/a   
      subgraph_gcare_yago.yago/Star_9/f_Q_2_3       n/a   
      subgraph_gcare_yago.yago/Star_9/f_Q_0_1       n/a   
      subgraph_gcare_yago.yago/Star_9/f_Q_1_13      n/a   
      subgraph_gcare_yago.yago/Star_9/f_Q_1_12      n/a   
      subgraph_gcare_yago.yago/Star_9/f_Q_2_2       n/a   
      subgraph_gcare_yago.yago/Star_9/f_Q_4_4       n/a   
      subgraph_gcare_yago.yago/Star_9/f_Q_3_13      n/a   
      subgraph_gcare_yago.yago/Star_9/f_Q_2_6       n/a   
      subgraph_gcare_yago.yago/Star_9/f_Q_0_4       n/a   
      subgraph_gcare_yago.yago/Star_9/f_Q_0_5       n/a   
      subgraph_gcare_yago.yago/Star_9/f_Q_2_7       n/a   
      subgraph_gcare_yago.yago/Star_9/f_Q_4_1       n/a   
      subgraph_gcare_yago.yago/Star_9/f_Q_3_12      n/a   
      subgraph_gcare_yago.yago/Star_9/f_Q_3_10      n/a   
      subgraph_gcare_yago.yago/Star_9/f_Q_4_3       n/a   
      subgraph_gcare_yago.yago/Star_9/f_Q_2_5       n/a   
      subgraph_gcare_yago.yago/Star_9/f_Q_0_7       n/a   
      subgraph_gcare_yago.yago/Star_9/f_Q_0_6       n/a   
      subgraph_gcare_yago.yago/Star_9/f_Q_1_14      n/a   
      subgraph_gcare_yago.yago/Star_9/f_Q_2_4       n/a   
      subgraph_gcare_yago.yago/Star_9/f_Q_4_2       n/a   
      subgraph_gcare_yago.yago/Star_9/f_Q_3_11      n/a   
      subgraph_gcare_yago.yago/Star_9/f_Q_1_1       n/a   
      subgraph_gcare_yago.yago/Star_9/f_Q_3_3       n/a   
      subgraph_gcare_yago.yago/Star_9/f_Q_5_5       n/a   
      subgraph_gcare_yago.yago/Star_9/f_Q_5_4       n/a   
      subgraph_gcare_yago.yago/Star_9/f_Q_3_2       n/a   
      subgraph_gcare_yago.yago/Star_9/f_Q_1_2       n/a   
      subgraph_gcare_yago.yago/Star_9/f_Q_5_6       n/a   
      subgraph_gcare_yago.yago/Star_9/f_Q_5_7       n/a   
      subgraph_gcare_yago.yago/Star_9/f_Q_3_1       n/a   
      subgraph_gcare_yago.yago/Star_9/f_Q_1_3       n/a   
      subgraph_gcare_yago.yago/Star_9/f_Q_1_7       n/a   
      subgraph_gcare_yago.yago/Star_9/f_Q_3_5       n/a   
      subgraph_gcare_yago.yago/Star_9/f_Q_5_3       n/a   
      subgraph_gcare_yago.yago/Star_9/f_Q_5_11      n/a   
      subgraph_gcare_yago.yago/Star_9/f_Q_5_10      n/a   
      subgraph_gcare_yago.yago/Star_9/f_Q_5_2       n/a   
      subgraph_gcare_yago.yago/Star_9/f_Q_3_4       n/a   
      subgraph_gcare_yago.yago/Star_9/f_Q_1_6       n/a   
      subgraph_gcare_yago.yago/Star_9/f_Q_1_4       n/a   
      subgraph_gcare_yago.yago/Star_9/f_Q_3_6       n/a   
      subgraph_gcare_yago.yago/Star_9/f_Q_5_12      n/a   
      subgraph_gcare_yago.yago/Star_9/f_Q_5_13      n/a   
      subgraph_gcare_yago.yago/Star_9/f_Q_5_1       n/a   
      subgraph_gcare_yago.yago/Star_9/f_Q_3_7       n/a   
      subgraph_gcare_yago.yago/Star_9/f_Q_1_5       n/a   
      subgraph_gcare_yago.yago/Star_9/f_Q_1_8       n/a   
      subgraph_gcare_yago.yago/Star_9/f_Q_0_12      n/a   
      subgraph_gcare_yago.yago/Star_9/f_Q_0_13      n/a   
      subgraph_gcare_yago.yago/Star_9/f_Q_1_9       n/a   
      subgraph_gcare_yago.yago/Star_9/f_Q_3_9       n/a   
      subgraph_gcare_yago.yago/Star_9/f_Q_0_11      n/a   
      subgraph_gcare_yago.yago/Star_9/f_Q_0_10      n/a   
      subgraph_gcare_yago.yago/Star_9/f_Q_3_8       n/a   
      subgraph_gcare_yago.yago/Star_9/f_Q_0_14      n/a   
      subgraph_gcare_yago.yago/Star_9/f_Q_2_11      n/a   
      subgraph_gcare_yago.yago/Star_9/f_Q_2_10      n/a   
      subgraph_gcare_yago.yago/Star_9/f_Q_5_9       n/a   
      subgraph_gcare_yago.yago/Star_9/f_Q_2_12      n/a   
      subgraph_gcare_yago.yago/Star_9/f_Q_5_8       n/a   
      subgraph_gcare_yago.yago/Star_9/f_Q_2_13      n/a   
      subgraph_gcare_yago.yago/Star_9/f_Q_2_9       n/a   
      subgraph_gcare_yago.yago/Star_9/f_Q_2_8       n/a   
      subgraph_gcare_yago.yago/Star_9/f_Q_0_8       n/a   
      subgraph_gcare_yago.yago/Star_9/f_Q_0_9       n/a   
      subgraph_gcare_yago.yago/Star_9/f_Q_4_13      n/a   
      subgraph_gcare_yago.yago/Star_9/f_Q_4_9       n/a   
      subgraph_gcare_yago.yago/Star_9/f_Q_4_8       n/a   
      subgraph_gcare_yago.yago/Star_9/f_Q_4_12      n/a   
      subgraph_gcare_yago.yago/Star_9/f_Q_4_10      n/a   
      subgraph_gcare_yago.yago/Star_9/f_Q_4_11      n/a   
   ============================================= =========
ERROR:root:For parameters: subgraph_gcare_human.human/Star_3/uf_Q_0_2
INFO root: Dataset subgraph_gcare_graph.human found in cache.

For parameters: subgraph_gcare_human.human/Star_3/uf_Q_1_5
INFO root: Dataset subgraph_gcare_graph.human found in cache.

For parameters: subgraph_gcare_human.human/Graph_3/uf_Q_2_2
INFO root: Dataset subgraph_gcare_graph.human found in cache.

For parameters: subgraph_gcare_human.human/Graph_3/uf_Q_2_5
INFO root: Dataset subgraph_gcare_graph.human found in cache.

For parameters: subgraph_gcare_human.human/Graph_3/uf_Q_3_5
INFO root: Dataset subgraph_gcare_graph.human found in cache.

For parameters: subgraph_gcare_human.human/Tree_3/uf_Q_0_2
INFO root: Dataset subgraph_gcare_graph.human found in cache.

For parameters: subgraph_gcare_aids.aids/Star_3/uf_Q_2_1
INFO root: Dataset subgraph_gcare_graph.aids found in cache.

For parameters: subgraph_gcare_aids.aids/Star_3/uf_Q_2_10
INFO root: Dataset subgraph_gcare_graph.aids found in cache.

For parameters: subgraph_gcare_aids.aids/Star_3/uf_Q_1_2
INFO root: Dataset subgraph_gcare_graph.aids found in cache.

For parameters: subgraph_gcare_aids.aids/Star_3/uf_Q_1_4
INFO root: Dataset subgraph_gcare_graph.aids found in cache.

For parameters: subgraph_gcare_aids.aids/Star_3/uf_Q_3_11
INFO root: Dataset subgraph_gcare_graph.aids found in cache.

For parameters: subgraph_gcare_aids.aids/Chain_3/uf_Q_2_14
INFO root: Dataset subgraph_gcare_graph.aids found in cache.

For parameters: subgraph_gcare_aids.aids/Chain_3/uf_Q_1_5
INFO root: Dataset subgraph_gcare_graph.aids found in cache.

For parameters: subgraph_gcare_aids.aids/Graph_3/uf_Q_2_1
INFO root: Dataset subgraph_gcare_graph.aids found in cache.

For parameters: subgraph_gcare_aids.aids/Graph_3/uf_Q_3_3
INFO root: Dataset subgraph_gcare_graph.aids found in cache.

For parameters: subgraph_gcare_aids.aids/Graph_3/uf_Q_1_6
INFO root: Dataset subgraph_gcare_graph.aids found in cache.

For parameters: subgraph_gcare_aids.aids/Graph_3/uf_Q_1_8
INFO root: Dataset subgraph_gcare_graph.aids found in cache.

For parameters: subgraph_gcare_aids.aids/Graph_3/uf_Q_1_17
INFO root: Dataset subgraph_gcare_graph.aids found in cache.

For parameters: subgraph_gcare_aids.aids/Cycle_3/uf_Q_2_2
INFO root: Dataset subgraph_gcare_graph.aids found in cache.

For parameters: subgraph_gcare_aids.aids/Cycle_3/uf_Q_2_4
INFO root: Dataset subgraph_gcare_graph.aids found in cache.

For parameters: subgraph_gcare_aids.aids/Cycle_3/uf_Q_3_1
INFO root: Dataset subgraph_gcare_graph.aids found in cache.

For parameters: subgraph_gcare_aids.aids/Cycle_3/uf_Q_3_19
INFO root: Dataset subgraph_gcare_graph.aids found in cache.

For parameters: subgraph_gcare_aids.aids/Cycle_3/uf_Q_3_14
INFO root: Dataset subgraph_gcare_graph.aids found in cache.

For parameters: subgraph_gcare_aids.aids/Cycle_3/uf_Q_2_8
INFO root: Dataset subgraph_gcare_graph.aids found in cache.

For parameters: subgraph_gcare_aids.aids/Tree_3/uf_Q_2_5
INFO root: Dataset subgraph_gcare_graph.aids found in cache.

For parameters: subgraph_gcare_aids.aids/Tree_3/uf_Q_1_5
INFO root: Dataset subgraph_gcare_graph.aids found in cache.

··· For parameters: subgraph_gcare_human.human/Star_3/uf_Q_0_2
    INFO root: Dataset subgraph_gcare_graph.human found in cache.
    
    For parameters: subgraph_gcare_human.human/Star_3/uf_Q_1_5
    INFO root: Dataset subgraph_gcare_graph.human found in cache.
    
    For parameters: subgraph_gcare_human.human/Graph_3/uf_Q_2_2
    INFO root: Dataset subgraph_gcare_graph.human found in cache.
    
    For parameters: subgraph_gcare_human.human/Graph_3/uf_Q_2_5
    INFO root: Dataset subgraph_gcare_graph.human found in cache.
    
    For parameters: subgraph_gcare_human.human/Graph_3/uf_Q_3_5
    INFO root: Dataset subgraph_gcare_graph.human found in cache.
    
    For parameters: subgraph_gcare_human.human/Tree_3/uf_Q_0_2
    INFO root: Dataset subgraph_gcare_graph.human found in cache.
    
    For parameters: subgraph_gcare_aids.aids/Star_3/uf_Q_2_1
    INFO root: Dataset subgraph_gcare_graph.aids found in cache.
    
    For parameters: subgraph_gcare_aids.aids/Star_3/uf_Q_2_10
    INFO root: Dataset subgraph_gcare_graph.aids found in cache.
    
    For parameters: subgraph_gcare_aids.aids/Star_3/uf_Q_1_2
    INFO root: Dataset subgraph_gcare_graph.aids found in cache.
    
    For parameters: subgraph_gcare_aids.aids/Star_3/uf_Q_1_4
    INFO root: Dataset subgraph_gcare_graph.aids found in cache.
    
    For parameters: subgraph_gcare_aids.aids/Star_3/uf_Q_3_11
    INFO root: Dataset subgraph_gcare_graph.aids found in cache.
    
    For parameters: subgraph_gcare_aids.aids/Chain_3/uf_Q_2_14
    INFO root: Dataset subgraph_gcare_graph.aids found in cache.
    
    For parameters: subgraph_gcare_aids.aids/Chain_3/uf_Q_1_5
    INFO root: Dataset subgraph_gcare_graph.aids found in cache.
    
    For parameters: subgraph_gcare_aids.aids/Graph_3/uf_Q_2_1
    INFO root: Dataset subgraph_gcare_graph.aids found in cache.
    
    For parameters: subgraph_gcare_aids.aids/Graph_3/uf_Q_3_3
    INFO root: Dataset subgraph_gcare_graph.aids found in cache.
    
    For parameters: subgraph_gcare_aids.aids/Graph_3/uf_Q_1_6
    INFO root: Dataset subgraph_gcare_graph.aids found in cache.
    
    For parameters: subgraph_gcare_aids.aids/Graph_3/uf_Q_1_8
    INFO root: Dataset subgraph_gcare_graph.aids found in cache.
    
    For parameters: subgraph_gcare_aids.aids/Graph_3/uf_Q_1_17
    INFO root: Dataset subgraph_gcare_graph.aids found in cache.
    
    For parameters: subgraph_gcare_aids.aids/Cycle_3/uf_Q_2_2
    INFO root: Dataset subgraph_gcare_graph.aids found in cache.
    
    For parameters: subgraph_gcare_aids.aids/Cycle_3/uf_Q_2_4
    INFO root: Dataset subgraph_gcare_graph.aids found in cache.
    
    For parameters: subgraph_gcare_aids.aids/Cycle_3/uf_Q_3_1
    INFO root: Dataset subgraph_gcare_graph.aids found in cache.
    
    For parameters: subgraph_gcare_aids.aids/Cycle_3/uf_Q_3_19
    INFO root: Dataset subgraph_gcare_graph.aids found in cache.
    
    For parameters: subgraph_gcare_aids.aids/Cycle_3/uf_Q_3_14
    INFO root: Dataset subgraph_gcare_graph.aids found in cache.
    
    For parameters: subgraph_gcare_aids.aids/Cycle_3/uf_Q_2_8
    INFO root: Dataset subgraph_gcare_graph.aids found in cache.
    
    For parameters: subgraph_gcare_aids.aids/Tree_3/uf_Q_2_5
    INFO root: Dataset subgraph_gcare_graph.aids found in cache.
    
    For parameters: subgraph_gcare_aids.aids/Tree_3/uf_Q_1_5
    INFO root: Dataset subgraph_gcare_graph.aids found in cache.
INFO:root:...ng.time_Weighted Model Counting using einsum

·· ...ng.time_Weighted Model Counting using einsum                 okINFO:root:======================================== =========
                dataset                           
---------------------------------------- ---------
          wmc_generator.test_1              n/a   
          wmc_generator.test_2              n/a   
          wmc_generator.test_3              n/a   
          wmc_generator.test_4              n/a   
          wmc_generator.test_5              n/a   
          wmc_generator.test_6              n/a   
 mccomp_pwmc.track4_pwmc_random_pwmc_1      n/a   
 mccomp_pwmc.track4_pwmc_random_pwmc_2    839±0ms 
 mccomp_pwmc.track4_pwmc_random_pwmc_3      n/a   
 mccomp_pwmc.track4_pwmc_random_pwmc_4      n/a   
 mccomp_pwmc.track4_pwmc_random_pwmc_5      n/a   
 mccomp_pwmc.track4_pwmc_random_pwmc_6      n/a   
 mccomp_pwmc.track4_pwmc_random_pwmc_7      n/a   
 mccomp_pwmc.track4_pwmc_random_pwmc_8      n/a   
 mccomp_pwmc.track4_pwmc_random_pwmc_9      n/a   
 mccomp_pwmc.track4_pwmc_random_pwmc_10   783±0ms 
======================================== =========

·· ======================================== =========
                   dataset                           
   ---------------------------------------- ---------
             wmc_generator.test_1              n/a   
             wmc_generator.test_2              n/a   
             wmc_generator.test_3              n/a   
             wmc_generator.test_4              n/a   
             wmc_generator.test_5              n/a   
             wmc_generator.test_6              n/a   
    mccomp_pwmc.track4_pwmc_random_pwmc_1      n/a   
    mccomp_pwmc.track4_pwmc_random_pwmc_2    839±0ms 
    mccomp_pwmc.track4_pwmc_random_pwmc_3      n/a   
    mccomp_pwmc.track4_pwmc_random_pwmc_4      n/a   
    mccomp_pwmc.track4_pwmc_random_pwmc_5      n/a   
    mccomp_pwmc.track4_pwmc_random_pwmc_6      n/a   
    mccomp_pwmc.track4_pwmc_random_pwmc_7      n/a   
    mccomp_pwmc.track4_pwmc_random_pwmc_8      n/a   
    mccomp_pwmc.track4_pwmc_random_pwmc_9      n/a   
    mccomp_pwmc.track4_pwmc_random_pwmc_10   783±0ms 
   ======================================== =========
ERROR:root:For parameters: mccomp_pwmc.track4_pwmc_random_pwmc_2
INFO root: Dataset mccomp_pwmc.track4_pwmc_random_pwmc_2 found in cache.

For parameters: mccomp_pwmc.track4_pwmc_random_pwmc_10
INFO root: Dataset mccomp_pwmc.track4_pwmc_random_pwmc_10 found in cache.

··· For parameters: mccomp_pwmc.track4_pwmc_random_pwmc_2
    INFO root: Dataset mccomp_pwmc.track4_pwmc_random_pwmc_2 found in cache.
    
    For parameters: mccomp_pwmc.track4_pwmc_random_pwmc_10
    INFO root: Dataset mccomp_pwmc.track4_pwmc_random_pwmc_10 found in cache.
tag summary: tagged_records=117 failed_benchmark_entries=0
---------------------------------------
Begin Slurm Epilog: Sep-24-2026 23:37:29
Job ID:        13553781
Array Job ID:  13553732_3
User ID:       wahrens6
Account:       gts-wahrens6
Job name:      statistics-trace
Resources:     cpu=12,mem=192G,node=1
Rsrc Used:     cput=03:59:12,vmem=0,walltime=00:19:56,mem=1922772K,energy_used=0
Partition:     cpu-medium
QOS:           inferno
Nodes:         atl1-1-01-003-21-2
---------------------------------------
