---------------------------------------
Begin Slurm Prolog: Sep-27-2026 21:00:16
Job ID:    13655745
User ID:   wahrens6
Account:   gts-wahrens6
Job name:  statistics-trace
Partition: cpu-medium
QOS:       inferno
---------------------------------------
INFO:root:Using SAPS config: {'environment_type': 'existing:same'}
· Using SAPS config: {'environment_type': 'existing:same'}INFO:root:Using SAPS outputs directory: /storage/scratch1/7/wahrens6/SparseArrayProgrammingSuite/.saps/outputs/chunk-5

· Using SAPS outputs directory: /storage/scratch1/7/wahrens6/SparseArrayProgrammingSuite/.saps/outputs/chunk-5INFO:root:Using SAPS dataset cache: /storage/scratch1/7/wahrens6/SparseArrayProgrammingSuite/.saps/outputs/cache

· Using SAPS dataset cache: /storage/scratch1/7/wahrens6/SparseArrayProgrammingSuite/.saps/outputs/cacheINFO:root:Using SAPS machine files directory: /storage/scratch1/7/wahrens6/SparseArrayProgrammingSuite/.saps/machine_files/chunk-5

· Using SAPS machine files directory: /storage/scratch1/7/wahrens6/SparseArrayProgrammingSuite/.saps/machine_files/chunk-5INFO:root:Discovering benchmarks

· Discovering benchmarksINFO:root:Benchmarking existing-py_storage_home_hcoda1_7_wahrens6_.cache_pypoetry_virtualenvs_saps-RkeCTkZF-py3.12_bin_python3
Discovered 17 benchmark entries for tagger
Using timeout: 120.0 seconds

· Benchmarking existing-py_storage_home_hcoda1_7_wahrens6_.cache_pypoetry_virtualenvs_saps-RkeCTkZF-py3.12_bin_python3INFO:root:GMRES.GMRESBenchmark.time_gmres

·· GMRES.GMRESBenchmark.time_gmres                                 okINFO:root:================================================= =========
                     dataset                               
------------------------------------------------- ---------
      gmres_test_inputs.test_gmres_random_42         n/a   
     gmres_test_inputs.test_gmres_random_123         n/a   
      gmres_test_inputs.test_gmres_diagonal          n/a   
         gmres_test_inputs.test_gmres_3x3            n/a   
         gmres_test_inputs.test_gmres_4x4            n/a   
           gmres_inputs.Andrews/Andrews              n/a   
           gmres_inputs.Andrianov/ins2               n/a   
          gmres_inputs.Andrianov/net100              n/a   
          gmres_inputs.Andrianov/net125              n/a   
          gmres_inputs.Andrianov/net150              n/a   
           gmres_inputs.Andrianov/net25              n/a   
           gmres_inputs.Andrianov/net50              n/a   
           gmres_inputs.Andrianov/net75            1.38±0m 
             gmres_inputs.Bai/bfwa62                 n/a   
             gmres_inputs.Bai/bfwb398                n/a   
             gmres_inputs.Bai/bfwb62                 n/a   
             gmres_inputs.Bai/bfwb782                n/a   
              gmres_inputs.Bai/ck104                 n/a   
             gmres_inputs.Bai/dw256B                 n/a   
             gmres_inputs.Bai/dwb512                 n/a   
             gmres_inputs.Bai/pde225               11.3±0s 
             gmres_inputs.Bai/rdb200                 n/a   
             gmres_inputs.Bai/rdb200l                n/a   
            gmres_inputs.Bindel/ted_B                n/a   
        gmres_inputs.Bindel/ted_B_unscaled           n/a   
       gmres_inputs.Bomhof/circuit_1__rhs0           n/a   
       gmres_inputs.Botonakis/thermomech_TC          n/a   
       gmres_inputs.Botonakis/thermomech_dM          n/a   
     gmres_inputs.Bourchtein/atmosmodd__rhs1         n/a   
     gmres_inputs.Bourchtein/atmosmodj__rhs1         n/a   
     gmres_inputs.Bourchtein/atmosmodl__rhs0         n/a   
     gmres_inputs.Bourchtein/atmosmodl__rhs1         n/a   
     gmres_inputs.Bourchtein/atmosmodm__rhs0         n/a   
     gmres_inputs.Bourchtein/atmosmodm__rhs1         n/a   
         gmres_inputs.Brunetiere/thermal             n/a   
              gmres_inputs.CPM/cz148                 n/a   
         gmres_inputs.Cunningham/m3plates          12.3±0s 
          gmres_inputs.Cunningham/qa8fk              n/a   
          gmres_inputs.Cunningham/qa8fm              n/a   
       gmres_inputs.FEMLAB/poisson2D__rhs0           n/a   
           gmres_inputs.FEMLAB/problem1              n/a   
             gmres_inputs.FIDAP/ex29                 n/a   
             gmres_inputs.FIDAP/ex37                 n/a   
              gmres_inputs.FIDAP/ex5                 n/a   
              gmres_inputs.FIDAP/ex7                 n/a   
       gmres_inputs.Freescale/circuit5M_dc           n/a   
         gmres_inputs.GHS_indef/blockqp1             n/a   
        gmres_inputs.GHS_indef/boyd1__rhs0           n/a   
        gmres_inputs.GHS_indef/boyd2__rhs0           n/a   
           gmres_inputs.GHS_indef/laser              n/a   
          gmres_inputs.GHS_indef/qpband            27.2±0s 
         gmres_inputs.GHS_psdef/jnlbrng1             n/a   
         gmres_inputs.GHS_psdef/minsurfo             n/a   
         gmres_inputs.GHS_psdef/obstclae             n/a   
         gmres_inputs.GHS_psdef/wathen120            n/a   
          gmres_inputs.Grund/b1_ss__rhs0             n/a   
             gmres_inputs.Grund/meg4                 n/a   
          gmres_inputs.Grund/poli__rhs0              n/a   
             gmres_inputs.Grund/poli3              21.1±0s 
             gmres_inputs.Grund/poli4                n/a   
          gmres_inputs.Grund/poli_large              n/a   
              gmres_inputs.HB/arc130                 n/a   
             gmres_inputs.HB/bcspwr01                n/a   
             gmres_inputs.HB/bcspwr02                n/a   
             gmres_inputs.HB/bcsstk01                n/a   
             gmres_inputs.HB/bcsstk02                n/a   
             gmres_inputs.HB/bcsstk20              11.7±0s 
             gmres_inputs.HB/bcsstm01                n/a   
             gmres_inputs.HB/bcsstm02                n/a   
             gmres_inputs.HB/bcsstm03                n/a   
             gmres_inputs.HB/bcsstm04                n/a   
             gmres_inputs.HB/bcsstm05                n/a   
             gmres_inputs.HB/bcsstm06                n/a   
             gmres_inputs.HB/bcsstm08                n/a   
             gmres_inputs.HB/bcsstm09              11.8±0s 
             gmres_inputs.HB/bcsstm11                n/a   
             gmres_inputs.HB/bcsstm19                n/a   
             gmres_inputs.HB/bcsstm20                n/a   
             gmres_inputs.HB/bcsstm21                n/a   
             gmres_inputs.HB/bcsstm22                n/a   
             gmres_inputs.HB/can_144                 n/a   
              gmres_inputs.HB/can_24                 n/a   
              gmres_inputs.HB/can_61               11.1±0s 
              gmres_inputs.HB/can_73                 n/a   
             gmres_inputs.HB/curtis54                n/a   
             gmres_inputs.HB/fs_541_1                n/a   
             gmres_inputs.HB/fs_760_1                n/a   
             gmres_inputs.HB/fs_760_2                n/a   
             gmres_inputs.HB/fs_760_3                n/a   
             gmres_inputs.HB/gr_30_30                n/a   
             gmres_inputs.HB/jpwh_991              13.3±0s 
              gmres_inputs.HB/lap_25                 n/a   
               gmres_inputs.HB/nos4                  n/a   
               gmres_inputs.HB/nos7                  n/a   
          gmres_inputs.HB/orani678__rhs1             n/a   
         gmres_inputs.HB/orani678__rhs10             n/a   
         gmres_inputs.HB/orani678__rhs11             n/a   
         gmres_inputs.HB/orani678__rhs12             n/a   
         gmres_inputs.HB/orani678__rhs14           2.49±0s 
         gmres_inputs.HB/orani678__rhs15             n/a   
         gmres_inputs.HB/orani678__rhs16             n/a   
         gmres_inputs.HB/orani678__rhs17             n/a   
         gmres_inputs.HB/orani678__rhs18             n/a   
         gmres_inputs.HB/orani678__rhs19             n/a   
          gmres_inputs.HB/orani678__rhs2             n/a   
          gmres_inputs.HB/orani678__rhs3             n/a   
          gmres_inputs.HB/orani678__rhs4           4.62±0s 
          gmres_inputs.HB/orani678__rhs5             n/a   
          gmres_inputs.HB/orani678__rhs6             n/a   
         gmres_inputs.HB/orani678__rhs62             n/a   
          gmres_inputs.HB/orani678__rhs7             n/a   
          gmres_inputs.HB/orani678__rhs8             n/a   
             gmres_inputs.HB/pores_1                 n/a   
             gmres_inputs.HB/psmigr_3                n/a   
              gmres_inputs.HB/steam2               12.0±0s 
              gmres_inputs.HB/steam3                 n/a   
              gmres_inputs.HB/watt_1                 n/a   
              gmres_inputs.HB/watt_2                 n/a   
        gmres_inputs.Hamrle/Hamrle1__rhs0            n/a   
               gmres_inputs.MKS/fp                   n/a   
            gmres_inputs.MathWorks/Muu               n/a   
        gmres_inputs.MathWorks/tomography            n/a   
      gmres_inputs.MaxPlanck/shallow_water1          n/a   
      gmres_inputs.MaxPlanck/shallow_water2          n/a   
          gmres_inputs.Morandini/rotor1            11.0±0s 
           gmres_inputs.Mulvey/finan512              n/a   
         gmres_inputs.Nasa/nasa2146__rhs0            n/a   
           gmres_inputs.Nemeth/nemeth02              n/a   
           gmres_inputs.Nemeth/nemeth03              n/a   
           gmres_inputs.Nemeth/nemeth04              n/a   
           gmres_inputs.Nemeth/nemeth05              n/a   
           gmres_inputs.Nemeth/nemeth06              n/a   
           gmres_inputs.Nemeth/nemeth07              n/a   
           gmres_inputs.Nemeth/nemeth08            38.5±0s 
           gmres_inputs.Nemeth/nemeth09              n/a   
           gmres_inputs.Nemeth/nemeth10              n/a   
           gmres_inputs.Nemeth/nemeth11              n/a   
           gmres_inputs.Nemeth/nemeth12              n/a   
           gmres_inputs.Nemeth/nemeth13              n/a   
           gmres_inputs.Nemeth/nemeth16              n/a   
           gmres_inputs.Nemeth/nemeth17              n/a   
           gmres_inputs.Nemeth/nemeth18            39.3±0s 
           gmres_inputs.Nemeth/nemeth19              n/a   
           gmres_inputs.Nemeth/nemeth20              n/a   
           gmres_inputs.Nemeth/nemeth21              n/a   
           gmres_inputs.Nemeth/nemeth22              n/a   
           gmres_inputs.Nemeth/nemeth23              n/a   
           gmres_inputs.Nemeth/nemeth24              n/a   
           gmres_inputs.Nemeth/nemeth25              n/a   
           gmres_inputs.Nemeth/nemeth26            54.0±0s 
             gmres_inputs.Norris/fv1                 n/a   
             gmres_inputs.Norris/fv2                 n/a   
            gmres_inputs.Norris/torso2               n/a   
          gmres_inputs.Oberwolfach/LF10              n/a   
          gmres_inputs.Oberwolfach/LFAT5             n/a   
             gmres_inputs.PARSEC/Si2                 n/a   
           gmres_inputs.Pothen/mesh1e1               n/a   
           gmres_inputs.Pothen/mesh1em1              n/a   
           gmres_inputs.Pothen/mesh1em6            10.9±0s 
           gmres_inputs.Pothen/mesh2e1               n/a   
           gmres_inputs.Pothen/mesh2em5              n/a   
           gmres_inputs.Pothen/mesh3e1               n/a   
           gmres_inputs.Pothen/mesh3em5              n/a   
           gmres_inputs.Pothen/sphere2               n/a   
          gmres_inputs.Precima/analytics             n/a   
            gmres_inputs.Rajat/rajat13               n/a   
         gmres_inputs.Rommes/bips98_1450             n/a   
          gmres_inputs.Rommes/bips98_606           24.7±0s 
        gmres_inputs.Rommes/ww_36_pmec_36            n/a   
          gmres_inputs.Sandia/ASIC_100k              n/a   
          gmres_inputs.Sandia/ASIC_100ks             n/a   
          gmres_inputs.Sandia/ASIC_320ks             n/a   
          gmres_inputs.Sandia/ASIC_680k              n/a   
          gmres_inputs.Sandia/ASIC_680ks             n/a   
        gmres_inputs.Sandia/adder_dcop_31            n/a   
        gmres_inputs.Sandia/adder_dcop_32            n/a   
        gmres_inputs.Sandia/adder_dcop_33            n/a   
        gmres_inputs.Sandia/adder_dcop_34            n/a   
        gmres_inputs.Sandia/adder_dcop_35            n/a   
        gmres_inputs.Sandia/adder_dcop_36            n/a   
        gmres_inputs.Sandia/adder_dcop_37          14.6±0s 
        gmres_inputs.Sandia/adder_dcop_38            n/a   
        gmres_inputs.Sandia/adder_dcop_40            n/a   
        gmres_inputs.Sandia/adder_dcop_41            n/a   
        gmres_inputs.Sandia/adder_dcop_42            n/a   
        gmres_inputs.Sandia/adder_dcop_43            n/a   
        gmres_inputs.Sandia/adder_dcop_44            n/a   
        gmres_inputs.Sandia/adder_dcop_45            n/a   
        gmres_inputs.Sandia/adder_dcop_46          16.9±0s 
        gmres_inputs.Sandia/adder_dcop_47            n/a   
        gmres_inputs.Sandia/adder_dcop_48            n/a   
        gmres_inputs.Sandia/adder_dcop_49            n/a   
        gmres_inputs.Sandia/adder_dcop_50            n/a   
        gmres_inputs.Sandia/adder_dcop_51            n/a   
        gmres_inputs.Sandia/adder_dcop_52            n/a   
        gmres_inputs.Sandia/adder_dcop_53            n/a   
        gmres_inputs.Sandia/adder_dcop_54          14.6±0s 
        gmres_inputs.Sandia/adder_dcop_55            n/a   
        gmres_inputs.Sandia/adder_dcop_57            n/a   
        gmres_inputs.Sandia/adder_dcop_58            n/a   
        gmres_inputs.Sandia/adder_dcop_59            n/a   
        gmres_inputs.Sandia/adder_dcop_60            n/a   
        gmres_inputs.Sandia/adder_dcop_61            n/a   
        gmres_inputs.Sandia/adder_dcop_62            n/a   
        gmres_inputs.Sandia/adder_dcop_63          14.6±0s 
        gmres_inputs.Sandia/adder_dcop_64            n/a   
        gmres_inputs.Sandia/adder_dcop_65            n/a   
        gmres_inputs.Sandia/adder_dcop_66            n/a   
        gmres_inputs.Sandia/adder_dcop_67            n/a   
        gmres_inputs.Sandia/adder_dcop_68            n/a   
        gmres_inputs.Sandia/adder_dcop_69            n/a   
        gmres_inputs.Sandia/adder_trans_01           n/a   
        gmres_inputs.Sandia/adder_trans_02         14.5±0s 
      gmres_inputs.Sandia/mult_dcop_02__rhs0         n/a   
     gmres_inputs.Schenk_AFE/af_shell3__rhs0         n/a   
     gmres_inputs.Schenk_AFE/af_shell4__rhs0         n/a   
     gmres_inputs.Schenk_AFE/af_shell7__rhs0         n/a   
     gmres_inputs.Schenk_AFE/af_shell8__rhs0         n/a   
        gmres_inputs.Simon/raefsky5__rhs0            n/a   
       gmres_inputs.TOKAMAK/utm1700b__rhs0           n/a   
        gmres_inputs.TOKAMAK/utm3060__rhs0           n/a   
       gmres_inputs.VDOL/hangGlider_1__rhs0          n/a   
 gmres_inputs.VDOL/tumorAntiAngiogenesis_1__rhs0     n/a   
 gmres_inputs.VDOL/tumorAntiAngiogenesis_2__rhs0     n/a   
              gmres_inputs.VLSI/ss1                  n/a   
             gmres_inputs.Wang/swang1              19.5±0s 
             gmres_inputs.Wang/swang2                n/a   
             gmres_inputs.Zhao/Zhao1                 n/a   
================================================= =========

·· ================================================= =========
                        dataset                               
   ------------------------------------------------- ---------
         gmres_test_inputs.test_gmres_random_42         n/a   
        gmres_test_inputs.test_gmres_random_123         n/a   
         gmres_test_inputs.test_gmres_diagonal          n/a   
            gmres_test_inputs.test_gmres_3x3            n/a   
            gmres_test_inputs.test_gmres_4x4            n/a   
              gmres_inputs.Andrews/Andrews              n/a   
              gmres_inputs.Andrianov/ins2               n/a   
             gmres_inputs.Andrianov/net100              n/a   
             gmres_inputs.Andrianov/net125              n/a   
             gmres_inputs.Andrianov/net150              n/a   
              gmres_inputs.Andrianov/net25              n/a   
              gmres_inputs.Andrianov/net50              n/a   
              gmres_inputs.Andrianov/net75            1.38±0m 
                gmres_inputs.Bai/bfwa62                 n/a   
                gmres_inputs.Bai/bfwb398                n/a   
                gmres_inputs.Bai/bfwb62                 n/a   
                gmres_inputs.Bai/bfwb782                n/a   
                 gmres_inputs.Bai/ck104                 n/a   
                gmres_inputs.Bai/dw256B                 n/a   
                gmres_inputs.Bai/dwb512                 n/a   
                gmres_inputs.Bai/pde225               11.3±0s 
                gmres_inputs.Bai/rdb200                 n/a   
                gmres_inputs.Bai/rdb200l                n/a   
               gmres_inputs.Bindel/ted_B                n/a   
           gmres_inputs.Bindel/ted_B_unscaled           n/a   
          gmres_inputs.Bomhof/circuit_1__rhs0           n/a   
          gmres_inputs.Botonakis/thermomech_TC          n/a   
          gmres_inputs.Botonakis/thermomech_dM          n/a   
        gmres_inputs.Bourchtein/atmosmodd__rhs1         n/a   
        gmres_inputs.Bourchtein/atmosmodj__rhs1         n/a   
        gmres_inputs.Bourchtein/atmosmodl__rhs0         n/a   
        gmres_inputs.Bourchtein/atmosmodl__rhs1         n/a   
        gmres_inputs.Bourchtein/atmosmodm__rhs0         n/a   
        gmres_inputs.Bourchtein/atmosmodm__rhs1         n/a   
            gmres_inputs.Brunetiere/thermal             n/a   
                 gmres_inputs.CPM/cz148                 n/a   
            gmres_inputs.Cunningham/m3plates          12.3±0s 
             gmres_inputs.Cunningham/qa8fk              n/a   
             gmres_inputs.Cunningham/qa8fm              n/a   
          gmres_inputs.FEMLAB/poisson2D__rhs0           n/a   
              gmres_inputs.FEMLAB/problem1              n/a   
                gmres_inputs.FIDAP/ex29                 n/a   
                gmres_inputs.FIDAP/ex37                 n/a   
                 gmres_inputs.FIDAP/ex5                 n/a   
                 gmres_inputs.FIDAP/ex7                 n/a   
          gmres_inputs.Freescale/circuit5M_dc           n/a   
            gmres_inputs.GHS_indef/blockqp1             n/a   
           gmres_inputs.GHS_indef/boyd1__rhs0           n/a   
           gmres_inputs.GHS_indef/boyd2__rhs0           n/a   
              gmres_inputs.GHS_indef/laser              n/a   
             gmres_inputs.GHS_indef/qpband            27.2±0s 
            gmres_inputs.GHS_psdef/jnlbrng1             n/a   
            gmres_inputs.GHS_psdef/minsurfo             n/a   
            gmres_inputs.GHS_psdef/obstclae             n/a   
            gmres_inputs.GHS_psdef/wathen120            n/a   
             gmres_inputs.Grund/b1_ss__rhs0             n/a   
                gmres_inputs.Grund/meg4                 n/a   
             gmres_inputs.Grund/poli__rhs0              n/a   
                gmres_inputs.Grund/poli3              21.1±0s 
                gmres_inputs.Grund/poli4                n/a   
             gmres_inputs.Grund/poli_large              n/a   
                 gmres_inputs.HB/arc130                 n/a   
                gmres_inputs.HB/bcspwr01                n/a   
                gmres_inputs.HB/bcspwr02                n/a   
                gmres_inputs.HB/bcsstk01                n/a   
                gmres_inputs.HB/bcsstk02                n/a   
                gmres_inputs.HB/bcsstk20              11.7±0s 
                gmres_inputs.HB/bcsstm01                n/a   
                gmres_inputs.HB/bcsstm02                n/a   
                gmres_inputs.HB/bcsstm03                n/a   
                gmres_inputs.HB/bcsstm04                n/a   
                gmres_inputs.HB/bcsstm05                n/a   
                gmres_inputs.HB/bcsstm06                n/a   
                gmres_inputs.HB/bcsstm08                n/a   
                gmres_inputs.HB/bcsstm09              11.8±0s 
                gmres_inputs.HB/bcsstm11                n/a   
                gmres_inputs.HB/bcsstm19                n/a   
                gmres_inputs.HB/bcsstm20                n/a   
                gmres_inputs.HB/bcsstm21                n/a   
                gmres_inputs.HB/bcsstm22                n/a   
                gmres_inputs.HB/can_144                 n/a   
                 gmres_inputs.HB/can_24                 n/a   
                 gmres_inputs.HB/can_61               11.1±0s 
                 gmres_inputs.HB/can_73                 n/a   
                gmres_inputs.HB/curtis54                n/a   
                gmres_inputs.HB/fs_541_1                n/a   
                gmres_inputs.HB/fs_760_1                n/a   
                gmres_inputs.HB/fs_760_2                n/a   
                gmres_inputs.HB/fs_760_3                n/a   
                gmres_inputs.HB/gr_30_30                n/a   
                gmres_inputs.HB/jpwh_991              13.3±0s 
                 gmres_inputs.HB/lap_25                 n/a   
                  gmres_inputs.HB/nos4                  n/a   
                  gmres_inputs.HB/nos7                  n/a   
             gmres_inputs.HB/orani678__rhs1             n/a   
            gmres_inputs.HB/orani678__rhs10             n/a   
            gmres_inputs.HB/orani678__rhs11             n/a   
            gmres_inputs.HB/orani678__rhs12             n/a   
            gmres_inputs.HB/orani678__rhs14           2.49±0s 
            gmres_inputs.HB/orani678__rhs15             n/a   
            gmres_inputs.HB/orani678__rhs16             n/a   
            gmres_inputs.HB/orani678__rhs17             n/a   
            gmres_inputs.HB/orani678__rhs18             n/a   
            gmres_inputs.HB/orani678__rhs19             n/a   
             gmres_inputs.HB/orani678__rhs2             n/a   
             gmres_inputs.HB/orani678__rhs3             n/a   
             gmres_inputs.HB/orani678__rhs4           4.62±0s 
             gmres_inputs.HB/orani678__rhs5             n/a   
             gmres_inputs.HB/orani678__rhs6             n/a   
            gmres_inputs.HB/orani678__rhs62             n/a   
             gmres_inputs.HB/orani678__rhs7             n/a   
             gmres_inputs.HB/orani678__rhs8             n/a   
                gmres_inputs.HB/pores_1                 n/a   
                gmres_inputs.HB/psmigr_3                n/a   
                 gmres_inputs.HB/steam2               12.0±0s 
                 gmres_inputs.HB/steam3                 n/a   
                 gmres_inputs.HB/watt_1                 n/a   
                 gmres_inputs.HB/watt_2                 n/a   
           gmres_inputs.Hamrle/Hamrle1__rhs0            n/a   
                  gmres_inputs.MKS/fp                   n/a   
               gmres_inputs.MathWorks/Muu               n/a   
           gmres_inputs.MathWorks/tomography            n/a   
         gmres_inputs.MaxPlanck/shallow_water1          n/a   
         gmres_inputs.MaxPlanck/shallow_water2          n/a   
             gmres_inputs.Morandini/rotor1            11.0±0s 
              gmres_inputs.Mulvey/finan512              n/a   
            gmres_inputs.Nasa/nasa2146__rhs0            n/a   
              gmres_inputs.Nemeth/nemeth02              n/a   
              gmres_inputs.Nemeth/nemeth03              n/a   
              gmres_inputs.Nemeth/nemeth04              n/a   
              gmres_inputs.Nemeth/nemeth05              n/a   
              gmres_inputs.Nemeth/nemeth06              n/a   
              gmres_inputs.Nemeth/nemeth07              n/a   
              gmres_inputs.Nemeth/nemeth08            38.5±0s 
              gmres_inputs.Nemeth/nemeth09              n/a   
              gmres_inputs.Nemeth/nemeth10              n/a   
              gmres_inputs.Nemeth/nemeth11              n/a   
              gmres_inputs.Nemeth/nemeth12              n/a   
              gmres_inputs.Nemeth/nemeth13              n/a   
              gmres_inputs.Nemeth/nemeth16              n/a   
              gmres_inputs.Nemeth/nemeth17              n/a   
              gmres_inputs.Nemeth/nemeth18            39.3±0s 
              gmres_inputs.Nemeth/nemeth19              n/a   
              gmres_inputs.Nemeth/nemeth20              n/a   
              gmres_inputs.Nemeth/nemeth21              n/a   
              gmres_inputs.Nemeth/nemeth22              n/a   
              gmres_inputs.Nemeth/nemeth23              n/a   
              gmres_inputs.Nemeth/nemeth24              n/a   
              gmres_inputs.Nemeth/nemeth25              n/a   
              gmres_inputs.Nemeth/nemeth26            54.0±0s 
                gmres_inputs.Norris/fv1                 n/a   
                gmres_inputs.Norris/fv2                 n/a   
               gmres_inputs.Norris/torso2               n/a   
             gmres_inputs.Oberwolfach/LF10              n/a   
             gmres_inputs.Oberwolfach/LFAT5             n/a   
                gmres_inputs.PARSEC/Si2                 n/a   
              gmres_inputs.Pothen/mesh1e1               n/a   
              gmres_inputs.Pothen/mesh1em1              n/a   
              gmres_inputs.Pothen/mesh1em6            10.9±0s 
              gmres_inputs.Pothen/mesh2e1               n/a   
              gmres_inputs.Pothen/mesh2em5              n/a   
              gmres_inputs.Pothen/mesh3e1               n/a   
              gmres_inputs.Pothen/mesh3em5              n/a   
              gmres_inputs.Pothen/sphere2               n/a   
             gmres_inputs.Precima/analytics             n/a   
               gmres_inputs.Rajat/rajat13               n/a   
            gmres_inputs.Rommes/bips98_1450             n/a   
             gmres_inputs.Rommes/bips98_606           24.7±0s 
           gmres_inputs.Rommes/ww_36_pmec_36            n/a   
             gmres_inputs.Sandia/ASIC_100k              n/a   
             gmres_inputs.Sandia/ASIC_100ks             n/a   
             gmres_inputs.Sandia/ASIC_320ks             n/a   
             gmres_inputs.Sandia/ASIC_680k              n/a   
             gmres_inputs.Sandia/ASIC_680ks             n/a   
           gmres_inputs.Sandia/adder_dcop_31            n/a   
           gmres_inputs.Sandia/adder_dcop_32            n/a   
           gmres_inputs.Sandia/adder_dcop_33            n/a   
           gmres_inputs.Sandia/adder_dcop_34            n/a   
           gmres_inputs.Sandia/adder_dcop_35            n/a   
           gmres_inputs.Sandia/adder_dcop_36            n/a   
           gmres_inputs.Sandia/adder_dcop_37          14.6±0s 
           gmres_inputs.Sandia/adder_dcop_38            n/a   
           gmres_inputs.Sandia/adder_dcop_40            n/a   
           gmres_inputs.Sandia/adder_dcop_41            n/a   
           gmres_inputs.Sandia/adder_dcop_42            n/a   
           gmres_inputs.Sandia/adder_dcop_43            n/a   
           gmres_inputs.Sandia/adder_dcop_44            n/a   
           gmres_inputs.Sandia/adder_dcop_45            n/a   
           gmres_inputs.Sandia/adder_dcop_46          16.9±0s 
           gmres_inputs.Sandia/adder_dcop_47            n/a   
           gmres_inputs.Sandia/adder_dcop_48            n/a   
           gmres_inputs.Sandia/adder_dcop_49            n/a   
           gmres_inputs.Sandia/adder_dcop_50            n/a   
           gmres_inputs.Sandia/adder_dcop_51            n/a   
           gmres_inputs.Sandia/adder_dcop_52            n/a   
           gmres_inputs.Sandia/adder_dcop_53            n/a   
           gmres_inputs.Sandia/adder_dcop_54          14.6±0s 
           gmres_inputs.Sandia/adder_dcop_55            n/a   
           gmres_inputs.Sandia/adder_dcop_57            n/a   
           gmres_inputs.Sandia/adder_dcop_58            n/a   
           gmres_inputs.Sandia/adder_dcop_59            n/a   
           gmres_inputs.Sandia/adder_dcop_60            n/a   
           gmres_inputs.Sandia/adder_dcop_61            n/a   
           gmres_inputs.Sandia/adder_dcop_62            n/a   
           gmres_inputs.Sandia/adder_dcop_63          14.6±0s 
           gmres_inputs.Sandia/adder_dcop_64            n/a   
           gmres_inputs.Sandia/adder_dcop_65            n/a   
           gmres_inputs.Sandia/adder_dcop_66            n/a   
           gmres_inputs.Sandia/adder_dcop_67            n/a   
           gmres_inputs.Sandia/adder_dcop_68            n/a   
           gmres_inputs.Sandia/adder_dcop_69            n/a   
           gmres_inputs.Sandia/adder_trans_01           n/a   
           gmres_inputs.Sandia/adder_trans_02         14.5±0s 
         gmres_inputs.Sandia/mult_dcop_02__rhs0         n/a   
        gmres_inputs.Schenk_AFE/af_shell3__rhs0         n/a   
        gmres_inputs.Schenk_AFE/af_shell4__rhs0         n/a   
        gmres_inputs.Schenk_AFE/af_shell7__rhs0         n/a   
        gmres_inputs.Schenk_AFE/af_shell8__rhs0         n/a   
           gmres_inputs.Simon/raefsky5__rhs0            n/a   
          gmres_inputs.TOKAMAK/utm1700b__rhs0           n/a   
           gmres_inputs.TOKAMAK/utm3060__rhs0           n/a   
          gmres_inputs.VDOL/hangGlider_1__rhs0          n/a   
    gmres_inputs.VDOL/tumorAntiAngiogenesis_1__rhs0     n/a   
    gmres_inputs.VDOL/tumorAntiAngiogenesis_2__rhs0     n/a   
                 gmres_inputs.VLSI/ss1                  n/a   
                gmres_inputs.Wang/swang1              19.5±0s 
                gmres_inputs.Wang/swang2                n/a   
                gmres_inputs.Zhao/Zhao1                 n/a   
   ================================================= =========
ERROR:root:For parameters: gmres_inputs.Andrianov/net75
INFO root: Dataset suitesparse_matrix.Andrianov/net75 found in cache.

For parameters: gmres_inputs.Bai/pde225
INFO root: Dataset suitesparse_matrix.Bai/pde225 found in cache.

For parameters: gmres_inputs.Cunningham/m3plates
INFO root: Dataset suitesparse_matrix.Cunningham/m3plates found in cache.

For parameters: gmres_inputs.GHS_indef/qpband
INFO root: Dataset suitesparse_matrix.GHS_indef/qpband found in cache.

For parameters: gmres_inputs.Grund/poli3
INFO root: Dataset suitesparse_matrix.Grund/poli3 found in cache.

For parameters: gmres_inputs.HB/bcsstk20
INFO root: Dataset suitesparse_matrix.HB/bcsstk20 found in cache.

For parameters: gmres_inputs.HB/bcsstm09
INFO root: Dataset suitesparse_matrix.HB/bcsstm09 found in cache.

For parameters: gmres_inputs.HB/can_61
INFO root: Dataset suitesparse_matrix.HB/can_61 found in cache.

For parameters: gmres_inputs.HB/jpwh_991
INFO root: Dataset suitesparse_matrix.HB/jpwh_991 found in cache.

For parameters: gmres_inputs.HB/orani678__rhs14
INFO root: Dataset suitesparse_matrix.HB/orani678 found in cache.

For parameters: gmres_inputs.HB/orani678__rhs4
INFO root: Dataset suitesparse_matrix.HB/orani678 found in cache.

For parameters: gmres_inputs.HB/steam2
INFO root: Dataset suitesparse_matrix.HB/steam2 found in cache.

For parameters: gmres_inputs.Morandini/rotor1
INFO root: Dataset suitesparse_matrix.Morandini/rotor1 found in cache.

For parameters: gmres_inputs.Nemeth/nemeth08
INFO root: Dataset suitesparse_matrix.Nemeth/nemeth08 found in cache.

For parameters: gmres_inputs.Nemeth/nemeth18
INFO root: Dataset suitesparse_matrix.Nemeth/nemeth18 found in cache.

For parameters: gmres_inputs.Nemeth/nemeth26
INFO root: Dataset suitesparse_matrix.Nemeth/nemeth26 found in cache.

For parameters: gmres_inputs.Pothen/mesh1em6
INFO root: Dataset suitesparse_matrix.Pothen/mesh1em6 found in cache.

For parameters: gmres_inputs.Rommes/bips98_606
INFO root: Dataset suitesparse_matrix.Rommes/bips98_606 found in cache.

For parameters: gmres_inputs.Sandia/adder_dcop_37
INFO root: Dataset suitesparse_matrix.Sandia/adder_dcop_37 found in cache.

For parameters: gmres_inputs.Sandia/adder_dcop_46
INFO root: Dataset suitesparse_matrix.Sandia/adder_dcop_46 found in cache.

For parameters: gmres_inputs.Sandia/adder_dcop_54
INFO root: Dataset suitesparse_matrix.Sandia/adder_dcop_54 found in cache.

For parameters: gmres_inputs.Sandia/adder_dcop_63
INFO root: Dataset suitesparse_matrix.Sandia/adder_dcop_63 found in cache.

For parameters: gmres_inputs.Sandia/adder_trans_02
INFO root: Dataset suitesparse_matrix.Sandia/adder_trans_02 found in cache.

For parameters: gmres_inputs.Wang/swang1
INFO root: Dataset suitesparse_matrix.Wang/swang1 found in cache.

··· For parameters: gmres_inputs.Andrianov/net75
    INFO root: Dataset suitesparse_matrix.Andrianov/net75 found in cache.
    
    For parameters: gmres_inputs.Bai/pde225
    INFO root: Dataset suitesparse_matrix.Bai/pde225 found in cache.
    
    For parameters: gmres_inputs.Cunningham/m3plates
    INFO root: Dataset suitesparse_matrix.Cunningham/m3plates found in cache.
    
    For parameters: gmres_inputs.GHS_indef/qpband
    INFO root: Dataset suitesparse_matrix.GHS_indef/qpband found in cache.
    
    For parameters: gmres_inputs.Grund/poli3
    INFO root: Dataset suitesparse_matrix.Grund/poli3 found in cache.
    
    For parameters: gmres_inputs.HB/bcsstk20
    INFO root: Dataset suitesparse_matrix.HB/bcsstk20 found in cache.
    
    For parameters: gmres_inputs.HB/bcsstm09
    INFO root: Dataset suitesparse_matrix.HB/bcsstm09 found in cache.
    
    For parameters: gmres_inputs.HB/can_61
    INFO root: Dataset suitesparse_matrix.HB/can_61 found in cache.
    
    For parameters: gmres_inputs.HB/jpwh_991
    INFO root: Dataset suitesparse_matrix.HB/jpwh_991 found in cache.
    
    For parameters: gmres_inputs.HB/orani678__rhs14
    INFO root: Dataset suitesparse_matrix.HB/orani678 found in cache.
    
    For parameters: gmres_inputs.HB/orani678__rhs4
    INFO root: Dataset suitesparse_matrix.HB/orani678 found in cache.
    
    For parameters: gmres_inputs.HB/steam2
    INFO root: Dataset suitesparse_matrix.HB/steam2 found in cache.
    
    For parameters: gmres_inputs.Morandini/rotor1
    INFO root: Dataset suitesparse_matrix.Morandini/rotor1 found in cache.
    
    For parameters: gmres_inputs.Nemeth/nemeth08
    INFO root: Dataset suitesparse_matrix.Nemeth/nemeth08 found in cache.
    
    For parameters: gmres_inputs.Nemeth/nemeth18
    INFO root: Dataset suitesparse_matrix.Nemeth/nemeth18 found in cache.
    
    For parameters: gmres_inputs.Nemeth/nemeth26
    INFO root: Dataset suitesparse_matrix.Nemeth/nemeth26 found in cache.
    
    For parameters: gmres_inputs.Pothen/mesh1em6
    INFO root: Dataset suitesparse_matrix.Pothen/mesh1em6 found in cache.
    
    For parameters: gmres_inputs.Rommes/bips98_606
    INFO root: Dataset suitesparse_matrix.Rommes/bips98_606 found in cache.
    
    For parameters: gmres_inputs.Sandia/adder_dcop_37
    INFO root: Dataset suitesparse_matrix.Sandia/adder_dcop_37 found in cache.
    
    For parameters: gmres_inputs.Sandia/adder_dcop_46
    INFO root: Dataset suitesparse_matrix.Sandia/adder_dcop_46 found in cache.
    
    For parameters: gmres_inputs.Sandia/adder_dcop_54
    INFO root: Dataset suitesparse_matrix.Sandia/adder_dcop_54 found in cache.
    
    For parameters: gmres_inputs.Sandia/adder_dcop_63
    INFO root: Dataset suitesparse_matrix.Sandia/adder_dcop_63 found in cache.
    
    For parameters: gmres_inputs.Sandia/adder_trans_02
    INFO root: Dataset suitesparse_matrix.Sandia/adder_trans_02 found in cache.
    
    For parameters: gmres_inputs.Wang/swang1
    INFO root: Dataset suitesparse_matrix.Wang/swang1 found in cache.
INFO:root:...m.LinearProgrammingBenchmark.time_lp_simplex

·· ...m.LinearProgrammingBenchmark.time_lp_simplex                 okINFO:root:=============================================== =========
                    dataset                              
----------------------------------------------- ---------
 lp_test_inputs.test_lp_bounded_unique_optimum     n/a   
       lp_test_inputs.test_lp_infeasible           n/a   
        lp_test_inputs.test_lp_unbounded           n/a   
     lp_test_inputs.test_lp_degenerate_tie         n/a   
        lp_test_inputs.test_lp_singleton           n/a   
           lpnetlib_inputs.lp_25fv47               n/a   
           lpnetlib_inputs.lp_80bau3b              n/a   
          lpnetlib_inputs.lp_adlittle              n/a   
            lpnetlib_inputs.lp_afiro               n/a   
             lpnetlib_inputs.lp_agg                n/a   
            lpnetlib_inputs.lp_agg2                n/a   
            lpnetlib_inputs.lp_agg3                n/a   
            lpnetlib_inputs.lp_bandm               n/a   
          lpnetlib_inputs.lp_beaconfd              n/a   
            lpnetlib_inputs.lp_blend               n/a   
            lpnetlib_inputs.lp_bnl1                n/a   
            lpnetlib_inputs.lp_bnl2                n/a   
           lpnetlib_inputs.lp_bore3d               n/a   
           lpnetlib_inputs.lp_brandy             18.8±0s 
            lpnetlib_inputs.lp_capri               n/a   
            lpnetlib_inputs.lp_cre_a               n/a   
            lpnetlib_inputs.lp_cre_b               n/a   
            lpnetlib_inputs.lp_cre_c               n/a   
            lpnetlib_inputs.lp_cre_d               n/a   
            lpnetlib_inputs.lp_cycle               n/a   
           lpnetlib_inputs.lp_czprob               n/a   
           lpnetlib_inputs.lp_d2q06c               n/a   
           lpnetlib_inputs.lp_d6cube               n/a   
           lpnetlib_inputs.lp_degen2               n/a   
           lpnetlib_inputs.lp_degen3               n/a   
           lpnetlib_inputs.lp_dfl001               n/a   
            lpnetlib_inputs.lp_e226                n/a   
          lpnetlib_inputs.lp_etamacro              n/a   
          lpnetlib_inputs.lp_fffff800              n/a   
           lpnetlib_inputs.lp_finnis               n/a   
            lpnetlib_inputs.lp_fit1d               n/a   
            lpnetlib_inputs.lp_fit1p               n/a   
            lpnetlib_inputs.lp_fit2d               n/a   
            lpnetlib_inputs.lp_fit2p               n/a   
           lpnetlib_inputs.lp_ganges               n/a   
          lpnetlib_inputs.lp_gfrd_pnc              n/a   
          lpnetlib_inputs.lp_greenbea              n/a   
          lpnetlib_inputs.lp_greenbeb              n/a   
           lpnetlib_inputs.lp_grow15               n/a   
           lpnetlib_inputs.lp_grow22               n/a   
            lpnetlib_inputs.lp_grow7               n/a   
           lpnetlib_inputs.lp_israel               n/a   
             lpnetlib_inputs.lp_kb2                n/a   
           lpnetlib_inputs.lp_ken_07               n/a   
           lpnetlib_inputs.lp_ken_11               n/a   
           lpnetlib_inputs.lp_ken_13               n/a   
           lpnetlib_inputs.lp_ken_18               n/a   
            lpnetlib_inputs.lp_lotfi               n/a   
            lpnetlib_inputs.lp_maros               n/a   
          lpnetlib_inputs.lp_maros_r7              n/a   
           lpnetlib_inputs.lp_modszk1              n/a   
           lpnetlib_inputs.lp_osa_07               n/a   
           lpnetlib_inputs.lp_osa_14               n/a   
           lpnetlib_inputs.lp_osa_30               n/a   
           lpnetlib_inputs.lp_osa_60               n/a   
           lpnetlib_inputs.lp_pds_02               n/a   
           lpnetlib_inputs.lp_pds_06               n/a   
           lpnetlib_inputs.lp_pds_10               n/a   
           lpnetlib_inputs.lp_pds_20               n/a   
           lpnetlib_inputs.lp_perold               n/a   
            lpnetlib_inputs.lp_pilot               n/a   
           lpnetlib_inputs.lp_pilot4               n/a   
           lpnetlib_inputs.lp_pilot87              n/a   
          lpnetlib_inputs.lp_pilot_ja              n/a   
          lpnetlib_inputs.lp_pilot_we              n/a   
          lpnetlib_inputs.lp_pilotnov              n/a   
            lpnetlib_inputs.lp_qap12               n/a   
            lpnetlib_inputs.lp_qap15               n/a   
            lpnetlib_inputs.lp_qap8                n/a   
           lpnetlib_inputs.lp_recipe               n/a   
            lpnetlib_inputs.lp_sc105               n/a   
            lpnetlib_inputs.lp_sc205               n/a   
            lpnetlib_inputs.lp_sc50a             15.1±0s 
            lpnetlib_inputs.lp_sc50b               n/a   
           lpnetlib_inputs.lp_scagr25              n/a   
           lpnetlib_inputs.lp_scagr7               n/a   
           lpnetlib_inputs.lp_scfxm1               n/a   
           lpnetlib_inputs.lp_scfxm2               n/a   
           lpnetlib_inputs.lp_scfxm3               n/a   
          lpnetlib_inputs.lp_scorpion              n/a   
            lpnetlib_inputs.lp_scrs8               n/a   
            lpnetlib_inputs.lp_scsd1               n/a   
            lpnetlib_inputs.lp_scsd6               n/a   
            lpnetlib_inputs.lp_scsd8               n/a   
           lpnetlib_inputs.lp_sctap1               n/a   
           lpnetlib_inputs.lp_sctap2               n/a   
           lpnetlib_inputs.lp_sctap3               n/a   
           lpnetlib_inputs.lp_share1b              n/a   
           lpnetlib_inputs.lp_share2b              n/a   
            lpnetlib_inputs.lp_shell               n/a   
           lpnetlib_inputs.lp_ship04l              n/a   
           lpnetlib_inputs.lp_ship04s              n/a   
           lpnetlib_inputs.lp_ship08l              n/a   
           lpnetlib_inputs.lp_ship08s              n/a   
           lpnetlib_inputs.lp_ship12l              n/a   
           lpnetlib_inputs.lp_ship12s              n/a   
           lpnetlib_inputs.lp_sierra               n/a   
            lpnetlib_inputs.lp_stair               n/a   
          lpnetlib_inputs.lp_standata              n/a   
          lpnetlib_inputs.lp_standgub              n/a   
          lpnetlib_inputs.lp_standmps              n/a   
          lpnetlib_inputs.lp_stocfor1              n/a   
          lpnetlib_inputs.lp_stocfor2              n/a   
          lpnetlib_inputs.lp_stocfor3              n/a   
            lpnetlib_inputs.lp_truss               n/a   
            lpnetlib_inputs.lp_tuff                n/a   
          lpnetlib_inputs.lp_vtp_base              n/a   
           lpnetlib_inputs.lp_wood1p               n/a   
            lpnetlib_inputs.lp_woodw               n/a   
           lpnetlib_inputs.lpi_bgdbg1              n/a   
           lpnetlib_inputs.lpi_bgetam              n/a   
           lpnetlib_inputs.lpi_bgindy              n/a   
           lpnetlib_inputs.lpi_bgprtr              n/a   
            lpnetlib_inputs.lpi_box1               n/a   
          lpnetlib_inputs.lpi_ceria3d              n/a   
          lpnetlib_inputs.lpi_chemcom              n/a   
           lpnetlib_inputs.lpi_cplex1              n/a   
           lpnetlib_inputs.lpi_cplex2              n/a   
           lpnetlib_inputs.lpi_ex72a             15.1±0s 
           lpnetlib_inputs.lpi_ex73a               n/a   
          lpnetlib_inputs.lpi_forest6              n/a   
          lpnetlib_inputs.lpi_galenet              n/a   
            lpnetlib_inputs.lpi_gosh               n/a   
            lpnetlib_inputs.lpi_gran               n/a   
          lpnetlib_inputs.lpi_greenbea             n/a   
           lpnetlib_inputs.lpi_itest2              n/a   
           lpnetlib_inputs.lpi_itest6              n/a   
           lpnetlib_inputs.lpi_klein1              n/a   
           lpnetlib_inputs.lpi_klein2              n/a   
           lpnetlib_inputs.lpi_klein3              n/a   
          lpnetlib_inputs.lpi_mondou2              n/a   
            lpnetlib_inputs.lpi_pang               n/a   
          lpnetlib_inputs.lpi_pilot4i              n/a   
            lpnetlib_inputs.lpi_qual               n/a   
          lpnetlib_inputs.lpi_reactor              n/a   
          lpnetlib_inputs.lpi_refinery             n/a   
            lpnetlib_inputs.lpi_vol1               n/a   
          lpnetlib_inputs.lpi_woodinfe             n/a   
=============================================== =========

·· =============================================== =========
                       dataset                              
   ----------------------------------------------- ---------
    lp_test_inputs.test_lp_bounded_unique_optimum     n/a   
          lp_test_inputs.test_lp_infeasible           n/a   
           lp_test_inputs.test_lp_unbounded           n/a   
        lp_test_inputs.test_lp_degenerate_tie         n/a   
           lp_test_inputs.test_lp_singleton           n/a   
              lpnetlib_inputs.lp_25fv47               n/a   
              lpnetlib_inputs.lp_80bau3b              n/a   
             lpnetlib_inputs.lp_adlittle              n/a   
               lpnetlib_inputs.lp_afiro               n/a   
                lpnetlib_inputs.lp_agg                n/a   
               lpnetlib_inputs.lp_agg2                n/a   
               lpnetlib_inputs.lp_agg3                n/a   
               lpnetlib_inputs.lp_bandm               n/a   
             lpnetlib_inputs.lp_beaconfd              n/a   
               lpnetlib_inputs.lp_blend               n/a   
               lpnetlib_inputs.lp_bnl1                n/a   
               lpnetlib_inputs.lp_bnl2                n/a   
              lpnetlib_inputs.lp_bore3d               n/a   
              lpnetlib_inputs.lp_brandy             18.8±0s 
               lpnetlib_inputs.lp_capri               n/a   
               lpnetlib_inputs.lp_cre_a               n/a   
               lpnetlib_inputs.lp_cre_b               n/a   
               lpnetlib_inputs.lp_cre_c               n/a   
               lpnetlib_inputs.lp_cre_d               n/a   
               lpnetlib_inputs.lp_cycle               n/a   
              lpnetlib_inputs.lp_czprob               n/a   
              lpnetlib_inputs.lp_d2q06c               n/a   
              lpnetlib_inputs.lp_d6cube               n/a   
              lpnetlib_inputs.lp_degen2               n/a   
              lpnetlib_inputs.lp_degen3               n/a   
              lpnetlib_inputs.lp_dfl001               n/a   
               lpnetlib_inputs.lp_e226                n/a   
             lpnetlib_inputs.lp_etamacro              n/a   
             lpnetlib_inputs.lp_fffff800              n/a   
              lpnetlib_inputs.lp_finnis               n/a   
               lpnetlib_inputs.lp_fit1d               n/a   
               lpnetlib_inputs.lp_fit1p               n/a   
               lpnetlib_inputs.lp_fit2d               n/a   
               lpnetlib_inputs.lp_fit2p               n/a   
              lpnetlib_inputs.lp_ganges               n/a   
             lpnetlib_inputs.lp_gfrd_pnc              n/a   
             lpnetlib_inputs.lp_greenbea              n/a   
             lpnetlib_inputs.lp_greenbeb              n/a   
              lpnetlib_inputs.lp_grow15               n/a   
              lpnetlib_inputs.lp_grow22               n/a   
               lpnetlib_inputs.lp_grow7               n/a   
              lpnetlib_inputs.lp_israel               n/a   
                lpnetlib_inputs.lp_kb2                n/a   
              lpnetlib_inputs.lp_ken_07               n/a   
              lpnetlib_inputs.lp_ken_11               n/a   
              lpnetlib_inputs.lp_ken_13               n/a   
              lpnetlib_inputs.lp_ken_18               n/a   
               lpnetlib_inputs.lp_lotfi               n/a   
               lpnetlib_inputs.lp_maros               n/a   
             lpnetlib_inputs.lp_maros_r7              n/a   
              lpnetlib_inputs.lp_modszk1              n/a   
              lpnetlib_inputs.lp_osa_07               n/a   
              lpnetlib_inputs.lp_osa_14               n/a   
              lpnetlib_inputs.lp_osa_30               n/a   
              lpnetlib_inputs.lp_osa_60               n/a   
              lpnetlib_inputs.lp_pds_02               n/a   
              lpnetlib_inputs.lp_pds_06               n/a   
              lpnetlib_inputs.lp_pds_10               n/a   
              lpnetlib_inputs.lp_pds_20               n/a   
              lpnetlib_inputs.lp_perold               n/a   
               lpnetlib_inputs.lp_pilot               n/a   
              lpnetlib_inputs.lp_pilot4               n/a   
              lpnetlib_inputs.lp_pilot87              n/a   
             lpnetlib_inputs.lp_pilot_ja              n/a   
             lpnetlib_inputs.lp_pilot_we              n/a   
             lpnetlib_inputs.lp_pilotnov              n/a   
               lpnetlib_inputs.lp_qap12               n/a   
               lpnetlib_inputs.lp_qap15               n/a   
               lpnetlib_inputs.lp_qap8                n/a   
              lpnetlib_inputs.lp_recipe               n/a   
               lpnetlib_inputs.lp_sc105               n/a   
               lpnetlib_inputs.lp_sc205               n/a   
               lpnetlib_inputs.lp_sc50a             15.1±0s 
               lpnetlib_inputs.lp_sc50b               n/a   
              lpnetlib_inputs.lp_scagr25              n/a   
              lpnetlib_inputs.lp_scagr7               n/a   
              lpnetlib_inputs.lp_scfxm1               n/a   
              lpnetlib_inputs.lp_scfxm2               n/a   
              lpnetlib_inputs.lp_scfxm3               n/a   
             lpnetlib_inputs.lp_scorpion              n/a   
               lpnetlib_inputs.lp_scrs8               n/a   
               lpnetlib_inputs.lp_scsd1               n/a   
               lpnetlib_inputs.lp_scsd6               n/a   
               lpnetlib_inputs.lp_scsd8               n/a   
              lpnetlib_inputs.lp_sctap1               n/a   
              lpnetlib_inputs.lp_sctap2               n/a   
              lpnetlib_inputs.lp_sctap3               n/a   
              lpnetlib_inputs.lp_share1b              n/a   
              lpnetlib_inputs.lp_share2b              n/a   
               lpnetlib_inputs.lp_shell               n/a   
              lpnetlib_inputs.lp_ship04l              n/a   
              lpnetlib_inputs.lp_ship04s              n/a   
              lpnetlib_inputs.lp_ship08l              n/a   
              lpnetlib_inputs.lp_ship08s              n/a   
              lpnetlib_inputs.lp_ship12l              n/a   
              lpnetlib_inputs.lp_ship12s              n/a   
              lpnetlib_inputs.lp_sierra               n/a   
               lpnetlib_inputs.lp_stair               n/a   
             lpnetlib_inputs.lp_standata              n/a   
             lpnetlib_inputs.lp_standgub              n/a   
             lpnetlib_inputs.lp_standmps              n/a   
             lpnetlib_inputs.lp_stocfor1              n/a   
             lpnetlib_inputs.lp_stocfor2              n/a   
             lpnetlib_inputs.lp_stocfor3              n/a   
               lpnetlib_inputs.lp_truss               n/a   
               lpnetlib_inputs.lp_tuff                n/a   
             lpnetlib_inputs.lp_vtp_base              n/a   
              lpnetlib_inputs.lp_wood1p               n/a   
               lpnetlib_inputs.lp_woodw               n/a   
              lpnetlib_inputs.lpi_bgdbg1              n/a   
              lpnetlib_inputs.lpi_bgetam              n/a   
              lpnetlib_inputs.lpi_bgindy              n/a   
              lpnetlib_inputs.lpi_bgprtr              n/a   
               lpnetlib_inputs.lpi_box1               n/a   
             lpnetlib_inputs.lpi_ceria3d              n/a   
             lpnetlib_inputs.lpi_chemcom              n/a   
              lpnetlib_inputs.lpi_cplex1              n/a   
              lpnetlib_inputs.lpi_cplex2              n/a   
              lpnetlib_inputs.lpi_ex72a             15.1±0s 
              lpnetlib_inputs.lpi_ex73a               n/a   
             lpnetlib_inputs.lpi_forest6              n/a   
             lpnetlib_inputs.lpi_galenet              n/a   
               lpnetlib_inputs.lpi_gosh               n/a   
               lpnetlib_inputs.lpi_gran               n/a   
             lpnetlib_inputs.lpi_greenbea             n/a   
              lpnetlib_inputs.lpi_itest2              n/a   
              lpnetlib_inputs.lpi_itest6              n/a   
              lpnetlib_inputs.lpi_klein1              n/a   
              lpnetlib_inputs.lpi_klein2              n/a   
              lpnetlib_inputs.lpi_klein3              n/a   
             lpnetlib_inputs.lpi_mondou2              n/a   
               lpnetlib_inputs.lpi_pang               n/a   
             lpnetlib_inputs.lpi_pilot4i              n/a   
               lpnetlib_inputs.lpi_qual               n/a   
             lpnetlib_inputs.lpi_reactor              n/a   
             lpnetlib_inputs.lpi_refinery             n/a   
               lpnetlib_inputs.lpi_vol1               n/a   
             lpnetlib_inputs.lpi_woodinfe             n/a   
   =============================================== =========
ERROR:root:For parameters: lpnetlib_inputs.lp_brandy
INFO root: Dataset suitesparse_matrix.LPnetlib/lp_brandy found in cache.

For parameters: lpnetlib_inputs.lp_sc50a
INFO root: Dataset suitesparse_matrix.LPnetlib/lp_sc50a found in cache.

For parameters: lpnetlib_inputs.lpi_ex72a
INFO root: Dataset suitesparse_matrix.LPnetlib/lpi_ex72a found in cache.

··· For parameters: lpnetlib_inputs.lp_brandy
    INFO root: Dataset suitesparse_matrix.LPnetlib/lp_brandy found in cache.
    
    For parameters: lpnetlib_inputs.lp_sc50a
    INFO root: Dataset suitesparse_matrix.LPnetlib/lp_sc50a found in cache.
    
    For parameters: lpnetlib_inputs.lpi_ex72a
    INFO root: Dataset suitesparse_matrix.LPnetlib/lpi_ex72a found in cache.
INFO:root:cg.CGBenchmark.time_cg_solver

·· cg.CGBenchmark.time_cg_solver                                   okINFO:root:============================================== =========
                   dataset                              
---------------------------------------------- ---------
     cg_test_inputs.test_3x3_tridiagonal          n/a   
        cg_test_inputs.test_3x3_dense             n/a   
     cg_test_inputs.test_4x4_tridiagonal          n/a   
  cg_test_inputs.test_3x3_indefinite_sparse       n/a   
  cg_test_inputs.test_3x3_scaled_tridiagonal      n/a   
        cg_test_inputs.test_5x5_sparse            n/a   
          cg_inputs.Andrews/Andrews               n/a   
           cg_inputs.Andrianov/ins2               n/a   
          cg_inputs.Andrianov/net100              n/a   
          cg_inputs.Andrianov/net125              n/a   
          cg_inputs.Andrianov/net150              n/a   
          cg_inputs.Andrianov/net25               n/a   
          cg_inputs.Andrianov/net50             7.17±0s 
          cg_inputs.Andrianov/net75               n/a   
            cg_inputs.Bai/bfwb398                 n/a   
             cg_inputs.Bai/bfwb62                 n/a   
            cg_inputs.Bai/bfwb782                 n/a   
             cg_inputs.Bai/dw256B                 n/a   
             cg_inputs.Bai/dwb512                 n/a   
            cg_inputs.Bai/odepb400                n/a   
            cg_inputs.Bindel/ted_B              3.10±0s 
       cg_inputs.Bindel/ted_B_unscaled            n/a   
          cg_inputs.Boeing/crystm01               n/a   
          cg_inputs.Boeing/crystm02               n/a   
          cg_inputs.Boeing/crystm03               n/a   
      cg_inputs.Botonakis/thermomech_TC           n/a   
      cg_inputs.Botonakis/thermomech_dM           n/a   
     cg_inputs.Bourchtein/atmosmodd__rhs1         n/a   
     cg_inputs.Bourchtein/atmosmodj__rhs1       4.56±0s 
     cg_inputs.Bourchtein/atmosmodl__rhs1         n/a   
     cg_inputs.Bourchtein/atmosmodm__rhs1         n/a   
         cg_inputs.Brunetiere/thermal             n/a   
        cg_inputs.Cunningham/m3plates             n/a   
          cg_inputs.Cunningham/qa8fm              n/a   
       cg_inputs.FEMLAB/poisson2D__rhs0           n/a   
          cg_inputs.FEMLAB/problem1               n/a   
             cg_inputs.FIDAP/ex29               2.76±0s 
             cg_inputs.FIDAP/ex37                 n/a   
             cg_inputs.FIDAP/ex5                  n/a   
             cg_inputs.FIDAP/ex7                  n/a   
         cg_inputs.GHS_indef/blockqp1             n/a   
          cg_inputs.GHS_indef/laser               n/a   
          cg_inputs.GHS_indef/qpband              n/a   
         cg_inputs.GHS_psdef/jnlbrng1             n/a   
         cg_inputs.GHS_psdef/minsurfo           2.99±0s 
         cg_inputs.GHS_psdef/obstclae             n/a   
             cg_inputs.Grund/meg4                 n/a   
          cg_inputs.Grund/poli__rhs0              n/a   
            cg_inputs.HB/bcspwr01                 n/a   
            cg_inputs.HB/bcspwr02                 n/a   
            cg_inputs.HB/bcsstk01                 n/a   
            cg_inputs.HB/bcsstk02                 n/a   
            cg_inputs.HB/bcsstm01               2.78±0s 
            cg_inputs.HB/bcsstm02                 n/a   
            cg_inputs.HB/bcsstm03                 n/a   
            cg_inputs.HB/bcsstm04                 n/a   
            cg_inputs.HB/bcsstm05                 n/a   
            cg_inputs.HB/bcsstm06                 n/a   
            cg_inputs.HB/bcsstm08                 n/a   
            cg_inputs.HB/bcsstm09                 n/a   
            cg_inputs.HB/bcsstm11               2.63±0s 
            cg_inputs.HB/bcsstm19                 n/a   
            cg_inputs.HB/bcsstm20                 n/a   
            cg_inputs.HB/bcsstm21                 n/a   
            cg_inputs.HB/bcsstm22                 n/a   
             cg_inputs.HB/can_144                 n/a   
             cg_inputs.HB/can_24                  n/a   
             cg_inputs.HB/can_61                  n/a   
             cg_inputs.HB/can_62                2.50±0s 
             cg_inputs.HB/can_73                  n/a   
             cg_inputs.HB/can_96                  n/a   
             cg_inputs.HB/dwt_59                  n/a   
             cg_inputs.HB/dwt_66                  n/a   
             cg_inputs.HB/dwt_72                  n/a   
            cg_inputs.HB/fs_541_1                 n/a   
            cg_inputs.HB/gr_30_30                 n/a   
             cg_inputs.HB/lap_25                2.55±0s 
              cg_inputs.HB/nos4                   n/a   
         cg_inputs.HB/orani678__rhs1              n/a   
         cg_inputs.HB/orani678__rhs10             n/a   
         cg_inputs.HB/orani678__rhs11             n/a   
         cg_inputs.HB/orani678__rhs12             n/a   
         cg_inputs.HB/orani678__rhs14             n/a   
         cg_inputs.HB/orani678__rhs15             n/a   
         cg_inputs.HB/orani678__rhs16           2.45±0s 
         cg_inputs.HB/orani678__rhs17             n/a   
         cg_inputs.HB/orani678__rhs18             n/a   
         cg_inputs.HB/orani678__rhs19             n/a   
         cg_inputs.HB/orani678__rhs2              n/a   
         cg_inputs.HB/orani678__rhs3              n/a   
         cg_inputs.HB/orani678__rhs4              n/a   
         cg_inputs.HB/orani678__rhs5              n/a   
         cg_inputs.HB/orani678__rhs6            2.43±0s 
         cg_inputs.HB/orani678__rhs62             n/a   
         cg_inputs.HB/orani678__rhs7              n/a   
         cg_inputs.HB/orani678__rhs8              n/a   
             cg_inputs.HB/watt_1                  n/a   
             cg_inputs.HB/watt_2                  n/a   
          cg_inputs.Hamm/add32__rhs0              n/a   
               cg_inputs.MKS/fp                   n/a   
           cg_inputs.MathWorks/Muu              2.88±0s 
        cg_inputs.MathWorks/tomography            n/a   
      cg_inputs.MaxPlanck/shallow_water1          n/a   
      cg_inputs.MaxPlanck/shallow_water2          n/a   
          cg_inputs.Mulvey/finan512               n/a   
        cg_inputs.Nasa/nasa2146__rhs0             n/a   
          cg_inputs.Nemeth/nemeth02               n/a   
          cg_inputs.Nemeth/nemeth03               n/a   
          cg_inputs.Nemeth/nemeth04             2.55±0s 
          cg_inputs.Nemeth/nemeth05               n/a   
          cg_inputs.Nemeth/nemeth06               n/a   
          cg_inputs.Nemeth/nemeth07               n/a   
          cg_inputs.Nemeth/nemeth08               n/a   
          cg_inputs.Nemeth/nemeth09               n/a   
          cg_inputs.Nemeth/nemeth10               n/a   
          cg_inputs.Nemeth/nemeth11               n/a   
          cg_inputs.Nemeth/nemeth12             3.01±0s 
          cg_inputs.Nemeth/nemeth13               n/a   
          cg_inputs.Nemeth/nemeth16               n/a   
          cg_inputs.Nemeth/nemeth17               n/a   
          cg_inputs.Nemeth/nemeth18               n/a   
          cg_inputs.Nemeth/nemeth19               n/a   
          cg_inputs.Nemeth/nemeth20               n/a   
          cg_inputs.Nemeth/nemeth21               n/a   
          cg_inputs.Nemeth/nemeth22             3.35±0s 
          cg_inputs.Nemeth/nemeth23               n/a   
          cg_inputs.Nemeth/nemeth24               n/a   
          cg_inputs.Nemeth/nemeth25               n/a   
          cg_inputs.Nemeth/nemeth26               n/a   
             cg_inputs.Norris/fv1                 n/a   
             cg_inputs.Norris/fv2                 n/a   
          cg_inputs.Oberwolfach/LF10              n/a   
         cg_inputs.Oberwolfach/LFAT5            2.43±0s 
             cg_inputs.PARSEC/Si2                 n/a   
           cg_inputs.Pothen/mesh1e1               n/a   
          cg_inputs.Pothen/mesh1em1               n/a   
          cg_inputs.Pothen/mesh1em6               n/a   
           cg_inputs.Pothen/mesh2e1               n/a   
          cg_inputs.Pothen/mesh2em5               n/a   
           cg_inputs.Pothen/mesh3e1               n/a   
          cg_inputs.Pothen/mesh3em5             3.18±0s 
           cg_inputs.Pothen/sphere2               n/a   
         cg_inputs.Precima/analytics              n/a   
          cg_inputs.Sandia/ASIC_100k              n/a   
         cg_inputs.Sandia/ASIC_100ks              n/a   
         cg_inputs.Sandia/ASIC_320ks              n/a   
        cg_inputs.Sandia/adder_dcop_61            n/a   
        cg_inputs.Sandia/adder_dcop_62            n/a   
        cg_inputs.Sandia/adder_dcop_63          3.93±0s 
        cg_inputs.Sandia/adder_dcop_64            n/a   
        cg_inputs.Sandia/adder_dcop_65            n/a   
        cg_inputs.Sandia/adder_dcop_66            n/a   
        cg_inputs.Sandia/adder_dcop_67            n/a   
        cg_inputs.Sandia/adder_dcop_68            n/a   
        cg_inputs.Sandia/adder_dcop_69            n/a   
     cg_inputs.Schenk_AFE/af_shell3__rhs0         n/a   
     cg_inputs.Schenk_AFE/af_shell4__rhs0         n/a   
     cg_inputs.Schenk_AFE/af_shell7__rhs0         n/a   
     cg_inputs.Schenk_AFE/af_shell8__rhs0         n/a   
      cg_inputs.VDOL/hangGlider_1__rhs0           n/a   
 cg_inputs.VDOL/tumorAntiAngiogenesis_1__rhs0   2.44±0s 
 cg_inputs.VDOL/tumorAntiAngiogenesis_2__rhs0     n/a   
              cg_inputs.VLSI/ss1                  n/a   
============================================== =========

·· ============================================== =========
                      dataset                              
   ---------------------------------------------- ---------
        cg_test_inputs.test_3x3_tridiagonal          n/a   
           cg_test_inputs.test_3x3_dense             n/a   
        cg_test_inputs.test_4x4_tridiagonal          n/a   
     cg_test_inputs.test_3x3_indefinite_sparse       n/a   
     cg_test_inputs.test_3x3_scaled_tridiagonal      n/a   
           cg_test_inputs.test_5x5_sparse            n/a   
             cg_inputs.Andrews/Andrews               n/a   
              cg_inputs.Andrianov/ins2               n/a   
             cg_inputs.Andrianov/net100              n/a   
             cg_inputs.Andrianov/net125              n/a   
             cg_inputs.Andrianov/net150              n/a   
             cg_inputs.Andrianov/net25               n/a   
             cg_inputs.Andrianov/net50             7.17±0s 
             cg_inputs.Andrianov/net75               n/a   
               cg_inputs.Bai/bfwb398                 n/a   
                cg_inputs.Bai/bfwb62                 n/a   
               cg_inputs.Bai/bfwb782                 n/a   
                cg_inputs.Bai/dw256B                 n/a   
                cg_inputs.Bai/dwb512                 n/a   
               cg_inputs.Bai/odepb400                n/a   
               cg_inputs.Bindel/ted_B              3.10±0s 
          cg_inputs.Bindel/ted_B_unscaled            n/a   
             cg_inputs.Boeing/crystm01               n/a   
             cg_inputs.Boeing/crystm02               n/a   
             cg_inputs.Boeing/crystm03               n/a   
         cg_inputs.Botonakis/thermomech_TC           n/a   
         cg_inputs.Botonakis/thermomech_dM           n/a   
        cg_inputs.Bourchtein/atmosmodd__rhs1         n/a   
        cg_inputs.Bourchtein/atmosmodj__rhs1       4.56±0s 
        cg_inputs.Bourchtein/atmosmodl__rhs1         n/a   
        cg_inputs.Bourchtein/atmosmodm__rhs1         n/a   
            cg_inputs.Brunetiere/thermal             n/a   
           cg_inputs.Cunningham/m3plates             n/a   
             cg_inputs.Cunningham/qa8fm              n/a   
          cg_inputs.FEMLAB/poisson2D__rhs0           n/a   
             cg_inputs.FEMLAB/problem1               n/a   
                cg_inputs.FIDAP/ex29               2.76±0s 
                cg_inputs.FIDAP/ex37                 n/a   
                cg_inputs.FIDAP/ex5                  n/a   
                cg_inputs.FIDAP/ex7                  n/a   
            cg_inputs.GHS_indef/blockqp1             n/a   
             cg_inputs.GHS_indef/laser               n/a   
             cg_inputs.GHS_indef/qpband              n/a   
            cg_inputs.GHS_psdef/jnlbrng1             n/a   
            cg_inputs.GHS_psdef/minsurfo           2.99±0s 
            cg_inputs.GHS_psdef/obstclae             n/a   
                cg_inputs.Grund/meg4                 n/a   
             cg_inputs.Grund/poli__rhs0              n/a   
               cg_inputs.HB/bcspwr01                 n/a   
               cg_inputs.HB/bcspwr02                 n/a   
               cg_inputs.HB/bcsstk01                 n/a   
               cg_inputs.HB/bcsstk02                 n/a   
               cg_inputs.HB/bcsstm01               2.78±0s 
               cg_inputs.HB/bcsstm02                 n/a   
               cg_inputs.HB/bcsstm03                 n/a   
               cg_inputs.HB/bcsstm04                 n/a   
               cg_inputs.HB/bcsstm05                 n/a   
               cg_inputs.HB/bcsstm06                 n/a   
               cg_inputs.HB/bcsstm08                 n/a   
               cg_inputs.HB/bcsstm09                 n/a   
               cg_inputs.HB/bcsstm11               2.63±0s 
               cg_inputs.HB/bcsstm19                 n/a   
               cg_inputs.HB/bcsstm20                 n/a   
               cg_inputs.HB/bcsstm21                 n/a   
               cg_inputs.HB/bcsstm22                 n/a   
                cg_inputs.HB/can_144                 n/a   
                cg_inputs.HB/can_24                  n/a   
                cg_inputs.HB/can_61                  n/a   
                cg_inputs.HB/can_62                2.50±0s 
                cg_inputs.HB/can_73                  n/a   
                cg_inputs.HB/can_96                  n/a   
                cg_inputs.HB/dwt_59                  n/a   
                cg_inputs.HB/dwt_66                  n/a   
                cg_inputs.HB/dwt_72                  n/a   
               cg_inputs.HB/fs_541_1                 n/a   
               cg_inputs.HB/gr_30_30                 n/a   
                cg_inputs.HB/lap_25                2.55±0s 
                 cg_inputs.HB/nos4                   n/a   
            cg_inputs.HB/orani678__rhs1              n/a   
            cg_inputs.HB/orani678__rhs10             n/a   
            cg_inputs.HB/orani678__rhs11             n/a   
            cg_inputs.HB/orani678__rhs12             n/a   
            cg_inputs.HB/orani678__rhs14             n/a   
            cg_inputs.HB/orani678__rhs15             n/a   
            cg_inputs.HB/orani678__rhs16           2.45±0s 
            cg_inputs.HB/orani678__rhs17             n/a   
            cg_inputs.HB/orani678__rhs18             n/a   
            cg_inputs.HB/orani678__rhs19             n/a   
            cg_inputs.HB/orani678__rhs2              n/a   
            cg_inputs.HB/orani678__rhs3              n/a   
            cg_inputs.HB/orani678__rhs4              n/a   
            cg_inputs.HB/orani678__rhs5              n/a   
            cg_inputs.HB/orani678__rhs6            2.43±0s 
            cg_inputs.HB/orani678__rhs62             n/a   
            cg_inputs.HB/orani678__rhs7              n/a   
            cg_inputs.HB/orani678__rhs8              n/a   
                cg_inputs.HB/watt_1                  n/a   
                cg_inputs.HB/watt_2                  n/a   
             cg_inputs.Hamm/add32__rhs0              n/a   
                  cg_inputs.MKS/fp                   n/a   
              cg_inputs.MathWorks/Muu              2.88±0s 
           cg_inputs.MathWorks/tomography            n/a   
         cg_inputs.MaxPlanck/shallow_water1          n/a   
         cg_inputs.MaxPlanck/shallow_water2          n/a   
             cg_inputs.Mulvey/finan512               n/a   
           cg_inputs.Nasa/nasa2146__rhs0             n/a   
             cg_inputs.Nemeth/nemeth02               n/a   
             cg_inputs.Nemeth/nemeth03               n/a   
             cg_inputs.Nemeth/nemeth04             2.55±0s 
             cg_inputs.Nemeth/nemeth05               n/a   
             cg_inputs.Nemeth/nemeth06               n/a   
             cg_inputs.Nemeth/nemeth07               n/a   
             cg_inputs.Nemeth/nemeth08               n/a   
             cg_inputs.Nemeth/nemeth09               n/a   
             cg_inputs.Nemeth/nemeth10               n/a   
             cg_inputs.Nemeth/nemeth11               n/a   
             cg_inputs.Nemeth/nemeth12             3.01±0s 
             cg_inputs.Nemeth/nemeth13               n/a   
             cg_inputs.Nemeth/nemeth16               n/a   
             cg_inputs.Nemeth/nemeth17               n/a   
             cg_inputs.Nemeth/nemeth18               n/a   
             cg_inputs.Nemeth/nemeth19               n/a   
             cg_inputs.Nemeth/nemeth20               n/a   
             cg_inputs.Nemeth/nemeth21               n/a   
             cg_inputs.Nemeth/nemeth22             3.35±0s 
             cg_inputs.Nemeth/nemeth23               n/a   
             cg_inputs.Nemeth/nemeth24               n/a   
             cg_inputs.Nemeth/nemeth25               n/a   
             cg_inputs.Nemeth/nemeth26               n/a   
                cg_inputs.Norris/fv1                 n/a   
                cg_inputs.Norris/fv2                 n/a   
             cg_inputs.Oberwolfach/LF10              n/a   
            cg_inputs.Oberwolfach/LFAT5            2.43±0s 
                cg_inputs.PARSEC/Si2                 n/a   
              cg_inputs.Pothen/mesh1e1               n/a   
             cg_inputs.Pothen/mesh1em1               n/a   
             cg_inputs.Pothen/mesh1em6               n/a   
              cg_inputs.Pothen/mesh2e1               n/a   
             cg_inputs.Pothen/mesh2em5               n/a   
              cg_inputs.Pothen/mesh3e1               n/a   
             cg_inputs.Pothen/mesh3em5             3.18±0s 
              cg_inputs.Pothen/sphere2               n/a   
            cg_inputs.Precima/analytics              n/a   
             cg_inputs.Sandia/ASIC_100k              n/a   
            cg_inputs.Sandia/ASIC_100ks              n/a   
            cg_inputs.Sandia/ASIC_320ks              n/a   
           cg_inputs.Sandia/adder_dcop_61            n/a   
           cg_inputs.Sandia/adder_dcop_62            n/a   
           cg_inputs.Sandia/adder_dcop_63          3.93±0s 
           cg_inputs.Sandia/adder_dcop_64            n/a   
           cg_inputs.Sandia/adder_dcop_65            n/a   
           cg_inputs.Sandia/adder_dcop_66            n/a   
           cg_inputs.Sandia/adder_dcop_67            n/a   
           cg_inputs.Sandia/adder_dcop_68            n/a   
           cg_inputs.Sandia/adder_dcop_69            n/a   
        cg_inputs.Schenk_AFE/af_shell3__rhs0         n/a   
        cg_inputs.Schenk_AFE/af_shell4__rhs0         n/a   
        cg_inputs.Schenk_AFE/af_shell7__rhs0         n/a   
        cg_inputs.Schenk_AFE/af_shell8__rhs0         n/a   
         cg_inputs.VDOL/hangGlider_1__rhs0           n/a   
    cg_inputs.VDOL/tumorAntiAngiogenesis_1__rhs0   2.44±0s 
    cg_inputs.VDOL/tumorAntiAngiogenesis_2__rhs0     n/a   
                 cg_inputs.VLSI/ss1                  n/a   
   ============================================== =========
ERROR:root:For parameters: cg_inputs.Andrianov/net50
INFO root: Dataset suitesparse_matrix.Andrianov/net50 found in cache.

For parameters: cg_inputs.Bindel/ted_B
INFO root: Dataset suitesparse_matrix.Bindel/ted_B found in cache.

For parameters: cg_inputs.Bourchtein/atmosmodj__rhs1
INFO root: Dataset suitesparse_matrix.Bourchtein/atmosmodj found in cache.

For parameters: cg_inputs.FIDAP/ex29
INFO root: Dataset suitesparse_matrix.FIDAP/ex29 found in cache.

For parameters: cg_inputs.GHS_psdef/minsurfo
INFO root: Dataset suitesparse_matrix.GHS_psdef/minsurfo found in cache.

For parameters: cg_inputs.HB/bcsstm01
INFO root: Dataset suitesparse_matrix.HB/bcsstm01 found in cache.

For parameters: cg_inputs.HB/bcsstm11
INFO root: Dataset suitesparse_matrix.HB/bcsstm11 found in cache.

For parameters: cg_inputs.HB/can_62
INFO root: Dataset suitesparse_matrix.HB/can_62 found in cache.

For parameters: cg_inputs.HB/lap_25
INFO root: Dataset suitesparse_matrix.HB/lap_25 found in cache.

For parameters: cg_inputs.HB/orani678__rhs16
INFO root: Dataset suitesparse_matrix.HB/orani678 found in cache.

For parameters: cg_inputs.HB/orani678__rhs6
INFO root: Dataset suitesparse_matrix.HB/orani678 found in cache.

For parameters: cg_inputs.MathWorks/Muu
INFO root: Dataset suitesparse_matrix.MathWorks/Muu found in cache.

For parameters: cg_inputs.Nemeth/nemeth04
INFO root: Dataset suitesparse_matrix.Nemeth/nemeth04 found in cache.

For parameters: cg_inputs.Nemeth/nemeth12
INFO root: Dataset suitesparse_matrix.Nemeth/nemeth12 found in cache.

For parameters: cg_inputs.Nemeth/nemeth22
INFO root: Dataset suitesparse_matrix.Nemeth/nemeth22 found in cache.

For parameters: cg_inputs.Oberwolfach/LFAT5
INFO root: Dataset suitesparse_matrix.Oberwolfach/LFAT5 found in cache.

For parameters: cg_inputs.Pothen/mesh3em5
INFO root: Dataset suitesparse_matrix.Pothen/mesh3em5 found in cache.

For parameters: cg_inputs.Sandia/adder_dcop_63
INFO root: Dataset suitesparse_matrix.Sandia/adder_dcop_63 found in cache.

For parameters: cg_inputs.VDOL/tumorAntiAngiogenesis_1__rhs0
INFO root: Dataset suitesparse_matrix.VDOL/tumorAntiAngiogenesis_1 found in cache.

··· For parameters: cg_inputs.Andrianov/net50
    INFO root: Dataset suitesparse_matrix.Andrianov/net50 found in cache.
    
    For parameters: cg_inputs.Bindel/ted_B
    INFO root: Dataset suitesparse_matrix.Bindel/ted_B found in cache.
    
    For parameters: cg_inputs.Bourchtein/atmosmodj__rhs1
    INFO root: Dataset suitesparse_matrix.Bourchtein/atmosmodj found in cache.
    
    For parameters: cg_inputs.FIDAP/ex29
    INFO root: Dataset suitesparse_matrix.FIDAP/ex29 found in cache.
    
    For parameters: cg_inputs.GHS_psdef/minsurfo
    INFO root: Dataset suitesparse_matrix.GHS_psdef/minsurfo found in cache.
    
    For parameters: cg_inputs.HB/bcsstm01
    INFO root: Dataset suitesparse_matrix.HB/bcsstm01 found in cache.
    
    For parameters: cg_inputs.HB/bcsstm11
    INFO root: Dataset suitesparse_matrix.HB/bcsstm11 found in cache.
    
    For parameters: cg_inputs.HB/can_62
    INFO root: Dataset suitesparse_matrix.HB/can_62 found in cache.
    
    For parameters: cg_inputs.HB/lap_25
    INFO root: Dataset suitesparse_matrix.HB/lap_25 found in cache.
    
    For parameters: cg_inputs.HB/orani678__rhs16
    INFO root: Dataset suitesparse_matrix.HB/orani678 found in cache.
    
    For parameters: cg_inputs.HB/orani678__rhs6
    INFO root: Dataset suitesparse_matrix.HB/orani678 found in cache.
    
    For parameters: cg_inputs.MathWorks/Muu
    INFO root: Dataset suitesparse_matrix.MathWorks/Muu found in cache.
    
    For parameters: cg_inputs.Nemeth/nemeth04
    INFO root: Dataset suitesparse_matrix.Nemeth/nemeth04 found in cache.
    
    For parameters: cg_inputs.Nemeth/nemeth12
    INFO root: Dataset suitesparse_matrix.Nemeth/nemeth12 found in cache.
    
    For parameters: cg_inputs.Nemeth/nemeth22
    INFO root: Dataset suitesparse_matrix.Nemeth/nemeth22 found in cache.
    
    For parameters: cg_inputs.Oberwolfach/LFAT5
    INFO root: Dataset suitesparse_matrix.Oberwolfach/LFAT5 found in cache.
    
    For parameters: cg_inputs.Pothen/mesh3em5
    INFO root: Dataset suitesparse_matrix.Pothen/mesh3em5 found in cache.
    
    For parameters: cg_inputs.Sandia/adder_dcop_63
    INFO root: Dataset suitesparse_matrix.Sandia/adder_dcop_63 found in cache.
    
    For parameters: cg_inputs.VDOL/tumorAntiAngiogenesis_1__rhs0
    INFO root: Dataset suitesparse_matrix.VDOL/tumorAntiAngiogenesis_1 found in cache.
INFO:root:coupled_cluster.CCSD.time_ccsd

·· coupled_cluster.CCSD.time_ccsd                                  okINFO:root:========================= =========
         dataset                   
------------------------- ---------
  ccsd_inputs.ccsd_small     n/a   
 ccsd_inputs.ccsd_medium   846±0ms 
  ccsd_inputs.ccsd_large     n/a   
========================= =========

·· ========================= =========
            dataset                   
   ------------------------- ---------
     ccsd_inputs.ccsd_small     n/a   
    ccsd_inputs.ccsd_medium   846±0ms 
     ccsd_inputs.ccsd_large     n/a   
   ========================= =========
INFO:root:cp_als.CP_ALS_3D.time_cp_als_3d

·· cp_als.CP_ALS_3D.time_cp_als_3d                                 okINFO:root:============================================== =========
                   dataset                              
---------------------------------------------- ---------
   cp_factorizable.cp_factorizeable_3d_tiny       n/a   
  cp_factorizable.cp_factorizeable_3d_small       n/a   
   cp_frostt_inputs.cp3_frostt_matmul_2_2_2       n/a   
   cp_frostt_inputs.cp3_frostt_matmul_3_3_3       n/a   
   cp_frostt_inputs.cp3_frostt_matmul_4_3_2       n/a   
   cp_frostt_inputs.cp3_frostt_matmul_4_4_3       n/a   
   cp_frostt_inputs.cp3_frostt_matmul_4_4_4       n/a   
   cp_frostt_inputs.cp3_frostt_matmul_5_5_5     5.36±0s 
   cp_frostt_inputs.cp3_frostt_matmul_6_3_3       n/a   
      cp_frostt_inputs.cp3_frostt_nell_2          n/a   
 cp_frostt_inputs.cp3_frostt_vast_2015_mc1_3d     n/a   
      cp_frostt_inputs.cp3_frostt_nell_1          n/a   
    cp_frostt_inputs.cp3_frostt_flickr_3d         n/a   
   cp_frostt_inputs.cp3_frostt_delicious_3d       n/a   
  cp_frostt_inputs.cp3_frostt_amazon_reviews      n/a   
     cp_frostt_inputs.cp3_frostt_patents          n/a   
   cp_frostt_inputs.cp3_frostt_reddit_2015        n/a   
       cp_frostt_inputs.cp3_frostt_fb_m           n/a   
      cp_frostt_inputs.cp3_frostt_darpa           n/a   
============================================== =========

·· ============================================== =========
                      dataset                              
   ---------------------------------------------- ---------
      cp_factorizable.cp_factorizeable_3d_tiny       n/a   
     cp_factorizable.cp_factorizeable_3d_small       n/a   
      cp_frostt_inputs.cp3_frostt_matmul_2_2_2       n/a   
      cp_frostt_inputs.cp3_frostt_matmul_3_3_3       n/a   
      cp_frostt_inputs.cp3_frostt_matmul_4_3_2       n/a   
      cp_frostt_inputs.cp3_frostt_matmul_4_4_3       n/a   
      cp_frostt_inputs.cp3_frostt_matmul_4_4_4       n/a   
      cp_frostt_inputs.cp3_frostt_matmul_5_5_5     5.36±0s 
      cp_frostt_inputs.cp3_frostt_matmul_6_3_3       n/a   
         cp_frostt_inputs.cp3_frostt_nell_2          n/a   
    cp_frostt_inputs.cp3_frostt_vast_2015_mc1_3d     n/a   
         cp_frostt_inputs.cp3_frostt_nell_1          n/a   
       cp_frostt_inputs.cp3_frostt_flickr_3d         n/a   
      cp_frostt_inputs.cp3_frostt_delicious_3d       n/a   
     cp_frostt_inputs.cp3_frostt_amazon_reviews      n/a   
        cp_frostt_inputs.cp3_frostt_patents          n/a   
      cp_frostt_inputs.cp3_frostt_reddit_2015        n/a   
          cp_frostt_inputs.cp3_frostt_fb_m           n/a   
         cp_frostt_inputs.cp3_frostt_darpa           n/a   
   ============================================== =========
ERROR:root:For parameters: cp_frostt_inputs.cp3_frostt_matmul_5_5_5
INFO root: Dataset frostt_tensor.matmul_5_5_5 found in cache.

··· For parameters: cp_frostt_inputs.cp3_frostt_matmul_5_5_5
    INFO root: Dataset frostt_tensor.matmul_5_5_5 found in cache.
INFO:root:dae.SlicotDAEBDF.time_slicot_dae_bdf

·· dae.SlicotDAEBDF.time_slicot_dae_bdf                            okINFO:root:========================================== =========
                 dataset                            
------------------------------------------ ---------
 dae_test_inputs.test_slicot_descriptor_2     n/a   
         slicot_dae_inputs.tline              n/a   
          slicot_dae_inputs.peec              n/a   
       slicot_dae_inputs.heat-disc            n/a   
         slicot_dae_inputs.MNA_1            2.48±0s 
         slicot_dae_inputs.MNA_2              n/a   
         slicot_dae_inputs.MNA_3              n/a   
         slicot_dae_inputs.MNA_4              n/a   
         slicot_dae_inputs.MNA_5              n/a   
========================================== =========

·· ========================================== =========
                    dataset                            
   ------------------------------------------ ---------
    dae_test_inputs.test_slicot_descriptor_2     n/a   
            slicot_dae_inputs.tline              n/a   
             slicot_dae_inputs.peec              n/a   
          slicot_dae_inputs.heat-disc            n/a   
            slicot_dae_inputs.MNA_1            2.48±0s 
            slicot_dae_inputs.MNA_2              n/a   
            slicot_dae_inputs.MNA_3              n/a   
            slicot_dae_inputs.MNA_4              n/a   
            slicot_dae_inputs.MNA_5              n/a   
   ========================================== =========
INFO:root:jacobi.JacobiBenchmark.time_jacobi_solver

·· jacobi.JacobiBenchmark.time_jacobi_solver                       okINFO:root:========================================== =========
                 dataset                            
------------------------------------------ ---------
       jacobi_test_inputs.test_3x3            n/a   
       jacobi_test_inputs.test_4x4            n/a   
   jacobi_test_inputs.test_3x3_dominant       n/a   
      jacobi_inputs.Andrews/Andrews           n/a   
         jacobi_inputs.Bai/cdde2              n/a   
         jacobi_inputs.Bai/cdde4              n/a   
         jacobi_inputs.Bai/cdde6              n/a   
         jacobi_inputs.Bai/dw256B             n/a   
         jacobi_inputs.Bai/dwb512             n/a   
         jacobi_inputs.Bai/pde900             n/a   
   jacobi_inputs.Bindel/ted_B_unscaled      5.99±0s 
      jacobi_inputs.Boeing/bcsstm39           n/a   
 jacobi_inputs.Bourchtein/atmosmodd__rhs1     n/a   
 jacobi_inputs.Bourchtein/atmosmodj__rhs1     n/a   
 jacobi_inputs.Bourchtein/atmosmodl__rhs1     n/a   
 jacobi_inputs.Bourchtein/atmosmodm__rhs1     n/a   
      jacobi_inputs.Cunningham/qa8fk          n/a   
      jacobi_inputs.FEMLAB/problem1           n/a   
   jacobi_inputs.Freescale/circuit5M_dc       n/a   
     jacobi_inputs.GHS_psdef/jnlbrng1         n/a   
     jacobi_inputs.GHS_psdef/minsurfo         n/a   
     jacobi_inputs.GHS_psdef/obstclae       7.99±0s 
      jacobi_inputs.Grund/poli__rhs0          n/a   
        jacobi_inputs.Grund/poli3             n/a   
        jacobi_inputs.Grund/poli4             n/a   
      jacobi_inputs.Grund/poli_large          n/a   
         jacobi_inputs.HB/arc130              n/a   
        jacobi_inputs.HB/bcsstm02             n/a   
        jacobi_inputs.HB/bcsstm05             n/a   
        jacobi_inputs.HB/bcsstm06           6.24±0s 
        jacobi_inputs.HB/bcsstm08             n/a   
        jacobi_inputs.HB/bcsstm09             n/a   
        jacobi_inputs.HB/bcsstm11             n/a   
        jacobi_inputs.HB/bcsstm19             n/a   
        jacobi_inputs.HB/bcsstm20             n/a   
        jacobi_inputs.HB/bcsstm21             n/a   
        jacobi_inputs.HB/bcsstm22             n/a   
        jacobi_inputs.HB/bcsstm23           5.99±0s 
        jacobi_inputs.HB/bcsstm24             n/a   
        jacobi_inputs.HB/bcsstm25             n/a   
        jacobi_inputs.HB/bcsstm26             n/a   
        jacobi_inputs.HB/fs_183_1             n/a   
        jacobi_inputs.HB/fs_183_3             n/a   
        jacobi_inputs.HB/fs_183_4             n/a   
        jacobi_inputs.HB/fs_183_6             n/a   
        jacobi_inputs.HB/fs_541_1           6.02±0s 
        jacobi_inputs.HB/fs_680_1             n/a   
        jacobi_inputs.HB/fs_680_2             n/a   
        jacobi_inputs.HB/fs_760_1             n/a   
        jacobi_inputs.HB/gr_30_30             n/a   
        jacobi_inputs.HB/jpwh_991             n/a   
         jacobi_inputs.HB/steam3              n/a   
         jacobi_inputs.HB/watt_1              n/a   
      jacobi_inputs.Hamm/add32__rhs0        7.78±0s 
    jacobi_inputs.MathWorks/tomography        n/a   
  jacobi_inputs.MaxPlanck/shallow_water1      n/a   
  jacobi_inputs.MaxPlanck/shallow_water2      n/a   
      jacobi_inputs.Mulvey/finan512           n/a   
    jacobi_inputs.Nasa/nasa2146__rhs0         n/a   
      jacobi_inputs.Nemeth/nemeth02           n/a   
      jacobi_inputs.Nemeth/nemeth03           n/a   
      jacobi_inputs.Nemeth/nemeth04         7.85±0s 
      jacobi_inputs.Nemeth/nemeth05           n/a   
      jacobi_inputs.Nemeth/nemeth06           n/a   
      jacobi_inputs.Nemeth/nemeth07           n/a   
      jacobi_inputs.Nemeth/nemeth08           n/a   
      jacobi_inputs.Nemeth/nemeth09           n/a   
      jacobi_inputs.Nemeth/nemeth10           n/a   
      jacobi_inputs.Nemeth/nemeth11           n/a   
      jacobi_inputs.Nemeth/nemeth12         7.15±0s 
      jacobi_inputs.Nemeth/nemeth13           n/a   
         jacobi_inputs.Norris/fv1             n/a   
         jacobi_inputs.Norris/fv2             n/a   
       jacobi_inputs.Norris/torso2            n/a   
       jacobi_inputs.Pothen/mesh1e1           n/a   
      jacobi_inputs.Pothen/mesh1em1           n/a   
      jacobi_inputs.Pothen/mesh1em6           n/a   
       jacobi_inputs.Pothen/mesh2e1         6.74±0s 
      jacobi_inputs.Pothen/mesh2em5           n/a   
       jacobi_inputs.Pothen/mesh3e1           n/a   
      jacobi_inputs.Pothen/mesh3em5           n/a   
       jacobi_inputs.QLi/majorbasis           n/a   
    jacobi_inputs.Simon/raefsky5__rhs0        n/a   
    jacobi_inputs.Simon/raefsky6__rhs0        n/a   
   jacobi_inputs.TOKAMAK/utm1700b__rhs0       n/a   
   jacobi_inputs.TOKAMAK/utm3060__rhs0      5.98±0s 
          jacobi_inputs.VLSI/ss1              n/a   
        jacobi_inputs.Wang/swang1             n/a   
        jacobi_inputs.Wang/swang2             n/a   
========================================== =========

·· ========================================== =========
                    dataset                            
   ------------------------------------------ ---------
          jacobi_test_inputs.test_3x3            n/a   
          jacobi_test_inputs.test_4x4            n/a   
      jacobi_test_inputs.test_3x3_dominant       n/a   
         jacobi_inputs.Andrews/Andrews           n/a   
            jacobi_inputs.Bai/cdde2              n/a   
            jacobi_inputs.Bai/cdde4              n/a   
            jacobi_inputs.Bai/cdde6              n/a   
            jacobi_inputs.Bai/dw256B             n/a   
            jacobi_inputs.Bai/dwb512             n/a   
            jacobi_inputs.Bai/pde900             n/a   
      jacobi_inputs.Bindel/ted_B_unscaled      5.99±0s 
         jacobi_inputs.Boeing/bcsstm39           n/a   
    jacobi_inputs.Bourchtein/atmosmodd__rhs1     n/a   
    jacobi_inputs.Bourchtein/atmosmodj__rhs1     n/a   
    jacobi_inputs.Bourchtein/atmosmodl__rhs1     n/a   
    jacobi_inputs.Bourchtein/atmosmodm__rhs1     n/a   
         jacobi_inputs.Cunningham/qa8fk          n/a   
         jacobi_inputs.FEMLAB/problem1           n/a   
      jacobi_inputs.Freescale/circuit5M_dc       n/a   
        jacobi_inputs.GHS_psdef/jnlbrng1         n/a   
        jacobi_inputs.GHS_psdef/minsurfo         n/a   
        jacobi_inputs.GHS_psdef/obstclae       7.99±0s 
         jacobi_inputs.Grund/poli__rhs0          n/a   
           jacobi_inputs.Grund/poli3             n/a   
           jacobi_inputs.Grund/poli4             n/a   
         jacobi_inputs.Grund/poli_large          n/a   
            jacobi_inputs.HB/arc130              n/a   
           jacobi_inputs.HB/bcsstm02             n/a   
           jacobi_inputs.HB/bcsstm05             n/a   
           jacobi_inputs.HB/bcsstm06           6.24±0s 
           jacobi_inputs.HB/bcsstm08             n/a   
           jacobi_inputs.HB/bcsstm09             n/a   
           jacobi_inputs.HB/bcsstm11             n/a   
           jacobi_inputs.HB/bcsstm19             n/a   
           jacobi_inputs.HB/bcsstm20             n/a   
           jacobi_inputs.HB/bcsstm21             n/a   
           jacobi_inputs.HB/bcsstm22             n/a   
           jacobi_inputs.HB/bcsstm23           5.99±0s 
           jacobi_inputs.HB/bcsstm24             n/a   
           jacobi_inputs.HB/bcsstm25             n/a   
           jacobi_inputs.HB/bcsstm26             n/a   
           jacobi_inputs.HB/fs_183_1             n/a   
           jacobi_inputs.HB/fs_183_3             n/a   
           jacobi_inputs.HB/fs_183_4             n/a   
           jacobi_inputs.HB/fs_183_6             n/a   
           jacobi_inputs.HB/fs_541_1           6.02±0s 
           jacobi_inputs.HB/fs_680_1             n/a   
           jacobi_inputs.HB/fs_680_2             n/a   
           jacobi_inputs.HB/fs_760_1             n/a   
           jacobi_inputs.HB/gr_30_30             n/a   
           jacobi_inputs.HB/jpwh_991             n/a   
            jacobi_inputs.HB/steam3              n/a   
            jacobi_inputs.HB/watt_1              n/a   
         jacobi_inputs.Hamm/add32__rhs0        7.78±0s 
       jacobi_inputs.MathWorks/tomography        n/a   
     jacobi_inputs.MaxPlanck/shallow_water1      n/a   
     jacobi_inputs.MaxPlanck/shallow_water2      n/a   
         jacobi_inputs.Mulvey/finan512           n/a   
       jacobi_inputs.Nasa/nasa2146__rhs0         n/a   
         jacobi_inputs.Nemeth/nemeth02           n/a   
         jacobi_inputs.Nemeth/nemeth03           n/a   
         jacobi_inputs.Nemeth/nemeth04         7.85±0s 
         jacobi_inputs.Nemeth/nemeth05           n/a   
         jacobi_inputs.Nemeth/nemeth06           n/a   
         jacobi_inputs.Nemeth/nemeth07           n/a   
         jacobi_inputs.Nemeth/nemeth08           n/a   
         jacobi_inputs.Nemeth/nemeth09           n/a   
         jacobi_inputs.Nemeth/nemeth10           n/a   
         jacobi_inputs.Nemeth/nemeth11           n/a   
         jacobi_inputs.Nemeth/nemeth12         7.15±0s 
         jacobi_inputs.Nemeth/nemeth13           n/a   
            jacobi_inputs.Norris/fv1             n/a   
            jacobi_inputs.Norris/fv2             n/a   
          jacobi_inputs.Norris/torso2            n/a   
          jacobi_inputs.Pothen/mesh1e1           n/a   
         jacobi_inputs.Pothen/mesh1em1           n/a   
         jacobi_inputs.Pothen/mesh1em6           n/a   
          jacobi_inputs.Pothen/mesh2e1         6.74±0s 
         jacobi_inputs.Pothen/mesh2em5           n/a   
          jacobi_inputs.Pothen/mesh3e1           n/a   
         jacobi_inputs.Pothen/mesh3em5           n/a   
          jacobi_inputs.QLi/majorbasis           n/a   
       jacobi_inputs.Simon/raefsky5__rhs0        n/a   
       jacobi_inputs.Simon/raefsky6__rhs0        n/a   
      jacobi_inputs.TOKAMAK/utm1700b__rhs0       n/a   
      jacobi_inputs.TOKAMAK/utm3060__rhs0      5.98±0s 
             jacobi_inputs.VLSI/ss1              n/a   
           jacobi_inputs.Wang/swang1             n/a   
           jacobi_inputs.Wang/swang2             n/a   
   ========================================== =========
ERROR:root:For parameters: jacobi_inputs.Bindel/ted_B_unscaled
INFO root: Dataset suitesparse_matrix.Bindel/ted_B_unscaled found in cache.

For parameters: jacobi_inputs.GHS_psdef/obstclae
INFO root: Dataset suitesparse_matrix.GHS_psdef/obstclae found in cache.

For parameters: jacobi_inputs.HB/bcsstm06
INFO root: Dataset suitesparse_matrix.HB/bcsstm06 found in cache.

For parameters: jacobi_inputs.HB/bcsstm23
INFO root: Dataset suitesparse_matrix.HB/bcsstm23 found in cache.

For parameters: jacobi_inputs.HB/fs_541_1
INFO root: Dataset suitesparse_matrix.HB/fs_541_1 found in cache.

For parameters: jacobi_inputs.Hamm/add32__rhs0
INFO root: Dataset suitesparse_matrix.Hamm/add32 found in cache.

For parameters: jacobi_inputs.Nemeth/nemeth04
INFO root: Dataset suitesparse_matrix.Nemeth/nemeth04 found in cache.

For parameters: jacobi_inputs.Nemeth/nemeth12
INFO root: Dataset suitesparse_matrix.Nemeth/nemeth12 found in cache.

For parameters: jacobi_inputs.Pothen/mesh2e1
INFO root: Dataset suitesparse_matrix.Pothen/mesh2e1 found in cache.

For parameters: jacobi_inputs.TOKAMAK/utm3060__rhs0
INFO root: Dataset suitesparse_matrix.TOKAMAK/utm3060 found in cache.

··· For parameters: jacobi_inputs.Bindel/ted_B_unscaled
    INFO root: Dataset suitesparse_matrix.Bindel/ted_B_unscaled found in cache.
    
    For parameters: jacobi_inputs.GHS_psdef/obstclae
    INFO root: Dataset suitesparse_matrix.GHS_psdef/obstclae found in cache.
    
    For parameters: jacobi_inputs.HB/bcsstm06
    INFO root: Dataset suitesparse_matrix.HB/bcsstm06 found in cache.
    
    For parameters: jacobi_inputs.HB/bcsstm23
    INFO root: Dataset suitesparse_matrix.HB/bcsstm23 found in cache.
    
    For parameters: jacobi_inputs.HB/fs_541_1
    INFO root: Dataset suitesparse_matrix.HB/fs_541_1 found in cache.
    
    For parameters: jacobi_inputs.Hamm/add32__rhs0
    INFO root: Dataset suitesparse_matrix.Hamm/add32 found in cache.
    
    For parameters: jacobi_inputs.Nemeth/nemeth04
    INFO root: Dataset suitesparse_matrix.Nemeth/nemeth04 found in cache.
    
    For parameters: jacobi_inputs.Nemeth/nemeth12
    INFO root: Dataset suitesparse_matrix.Nemeth/nemeth12 found in cache.
    
    For parameters: jacobi_inputs.Pothen/mesh2e1
    INFO root: Dataset suitesparse_matrix.Pothen/mesh2e1 found in cache.
    
    For parameters: jacobi_inputs.TOKAMAK/utm3060__rhs0
    INFO root: Dataset suitesparse_matrix.TOKAMAK/utm3060 found in cache.
INFO:root:lsqr.LSQRBenchmark.time_lsqr

·· lsqr.LSQRBenchmark.time_lsqr                                    okINFO:root:=================================================== =========
                      dataset                                
--------------------------------------------------- ---------
    lsqr_test_inputs.test_lsqr_underdetermined_3       n/a   
    lsqr_test_inputs.test_lsqr_overdetermined_3        n/a   
         lsqr_test_inputs.test_lsqr_exact_3            n/a   
    lsqr_test_inputs.test_lsqr_underdetermined_4       n/a   
  lsqr_test_inputs.test_lsqr_overdetermined_sparse     n/a   
         lsqr_test_inputs.test_lsqr_exact_4            n/a   
 lsqr_test_inputs.test_lsqr_scaled_underdetermined     n/a   
  lsqr_test_inputs.test_lsqr_overdetermined_dense      n/a   
         lsqr_test_inputs.test_lsqr_exact_5            n/a   
            lsqr_inputs.ANSYS/Delor338K                n/a   
               lsqr_inputs.HB/ash219                 2.44±0s 
               lsqr_inputs.HB/ash331                   n/a   
               lsqr_inputs.HB/ash608                   n/a   
                lsqr_inputs.HB/ash85                   n/a   
               lsqr_inputs.HB/ash958                   n/a   
          lsqr_inputs.NYPA/Maragal_1__rhs0             n/a   
          lsqr_inputs.NYPA/Maragal_2__rhs0             n/a   
          lsqr_inputs.NYPA/Maragal_3__rhs0             n/a   
          lsqr_inputs.NYPA/Maragal_4__rhs0           6.46±0s 
          lsqr_inputs.NYPA/Maragal_5__rhs0             n/a   
          lsqr_inputs.NYPA/Maragal_6__rhs0             n/a   
=================================================== =========

·· =================================================== =========
                         dataset                                
   --------------------------------------------------- ---------
       lsqr_test_inputs.test_lsqr_underdetermined_3       n/a   
       lsqr_test_inputs.test_lsqr_overdetermined_3        n/a   
            lsqr_test_inputs.test_lsqr_exact_3            n/a   
       lsqr_test_inputs.test_lsqr_underdetermined_4       n/a   
     lsqr_test_inputs.test_lsqr_overdetermined_sparse     n/a   
            lsqr_test_inputs.test_lsqr_exact_4            n/a   
    lsqr_test_inputs.test_lsqr_scaled_underdetermined     n/a   
     lsqr_test_inputs.test_lsqr_overdetermined_dense      n/a   
            lsqr_test_inputs.test_lsqr_exact_5            n/a   
               lsqr_inputs.ANSYS/Delor338K                n/a   
                  lsqr_inputs.HB/ash219                 2.44±0s 
                  lsqr_inputs.HB/ash331                   n/a   
                  lsqr_inputs.HB/ash608                   n/a   
                   lsqr_inputs.HB/ash85                   n/a   
                  lsqr_inputs.HB/ash958                   n/a   
             lsqr_inputs.NYPA/Maragal_1__rhs0             n/a   
             lsqr_inputs.NYPA/Maragal_2__rhs0             n/a   
             lsqr_inputs.NYPA/Maragal_3__rhs0             n/a   
             lsqr_inputs.NYPA/Maragal_4__rhs0           6.46±0s 
             lsqr_inputs.NYPA/Maragal_5__rhs0             n/a   
             lsqr_inputs.NYPA/Maragal_6__rhs0             n/a   
   =================================================== =========
ERROR:root:For parameters: lsqr_inputs.HB/ash219
INFO root: Dataset suitesparse_matrix.HB/ash219 found in cache.

For parameters: lsqr_inputs.NYPA/Maragal_4__rhs0
INFO root: Dataset suitesparse_matrix.NYPA/Maragal_4 found in cache.

··· For parameters: lsqr_inputs.HB/ash219
    INFO root: Dataset suitesparse_matrix.HB/ash219 found in cache.
    
    For parameters: lsqr_inputs.NYPA/Maragal_4__rhs0
    INFO root: Dataset suitesparse_matrix.NYPA/Maragal_4 found in cache.
INFO:root:...delCounting.time_Model Counting using einsum

·· ...delCounting.time_Model Counting using einsum                 okINFO:root:================================== =========
             dataset                        
---------------------------------- ---------
       mc_generator.test_1            n/a   
       mc_generator.test_2            n/a   
       mc_generator.test_3            n/a   
       mc_generator.test_4            n/a   
 mccomp_mc.track1_mc_random_mc_1      n/a   
 mccomp_mc.track1_mc_random_mc_2      n/a   
 mccomp_mc.track1_mc_random_mc_3      n/a   
 mccomp_mc.track1_mc_random_mc_4      n/a   
 mccomp_mc.track1_mc_random_mc_5      n/a   
 mccomp_mc.track1_mc_random_mc_6    774±0ms 
 mccomp_mc.track1_mc_random_mc_7      n/a   
 mccomp_mc.track1_mc_random_mc_8      n/a   
 mccomp_mc.track1_mc_random_mc_9      n/a   
 mccomp_mc.track1_mc_random_mc_10     n/a   
================================== =========

·· ================================== =========
                dataset                        
   ---------------------------------- ---------
          mc_generator.test_1            n/a   
          mc_generator.test_2            n/a   
          mc_generator.test_3            n/a   
          mc_generator.test_4            n/a   
    mccomp_mc.track1_mc_random_mc_1      n/a   
    mccomp_mc.track1_mc_random_mc_2      n/a   
    mccomp_mc.track1_mc_random_mc_3      n/a   
    mccomp_mc.track1_mc_random_mc_4      n/a   
    mccomp_mc.track1_mc_random_mc_5      n/a   
    mccomp_mc.track1_mc_random_mc_6    774±0ms 
    mccomp_mc.track1_mc_random_mc_7      n/a   
    mccomp_mc.track1_mc_random_mc_8      n/a   
    mccomp_mc.track1_mc_random_mc_9      n/a   
    mccomp_mc.track1_mc_random_mc_10     n/a   
   ================================== =========
ERROR:root:For parameters: mccomp_mc.track1_mc_random_mc_6
INFO root: Dataset mccomp_mc.track1_mc_random_mc_6 found in cache.

··· For parameters: mccomp_mc.track1_mc_random_mc_6
    INFO root: Dataset mccomp_mc.track1_mc_random_mc_6 found in cache.
INFO:root:ode.BackwardEuler.time_backward_euler

·· ode.BackwardEuler.time_backward_euler                           okINFO:root:===================================== =========
               dataset                         
------------------------------------- ---------
             rc.rc_small                 n/a   
            rlc.rlc_small                n/a   
 lotka_volterra.lotka_volterra_small     n/a   
     brusselator.brusselator_tiny        n/a   
      brusselator.brusselator_4          n/a   
        slicot_ode.slicot_eady         6.70±0s 
      slicot_ode.slicot_cdplayer         n/a   
        slicot_ode.slicot_fom            n/a   
       slicot_ode.slicot_random          n/a   
        slicot_ode.slicot_pde            n/a   
     slicot_ode.slicot_heat_cont         n/a   
      slicot_ode.slicot_orr_som          n/a   
        slicot_ode.slicot_iss            n/a   
       slicot_ode.slicot_build           n/a   
        slicot_ode.slicot_beam           n/a   
===================================== =========

·· ===================================== =========
                  dataset                         
   ------------------------------------- ---------
                rc.rc_small                 n/a   
               rlc.rlc_small                n/a   
    lotka_volterra.lotka_volterra_small     n/a   
        brusselator.brusselator_tiny        n/a   
         brusselator.brusselator_4          n/a   
           slicot_ode.slicot_eady         6.70±0s 
         slicot_ode.slicot_cdplayer         n/a   
           slicot_ode.slicot_fom            n/a   
          slicot_ode.slicot_random          n/a   
           slicot_ode.slicot_pde            n/a   
        slicot_ode.slicot_heat_cont         n/a   
         slicot_ode.slicot_orr_som          n/a   
           slicot_ode.slicot_iss            n/a   
          slicot_ode.slicot_build           n/a   
           slicot_ode.slicot_beam           n/a   
   ===================================== =========
ERROR:root:For parameters: slicot_ode.slicot_eady
INFO root: Dataset slicot_ode.slicot_eady found in cache.

··· For parameters: slicot_ode.slicot_eady
    INFO root: Dataset slicot_ode.slicot_eady found in cache.
INFO:root:ode.ForwardEuler.time_forward_euler

·· ode.ForwardEuler.time_forward_euler                             okINFO:root:===================================== =========
               dataset                         
------------------------------------- ---------
             rc.rc_small                 n/a   
            rlc.rlc_small                n/a   
 lotka_volterra.lotka_volterra_small     n/a   
     brusselator.brusselator_tiny        n/a   
      brusselator.brusselator_4          n/a   
        slicot_ode.slicot_eady           n/a   
      slicot_ode.slicot_cdplayer         n/a   
        slicot_ode.slicot_fom            n/a   
       slicot_ode.slicot_random          n/a   
        slicot_ode.slicot_pde            n/a   
     slicot_ode.slicot_heat_cont         n/a   
      slicot_ode.slicot_orr_som        4.74±0s 
        slicot_ode.slicot_iss            n/a   
       slicot_ode.slicot_build           n/a   
        slicot_ode.slicot_beam           n/a   
===================================== =========

·· ===================================== =========
                  dataset                         
   ------------------------------------- ---------
                rc.rc_small                 n/a   
               rlc.rlc_small                n/a   
    lotka_volterra.lotka_volterra_small     n/a   
        brusselator.brusselator_tiny        n/a   
         brusselator.brusselator_4          n/a   
           slicot_ode.slicot_eady           n/a   
         slicot_ode.slicot_cdplayer         n/a   
           slicot_ode.slicot_fom            n/a   
          slicot_ode.slicot_random          n/a   
           slicot_ode.slicot_pde            n/a   
        slicot_ode.slicot_heat_cont         n/a   
         slicot_ode.slicot_orr_som        4.74±0s 
           slicot_ode.slicot_iss            n/a   
          slicot_ode.slicot_build           n/a   
           slicot_ode.slicot_beam           n/a   
   ===================================== =========
ERROR:root:For parameters: slicot_ode.slicot_orr_som
INFO root: Dataset slicot_ode.slicot_orr_som found in cache.

··· For parameters: slicot_ode.slicot_orr_som
    INFO root: Dataset slicot_ode.slicot_orr_som found in cache.
INFO:root:ode.RungeKutta.time_runge_kutta

·· ode.RungeKutta.time_runge_kutta                                 okINFO:root:===================================== =========
               dataset                         
------------------------------------- ---------
             rc.rc_small                 n/a   
            rlc.rlc_small                n/a   
 lotka_volterra.lotka_volterra_small     n/a   
     brusselator.brusselator_tiny        n/a   
      brusselator.brusselator_4          n/a   
        slicot_ode.slicot_eady           n/a   
      slicot_ode.slicot_cdplayer       11.6±0s 
        slicot_ode.slicot_fom            n/a   
       slicot_ode.slicot_random          n/a   
        slicot_ode.slicot_pde            n/a   
     slicot_ode.slicot_heat_cont         n/a   
      slicot_ode.slicot_orr_som          n/a   
        slicot_ode.slicot_iss            n/a   
       slicot_ode.slicot_build           n/a   
        slicot_ode.slicot_beam         4.00±0s 
===================================== =========

·· ===================================== =========
                  dataset                         
   ------------------------------------- ---------
                rc.rc_small                 n/a   
               rlc.rlc_small                n/a   
    lotka_volterra.lotka_volterra_small     n/a   
        brusselator.brusselator_tiny        n/a   
         brusselator.brusselator_4          n/a   
           slicot_ode.slicot_eady           n/a   
         slicot_ode.slicot_cdplayer       11.6±0s 
           slicot_ode.slicot_fom            n/a   
          slicot_ode.slicot_random          n/a   
           slicot_ode.slicot_pde            n/a   
        slicot_ode.slicot_heat_cont         n/a   
         slicot_ode.slicot_orr_som          n/a   
           slicot_ode.slicot_iss            n/a   
          slicot_ode.slicot_build           n/a   
           slicot_ode.slicot_beam         4.00±0s 
   ===================================== =========
ERROR:root:For parameters: slicot_ode.slicot_cdplayer
INFO root: Dataset slicot_ode.slicot_cdplayer found in cache.

For parameters: slicot_ode.slicot_beam
INFO root: Dataset slicot_ode.slicot_beam found in cache.

··· For parameters: slicot_ode.slicot_cdplayer
    INFO root: Dataset slicot_ode.slicot_cdplayer found in cache.
    
    For parameters: slicot_ode.slicot_beam
    INFO root: Dataset slicot_ode.slicot_beam found in cache.
INFO:root:...nedCGBenchmark.time_jacobi_preconditioned_cg

·· ...nedCGBenchmark.time_jacobi_preconditioned_cg                 okINFO:root:===================================================== =========
                       dataset                                 
----------------------------------------------------- ---------
               jacobi_cg_inputs.test_A0                  n/a   
               jacobi_cg_inputs.test_A1                  n/a   
               jacobi_cg_inputs.test_A2                  n/a   
               jacobi_cg_inputs.test_A3                  n/a   
               jacobi_cg_inputs.test_A4                  n/a   
               jacobi_cg_inputs.test_A5                  n/a   
           jacobi_cg_inputs.Andrews/Andrews              n/a   
           jacobi_cg_inputs.Andrianov/ins2               n/a   
          jacobi_cg_inputs.Andrianov/net100              n/a   
          jacobi_cg_inputs.Andrianov/net125              n/a   
          jacobi_cg_inputs.Andrianov/net150              n/a   
           jacobi_cg_inputs.Andrianov/net25            3.56±0s 
           jacobi_cg_inputs.Andrianov/net50              n/a   
           jacobi_cg_inputs.Andrianov/net75              n/a   
             jacobi_cg_inputs.Bai/bfwb398                n/a   
             jacobi_cg_inputs.Bai/bfwb62                 n/a   
             jacobi_cg_inputs.Bai/bfwb782                n/a   
             jacobi_cg_inputs.Bai/dw256B                 n/a   
             jacobi_cg_inputs.Bai/dwb512                 n/a   
            jacobi_cg_inputs.Bai/mhd3200b              2.65±0s 
            jacobi_cg_inputs.Bai/mhd4800b                n/a   
             jacobi_cg_inputs.Bai/mhdb416                n/a   
            jacobi_cg_inputs.Bindel/ted_B                n/a   
        jacobi_cg_inputs.Bindel/ted_B_unscaled           n/a   
           jacobi_cg_inputs.Boeing/bcsstk34              n/a   
           jacobi_cg_inputs.Boeing/bcsstm39              n/a   
           jacobi_cg_inputs.Boeing/crystm01              n/a   
           jacobi_cg_inputs.Boeing/crystm02            3.13±0s 
           jacobi_cg_inputs.Boeing/crystm03              n/a   
           jacobi_cg_inputs.Boeing/msc00726              n/a   
      jacobi_cg_inputs.Botonakis/FEM_3D_thermal1         n/a   
      jacobi_cg_inputs.Botonakis/FEM_3D_thermal2         n/a   
       jacobi_cg_inputs.Botonakis/thermomech_TC          n/a   
       jacobi_cg_inputs.Botonakis/thermomech_dM          n/a   
     jacobi_cg_inputs.Bourchtein/atmosmodd__rhs1         n/a   
     jacobi_cg_inputs.Bourchtein/atmosmodj__rhs1       4.56±0s 
     jacobi_cg_inputs.Bourchtein/atmosmodl__rhs1         n/a   
     jacobi_cg_inputs.Bourchtein/atmosmodm__rhs1         n/a   
         jacobi_cg_inputs.Brunetiere/thermal             n/a   
          jacobi_cg_inputs.Cunningham/qa8fm              n/a   
       jacobi_cg_inputs.FEMLAB/poisson2D__rhs0           n/a   
           jacobi_cg_inputs.FEMLAB/problem1              n/a   
             jacobi_cg_inputs.FIDAP/ex29                 n/a   
             jacobi_cg_inputs.FIDAP/ex37               2.53±0s 
              jacobi_cg_inputs.FIDAP/ex5                 n/a   
              jacobi_cg_inputs.FIDAP/ex7                 n/a   
       jacobi_cg_inputs.Freescale/circuit5M_dc           n/a   
         jacobi_cg_inputs.GHS_psdef/jnlbrng1             n/a   
         jacobi_cg_inputs.GHS_psdef/minsurfo             n/a   
         jacobi_cg_inputs.GHS_psdef/obstclae             n/a   
         jacobi_cg_inputs.GHS_psdef/wathen100            n/a   
         jacobi_cg_inputs.GHS_psdef/wathen120            n/a   
          jacobi_cg_inputs.Grund/poli__rhs0            2.45±0s 
          jacobi_cg_inputs.Guettel/TEM27623              n/a   
             jacobi_cg_inputs.HB/bcspwr01                n/a   
             jacobi_cg_inputs.HB/bcspwr02                n/a   
             jacobi_cg_inputs.HB/bcsstk01                n/a   
             jacobi_cg_inputs.HB/bcsstk02                n/a   
             jacobi_cg_inputs.HB/bcsstk04                n/a   
             jacobi_cg_inputs.HB/bcsstk08                n/a   
             jacobi_cg_inputs.HB/bcsstk22              2.56±0s 
             jacobi_cg_inputs.HB/bcsstm02                n/a   
             jacobi_cg_inputs.HB/bcsstm05                n/a   
             jacobi_cg_inputs.HB/bcsstm06                n/a   
             jacobi_cg_inputs.HB/bcsstm07                n/a   
             jacobi_cg_inputs.HB/bcsstm08                n/a   
             jacobi_cg_inputs.HB/bcsstm09                n/a   
             jacobi_cg_inputs.HB/bcsstm11                n/a   
             jacobi_cg_inputs.HB/bcsstm19              2.43±0s 
             jacobi_cg_inputs.HB/bcsstm20                n/a   
             jacobi_cg_inputs.HB/bcsstm21                n/a   
             jacobi_cg_inputs.HB/bcsstm22                n/a   
             jacobi_cg_inputs.HB/bcsstm23                n/a   
             jacobi_cg_inputs.HB/bcsstm24                n/a   
             jacobi_cg_inputs.HB/bcsstm25                n/a   
             jacobi_cg_inputs.HB/bcsstm26                n/a   
             jacobi_cg_inputs.HB/can_144               2.50±0s 
              jacobi_cg_inputs.HB/can_24                 n/a   
              jacobi_cg_inputs.HB/can_61                 n/a   
              jacobi_cg_inputs.HB/can_62                 n/a   
              jacobi_cg_inputs.HB/can_73                 n/a   
              jacobi_cg_inputs.HB/can_96                 n/a   
              jacobi_cg_inputs.HB/dwt_59                 n/a   
              jacobi_cg_inputs.HB/dwt_66                 n/a   
              jacobi_cg_inputs.HB/dwt_72               2.57±0s 
             jacobi_cg_inputs.HB/fs_541_1                n/a   
             jacobi_cg_inputs.HB/gr_30_30                n/a   
             jacobi_cg_inputs.HB/jpwh_991                n/a   
              jacobi_cg_inputs.HB/lap_25                 n/a   
              jacobi_cg_inputs.HB/lund_a                 n/a   
              jacobi_cg_inputs.HB/lund_b                 n/a   
               jacobi_cg_inputs.HB/nos4                  n/a   
               jacobi_cg_inputs.HB/nos6                2.53±0s 
               jacobi_cg_inputs.HB/nos7                  n/a   
          jacobi_cg_inputs.HB/orani678__rhs1             n/a   
         jacobi_cg_inputs.HB/orani678__rhs10             n/a   
         jacobi_cg_inputs.HB/orani678__rhs11             n/a   
         jacobi_cg_inputs.HB/orani678__rhs12             n/a   
         jacobi_cg_inputs.HB/orani678__rhs14             n/a   
         jacobi_cg_inputs.HB/orani678__rhs15             n/a   
         jacobi_cg_inputs.HB/orani678__rhs16           2.44±0s 
         jacobi_cg_inputs.HB/orani678__rhs17             n/a   
         jacobi_cg_inputs.HB/orani678__rhs18             n/a   
         jacobi_cg_inputs.HB/orani678__rhs19             n/a   
          jacobi_cg_inputs.HB/orani678__rhs2             n/a   
          jacobi_cg_inputs.HB/orani678__rhs3             n/a   
          jacobi_cg_inputs.HB/orani678__rhs4             n/a   
          jacobi_cg_inputs.HB/orani678__rhs5             n/a   
          jacobi_cg_inputs.HB/orani678__rhs6           2.44±0s 
         jacobi_cg_inputs.HB/orani678__rhs62             n/a   
          jacobi_cg_inputs.HB/orani678__rhs7             n/a   
          jacobi_cg_inputs.HB/orani678__rhs8             n/a   
              jacobi_cg_inputs.HB/watt_1                 n/a   
          jacobi_cg_inputs.Hamm/add32__rhs0              n/a   
          jacobi_cg_inputs.Lourakis/bundle1              n/a   
            jacobi_cg_inputs.MathWorks/Muu               n/a   
        jacobi_cg_inputs.MathWorks/tomography          2.46±0s 
      jacobi_cg_inputs.MaxPlanck/shallow_water1          n/a   
      jacobi_cg_inputs.MaxPlanck/shallow_water2          n/a   
           jacobi_cg_inputs.Mulvey/finan512              n/a   
         jacobi_cg_inputs.Nasa/nasa2146__rhs0            n/a   
           jacobi_cg_inputs.Nemeth/nemeth02              n/a   
           jacobi_cg_inputs.Nemeth/nemeth03              n/a   
           jacobi_cg_inputs.Nemeth/nemeth04              n/a   
           jacobi_cg_inputs.Nemeth/nemeth05            4.66±0s 
           jacobi_cg_inputs.Nemeth/nemeth06              n/a   
           jacobi_cg_inputs.Nemeth/nemeth07              n/a   
           jacobi_cg_inputs.Nemeth/nemeth08              n/a   
           jacobi_cg_inputs.Nemeth/nemeth09              n/a   
           jacobi_cg_inputs.Nemeth/nemeth10              n/a   
           jacobi_cg_inputs.Nemeth/nemeth11              n/a   
           jacobi_cg_inputs.Nemeth/nemeth12              n/a   
           jacobi_cg_inputs.Nemeth/nemeth13            2.87±0s 
           jacobi_cg_inputs.Nemeth/nemeth16              n/a   
           jacobi_cg_inputs.Nemeth/nemeth17              n/a   
             jacobi_cg_inputs.Norris/fv1                 n/a   
             jacobi_cg_inputs.Norris/fv2                 n/a   
          jacobi_cg_inputs.Oberwolfach/LF10              n/a   
          jacobi_cg_inputs.Oberwolfach/LFAT5             n/a   
             jacobi_cg_inputs.PARSEC/Si2                 n/a   
            jacobi_cg_inputs.Pothen/bodyy4             3.13±0s 
           jacobi_cg_inputs.Pothen/mesh1e1               n/a   
           jacobi_cg_inputs.Pothen/mesh1em1              n/a   
           jacobi_cg_inputs.Pothen/mesh1em6              n/a   
           jacobi_cg_inputs.Pothen/mesh2e1               n/a   
           jacobi_cg_inputs.Pothen/mesh2em5              n/a   
           jacobi_cg_inputs.Pothen/mesh3e1               n/a   
           jacobi_cg_inputs.Pothen/mesh3em5              n/a   
           jacobi_cg_inputs.Pothen/sphere2             2.53±0s 
          jacobi_cg_inputs.Sandia/ASIC_100ks             n/a   
          jacobi_cg_inputs.Sandia/ASIC_320ks             n/a   
          jacobi_cg_inputs.Sandia/ASIC_680ks             n/a   
     jacobi_cg_inputs.Schenk_AFE/af_shell3__rhs0         n/a   
     jacobi_cg_inputs.Schenk_AFE/af_shell4__rhs0         n/a   
     jacobi_cg_inputs.Schenk_AFE/af_shell7__rhs0         n/a   
     jacobi_cg_inputs.Schenk_AFE/af_shell8__rhs0         n/a   
       jacobi_cg_inputs.Um/2cubes_sphere__rhs0           n/a   
       jacobi_cg_inputs.VDOL/hangGlider_1__rhs0          n/a   
 jacobi_cg_inputs.VDOL/tumorAntiAngiogenesis_1__rhs0     n/a   
 jacobi_cg_inputs.VDOL/tumorAntiAngiogenesis_2__rhs0     n/a   
              jacobi_cg_inputs.VLSI/ss1                3.56±0s 
===================================================== =========

·· ===================================================== =========
                          dataset                                 
   ----------------------------------------------------- ---------
                  jacobi_cg_inputs.test_A0                  n/a   
                  jacobi_cg_inputs.test_A1                  n/a   
                  jacobi_cg_inputs.test_A2                  n/a   
                  jacobi_cg_inputs.test_A3                  n/a   
                  jacobi_cg_inputs.test_A4                  n/a   
                  jacobi_cg_inputs.test_A5                  n/a   
              jacobi_cg_inputs.Andrews/Andrews              n/a   
              jacobi_cg_inputs.Andrianov/ins2               n/a   
             jacobi_cg_inputs.Andrianov/net100              n/a   
             jacobi_cg_inputs.Andrianov/net125              n/a   
             jacobi_cg_inputs.Andrianov/net150              n/a   
              jacobi_cg_inputs.Andrianov/net25            3.56±0s 
              jacobi_cg_inputs.Andrianov/net50              n/a   
              jacobi_cg_inputs.Andrianov/net75              n/a   
                jacobi_cg_inputs.Bai/bfwb398                n/a   
                jacobi_cg_inputs.Bai/bfwb62                 n/a   
                jacobi_cg_inputs.Bai/bfwb782                n/a   
                jacobi_cg_inputs.Bai/dw256B                 n/a   
                jacobi_cg_inputs.Bai/dwb512                 n/a   
               jacobi_cg_inputs.Bai/mhd3200b              2.65±0s 
               jacobi_cg_inputs.Bai/mhd4800b                n/a   
                jacobi_cg_inputs.Bai/mhdb416                n/a   
               jacobi_cg_inputs.Bindel/ted_B                n/a   
           jacobi_cg_inputs.Bindel/ted_B_unscaled           n/a   
              jacobi_cg_inputs.Boeing/bcsstk34              n/a   
              jacobi_cg_inputs.Boeing/bcsstm39              n/a   
              jacobi_cg_inputs.Boeing/crystm01              n/a   
              jacobi_cg_inputs.Boeing/crystm02            3.13±0s 
              jacobi_cg_inputs.Boeing/crystm03              n/a   
              jacobi_cg_inputs.Boeing/msc00726              n/a   
         jacobi_cg_inputs.Botonakis/FEM_3D_thermal1         n/a   
         jacobi_cg_inputs.Botonakis/FEM_3D_thermal2         n/a   
          jacobi_cg_inputs.Botonakis/thermomech_TC          n/a   
          jacobi_cg_inputs.Botonakis/thermomech_dM          n/a   
        jacobi_cg_inputs.Bourchtein/atmosmodd__rhs1         n/a   
        jacobi_cg_inputs.Bourchtein/atmosmodj__rhs1       4.56±0s 
        jacobi_cg_inputs.Bourchtein/atmosmodl__rhs1         n/a   
        jacobi_cg_inputs.Bourchtein/atmosmodm__rhs1         n/a   
            jacobi_cg_inputs.Brunetiere/thermal             n/a   
             jacobi_cg_inputs.Cunningham/qa8fm              n/a   
          jacobi_cg_inputs.FEMLAB/poisson2D__rhs0           n/a   
              jacobi_cg_inputs.FEMLAB/problem1              n/a   
                jacobi_cg_inputs.FIDAP/ex29                 n/a   
                jacobi_cg_inputs.FIDAP/ex37               2.53±0s 
                 jacobi_cg_inputs.FIDAP/ex5                 n/a   
                 jacobi_cg_inputs.FIDAP/ex7                 n/a   
          jacobi_cg_inputs.Freescale/circuit5M_dc           n/a   
            jacobi_cg_inputs.GHS_psdef/jnlbrng1             n/a   
            jacobi_cg_inputs.GHS_psdef/minsurfo             n/a   
            jacobi_cg_inputs.GHS_psdef/obstclae             n/a   
            jacobi_cg_inputs.GHS_psdef/wathen100            n/a   
            jacobi_cg_inputs.GHS_psdef/wathen120            n/a   
             jacobi_cg_inputs.Grund/poli__rhs0            2.45±0s 
             jacobi_cg_inputs.Guettel/TEM27623              n/a   
                jacobi_cg_inputs.HB/bcspwr01                n/a   
                jacobi_cg_inputs.HB/bcspwr02                n/a   
                jacobi_cg_inputs.HB/bcsstk01                n/a   
                jacobi_cg_inputs.HB/bcsstk02                n/a   
                jacobi_cg_inputs.HB/bcsstk04                n/a   
                jacobi_cg_inputs.HB/bcsstk08                n/a   
                jacobi_cg_inputs.HB/bcsstk22              2.56±0s 
                jacobi_cg_inputs.HB/bcsstm02                n/a   
                jacobi_cg_inputs.HB/bcsstm05                n/a   
                jacobi_cg_inputs.HB/bcsstm06                n/a   
                jacobi_cg_inputs.HB/bcsstm07                n/a   
                jacobi_cg_inputs.HB/bcsstm08                n/a   
                jacobi_cg_inputs.HB/bcsstm09                n/a   
                jacobi_cg_inputs.HB/bcsstm11                n/a   
                jacobi_cg_inputs.HB/bcsstm19              2.43±0s 
                jacobi_cg_inputs.HB/bcsstm20                n/a   
                jacobi_cg_inputs.HB/bcsstm21                n/a   
                jacobi_cg_inputs.HB/bcsstm22                n/a   
                jacobi_cg_inputs.HB/bcsstm23                n/a   
                jacobi_cg_inputs.HB/bcsstm24                n/a   
                jacobi_cg_inputs.HB/bcsstm25                n/a   
                jacobi_cg_inputs.HB/bcsstm26                n/a   
                jacobi_cg_inputs.HB/can_144               2.50±0s 
                 jacobi_cg_inputs.HB/can_24                 n/a   
                 jacobi_cg_inputs.HB/can_61                 n/a   
                 jacobi_cg_inputs.HB/can_62                 n/a   
                 jacobi_cg_inputs.HB/can_73                 n/a   
                 jacobi_cg_inputs.HB/can_96                 n/a   
                 jacobi_cg_inputs.HB/dwt_59                 n/a   
                 jacobi_cg_inputs.HB/dwt_66                 n/a   
                 jacobi_cg_inputs.HB/dwt_72               2.57±0s 
                jacobi_cg_inputs.HB/fs_541_1                n/a   
                jacobi_cg_inputs.HB/gr_30_30                n/a   
                jacobi_cg_inputs.HB/jpwh_991                n/a   
                 jacobi_cg_inputs.HB/lap_25                 n/a   
                 jacobi_cg_inputs.HB/lund_a                 n/a   
                 jacobi_cg_inputs.HB/lund_b                 n/a   
                  jacobi_cg_inputs.HB/nos4                  n/a   
                  jacobi_cg_inputs.HB/nos6                2.53±0s 
                  jacobi_cg_inputs.HB/nos7                  n/a   
             jacobi_cg_inputs.HB/orani678__rhs1             n/a   
            jacobi_cg_inputs.HB/orani678__rhs10             n/a   
            jacobi_cg_inputs.HB/orani678__rhs11             n/a   
            jacobi_cg_inputs.HB/orani678__rhs12             n/a   
            jacobi_cg_inputs.HB/orani678__rhs14             n/a   
            jacobi_cg_inputs.HB/orani678__rhs15             n/a   
            jacobi_cg_inputs.HB/orani678__rhs16           2.44±0s 
            jacobi_cg_inputs.HB/orani678__rhs17             n/a   
            jacobi_cg_inputs.HB/orani678__rhs18             n/a   
            jacobi_cg_inputs.HB/orani678__rhs19             n/a   
             jacobi_cg_inputs.HB/orani678__rhs2             n/a   
             jacobi_cg_inputs.HB/orani678__rhs3             n/a   
             jacobi_cg_inputs.HB/orani678__rhs4             n/a   
             jacobi_cg_inputs.HB/orani678__rhs5             n/a   
             jacobi_cg_inputs.HB/orani678__rhs6           2.44±0s 
            jacobi_cg_inputs.HB/orani678__rhs62             n/a   
             jacobi_cg_inputs.HB/orani678__rhs7             n/a   
             jacobi_cg_inputs.HB/orani678__rhs8             n/a   
                 jacobi_cg_inputs.HB/watt_1                 n/a   
             jacobi_cg_inputs.Hamm/add32__rhs0              n/a   
             jacobi_cg_inputs.Lourakis/bundle1              n/a   
               jacobi_cg_inputs.MathWorks/Muu               n/a   
           jacobi_cg_inputs.MathWorks/tomography          2.46±0s 
         jacobi_cg_inputs.MaxPlanck/shallow_water1          n/a   
         jacobi_cg_inputs.MaxPlanck/shallow_water2          n/a   
              jacobi_cg_inputs.Mulvey/finan512              n/a   
            jacobi_cg_inputs.Nasa/nasa2146__rhs0            n/a   
              jacobi_cg_inputs.Nemeth/nemeth02              n/a   
              jacobi_cg_inputs.Nemeth/nemeth03              n/a   
              jacobi_cg_inputs.Nemeth/nemeth04              n/a   
              jacobi_cg_inputs.Nemeth/nemeth05            4.66±0s 
              jacobi_cg_inputs.Nemeth/nemeth06              n/a   
              jacobi_cg_inputs.Nemeth/nemeth07              n/a   
              jacobi_cg_inputs.Nemeth/nemeth08              n/a   
              jacobi_cg_inputs.Nemeth/nemeth09              n/a   
              jacobi_cg_inputs.Nemeth/nemeth10              n/a   
              jacobi_cg_inputs.Nemeth/nemeth11              n/a   
              jacobi_cg_inputs.Nemeth/nemeth12              n/a   
              jacobi_cg_inputs.Nemeth/nemeth13            2.87±0s 
              jacobi_cg_inputs.Nemeth/nemeth16              n/a   
              jacobi_cg_inputs.Nemeth/nemeth17              n/a   
                jacobi_cg_inputs.Norris/fv1                 n/a   
                jacobi_cg_inputs.Norris/fv2                 n/a   
             jacobi_cg_inputs.Oberwolfach/LF10              n/a   
             jacobi_cg_inputs.Oberwolfach/LFAT5             n/a   
                jacobi_cg_inputs.PARSEC/Si2                 n/a   
               jacobi_cg_inputs.Pothen/bodyy4             3.13±0s 
              jacobi_cg_inputs.Pothen/mesh1e1               n/a   
              jacobi_cg_inputs.Pothen/mesh1em1              n/a   
              jacobi_cg_inputs.Pothen/mesh1em6              n/a   
              jacobi_cg_inputs.Pothen/mesh2e1               n/a   
              jacobi_cg_inputs.Pothen/mesh2em5              n/a   
              jacobi_cg_inputs.Pothen/mesh3e1               n/a   
              jacobi_cg_inputs.Pothen/mesh3em5              n/a   
              jacobi_cg_inputs.Pothen/sphere2             2.53±0s 
             jacobi_cg_inputs.Sandia/ASIC_100ks             n/a   
             jacobi_cg_inputs.Sandia/ASIC_320ks             n/a   
             jacobi_cg_inputs.Sandia/ASIC_680ks             n/a   
        jacobi_cg_inputs.Schenk_AFE/af_shell3__rhs0         n/a   
        jacobi_cg_inputs.Schenk_AFE/af_shell4__rhs0         n/a   
        jacobi_cg_inputs.Schenk_AFE/af_shell7__rhs0         n/a   
        jacobi_cg_inputs.Schenk_AFE/af_shell8__rhs0         n/a   
          jacobi_cg_inputs.Um/2cubes_sphere__rhs0           n/a   
          jacobi_cg_inputs.VDOL/hangGlider_1__rhs0          n/a   
    jacobi_cg_inputs.VDOL/tumorAntiAngiogenesis_1__rhs0     n/a   
    jacobi_cg_inputs.VDOL/tumorAntiAngiogenesis_2__rhs0     n/a   
                 jacobi_cg_inputs.VLSI/ss1                3.56±0s 
   ===================================================== =========
ERROR:root:For parameters: jacobi_cg_inputs.Andrianov/net25
INFO root: Dataset suitesparse_matrix.Andrianov/net25 found in cache.

For parameters: jacobi_cg_inputs.Bai/mhd3200b
INFO root: Dataset suitesparse_matrix.Bai/mhd3200b found in cache.

For parameters: jacobi_cg_inputs.Boeing/crystm02
INFO root: Dataset suitesparse_matrix.Boeing/crystm02 found in cache.

For parameters: jacobi_cg_inputs.Bourchtein/atmosmodj__rhs1
INFO root: Dataset suitesparse_matrix.Bourchtein/atmosmodj found in cache.

For parameters: jacobi_cg_inputs.FIDAP/ex37
INFO root: Dataset suitesparse_matrix.FIDAP/ex37 found in cache.

For parameters: jacobi_cg_inputs.Grund/poli__rhs0
INFO root: Dataset suitesparse_matrix.Grund/poli found in cache.

For parameters: jacobi_cg_inputs.HB/bcsstk22
INFO root: Dataset suitesparse_matrix.HB/bcsstk22 found in cache.

For parameters: jacobi_cg_inputs.HB/bcsstm19
INFO root: Dataset suitesparse_matrix.HB/bcsstm19 found in cache.

For parameters: jacobi_cg_inputs.HB/can_144
INFO root: Dataset suitesparse_matrix.HB/can_144 found in cache.

For parameters: jacobi_cg_inputs.HB/dwt_72
INFO root: Dataset suitesparse_matrix.HB/dwt_72 found in cache.

For parameters: jacobi_cg_inputs.HB/nos6
INFO root: Dataset suitesparse_matrix.HB/nos6 found in cache.

For parameters: jacobi_cg_inputs.HB/orani678__rhs16
INFO root: Dataset suitesparse_matrix.HB/orani678 found in cache.
/storage/scratch1/7/wahrens6/SparseArrayProgrammingSuite/frameworks/saps_smart.py:735: RuntimeWarning: invalid value encountered in divide
  return attr(*args, **kwargs)

For parameters: jacobi_cg_inputs.HB/orani678__rhs6
INFO root: Dataset suitesparse_matrix.HB/orani678 found in cache.
/storage/scratch1/7/wahrens6/SparseArrayProgrammingSuite/frameworks/saps_smart.py:735: RuntimeWarning: invalid value encountered in divide
  return attr(*args, **kwargs)

For parameters: jacobi_cg_inputs.MathWorks/tomography
INFO root: Dataset suitesparse_matrix.MathWorks/tomography found in cache.

For parameters: jacobi_cg_inputs.Nemeth/nemeth05
INFO root: Dataset suitesparse_matrix.Nemeth/nemeth05 found in cache.

For parameters: jacobi_cg_inputs.Nemeth/nemeth13
INFO root: Dataset suitesparse_matrix.Nemeth/nemeth13 found in cache.

For parameters: jacobi_cg_inputs.Pothen/bodyy4
INFO root: Dataset suitesparse_matrix.Pothen/bodyy4 found in cache.

For parameters: jacobi_cg_inputs.Pothen/sphere2
INFO root: Dataset suitesparse_matrix.Pothen/sphere2 found in cache.

For parameters: jacobi_cg_inputs.VLSI/ss1
INFO root: Dataset suitesparse_matrix.VLSI/ss1 found in cache.

··· For parameters: jacobi_cg_inputs.Andrianov/net25
    INFO root: Dataset suitesparse_matrix.Andrianov/net25 found in cache.
    
    For parameters: jacobi_cg_inputs.Bai/mhd3200b
    INFO root: Dataset suitesparse_matrix.Bai/mhd3200b found in cache.
    
    For parameters: jacobi_cg_inputs.Boeing/crystm02
    INFO root: Dataset suitesparse_matrix.Boeing/crystm02 found in cache.
    
    For parameters: jacobi_cg_inputs.Bourchtein/atmosmodj__rhs1
    INFO root: Dataset suitesparse_matrix.Bourchtein/atmosmodj found in cache.
    
    For parameters: jacobi_cg_inputs.FIDAP/ex37
    INFO root: Dataset suitesparse_matrix.FIDAP/ex37 found in cache.
    
    For parameters: jacobi_cg_inputs.Grund/poli__rhs0
    INFO root: Dataset suitesparse_matrix.Grund/poli found in cache.
    
    For parameters: jacobi_cg_inputs.HB/bcsstk22
    INFO root: Dataset suitesparse_matrix.HB/bcsstk22 found in cache.
    
    For parameters: jacobi_cg_inputs.HB/bcsstm19
    INFO root: Dataset suitesparse_matrix.HB/bcsstm19 found in cache.
    
    For parameters: jacobi_cg_inputs.HB/can_144
    INFO root: Dataset suitesparse_matrix.HB/can_144 found in cache.
    
    For parameters: jacobi_cg_inputs.HB/dwt_72
    INFO root: Dataset suitesparse_matrix.HB/dwt_72 found in cache.
    
    For parameters: jacobi_cg_inputs.HB/nos6
    INFO root: Dataset suitesparse_matrix.HB/nos6 found in cache.
    
    For parameters: jacobi_cg_inputs.HB/orani678__rhs16
    INFO root: Dataset suitesparse_matrix.HB/orani678 found in cache.
    /storage/scratch1/7/wahrens6/SparseArrayProgrammingSuite/frameworks/saps_smart.py:735: RuntimeWarning: invalid value encountered in divide
      return attr(*args, **kwargs)
    
    For parameters: jacobi_cg_inputs.HB/orani678__rhs6
    INFO root: Dataset suitesparse_matrix.HB/orani678 found in cache.
    /storage/scratch1/7/wahrens6/SparseArrayProgrammingSuite/frameworks/saps_smart.py:735: RuntimeWarning: invalid value encountered in divide
      return attr(*args, **kwargs)
    
    For parameters: jacobi_cg_inputs.MathWorks/tomography
    INFO root: Dataset suitesparse_matrix.MathWorks/tomography found in cache.
    
    For parameters: jacobi_cg_inputs.Nemeth/nemeth05
    INFO root: Dataset suitesparse_matrix.Nemeth/nemeth05 found in cache.
    
    For parameters: jacobi_cg_inputs.Nemeth/nemeth13
    INFO root: Dataset suitesparse_matrix.Nemeth/nemeth13 found in cache.
    
    For parameters: jacobi_cg_inputs.Pothen/bodyy4
    INFO root: Dataset suitesparse_matrix.Pothen/bodyy4 found in cache.
    
    For parameters: jacobi_cg_inputs.Pothen/sphere2
    INFO root: Dataset suitesparse_matrix.Pothen/sphere2 found in cache.
    
    For parameters: jacobi_cg_inputs.VLSI/ss1
    INFO root: Dataset suitesparse_matrix.VLSI/ss1 found in cache.
INFO:root:...onditionedCGBenchmark.time_preconditioned_cg

·· ...onditionedCGBenchmark.time_preconditioned_cg                 okINFO:root:================================================== =========
                     dataset                                
-------------------------------------------------- ---------
          block_jacobi_cg_inputs.test_A0              n/a   
          block_jacobi_cg_inputs.test_A1              n/a   
          block_jacobi_cg_inputs.test_A2              n/a   
          block_jacobi_cg_inputs.test_A3              n/a   
          block_jacobi_cg_inputs.test_A4              n/a   
          block_jacobi_cg_inputs.test_A5              n/a   
      block_jacobi_cg_inputs.Andrews/Andrews          n/a   
     block_jacobi_cg_inputs.Andrianov/net100          n/a   
     block_jacobi_cg_inputs.Andrianov/net125        27.0±0s 
     block_jacobi_cg_inputs.Andrianov/net150          n/a   
      block_jacobi_cg_inputs.Andrianov/net25          n/a   
      block_jacobi_cg_inputs.Andrianov/net50          n/a   
      block_jacobi_cg_inputs.Andrianov/net75          n/a   
        block_jacobi_cg_inputs.Bai/dw256B             n/a   
        block_jacobi_cg_inputs.Bai/dwb512             n/a   
       block_jacobi_cg_inputs.Bai/mhd3200b            n/a   
       block_jacobi_cg_inputs.Bai/mhd4800b          7.50±0s 
        block_jacobi_cg_inputs.Bai/mhdb416            n/a   
       block_jacobi_cg_inputs.Bindel/ted_B            n/a   
   block_jacobi_cg_inputs.Bindel/ted_B_unscaled       n/a   
      block_jacobi_cg_inputs.Boeing/bcsstk34          n/a   
      block_jacobi_cg_inputs.Boeing/bcsstm39          n/a   
      block_jacobi_cg_inputs.Boeing/crystm01          n/a   
      block_jacobi_cg_inputs.Boeing/crystm02          n/a   
      block_jacobi_cg_inputs.Boeing/crystm03        13.4±0s 
 block_jacobi_cg_inputs.Botonakis/FEM_3D_thermal1     n/a   
 block_jacobi_cg_inputs.Botonakis/FEM_3D_thermal2     n/a   
  block_jacobi_cg_inputs.Botonakis/thermomech_TC      n/a   
  block_jacobi_cg_inputs.Botonakis/thermomech_dM      n/a   
    block_jacobi_cg_inputs.Brunetiere/thermal         n/a   
     block_jacobi_cg_inputs.Cunningham/qa8fm          n/a   
  block_jacobi_cg_inputs.FEMLAB/poisson2D__rhs0       n/a   
      block_jacobi_cg_inputs.FEMLAB/problem1        7.58±0s 
        block_jacobi_cg_inputs.FIDAP/ex29             n/a   
        block_jacobi_cg_inputs.FIDAP/ex37             n/a   
         block_jacobi_cg_inputs.FIDAP/ex5             n/a   
         block_jacobi_cg_inputs.FIDAP/ex7             n/a   
  block_jacobi_cg_inputs.Freescale/circuit5M_dc       n/a   
    block_jacobi_cg_inputs.GHS_psdef/jnlbrng1         n/a   
    block_jacobi_cg_inputs.GHS_psdef/minsurfo         n/a   
    block_jacobi_cg_inputs.GHS_psdef/obstclae         n/a   
    block_jacobi_cg_inputs.GHS_psdef/wathen100      12.8±0s 
    block_jacobi_cg_inputs.GHS_psdef/wathen120        n/a   
     block_jacobi_cg_inputs.Grund/poli__rhs0          n/a   
     block_jacobi_cg_inputs.Guettel/TEM27623          n/a   
        block_jacobi_cg_inputs.HB/bcsstk01            n/a   
        block_jacobi_cg_inputs.HB/bcsstk02            n/a   
        block_jacobi_cg_inputs.HB/bcsstk03            n/a   
        block_jacobi_cg_inputs.HB/bcsstk04            n/a   
        block_jacobi_cg_inputs.HB/bcsstk05          7.82±0s 
        block_jacobi_cg_inputs.HB/bcsstk08            n/a   
        block_jacobi_cg_inputs.HB/bcsstk22            n/a   
        block_jacobi_cg_inputs.HB/bcsstm02            n/a   
        block_jacobi_cg_inputs.HB/bcsstm05            n/a   
        block_jacobi_cg_inputs.HB/bcsstm06            n/a   
        block_jacobi_cg_inputs.HB/bcsstm07            n/a   
        block_jacobi_cg_inputs.HB/bcsstm08            n/a   
        block_jacobi_cg_inputs.HB/bcsstm09          7.30±0s 
        block_jacobi_cg_inputs.HB/bcsstm11            n/a   
        block_jacobi_cg_inputs.HB/bcsstm12            n/a   
        block_jacobi_cg_inputs.HB/bcsstm19            n/a   
        block_jacobi_cg_inputs.HB/bcsstm20            n/a   
        block_jacobi_cg_inputs.HB/bcsstm21            n/a   
        block_jacobi_cg_inputs.HB/bcsstm22            n/a   
        block_jacobi_cg_inputs.HB/bcsstm23            n/a   
        block_jacobi_cg_inputs.HB/bcsstm24          7.65±0s 
        block_jacobi_cg_inputs.HB/bcsstm25            n/a   
        block_jacobi_cg_inputs.HB/bcsstm26            n/a   
        block_jacobi_cg_inputs.HB/fs_541_1            n/a   
        block_jacobi_cg_inputs.HB/gr_30_30            n/a   
         block_jacobi_cg_inputs.HB/lund_a             n/a   
         block_jacobi_cg_inputs.HB/lund_b             n/a   
          block_jacobi_cg_inputs.HB/nos1              n/a   
          block_jacobi_cg_inputs.HB/nos4            7.86±0s 
          block_jacobi_cg_inputs.HB/nos6              n/a   
          block_jacobi_cg_inputs.HB/nos7              n/a   
     block_jacobi_cg_inputs.Hamm/add32__rhs0          n/a   
     block_jacobi_cg_inputs.Lourakis/bundle1          n/a   
       block_jacobi_cg_inputs.MathWorks/Muu           n/a   
   block_jacobi_cg_inputs.MathWorks/tomography        n/a   
 block_jacobi_cg_inputs.MaxPlanck/shallow_water1      n/a   
 block_jacobi_cg_inputs.MaxPlanck/shallow_water2    14.0±0s 
      block_jacobi_cg_inputs.Mulvey/finan512          n/a   
    block_jacobi_cg_inputs.Nasa/nasa2146__rhs0        n/a   
        block_jacobi_cg_inputs.Norris/fv1             n/a   
        block_jacobi_cg_inputs.Norris/fv2             n/a   
     block_jacobi_cg_inputs.Oberwolfach/LF10          n/a   
     block_jacobi_cg_inputs.Oberwolfach/LFAT5         n/a   
        block_jacobi_cg_inputs.PARSEC/Si2             n/a   
       block_jacobi_cg_inputs.Pothen/bodyy4         17.4±0s 
      block_jacobi_cg_inputs.Pothen/mesh1e1           n/a   
      block_jacobi_cg_inputs.Pothen/mesh1em1          n/a   
      block_jacobi_cg_inputs.Pothen/mesh1em6          n/a   
      block_jacobi_cg_inputs.Pothen/mesh2e1           n/a   
      block_jacobi_cg_inputs.Pothen/mesh2em5          n/a   
      block_jacobi_cg_inputs.Pothen/mesh3e1           n/a   
      block_jacobi_cg_inputs.Pothen/mesh3em5          n/a   
     block_jacobi_cg_inputs.Sandia/ASIC_100ks       8.15±0s 
     block_jacobi_cg_inputs.Sandia/ASIC_320ks         n/a   
  block_jacobi_cg_inputs.Um/2cubes_sphere__rhs0       n/a   
================================================== =========

·· ================================================== =========
                        dataset                                
   -------------------------------------------------- ---------
             block_jacobi_cg_inputs.test_A0              n/a   
             block_jacobi_cg_inputs.test_A1              n/a   
             block_jacobi_cg_inputs.test_A2              n/a   
             block_jacobi_cg_inputs.test_A3              n/a   
             block_jacobi_cg_inputs.test_A4              n/a   
             block_jacobi_cg_inputs.test_A5              n/a   
         block_jacobi_cg_inputs.Andrews/Andrews          n/a   
        block_jacobi_cg_inputs.Andrianov/net100          n/a   
        block_jacobi_cg_inputs.Andrianov/net125        27.0±0s 
        block_jacobi_cg_inputs.Andrianov/net150          n/a   
         block_jacobi_cg_inputs.Andrianov/net25          n/a   
         block_jacobi_cg_inputs.Andrianov/net50          n/a   
         block_jacobi_cg_inputs.Andrianov/net75          n/a   
           block_jacobi_cg_inputs.Bai/dw256B             n/a   
           block_jacobi_cg_inputs.Bai/dwb512             n/a   
          block_jacobi_cg_inputs.Bai/mhd3200b            n/a   
          block_jacobi_cg_inputs.Bai/mhd4800b          7.50±0s 
           block_jacobi_cg_inputs.Bai/mhdb416            n/a   
          block_jacobi_cg_inputs.Bindel/ted_B            n/a   
      block_jacobi_cg_inputs.Bindel/ted_B_unscaled       n/a   
         block_jacobi_cg_inputs.Boeing/bcsstk34          n/a   
         block_jacobi_cg_inputs.Boeing/bcsstm39          n/a   
         block_jacobi_cg_inputs.Boeing/crystm01          n/a   
         block_jacobi_cg_inputs.Boeing/crystm02          n/a   
         block_jacobi_cg_inputs.Boeing/crystm03        13.4±0s 
    block_jacobi_cg_inputs.Botonakis/FEM_3D_thermal1     n/a   
    block_jacobi_cg_inputs.Botonakis/FEM_3D_thermal2     n/a   
     block_jacobi_cg_inputs.Botonakis/thermomech_TC      n/a   
     block_jacobi_cg_inputs.Botonakis/thermomech_dM      n/a   
       block_jacobi_cg_inputs.Brunetiere/thermal         n/a   
        block_jacobi_cg_inputs.Cunningham/qa8fm          n/a   
     block_jacobi_cg_inputs.FEMLAB/poisson2D__rhs0       n/a   
         block_jacobi_cg_inputs.FEMLAB/problem1        7.58±0s 
           block_jacobi_cg_inputs.FIDAP/ex29             n/a   
           block_jacobi_cg_inputs.FIDAP/ex37             n/a   
            block_jacobi_cg_inputs.FIDAP/ex5             n/a   
            block_jacobi_cg_inputs.FIDAP/ex7             n/a   
     block_jacobi_cg_inputs.Freescale/circuit5M_dc       n/a   
       block_jacobi_cg_inputs.GHS_psdef/jnlbrng1         n/a   
       block_jacobi_cg_inputs.GHS_psdef/minsurfo         n/a   
       block_jacobi_cg_inputs.GHS_psdef/obstclae         n/a   
       block_jacobi_cg_inputs.GHS_psdef/wathen100      12.8±0s 
       block_jacobi_cg_inputs.GHS_psdef/wathen120        n/a   
        block_jacobi_cg_inputs.Grund/poli__rhs0          n/a   
        block_jacobi_cg_inputs.Guettel/TEM27623          n/a   
           block_jacobi_cg_inputs.HB/bcsstk01            n/a   
           block_jacobi_cg_inputs.HB/bcsstk02            n/a   
           block_jacobi_cg_inputs.HB/bcsstk03            n/a   
           block_jacobi_cg_inputs.HB/bcsstk04            n/a   
           block_jacobi_cg_inputs.HB/bcsstk05          7.82±0s 
           block_jacobi_cg_inputs.HB/bcsstk08            n/a   
           block_jacobi_cg_inputs.HB/bcsstk22            n/a   
           block_jacobi_cg_inputs.HB/bcsstm02            n/a   
           block_jacobi_cg_inputs.HB/bcsstm05            n/a   
           block_jacobi_cg_inputs.HB/bcsstm06            n/a   
           block_jacobi_cg_inputs.HB/bcsstm07            n/a   
           block_jacobi_cg_inputs.HB/bcsstm08            n/a   
           block_jacobi_cg_inputs.HB/bcsstm09          7.30±0s 
           block_jacobi_cg_inputs.HB/bcsstm11            n/a   
           block_jacobi_cg_inputs.HB/bcsstm12            n/a   
           block_jacobi_cg_inputs.HB/bcsstm19            n/a   
           block_jacobi_cg_inputs.HB/bcsstm20            n/a   
           block_jacobi_cg_inputs.HB/bcsstm21            n/a   
           block_jacobi_cg_inputs.HB/bcsstm22            n/a   
           block_jacobi_cg_inputs.HB/bcsstm23            n/a   
           block_jacobi_cg_inputs.HB/bcsstm24          7.65±0s 
           block_jacobi_cg_inputs.HB/bcsstm25            n/a   
           block_jacobi_cg_inputs.HB/bcsstm26            n/a   
           block_jacobi_cg_inputs.HB/fs_541_1            n/a   
           block_jacobi_cg_inputs.HB/gr_30_30            n/a   
            block_jacobi_cg_inputs.HB/lund_a             n/a   
            block_jacobi_cg_inputs.HB/lund_b             n/a   
             block_jacobi_cg_inputs.HB/nos1              n/a   
             block_jacobi_cg_inputs.HB/nos4            7.86±0s 
             block_jacobi_cg_inputs.HB/nos6              n/a   
             block_jacobi_cg_inputs.HB/nos7              n/a   
        block_jacobi_cg_inputs.Hamm/add32__rhs0          n/a   
        block_jacobi_cg_inputs.Lourakis/bundle1          n/a   
          block_jacobi_cg_inputs.MathWorks/Muu           n/a   
      block_jacobi_cg_inputs.MathWorks/tomography        n/a   
    block_jacobi_cg_inputs.MaxPlanck/shallow_water1      n/a   
    block_jacobi_cg_inputs.MaxPlanck/shallow_water2    14.0±0s 
         block_jacobi_cg_inputs.Mulvey/finan512          n/a   
       block_jacobi_cg_inputs.Nasa/nasa2146__rhs0        n/a   
           block_jacobi_cg_inputs.Norris/fv1             n/a   
           block_jacobi_cg_inputs.Norris/fv2             n/a   
        block_jacobi_cg_inputs.Oberwolfach/LF10          n/a   
        block_jacobi_cg_inputs.Oberwolfach/LFAT5         n/a   
           block_jacobi_cg_inputs.PARSEC/Si2             n/a   
          block_jacobi_cg_inputs.Pothen/bodyy4         17.4±0s 
         block_jacobi_cg_inputs.Pothen/mesh1e1           n/a   
         block_jacobi_cg_inputs.Pothen/mesh1em1          n/a   
         block_jacobi_cg_inputs.Pothen/mesh1em6          n/a   
         block_jacobi_cg_inputs.Pothen/mesh2e1           n/a   
         block_jacobi_cg_inputs.Pothen/mesh2em5          n/a   
         block_jacobi_cg_inputs.Pothen/mesh3e1           n/a   
         block_jacobi_cg_inputs.Pothen/mesh3em5          n/a   
        block_jacobi_cg_inputs.Sandia/ASIC_100ks       8.15±0s 
        block_jacobi_cg_inputs.Sandia/ASIC_320ks         n/a   
     block_jacobi_cg_inputs.Um/2cubes_sphere__rhs0       n/a   
   ================================================== =========
ERROR:root:For parameters: block_jacobi_cg_inputs.Andrianov/net125
INFO root: Dataset suitesparse_matrix.Andrianov/net125 found in cache.

For parameters: block_jacobi_cg_inputs.Bai/mhd4800b
INFO root: Dataset suitesparse_matrix.Bai/mhd4800b found in cache.

For parameters: block_jacobi_cg_inputs.Boeing/crystm03
INFO root: Dataset suitesparse_matrix.Boeing/crystm03 found in cache.

For parameters: block_jacobi_cg_inputs.FEMLAB/problem1
INFO root: Dataset suitesparse_matrix.FEMLAB/problem1 found in cache.

For parameters: block_jacobi_cg_inputs.GHS_psdef/wathen100
INFO root: Dataset suitesparse_matrix.GHS_psdef/wathen100 found in cache.

For parameters: block_jacobi_cg_inputs.HB/bcsstk05
INFO root: Dataset suitesparse_matrix.HB/bcsstk05 found in cache.

For parameters: block_jacobi_cg_inputs.HB/bcsstm09
INFO root: Dataset suitesparse_matrix.HB/bcsstm09 found in cache.

For parameters: block_jacobi_cg_inputs.HB/bcsstm24
INFO root: Dataset suitesparse_matrix.HB/bcsstm24 found in cache.

For parameters: block_jacobi_cg_inputs.HB/nos4
INFO root: Dataset suitesparse_matrix.HB/nos4 found in cache.

For parameters: block_jacobi_cg_inputs.MaxPlanck/shallow_water2
INFO root: Dataset suitesparse_matrix.MaxPlanck/shallow_water2 found in cache.

For parameters: block_jacobi_cg_inputs.Pothen/bodyy4
INFO root: Dataset suitesparse_matrix.Pothen/bodyy4 found in cache.

For parameters: block_jacobi_cg_inputs.Sandia/ASIC_100ks
INFO root: Dataset suitesparse_matrix.Sandia/ASIC_100ks found in cache.

··· For parameters: block_jacobi_cg_inputs.Andrianov/net125
    INFO root: Dataset suitesparse_matrix.Andrianov/net125 found in cache.
    
    For parameters: block_jacobi_cg_inputs.Bai/mhd4800b
    INFO root: Dataset suitesparse_matrix.Bai/mhd4800b found in cache.
    
    For parameters: block_jacobi_cg_inputs.Boeing/crystm03
    INFO root: Dataset suitesparse_matrix.Boeing/crystm03 found in cache.
    
    For parameters: block_jacobi_cg_inputs.FEMLAB/problem1
    INFO root: Dataset suitesparse_matrix.FEMLAB/problem1 found in cache.
    
    For parameters: block_jacobi_cg_inputs.GHS_psdef/wathen100
    INFO root: Dataset suitesparse_matrix.GHS_psdef/wathen100 found in cache.
    
    For parameters: block_jacobi_cg_inputs.HB/bcsstk05
    INFO root: Dataset suitesparse_matrix.HB/bcsstk05 found in cache.
    
    For parameters: block_jacobi_cg_inputs.HB/bcsstm09
    INFO root: Dataset suitesparse_matrix.HB/bcsstm09 found in cache.
    
    For parameters: block_jacobi_cg_inputs.HB/bcsstm24
    INFO root: Dataset suitesparse_matrix.HB/bcsstm24 found in cache.
    
    For parameters: block_jacobi_cg_inputs.HB/nos4
    INFO root: Dataset suitesparse_matrix.HB/nos4 found in cache.
    
    For parameters: block_jacobi_cg_inputs.MaxPlanck/shallow_water2
    INFO root: Dataset suitesparse_matrix.MaxPlanck/shallow_water2 found in cache.
    
    For parameters: block_jacobi_cg_inputs.Pothen/bodyy4
    INFO root: Dataset suitesparse_matrix.Pothen/bodyy4 found in cache.
    
    For parameters: block_jacobi_cg_inputs.Sandia/ASIC_100ks
    INFO root: Dataset suitesparse_matrix.Sandia/ASIC_100ks found in cache.
INFO:root:...ge.MRISobelEdgeBenchmark.time_mri_sobel_edge

·· ...ge.MRISobelEdgeBenchmark.time_mri_sobel_edge                 okINFO:root:===================================================== =========
                       dataset                                 
----------------------------------------------------- ---------
     mri_sobel_test_inputs.test_sobel_zero_image         n/a   
    mri_sobel_test_inputs.test_sobel_vertical_edge       n/a   
   mri_sobel_test_inputs.test_sobel_horizontal_edge      n/a   
 mri_sobel_test_inputs.test_sobel_generator_metadata     n/a   
             mri_sobel_inputs.mri_sobel_1                n/a   
             mri_sobel_inputs.mri_sobel_2                n/a   
             mri_sobel_inputs.mri_sobel_3              2.72±0s 
             mri_sobel_inputs.mri_sobel_4                n/a   
===================================================== =========

·· ===================================================== =========
                          dataset                                 
   ----------------------------------------------------- ---------
        mri_sobel_test_inputs.test_sobel_zero_image         n/a   
       mri_sobel_test_inputs.test_sobel_vertical_edge       n/a   
      mri_sobel_test_inputs.test_sobel_horizontal_edge      n/a   
    mri_sobel_test_inputs.test_sobel_generator_metadata     n/a   
                mri_sobel_inputs.mri_sobel_1                n/a   
                mri_sobel_inputs.mri_sobel_2                n/a   
                mri_sobel_inputs.mri_sobel_3              2.72±0s 
                mri_sobel_inputs.mri_sobel_4                n/a   
   ===================================================== =========
ERROR:root:For parameters: mri_sobel_inputs.mri_sobel_3
INFO root: Dataset mri_sobel_inputs.mri_sobel_3 found in cache.

··· For parameters: mri_sobel_inputs.mri_sobel_3
    INFO root: Dataset mri_sobel_inputs.mri_sobel_3 found in cache.
INFO:root:...hing.SubgraphMatching.time_subgraph_matching

·· ...hing.SubgraphMatching.time_subgraph_matching