---------------------------------------
Begin Slurm Prolog: Sep-23-2026 10:07:38
Job ID:    13483610
User ID:   wahrens6
Account:   gts-wahrens6
Job name:  dataset-upload
Partition: cpu-medium
QOS:       inferno
---------------------------------------
INFO:root:Using SAPS config: {'environment_type': 'existing:same'}
· Using SAPS config: {'environment_type': 'existing:same'}INFO:root:Using SAPS outputs directory: /storage/scratch1/7/wahrens6/SparseArrayProgrammingSuite/.saps/outputs

· Using SAPS outputs directory: /storage/scratch1/7/wahrens6/SparseArrayProgrammingSuite/.saps/outputsINFO:root:Using SAPS dataset cache: /storage/scratch1/7/wahrens6/SparseArrayProgrammingSuite/.saps/outputs/cache

· Using SAPS dataset cache: /storage/scratch1/7/wahrens6/SparseArrayProgrammingSuite/.saps/outputs/cacheINFO:root:Using SAPS machine files directory: /storage/scratch1/7/wahrens6/SparseArrayProgrammingSuite/.saps/machine_files

· Using SAPS machine files directory: /storage/scratch1/7/wahrens6/SparseArrayProgrammingSuite/.saps/machine_filesINFO:root:Discovering benchmarks

· Discovering benchmarksINFO:root:Benchmarking existing-py_storage_home_hcoda1_7_wahrens6_.cache_pypoetry_virtualenvs_saps-RkeCTkZF-py3.12_bin_python3
Discovered 21 benchmark entries for caching
Using timeout: 5000 seconds

· Benchmarking existing-py_storage_home_hcoda1_7_wahrens6_.cache_pypoetry_virtualenvs_saps-RkeCTkZF-py3.12_bin_python3INFO:root:...ference2DBenchmark.time_finite_difference_2d

·· ...ference2DBenchmark.time_finite_difference_2d                 okINFO:root:==================================================================================== =====
                                      dataset                                             
------------------------------------------------------------------------------------ -----
            finite_difference_inputs_2d_burgers.fd2d_test_scale_burgers               n/a 
          finite_difference_inputs_2d_burgers.fd2d_realistic_scale_burgers            n/a 
   finite_difference_inputs_2d_buckley_leverett.fd2d_test_scale_buckley_leverett      n/a 
 finite_difference_inputs_2d_buckley_leverett.fd2d_realistic_scale_buckley_leverett   n/a 
   finite_difference_inputs_2d_linear_advection.fd2d_test_scale_linear_advection      n/a 
 finite_difference_inputs_2d_linear_advection.fd2d_realistic_scale_linear_advection   n/a 
==================================================================================== =====

·· ==================================================================================== =====
                                         dataset                                             
   ------------------------------------------------------------------------------------ -----
               finite_difference_inputs_2d_burgers.fd2d_test_scale_burgers               n/a 
             finite_difference_inputs_2d_burgers.fd2d_realistic_scale_burgers            n/a 
      finite_difference_inputs_2d_buckley_leverett.fd2d_test_scale_buckley_leverett      n/a 
    finite_difference_inputs_2d_buckley_leverett.fd2d_realistic_scale_buckley_leverett   n/a 
      finite_difference_inputs_2d_linear_advection.fd2d_test_scale_linear_advection      n/a 
    finite_difference_inputs_2d_linear_advection.fd2d_realistic_scale_linear_advection   n/a 
   ==================================================================================== =====
INFO:root:...teDifferenceBenchmark.time_finite_difference

·· ...teDifferenceBenchmark.time_finite_difference                 okINFO:root:=============================================================================== =====
                                    dataset                                          
------------------------------------------------------------------------------- -----
             finite_difference_inputs_burgers.fd_test_scale_burgers              n/a 
          finite_difference_inputs_burgers.fd_realistic_scale_burgers            n/a 
    finite_difference_inputs_buckley_leverett.fd_test_scale_buckley_leverett     n/a 
 finite_difference_inputs_buckley_leverett.fd_realistic_scale_buckley_leverett   n/a 
    finite_difference_inputs_linear_advection.fd_test_scale_linear_advection     n/a 
 finite_difference_inputs_linear_advection.fd_realistic_scale_linear_advection   n/a 
=============================================================================== =====

·· =============================================================================== =====
                                       dataset                                          
   ------------------------------------------------------------------------------- -----
                finite_difference_inputs_burgers.fd_test_scale_burgers              n/a 
             finite_difference_inputs_burgers.fd_realistic_scale_burgers            n/a 
       finite_difference_inputs_buckley_leverett.fd_test_scale_buckley_leverett     n/a 
    finite_difference_inputs_buckley_leverett.fd_realistic_scale_buckley_leverett   n/a 
       finite_difference_inputs_linear_advection.fd_test_scale_linear_advection     n/a 
    finite_difference_inputs_linear_advection.fd_realistic_scale_linear_advection   n/a 
   =============================================================================== =====
INFO:root:...ApproxNearestNeighbor.time_simhash_approx_nn

·· ...ApproxNearestNeighbor.time_simhash_approx_nn                 okINFO:root:========================================================================= =====
                                 dataset                                       
------------------------------------------------------------------------- -----
  simhash_projection_test_inputs_dense.test_simhash_preserves_similarity   n/a 
 simhash_projection_test_inputs_sparse.test_simhash_preserves_similarity   n/a 
                  simhash_projection_inputs_dense.small                    n/a 
                  simhash_projection_inputs_dense.medium                   n/a 
                  simhash_projection_inputs_dense.large                    n/a 
                  simhash_projection_inputs_sparse.small                   n/a 
                 simhash_projection_inputs_sparse.medium                   n/a 
                  simhash_projection_inputs_sparse.large                   n/a 
                   simhash_approx_nn_openml_dense.mnist                    n/a 
                  simhash_approx_nn_openml_dense.cifar10                   n/a 
                  simhash_approx_nn_openml_sparse.mnist                    n/a 
                 simhash_approx_nn_openml_sparse.cifar10                   n/a 
                 simhash_approx_nn_netflix_dense.netflix                   n/a 
                 simhash_approx_nn_netflix_sparse.netflix                  n/a 
========================================================================= =====

·· ========================================================================= =====
                                    dataset                                       
   ------------------------------------------------------------------------- -----
     simhash_projection_test_inputs_dense.test_simhash_preserves_similarity   n/a 
    simhash_projection_test_inputs_sparse.test_simhash_preserves_similarity   n/a 
                     simhash_projection_inputs_dense.small                    n/a 
                     simhash_projection_inputs_dense.medium                   n/a 
                     simhash_projection_inputs_dense.large                    n/a 
                     simhash_projection_inputs_sparse.small                   n/a 
                    simhash_projection_inputs_sparse.medium                   n/a 
                     simhash_projection_inputs_sparse.large                   n/a 
                      simhash_approx_nn_openml_dense.mnist                    n/a 
                     simhash_approx_nn_openml_dense.cifar10                   n/a 
                     simhash_approx_nn_openml_sparse.mnist                    n/a 
                    simhash_approx_nn_openml_sparse.cifar10                   n/a 
                    simhash_approx_nn_netflix_dense.netflix                   n/a 
                    simhash_approx_nn_netflix_sparse.netflix                  n/a 
   ========================================================================= =====
INFO:root:...iseBenchmark.time_elementwise_multiplication

·· ...iseBenchmark.time_elementwise_multiplication                 okINFO:root:============================================================= =====
                           dataset                                 
------------------------------------------------------------- -----
              dense_elementwise_generator.small                n/a 
              dense_elementwise_generator.medium               n/a 
              dense_elementwise_generator.large                n/a 
 suitesparse_elementwise_generator.email-Eu-core-overlap-100   n/a 
  suitesparse_elementwise_generator.email-Eu-core-overlap-75   n/a 
  suitesparse_elementwise_generator.email-Eu-core-overlap-50   n/a 
  suitesparse_elementwise_generator.email-Eu-core-overlap-25   n/a 
    suitesparse_elementwise_generator.ca-GrQc-overlap-100      n/a 
     suitesparse_elementwise_generator.ca-GrQc-overlap-75      n/a 
     suitesparse_elementwise_generator.ca-GrQc-overlap-50      n/a 
     suitesparse_elementwise_generator.ca-GrQc-overlap-25      n/a 
   suitesparse_elementwise_generator.wiki-Vote-overlap-100     n/a 
    suitesparse_elementwise_generator.wiki-Vote-overlap-75     n/a 
    suitesparse_elementwise_generator.wiki-Vote-overlap-50     n/a 
    suitesparse_elementwise_generator.wiki-Vote-overlap-25     n/a 
   uniform_random_elementwise_generator.uniform-overlap-100    n/a 
   uniform_random_elementwise_generator.uniform-overlap-75     n/a 
   uniform_random_elementwise_generator.uniform-overlap-50     n/a 
   uniform_random_elementwise_generator.uniform-overlap-25     n/a 
============================================================= =====

·· ============================================================= =====
                              dataset                                 
   ------------------------------------------------------------- -----
                 dense_elementwise_generator.small                n/a 
                 dense_elementwise_generator.medium               n/a 
                 dense_elementwise_generator.large                n/a 
    suitesparse_elementwise_generator.email-Eu-core-overlap-100   n/a 
     suitesparse_elementwise_generator.email-Eu-core-overlap-75   n/a 
     suitesparse_elementwise_generator.email-Eu-core-overlap-50   n/a 
     suitesparse_elementwise_generator.email-Eu-core-overlap-25   n/a 
       suitesparse_elementwise_generator.ca-GrQc-overlap-100      n/a 
        suitesparse_elementwise_generator.ca-GrQc-overlap-75      n/a 
        suitesparse_elementwise_generator.ca-GrQc-overlap-50      n/a 
        suitesparse_elementwise_generator.ca-GrQc-overlap-25      n/a 
      suitesparse_elementwise_generator.wiki-Vote-overlap-100     n/a 
       suitesparse_elementwise_generator.wiki-Vote-overlap-75     n/a 
       suitesparse_elementwise_generator.wiki-Vote-overlap-50     n/a 
       suitesparse_elementwise_generator.wiki-Vote-overlap-25     n/a 
      uniform_random_elementwise_generator.uniform-overlap-100    n/a 
      uniform_random_elementwise_generator.uniform-overlap-75     n/a 
      uniform_random_elementwise_generator.uniform-overlap-50     n/a 
      uniform_random_elementwise_generator.uniform-overlap-25     n/a 
   ============================================================= =====
INFO:root:...osttTensorBenchmark.time_frostt_tensor_shell

·· ...osttTensorBenchmark.time_frostt_tensor_shell                 okINFO:root:================================== =====
             dataset                    
---------------------------------- -----
    frostt_tensor.matmul_2_2_2      n/a 
    frostt_tensor.matmul_3_3_3      n/a 
    frostt_tensor.matmul_4_3_2      n/a 
    frostt_tensor.matmul_4_4_3      n/a 
    frostt_tensor.matmul_4_4_4      n/a 
    frostt_tensor.matmul_5_5_5      n/a 
    frostt_tensor.matmul_6_3_3      n/a 
       frostt_tensor.nell_2         n/a 
 frostt_tensor.chicago_crime_comm   n/a 
    frostt_tensor.lbnl_network      n/a 
        frostt_tensor.toy           n/a 
        frostt_tensor.nips          n/a 
    frostt_tensor.uber_pickups      n/a 
 frostt_tensor.chicago_crime_geo    n/a 
  frostt_tensor.vast_2015_mc1_3d    n/a 
       frostt_tensor.nell_1         n/a 
  frostt_tensor.vast_2015_mc1_5d    n/a 
       frostt_tensor.enron          n/a 
     frostt_tensor.flickr_3d        n/a 
     frostt_tensor.flickr_4d        n/a 
    frostt_tensor.delicious_3d      n/a 
    frostt_tensor.delicious_4d      n/a 
   frostt_tensor.amazon_reviews     n/a 
      frostt_tensor.patents         n/a 
    frostt_tensor.reddit_2015       n/a 
        frostt_tensor.fb_m          n/a 
       frostt_tensor.darpa          n/a 
       frostt_tensor.lanl2          n/a 
================================== =====

·· ================================== =====
                dataset                    
   ---------------------------------- -----
       frostt_tensor.matmul_2_2_2      n/a 
       frostt_tensor.matmul_3_3_3      n/a 
       frostt_tensor.matmul_4_3_2      n/a 
       frostt_tensor.matmul_4_4_3      n/a 
       frostt_tensor.matmul_4_4_4      n/a 
       frostt_tensor.matmul_5_5_5      n/a 
       frostt_tensor.matmul_6_3_3      n/a 
          frostt_tensor.nell_2         n/a 
    frostt_tensor.chicago_crime_comm   n/a 
       frostt_tensor.lbnl_network      n/a 
           frostt_tensor.toy           n/a 
           frostt_tensor.nips          n/a 
       frostt_tensor.uber_pickups      n/a 
    frostt_tensor.chicago_crime_geo    n/a 
     frostt_tensor.vast_2015_mc1_3d    n/a 
          frostt_tensor.nell_1         n/a 
     frostt_tensor.vast_2015_mc1_5d    n/a 
          frostt_tensor.enron          n/a 
        frostt_tensor.flickr_3d        n/a 
        frostt_tensor.flickr_4d        n/a 
       frostt_tensor.delicious_3d      n/a 
       frostt_tensor.delicious_4d      n/a 
      frostt_tensor.amazon_reviews     n/a 
         frostt_tensor.patents         n/a 
       frostt_tensor.reddit_2015       n/a 
           frostt_tensor.fb_m          n/a 
          frostt_tensor.darpa          n/a 
          frostt_tensor.lanl2          n/a 
   ================================== =====
INFO:root:...licationBenchmark.time_matrix_multiplication

·· ...licationBenchmark.time_matrix_multiplication                 okINFO:root:=============================================== =====
                    dataset                          
----------------------------------------------- -----
          dense_matmul_generator.small           n/a 
         dense_matmul_generator.medium           n/a 
          dense_matmul_generator.large           n/a 
       suitesparse_matmul_generator.email        n/a 
   suitesparse_matmul_generator.email-Eu-core    n/a 
      suitesparse_matmul_generator.ca-GrQc       n/a 
     suitesparse_matmul_generator.bcsstk09       n/a 
    suitesparse_matmul_generator.Chebyshev3      n/a 
    suitesparse_matmul_generator.CollegeMsg      n/a 
     suitesparse_matmul_generator.wiki-Vote      n/a 
     suitesparse_matmul_generator.ca-HepPh       n/a 
        suitesparse_matmul_generator.Muu         n/a 
        suitesparse_matmul_generator.fv2         n/a 
     suitesparse_matmul_generator.Dubcova1       n/a 
 uniform_random_matmul_generator.uniform-1e-05   n/a 
 uniform_random_matmul_generator.uniform-1e-04   n/a 
 uniform_random_matmul_generator.uniform-1e-03   n/a 
 uniform_random_matmul_generator.uniform-1e-02   n/a 
 uniform_random_matmul_generator.uniform-1e-01   n/a 
=============================================== =====

·· =============================================== =====
                       dataset                          
   ----------------------------------------------- -----
             dense_matmul_generator.small           n/a 
            dense_matmul_generator.medium           n/a 
             dense_matmul_generator.large           n/a 
          suitesparse_matmul_generator.email        n/a 
      suitesparse_matmul_generator.email-Eu-core    n/a 
         suitesparse_matmul_generator.ca-GrQc       n/a 
        suitesparse_matmul_generator.bcsstk09       n/a 
       suitesparse_matmul_generator.Chebyshev3      n/a 
       suitesparse_matmul_generator.CollegeMsg      n/a 
        suitesparse_matmul_generator.wiki-Vote      n/a 
        suitesparse_matmul_generator.ca-HepPh       n/a 
           suitesparse_matmul_generator.Muu         n/a 
           suitesparse_matmul_generator.fv2         n/a 
        suitesparse_matmul_generator.Dubcova1       n/a 
    uniform_random_matmul_generator.uniform-1e-05   n/a 
    uniform_random_matmul_generator.uniform-1e-04   n/a 
    uniform_random_matmul_generator.uniform-1e-03   n/a 
    uniform_random_matmul_generator.uniform-1e-02   n/a 
    uniform_random_matmul_generator.uniform-1e-01   n/a 
   =============================================== =====
INFO:root:...l_counting.MCCompBenchmark.time_mccomp_shell

·· ...l_counting.MCCompBenchmark.time_mccomp_shell                 okINFO:root:=================================== =====
              dataset                    
----------------------------------- -----
    mccomp.track1_mc_random_mc_1     n/a 
    mccomp.track1_mc_random_mc_2     n/a 
    mccomp.track1_mc_random_mc_3     n/a 
    mccomp.track1_mc_random_mc_4     n/a 
    mccomp.track1_mc_random_mc_5     n/a 
    mccomp.track1_mc_random_mc_6     n/a 
    mccomp.track1_mc_random_mc_7     n/a 
    mccomp.track1_mc_random_mc_8     n/a 
    mccomp.track1_mc_random_mc_9     n/a 
   mccomp.track1_mc_random_mc_10     n/a 
   mccomp.track3_pmc_random_pmc_1    n/a 
   mccomp.track3_pmc_random_pmc_2    n/a 
   mccomp.track3_pmc_random_pmc_3    n/a 
   mccomp.track3_pmc_random_pmc_4    n/a 
   mccomp.track3_pmc_random_pmc_5    n/a 
   mccomp.track3_pmc_random_pmc_6    n/a 
   mccomp.track3_pmc_random_pmc_7    n/a 
   mccomp.track3_pmc_random_pmc_8    n/a 
   mccomp.track3_pmc_random_pmc_9    n/a 
  mccomp.track3_pmc_random_pmc_10    n/a 
  mccomp.track4_pwmc_random_pwmc_1   n/a 
  mccomp.track4_pwmc_random_pwmc_2   n/a 
  mccomp.track4_pwmc_random_pwmc_3   n/a 
  mccomp.track4_pwmc_random_pwmc_4   n/a 
  mccomp.track4_pwmc_random_pwmc_5   n/a 
  mccomp.track4_pwmc_random_pwmc_6   n/a 
  mccomp.track4_pwmc_random_pwmc_7   n/a 
  mccomp.track4_pwmc_random_pwmc_8   n/a 
  mccomp.track4_pwmc_random_pwmc_9   n/a 
 mccomp.track4_pwmc_random_pwmc_10   n/a 
  mccomp.track5b_amc_random_amc_1    n/a 
  mccomp.track5b_amc_random_amc_2    n/a 
  mccomp.track5b_amc_random_amc_3    n/a 
  mccomp.track5b_amc_random_amc_4    n/a 
  mccomp.track5b_amc_random_amc_5    n/a 
  mccomp.track5b_amc_random_amc_6    n/a 
  mccomp.track5b_amc_random_amc_7    n/a 
  mccomp.track5b_amc_random_amc_8    n/a 
  mccomp.track5b_amc_random_amc_9    n/a 
  mccomp.track5b_amc_random_amc_10   n/a 
=================================== =====

·· =================================== =====
                 dataset                    
   ----------------------------------- -----
       mccomp.track1_mc_random_mc_1     n/a 
       mccomp.track1_mc_random_mc_2     n/a 
       mccomp.track1_mc_random_mc_3     n/a 
       mccomp.track1_mc_random_mc_4     n/a 
       mccomp.track1_mc_random_mc_5     n/a 
       mccomp.track1_mc_random_mc_6     n/a 
       mccomp.track1_mc_random_mc_7     n/a 
       mccomp.track1_mc_random_mc_8     n/a 
       mccomp.track1_mc_random_mc_9     n/a 
      mccomp.track1_mc_random_mc_10     n/a 
      mccomp.track3_pmc_random_pmc_1    n/a 
      mccomp.track3_pmc_random_pmc_2    n/a 
      mccomp.track3_pmc_random_pmc_3    n/a 
      mccomp.track3_pmc_random_pmc_4    n/a 
      mccomp.track3_pmc_random_pmc_5    n/a 
      mccomp.track3_pmc_random_pmc_6    n/a 
      mccomp.track3_pmc_random_pmc_7    n/a 
      mccomp.track3_pmc_random_pmc_8    n/a 
      mccomp.track3_pmc_random_pmc_9    n/a 
     mccomp.track3_pmc_random_pmc_10    n/a 
     mccomp.track4_pwmc_random_pwmc_1   n/a 
     mccomp.track4_pwmc_random_pwmc_2   n/a 
     mccomp.track4_pwmc_random_pwmc_3   n/a 
     mccomp.track4_pwmc_random_pwmc_4   n/a 
     mccomp.track4_pwmc_random_pwmc_5   n/a 
     mccomp.track4_pwmc_random_pwmc_6   n/a 
     mccomp.track4_pwmc_random_pwmc_7   n/a 
     mccomp.track4_pwmc_random_pwmc_8   n/a 
     mccomp.track4_pwmc_random_pwmc_9   n/a 
    mccomp.track4_pwmc_random_pwmc_10   n/a 
     mccomp.track5b_amc_random_amc_1    n/a 
     mccomp.track5b_amc_random_amc_2    n/a 
     mccomp.track5b_amc_random_amc_3    n/a 
     mccomp.track5b_amc_random_amc_4    n/a 
     mccomp.track5b_amc_random_amc_5    n/a 
     mccomp.track5b_amc_random_amc_6    n/a 
     mccomp.track5b_amc_random_amc_7    n/a 
     mccomp.track5b_amc_random_amc_8    n/a 
     mccomp.track5b_amc_random_amc_9    n/a 
     mccomp.track5b_amc_random_amc_10   n/a 
   =================================== =====
INFO:root:...delCounting.time_Model Counting using einsum

·· ...delCounting.time_Model Counting using einsum                 okINFO:root:================================== =====
             dataset                    
---------------------------------- -----
       mc_generator.test_1          n/a 
       mc_generator.test_2          n/a 
       mc_generator.test_3          n/a 
       mc_generator.test_4          n/a 
 mccomp_mc.track1_mc_random_mc_1    n/a 
 mccomp_mc.track1_mc_random_mc_2    n/a 
 mccomp_mc.track1_mc_random_mc_3    n/a 
 mccomp_mc.track1_mc_random_mc_4    n/a 
 mccomp_mc.track1_mc_random_mc_5    n/a 
 mccomp_mc.track1_mc_random_mc_6    n/a 
 mccomp_mc.track1_mc_random_mc_7    n/a 
 mccomp_mc.track1_mc_random_mc_8    n/a 
 mccomp_mc.track1_mc_random_mc_9    n/a 
 mccomp_mc.track1_mc_random_mc_10   n/a 
================================== =====

·· ================================== =====
                dataset                    
   ---------------------------------- -----
          mc_generator.test_1          n/a 
          mc_generator.test_2          n/a 
          mc_generator.test_3          n/a 
          mc_generator.test_4          n/a 
    mccomp_mc.track1_mc_random_mc_1    n/a 
    mccomp_mc.track1_mc_random_mc_2    n/a 
    mccomp_mc.track1_mc_random_mc_3    n/a 
    mccomp_mc.track1_mc_random_mc_4    n/a 
    mccomp_mc.track1_mc_random_mc_5    n/a 
    mccomp_mc.track1_mc_random_mc_6    n/a 
    mccomp_mc.track1_mc_random_mc_7    n/a 
    mccomp_mc.track1_mc_random_mc_8    n/a 
    mccomp_mc.track1_mc_random_mc_9    n/a 
    mccomp_mc.track1_mc_random_mc_10   n/a 
   ================================== =====
INFO:root:....MaskedMRIEdgeBenchmark.time_masked_mri_edge

·· ....MaskedMRIEdgeBenchmark.time_masked_mri_edge                 okINFO:root:===================================================================== =====
                               dataset                                     
--------------------------------------------------------------------- -----
          masked_mri_test_inputs.test_masked_mri_zero_image            n/a 
           masked_mri_test_inputs.test_masked_mri_basic_roi            n/a 
 masked_mri_test_inputs.test_masked_mri_generator_builds_default_roi   n/a 
                    masked_mri_inputs.masked_mri_1                     n/a 
                    masked_mri_inputs.masked_mri_2                     n/a 
                    masked_mri_inputs.masked_mri_3                     n/a 
                    masked_mri_inputs.masked_mri_4                     n/a 
===================================================================== =====

·· ===================================================================== =====
                                  dataset                                     
   --------------------------------------------------------------------- -----
             masked_mri_test_inputs.test_masked_mri_zero_image            n/a 
              masked_mri_test_inputs.test_masked_mri_basic_roi            n/a 
    masked_mri_test_inputs.test_masked_mri_generator_builds_default_roi   n/a 
                       masked_mri_inputs.masked_mri_1                     n/a 
                       masked_mri_inputs.masked_mri_2                     n/a 
                       masked_mri_inputs.masked_mri_3                     n/a 
                       masked_mri_inputs.masked_mri_4                     n/a 
   ===================================================================== =====
INFO:root:...etflixPrizeBenchmark.time_netflixprize_shell

·· ...etflixPrizeBenchmark.time_netflixprize_shell                 okINFO:root:====================== =====
       dataset              
---------------------- -----
 netflixprize.netflix   n/a 
====================== =====

·· ====================== =====
          dataset              
   ---------------------- -----
    netflixprize.netflix   n/a 
   ====================== =====
INFO:root:ode.BackwardEuler.time_backward_euler

·· ode.BackwardEuler.time_backward_euler                           okINFO:root:===================================== =====
               dataset                     
------------------------------------- -----
             rc.rc_small               n/a 
            rlc.rlc_small              n/a 
 lotka_volterra.lotka_volterra_small   n/a 
     brusselator.brusselator_tiny      n/a 
      brusselator.brusselator_4        n/a 
        slicot_ode.slicot_eady         n/a 
      slicot_ode.slicot_cdplayer       n/a 
        slicot_ode.slicot_fom          n/a 
       slicot_ode.slicot_random        n/a 
        slicot_ode.slicot_pde          n/a 
     slicot_ode.slicot_heat_cont       n/a 
      slicot_ode.slicot_orr_som        n/a 
        slicot_ode.slicot_iss          n/a 
       slicot_ode.slicot_build         n/a 
        slicot_ode.slicot_beam         n/a 
===================================== =====

·· ===================================== =====
                  dataset                     
   ------------------------------------- -----
                rc.rc_small               n/a 
               rlc.rlc_small              n/a 
    lotka_volterra.lotka_volterra_small   n/a 
        brusselator.brusselator_tiny      n/a 
         brusselator.brusselator_4        n/a 
           slicot_ode.slicot_eady         n/a 
         slicot_ode.slicot_cdplayer       n/a 
           slicot_ode.slicot_fom          n/a 
          slicot_ode.slicot_random        n/a 
           slicot_ode.slicot_pde          n/a 
        slicot_ode.slicot_heat_cont       n/a 
         slicot_ode.slicot_orr_som        n/a 
           slicot_ode.slicot_iss          n/a 
          slicot_ode.slicot_build         n/a 
           slicot_ode.slicot_beam         n/a 
   ===================================== =====
INFO:root:...OGBNodePropBenchmark.time_ogb_nodeprop_shell

·· ...OGBNodePropBenchmark.time_ogb_nodeprop_shell                 okINFO:root:============================ =====
          dataset                 
---------------------------- -----
  ogb_nodeprop.ogbn_arxiv     n/a 
 ogb_nodeprop.ogbn_products   n/a 
 ogb_nodeprop.ogbn_proteins   n/a 
============================ =====

·· ============================ =====
             dataset                 
   ---------------------------- -----
     ogb_nodeprop.ogbn_arxiv     n/a 
    ogb_nodeprop.ogbn_products   n/a 
    ogb_nodeprop.ogbn_proteins   n/a 
   ============================ =====
INFO:root:...MLDatasetBenchmark.time_openml_dataset_shell

·· ...MLDatasetBenchmark.time_openml_dataset_shell                 okINFO:root:======================== =====
        dataset               
------------------------ -----
  openml_dataset.mnist    n/a 
 openml_dataset.cifar10   n/a 
======================== =====

·· ======================== =====
           dataset               
   ------------------------ -----
     openml_dataset.mnist    n/a 
    openml_dataset.cifar10   n/a 
   ======================== =====
INFO:root:...tumStatevectorBenchmark.time_rqc_statevector

·· ...tumStatevectorBenchmark.time_rqc_statevector                 okINFO:root:================================================= =====
                     dataset                           
------------------------------------------------- -----
      quantum_test_inputs.statevector_basic        n/a 
          quantum_test_inputs.gate_H_q0            n/a 
          quantum_test_inputs.gate_H_q1            n/a 
          quantum_test_inputs.gate_H_q2            n/a 
          quantum_test_inputs.gate_H_q3            n/a 
          quantum_test_inputs.gate_X_q0            n/a 
          quantum_test_inputs.gate_X_q1            n/a 
          quantum_test_inputs.gate_X_q2            n/a 
          quantum_test_inputs.gate_X_q3            n/a 
          quantum_test_inputs.gate_Y_q0            n/a 
          quantum_test_inputs.gate_Y_q1            n/a 
          quantum_test_inputs.gate_Y_q2            n/a 
          quantum_test_inputs.gate_Y_q3            n/a 
          quantum_test_inputs.gate_Z_q0            n/a 
          quantum_test_inputs.gate_Z_q1            n/a 
          quantum_test_inputs.gate_Z_q2            n/a 
          quantum_test_inputs.gate_Z_q3            n/a 
          quantum_test_inputs.gate_S_q0            n/a 
          quantum_test_inputs.gate_S_q1            n/a 
          quantum_test_inputs.gate_S_q2            n/a 
          quantum_test_inputs.gate_S_q3            n/a 
          quantum_test_inputs.gate_T_q0            n/a 
          quantum_test_inputs.gate_T_q1            n/a 
          quantum_test_inputs.gate_T_q2            n/a 
          quantum_test_inputs.gate_T_q3            n/a 
 quantum_test_inputs.h_twice_returns_to_original   n/a 
     quantum_state_inputs.single_layer_small       n/a 
      quantum_state_inputs.single_layer_tiny       n/a 
================================================= =====

·· ================================================= =====
                        dataset                           
   ------------------------------------------------- -----
         quantum_test_inputs.statevector_basic        n/a 
             quantum_test_inputs.gate_H_q0            n/a 
             quantum_test_inputs.gate_H_q1            n/a 
             quantum_test_inputs.gate_H_q2            n/a 
             quantum_test_inputs.gate_H_q3            n/a 
             quantum_test_inputs.gate_X_q0            n/a 
             quantum_test_inputs.gate_X_q1            n/a 
             quantum_test_inputs.gate_X_q2            n/a 
             quantum_test_inputs.gate_X_q3            n/a 
             quantum_test_inputs.gate_Y_q0            n/a 
             quantum_test_inputs.gate_Y_q1            n/a 
             quantum_test_inputs.gate_Y_q2            n/a 
             quantum_test_inputs.gate_Y_q3            n/a 
             quantum_test_inputs.gate_Z_q0            n/a 
             quantum_test_inputs.gate_Z_q1            n/a 
             quantum_test_inputs.gate_Z_q2            n/a 
             quantum_test_inputs.gate_Z_q3            n/a 
             quantum_test_inputs.gate_S_q0            n/a 
             quantum_test_inputs.gate_S_q1            n/a 
             quantum_test_inputs.gate_S_q2            n/a 
             quantum_test_inputs.gate_S_q3            n/a 
             quantum_test_inputs.gate_T_q0            n/a 
             quantum_test_inputs.gate_T_q1            n/a 
             quantum_test_inputs.gate_T_q2            n/a 
             quantum_test_inputs.gate_T_q3            n/a 
    quantum_test_inputs.h_twice_returns_to_original   n/a 
        quantum_state_inputs.single_layer_small       n/a 
         quantum_state_inputs.single_layer_tiny       n/a 
   ================================================= =====
INFO:root:sddmm.SDDMMBenchmark.time_sddmm

·· sddmm.SDDMMBenchmark.time_sddmm                                 okINFO:root:==================================================== =====
                      dataset                             
---------------------------------------------------- -----
   suitesparse_sddmm_generator.email-Eu-core-128      n/a 
       suitesparse_sddmm_generator.email-128          n/a 
      suitesparse_sddmm_generator.ca-GrQc-128         n/a 
     suitesparse_sddmm_generator.wiki-Vote-128        n/a 
      suitesparse_sddmm_generator.ca-HepPh-128        n/a 
 uniform_random_sddmm_generator.uniform-21-per-row    n/a 
 uniform_random_sddmm_generator.uniform-43-per-row    n/a 
 uniform_random_sddmm_generator.uniform-65-per-row    n/a 
 uniform_random_sddmm_generator.uniform-85-per-row    n/a 
 uniform_random_sddmm_generator.uniform-107-per-row   n/a 
 uniform_random_sddmm_generator.uniform-128-per-row   n/a 
 uniform_random_sddmm_generator.uniform-149-per-row   n/a 
==================================================== =====

·· ==================================================== =====
                         dataset                             
   ---------------------------------------------------- -----
      suitesparse_sddmm_generator.email-Eu-core-128      n/a 
          suitesparse_sddmm_generator.email-128          n/a 
         suitesparse_sddmm_generator.ca-GrQc-128         n/a 
        suitesparse_sddmm_generator.wiki-Vote-128        n/a 
         suitesparse_sddmm_generator.ca-HepPh-128        n/a 
    uniform_random_sddmm_generator.uniform-21-per-row    n/a 
    uniform_random_sddmm_generator.uniform-43-per-row    n/a 
    uniform_random_sddmm_generator.uniform-65-per-row    n/a 
    uniform_random_sddmm_generator.uniform-85-per-row    n/a 
    uniform_random_sddmm_generator.uniform-107-per-row   n/a 
    uniform_random_sddmm_generator.uniform-128-per-row   n/a 
    uniform_random_sddmm_generator.uniform-149-per-row   n/a 
   ==================================================== =====
INFO:root:snap.SNAPGraphBenchmark.time_snap_graph_shell

·· snap.SNAPGraphBenchmark.time_snap_graph_shell        59/113 failedINFO:root:========================================= ========
                 dataset                          
----------------------------------------- --------
       snap_graph.facebook_combined         n/a   
        snap_graph.gplus_combined          failed 
       snap_graph.twitter_combined          n/a   
         snap_graph.soc-Epinions1           n/a   
       snap_graph.soc-LiveJournal1          n/a   
           snap_graph.soc-Pokec            failed 
       snap_graph.soc-Slashdot0811          n/a   
       snap_graph.soc-Slashdot0922         failed 
           snap_graph.wiki-Vote             n/a   
           snap_graph.wiki-RfA             failed 
         snap_graph.gemsec-Deezer          failed 
        snap_graph.gemsec-Facebook         failed 
     snap_graph.soc-RedditHyperlinks       failed 
     snap_graph.soc-sign-bitcoin-otc       failed 
    snap_graph.soc-sign-bitcoin-alpha      failed 
      snap_graph.comm-f2f-Resistance       failed 
         snap_graph.musae-twitch           failed 
        snap_graph.musae-facebook          failed 
           snap_graph.act-mooc             failed 
         snap_graph.musae-github           failed 
     snap_graph.feather-deezer-social      failed 
     snap_graph.feather-lastfm-social      failed 
         snap_graph.twitch-gamers          failed 
       snap_graph.congress-Twitter         failed 
        snap_graph.com-LiveJournal         failed 
        snap_graph.com-Friendster          failed 
           snap_graph.com-Orkut            failed 
          snap_graph.com-Youtube           failed 
           snap_graph.com-DBLP             failed 
          snap_graph.com-Amazon            failed 
         snap_graph.email-Eu-core           n/a   
         snap_graph.wiki-topcats            n/a   
     snap_graph.cisco-secure-workload      failed 
          snap_graph.email-EuAll            n/a   
          snap_graph.email-Enron            n/a   
           snap_graph.wiki-Talk             n/a   
           snap_graph.cit-HepPh             n/a   
           snap_graph.cit-HepTh             n/a   
          snap_graph.cit-Patents            n/a   
          snap_graph.ca-AstroPh             n/a   
          snap_graph.ca-CondMat             n/a   
            snap_graph.ca-GrQc              n/a   
           snap_graph.ca-HepPh              n/a   
           snap_graph.ca-HepTh              n/a   
         snap_graph.web-BerkStan            n/a   
          snap_graph.web-Google             n/a   
         snap_graph.web-NotreDame           n/a   
         snap_graph.web-Stanford            n/a   
          snap_graph.amazon0302             n/a   
          snap_graph.amazon0312             n/a   
          snap_graph.amazon0505             n/a   
          snap_graph.amazon0601             n/a   
          snap_graph.amazon-meta           failed 
        snap_graph.p2p-Gnutella04           n/a   
        snap_graph.p2p-Gnutella05           n/a   
        snap_graph.p2p-Gnutella06           n/a   
        snap_graph.p2p-Gnutella08           n/a   
        snap_graph.p2p-Gnutella09           n/a   
        snap_graph.p2p-Gnutella24           n/a   
        snap_graph.p2p-Gnutella25           n/a   
        snap_graph.p2p-Gnutella30           n/a   
        snap_graph.p2p-Gnutella31           n/a   
          snap_graph.roadNet-CA             n/a   
          snap_graph.roadNet-PA             n/a   
          snap_graph.roadNet-TX             n/a   
            snap_graph.as-733              failed 
          snap_graph.as-Skitter            failed 
           snap_graph.as-Caida             failed 
           snap_graph.Oregon-1             failed 
           snap_graph.Oregon-2             failed 
       snap_graph.soc-sign-epinions         n/a   
           snap_graph.wiki-Elec            failed 
    snap_graph.soc-sign-Slashdot081106      n/a   
    snap_graph.soc-sign-Slashdot090216      n/a   
    snap_graph.soc-sign-Slashdot090221      n/a   
          snap_graph.loc-Gowalla           failed 
        snap_graph.loc-Brightkite          failed 
          snap_graph.wikispeedia           failed 
           snap_graph.wiki-meta            failed 
          snap_graph.wiki-hoaxes           failed 
          snap_graph.musae-wiki            failed 
       snap_graph.sx-stackoverflow          n/a   
        snap_graph.sx-mathoverflow          n/a   
         snap_graph.sx-superuser            n/a   
         snap_graph.sx-askubuntu            n/a   
      snap_graph.wiki-talk-temporal         n/a   
    snap_graph.email-Eu-core-temporal       n/a   
          snap_graph.CollegeMsg             n/a   
           snap_graph.twitter7             failed 
         snap_graph.memetracker9           failed 
        snap_graph.ksc-time-series         failed 
         snap_graph.higgs-twitter          failed 
     snap_graph.web-RedditEmbeddings       failed 
    snap_graph.web-RedditPizzaRequests     failed 
          snap_graph.web-Reddit            failed 
          snap_graph.web-flickr            failed 
       snap_graph.web-BeerAdvocate         failed 
         snap_graph.web-RateBeer           failed 
       snap_graph.web-CellarTracker        failed 
          snap_graph.web-Amazon            failed 
         snap_graph.web-FineFoods          failed 
          snap_graph.web-Movies            failed 
        snap_graph.Deezer Ego-nets         failed 
       snap_graph.GitHub Stargazers        failed 
        snap_graph.Reddit Threads          failed 
           snap_graph.Ego-Nets             failed 
       snap_graph.ERC20-stablecoins        failed 
      snap_graph.ethereum-exchanges        failed 
         snap_graph.telecom-graph          failed 
 snap_graph.email-Eu-core-temporal-Dept1    n/a   
 snap_graph.email-Eu-core-temporal-Dept2    n/a   
 snap_graph.email-Eu-core-temporal-Dept3    n/a   
 snap_graph.email-Eu-core-temporal-Dept4    n/a   
========================================= ========
For parameters: snap_graph.facebook_combined
INFO botocore.tokens: Loading cached SSO token for pace-uploader
asv: skipped: NotImplementedError('dataset cached')

For parameters: snap_graph.gplus_combined
Traceback (most recent call last):
  File "/storage/home/hcoda1/7/wahrens6/.cache/pypoetry/virtualenvs/saps-RkeCTkZF-py3.12/lib/python3.12/site-packages/asv_runner/server.py", line 179, in _run_server
    _run(run_args)
  File "/storage/home/hcoda1/7/wahrens6/.cache/pypoetry/virtualenvs/saps-RkeCTkZF-py3.12/lib/python3.12/site-packages/asv_runner/run.py", line 66, in _run
    skip = benchmark.do_setup()
           ^^^^^^^^^^^^^^^^^^^^
  File "/storage/home/hcoda1/7/wahrens6/.cache/pypoetry/virtualenvs/saps-RkeCTkZF-py3.12/lib/python3.12/site-packages/asv_runner/benchmarks/time.py", line 121, in do_setup
    result = Benchmark.do_setup(self)
             ^^^^^^^^^^^^^^^^^^^^^^^^
  File "/storage/home/hcoda1/7/wahrens6/.cache/pypoetry/virtualenvs/saps-RkeCTkZF-py3.12/lib/python3.12/site-packages/asv_runner/benchmarks/_base.py", line 723, in do_setup
    setup(*self._build_params())
  File "/storage/scratch1/7/wahrens6/SparseArrayProgrammingSuite/src/saps/benchmark.py", line 428, in setup
    if param.generator.cacheable and not param.generator.backend.upload_dataset(
                                         ^^^^^^^^^^^^^^^^^^^^^^^^^^^^^^^^^^^^^^^
  File "/storage/scratch1/7/wahrens6/SparseArrayProgrammingSuite/src/saps/storage.py", line 167, in upload_dataset
    _, digest, local_path = self._generate_and_cache(generator, dataset)
                            ^^^^^^^^^^^^^^^^^^^^^^^^^^^^^^^^^^^^^^^^^^^^
  File "/storage/scratch1/7/wahrens6/SparseArrayProgrammingSuite/src/saps/storage.py", line 121, in _generate_and_cache
    data = generator.generate(dataset)
           ^^^^^^^^^^^^^^^^^^^^^^^^^^^
  File "/storage/scratch1/7/wahrens6/SparseArrayProgrammingSuite/src/saps/benchmarks/snap.py", line 434, in generate
    inputs, meta = download_snap_dataset(
                   ^^^^^^^^^^^^^^^^^^^^^^
  File "/storage/scratch1/7/wahrens6/SparseArrayProgrammingSuite/src/saps/downloaders/snap.py", line 38, in download_snap_dataset
    adjacency, raw_node_ids, meta = parse_snap_edge_list(
                                    ^^^^^^^^^^^^^^^^^^^^^
  File "/storage/scratch1/7/wahrens6/SparseArrayProgrammingSuite/src/saps/downloaders/snap.py", line 98, in parse_snap_edge_list
    rows = np.fromiter((src for src, _ in edges), dtype=np.int64, count=len(edges))
           ^^^^^^^^^^^^^^^^^^^^^^^^^^^^^^^^^^^^^^^^^^^^^^^^^^^^^^^^^^^^^^^^^^^^^^^^
OverflowError: Python int too large to convert to C long

For parameters: snap_graph.twitter_combined
INFO botocore.tokens: Loading cached SSO token for pace-uploader
asv: skipped: NotImplementedError('dataset cached')

For parameters: snap_graph.soc-Epinions1
INFO botocore.tokens: Loading cached SSO token for pace-uploader
asv: skipped: NotImplementedError('dataset cached')

For parameters: snap_graph.soc-LiveJournal1
INFO botocore.tokens: Loading cached SSO token for pace-uploader
asv: skipped: NotImplementedError('dataset cached')

For parameters: snap_graph.soc-Pokec
Traceback (most recent call last):
  File "/storage/home/hcoda1/7/wahrens6/.cache/pypoetry/virtualenvs/saps-RkeCTkZF-py3.12/lib/python3.12/site-packages/asv_runner/server.py", line 179, in _run_server
    _run(run_args)
  File "/storage/home/hcoda1/7/wahrens6/.cache/pypoetry/virtualenvs/saps-RkeCTkZF-py3.12/lib/python3.12/site-packages/asv_runner/run.py", line 66, in _run
    skip = benchmark.do_setup()
           ^^^^^^^^^^^^^^^^^^^^
  File "/storage/home/hcoda1/7/wahrens6/.cache/pypoetry/virtualenvs/saps-RkeCTkZF-py3.12/lib/python3.12/site-packages/asv_runner/benchmarks/time.py", line 121, in do_setup
    result = Benchmark.do_setup(self)
             ^^^^^^^^^^^^^^^^^^^^^^^^
  File "/storage/home/hcoda1/7/wahrens6/.cache/pypoetry/virtualenvs/saps-RkeCTkZF-py3.12/lib/python3.12/site-packages/asv_runner/benchmarks/_base.py", line 723, in do_setup
    setup(*self._build_params())
  File "/storage/scratch1/7/wahrens6/SparseArrayProgrammingSuite/src/saps/benchmark.py", line 428, in setup
    if param.generator.cacheable and not param.generator.backend.upload_dataset(
                                         ^^^^^^^^^^^^^^^^^^^^^^^^^^^^^^^^^^^^^^^
  File "/storage/scratch1/7/wahrens6/SparseArrayProgrammingSuite/src/saps/storage.py", line 167, in upload_dataset
    _, digest, local_path = self._generate_and_cache(generator, dataset)
                            ^^^^^^^^^^^^^^^^^^^^^^^^^^^^^^^^^^^^^^^^^^^^
  File "/storage/scratch1/7/wahrens6/SparseArrayProgrammingSuite/src/saps/storage.py", line 121, in _generate_and_cache
    data = generator.generate(dataset)
           ^^^^^^^^^^^^^^^^^^^^^^^^^^^
  File "/storage/scratch1/7/wahrens6/SparseArrayProgrammingSuite/src/saps/benchmarks/snap.py", line 434, in generate
    inputs, meta = download_snap_dataset(
                   ^^^^^^^^^^^^^^^^^^^^^^
  File "/storage/scratch1/7/wahrens6/SparseArrayProgrammingSuite/src/saps/downloaders/snap.py", line 37, in download_snap_dataset
    edge_list_path = _ensure_downloaded(slug, dataset_dir)
                     ^^^^^^^^^^^^^^^^^^^^^^^^^^^^^^^^^^^^^
  File "/storage/scratch1/7/wahrens6/SparseArrayProgrammingSuite/src/saps/downloaders/snap.py", line 166, in _ensure_downloaded
    urllib.request.urlretrieve(url, tmp_path)
  File "/storage/pace-apps/spack/packages/linux-rhel9-x86_64_v3/gcc-11.3.1/python-3.12.5-5sase6atfv2x5tf7dy5x5sqfzyguhsia/lib/python3.12/urllib/request.py", line 240, in urlretrieve
    with contextlib.closing(urlopen(url, data)) as fp:
                            ^^^^^^^^^^^^^^^^^^
  File "/storage/pace-apps/spack/packages/linux-rhel9-x86_64_v3/gcc-11.3.1/python-3.12.5-5sase6atfv2x5tf7dy5x5sqfzyguhsia/lib/python3.12/urllib/request.py", line 215, in urlopen
    return opener.open(url, data, timeout)
           ^^^^^^^^^^^^^^^^^^^^^^^^^^^^^^^
  File "/storage/pace-apps/spack/packages/linux-rhel9-x86_64_v3/gcc-11.3.1/python-3.12.5-5sase6atfv2x5tf7dy5x5sqfzyguhsia/lib/python3.12/urllib/request.py", line 521, in open
    response = meth(req, response)
               ^^^^^^^^^^^^^^^^^^^
  File "/storage/pace-apps/spack/packages/linux-rhel9-x86_64_v3/gcc-11.3.1/python-3.12.5-5sase6atfv2x5tf7dy5x5sqfzyguhsia/lib/python3.12/urllib/request.py", line 630, in http_response
    response = self.parent.error(
               ^^^^^^^^^^^^^^^^^^
  File "/storage/pace-apps/spack/packages/linux-rhel9-x86_64_v3/gcc-11.3.1/python-3.12.5-5sase6atfv2x5tf7dy5x5sqfzyguhsia/lib/python3.12/urllib/request.py", line 559, in error
    return self._call_chain(*args)
           ^^^^^^^^^^^^^^^^^^^^^^^
  File "/storage/pace-apps/spack/packages/linux-rhel9-x86_64_v3/gcc-11.3.1/python-3.12.5-5sase6atfv2x5tf7dy5x5sqfzyguhsia/lib/python3.12/urllib/request.py", line 492, in _call_chain
    result = func(*args)
             ^^^^^^^^^^^
  File "/storage/pace-apps/spack/packages/linux-rhel9-x86_64_v3/gcc-11.3.1/python-3.12.5-5sase6atfv2x5tf7dy5x5sqfzyguhsia/lib/python3.12/urllib/request.py", line 639, in http_error_default
    raise HTTPError(req.full_url, code, msg, hdrs, fp)
urllib.error.HTTPError: HTTP Error 404: Not Found

For parameters: snap_graph.soc-Slashdot0811
INFO botocore.tokens: Loading cached SSO token for pace-uploader
asv: skipped: NotImplementedError('dataset cached')

For parameters: snap_graph.soc-Slashdot0922
Traceback (most recent call last):
  File "/storage/home/hcoda1/7/wahrens6/.cache/pypoetry/virtualenvs/saps-RkeCTkZF-py3.12/lib/python3.12/site-packages/asv_runner/server.py", line 179, in _run_server
    _run(run_args)
  File "/storage/home/hcoda1/7/wahrens6/.cache/pypoetry/virtualenvs/saps-RkeCTkZF-py3.12/lib/python3.12/site-packages/asv_runner/run.py", line 66, in _run
    skip = benchmark.do_setup()
           ^^^^^^^^^^^^^^^^^^^^
  File "/storage/home/hcoda1/7/wahrens6/.cache/pypoetry/virtualenvs/saps-RkeCTkZF-py3.12/lib/python3.12/site-packages/asv_runner/benchmarks/time.py", line 121, in do_setup
    result = Benchmark.do_setup(self)
             ^^^^^^^^^^^^^^^^^^^^^^^^
  File "/storage/home/hcoda1/7/wahrens6/.cache/pypoetry/virtualenvs/saps-RkeCTkZF-py3.12/lib/python3.12/site-packages/asv_runner/benchmarks/_base.py", line 723, in do_setup
    setup(*self._build_params())
  File "/storage/scratch1/7/wahrens6/SparseArrayProgrammingSuite/src/saps/benchmark.py", line 428, in setup
    if param.generator.cacheable and not param.generator.backend.upload_dataset(
                                         ^^^^^^^^^^^^^^^^^^^^^^^^^^^^^^^^^^^^^^^
  File "/storage/scratch1/7/wahrens6/SparseArrayProgrammingSuite/src/saps/storage.py", line 167, in upload_dataset
    _, digest, local_path = self._generate_and_cache(generator, dataset)
                            ^^^^^^^^^^^^^^^^^^^^^^^^^^^^^^^^^^^^^^^^^^^^
  File "/storage/scratch1/7/wahrens6/SparseArrayProgrammingSuite/src/saps/storage.py", line 121, in _generate_and_cache
    data = generator.generate(dataset)
           ^^^^^^^^^^^^^^^^^^^^^^^^^^^
  File "/storage/scratch1/7/wahrens6/SparseArrayProgrammingSuite/src/saps/benchmarks/snap.py", line 434, in generate
    inputs, meta = download_snap_dataset(
                   ^^^^^^^^^^^^^^^^^^^^^^
  File "/storage/scratch1/7/wahrens6/SparseArrayProgrammingSuite/src/saps/downloaders/snap.py", line 37, in download_snap_dataset
    edge_list_path = _ensure_downloaded(slug, dataset_dir)
                     ^^^^^^^^^^^^^^^^^^^^^^^^^^^^^^^^^^^^^
  File "/storage/scratch1/7/wahrens6/SparseArrayProgrammingSuite/src/saps/downloaders/snap.py", line 166, in _ensure_downloaded
    urllib.request.urlretrieve(url, tmp_path)
  File "/storage/pace-apps/spack/packages/linux-rhel9-x86_64_v3/gcc-11.3.1/python-3.12.5-5sase6atfv2x5tf7dy5x5sqfzyguhsia/lib/python3.12/urllib/request.py", line 240, in urlretrieve
    with contextlib.closing(urlopen(url, data)) as fp:
                            ^^^^^^^^^^^^^^^^^^
  File "/storage/pace-apps/spack/packages/linux-rhel9-x86_64_v3/gcc-11.3.1/python-3.12.5-5sase6atfv2x5tf7dy5x5sqfzyguhsia/lib/python3.12/urllib/request.py", line 215, in urlopen
    return opener.open(url, data, timeout)
           ^^^^^^^^^^^^^^^^^^^^^^^^^^^^^^^
  File "/storage/pace-apps/spack/packages/linux-rhel9-x86_64_v3/gcc-11.3.1/python-3.12.5-5sase6atfv2x5tf7dy5x5sqfzyguhsia/lib/python3.12/urllib/request.py", line 521, in open
    response = meth(req, response)
               ^^^^^^^^^^^^^^^^^^^
  File "/storage/pace-apps/spack/packages/linux-rhel9-x86_64_v3/gcc-11.3.1/python-3.12.5-5sase6atfv2x5tf7dy5x5sqfzyguhsia/lib/python3.12/urllib/request.py", line 630, in http_response
    response = self.parent.error(
               ^^^^^^^^^^^^^^^^^^
  File "/storage/pace-apps/spack/packages/linux-rhel9-x86_64_v3/gcc-11.3.1/python-3.12.5-5sase6atfv2x5tf7dy5x5sqfzyguhsia/lib/python3.12/urllib/request.py", line 559, in error
    return self._call_chain(*args)
           ^^^^^^^^^^^^^^^^^^^^^^^
  File "/storage/pace-apps/spack/packages/linux-rhel9-x86_64_v3/gcc-11.3.1/python-3.12.5-5sase6atfv2x5tf7dy5x5sqfzyguhsia/lib/python3.12/urllib/request.py", line 492, in _call_chain
    result = func(*args)
             ^^^^^^^^^^^
  File "/storage/pace-apps/spack/packages/linux-rhel9-x86_64_v3/gcc-11.3.1/python-3.12.5-5sase6atfv2x5tf7dy5x5sqfzyguhsia/lib/python3.12/urllib/request.py", line 639, in http_error_default
    raise HTTPError(req.full_url, code, msg, hdrs, fp)
urllib.error.HTTPError: HTTP Error 404: Not Found

For parameters: snap_graph.wiki-Vote
INFO botocore.tokens: Loading cached SSO token for pace-uploader
asv: skipped: NotImplementedError('dataset cached')

For parameters: snap_graph.wiki-RfA
Traceback (most recent call last):
  File "/storage/home/hcoda1/7/wahrens6/.cache/pypoetry/virtualenvs/saps-RkeCTkZF-py3.12/lib/python3.12/site-packages/asv_runner/server.py", line 179, in _run_server
    _run(run_args)
  File "/storage/home/hcoda1/7/wahrens6/.cache/pypoetry/virtualenvs/saps-RkeCTkZF-py3.12/lib/python3.12/site-packages/asv_runner/run.py", line 66, in _run
    skip = benchmark.do_setup()
           ^^^^^^^^^^^^^^^^^^^^
  File "/storage/home/hcoda1/7/wahrens6/.cache/pypoetry/virtualenvs/saps-RkeCTkZF-py3.12/lib/python3.12/site-packages/asv_runner/benchmarks/time.py", line 121, in do_setup
    result = Benchmark.do_setup(self)
             ^^^^^^^^^^^^^^^^^^^^^^^^
  File "/storage/home/hcoda1/7/wahrens6/.cache/pypoetry/virtualenvs/saps-RkeCTkZF-py3.12/lib/python3.12/site-packages/asv_runner/benchmarks/_base.py", line 723, in do_setup
    setup(*self._build_params())
  File "/storage/scratch1/7/wahrens6/SparseArrayProgrammingSuite/src/saps/benchmark.py", line 428, in setup
    if param.generator.cacheable and not param.generator.backend.upload_dataset(
                                         ^^^^^^^^^^^^^^^^^^^^^^^^^^^^^^^^^^^^^^^
  File "/storage/scratch1/7/wahrens6/SparseArrayProgrammingSuite/src/saps/storage.py", line 167, in upload_dataset
    _, digest, local_path = self._generate_and_cache(generator, dataset)
                            ^^^^^^^^^^^^^^^^^^^^^^^^^^^^^^^^^^^^^^^^^^^^
  File "/storage/scratch1/7/wahrens6/SparseArrayProgrammingSuite/src/saps/storage.py", line 121, in _generate_and_cache
    data = generator.generate(dataset)
           ^^^^^^^^^^^^^^^^^^^^^^^^^^^
  File "/storage/scratch1/7/wahrens6/SparseArrayProgrammingSuite/src/saps/benchmarks/snap.py", line 434, in generate
    inputs, meta = download_snap_dataset(
                   ^^^^^^^^^^^^^^^^^^^^^^
  File "/storage/scratch1/7/wahrens6/SparseArrayProgrammingSuite/src/saps/downloaders/snap.py", line 38, in download_snap_dataset
    adjacency, raw_node_ids, meta = parse_snap_edge_list(
                                    ^^^^^^^^^^^^^^^^^^^^^
  File "/storage/scratch1/7/wahrens6/SparseArrayProgrammingSuite/src/saps/downloaders/snap.py", line 94, in parse_snap_edge_list
    edges = _read_edges(path)
            ^^^^^^^^^^^^^^^^^
  File "/storage/scratch1/7/wahrens6/SparseArrayProgrammingSuite/src/saps/downloaders/snap.py", line 192, in _read_edges
    raise ValueError(f"Invalid edge at {path}:{line_number}: {line!r}")
ValueError: Invalid edge at /storage/scratch1/7/wahrens6/SparseArrayProgrammingSuite/.saps/outputs/cache/snap/wiki-RfA/wiki-RfA.txt:1: 'SRC:Steel1943\n'

For parameters: snap_graph.gemsec-Deezer
Traceback (most recent call last):
  File "/storage/home/hcoda1/7/wahrens6/.cache/pypoetry/virtualenvs/saps-RkeCTkZF-py3.12/lib/python3.12/site-packages/asv_runner/server.py", line 179, in _run_server
    _run(run_args)
  File "/storage/home/hcoda1/7/wahrens6/.cache/pypoetry/virtualenvs/saps-RkeCTkZF-py3.12/lib/python3.12/site-packages/asv_runner/run.py", line 66, in _run
    skip = benchmark.do_setup()
           ^^^^^^^^^^^^^^^^^^^^
  File "/storage/home/hcoda1/7/wahrens6/.cache/pypoetry/virtualenvs/saps-RkeCTkZF-py3.12/lib/python3.12/site-packages/asv_runner/benchmarks/time.py", line 121, in do_setup
    result = Benchmark.do_setup(self)
             ^^^^^^^^^^^^^^^^^^^^^^^^
  File "/storage/home/hcoda1/7/wahrens6/.cache/pypoetry/virtualenvs/saps-RkeCTkZF-py3.12/lib/python3.12/site-packages/asv_runner/benchmarks/_base.py", line 723, in do_setup
    setup(*self._build_params())
  File "/storage/scratch1/7/wahrens6/SparseArrayProgrammingSuite/src/saps/benchmark.py", line 428, in setup
    if param.generator.cacheable and not param.generator.backend.upload_dataset(
                                         ^^^^^^^^^^^^^^^^^^^^^^^^^^^^^^^^^^^^^^^
  File "/storage/scratch1/7/wahrens6/SparseArrayProgrammingSuite/src/saps/storage.py", line 167, in upload_dataset
    _, digest, local_path = self._generate_and_cache(generator, dataset)
                            ^^^^^^^^^^^^^^^^^^^^^^^^^^^^^^^^^^^^^^^^^^^^
  File "/storage/scratch1/7/wahrens6/SparseArrayProgrammingSuite/src/saps/storage.py", line 121, in _generate_and_cache
    data = generator.generate(dataset)
           ^^^^^^^^^^^^^^^^^^^^^^^^^^^
  File "/storage/scratch1/7/wahrens6/SparseArrayProgrammingSuite/src/saps/benchmarks/snap.py", line 434, in generate
    inputs, meta = download_snap_dataset(
                   ^^^^^^^^^^^^^^^^^^^^^^
  File "/storage/scratch1/7/wahrens6/SparseArrayProgrammingSuite/src/saps/downloaders/snap.py", line 37, in download_snap_dataset
    edge_list_path = _ensure_downloaded(slug, dataset_dir)
                     ^^^^^^^^^^^^^^^^^^^^^^^^^^^^^^^^^^^^^
  File "/storage/scratch1/7/wahrens6/SparseArrayProgrammingSuite/src/saps/downloaders/snap.py", line 166, in _ensure_downloaded
    urllib.request.urlretrieve(url, tmp_path)
  File "/storage/pace-apps/spack/packages/linux-rhel9-x86_64_v3/gcc-11.3.1/python-3.12.5-5sase6atfv2x5tf7dy5x5sqfzyguhsia/lib/python3.12/urllib/request.py", line 240, in urlretrieve
    with contextlib.closing(urlopen(url, data)) as fp:
                            ^^^^^^^^^^^^^^^^^^
  File "/storage/pace-apps/spack/packages/linux-rhel9-x86_64_v3/gcc-11.3.1/python-3.12.5-5sase6atfv2x5tf7dy5x5sqfzyguhsia/lib/python3.12/urllib/request.py", line 215, in urlopen
    return opener.open(url, data, timeout)
           ^^^^^^^^^^^^^^^^^^^^^^^^^^^^^^^
  File "/storage/pace-apps/spack/packages/linux-rhel9-x86_64_v3/gcc-11.3.1/python-3.12.5-5sase6atfv2x5tf7dy5x5sqfzyguhsia/lib/python3.12/urllib/request.py", line 521, in open
    response = meth(req, response)
               ^^^^^^^^^^^^^^^^^^^
  File "/storage/pace-apps/spack/packages/linux-rhel9-x86_64_v3/gcc-11.3.1/python-3.12.5-5sase6atfv2x5tf7dy5x5sqfzyguhsia/lib/python3.12/urllib/request.py", line 630, in http_response
    response = self.parent.error(
               ^^^^^^^^^^^^^^^^^^
  File "/storage/pace-apps/spack/packages/linux-rhel9-x86_64_v3/gcc-11.3.1/python-3.12.5-5sase6atfv2x5tf7dy5x5sqfzyguhsia/lib/python3.12/urllib/request.py", line 559, in error
    return self._call_chain(*args)
           ^^^^^^^^^^^^^^^^^^^^^^^
  File "/storage/pace-apps/spack/packages/linux-rhel9-x86_64_v3/gcc-11.3.1/python-3.12.5-5sase6atfv2x5tf7dy5x5sqfzyguhsia/lib/python3.12/urllib/request.py", line 492, in _call_chain
    result = func(*args)
             ^^^^^^^^^^^
  File "/storage/pace-apps/spack/packages/linux-rhel9-x86_64_v3/gcc-11.3.1/python-3.12.5-5sase6atfv2x5tf7dy5x5sqfzyguhsia/lib/python3.12/urllib/request.py", line 639, in http_error_default
    raise HTTPError(req.full_url, code, msg, hdrs, fp)
urllib.error.HTTPError: HTTP Error 404: Not Found

For parameters: snap_graph.gemsec-Facebook
Traceback (most recent call last):
  File "/storage/home/hcoda1/7/wahrens6/.cache/pypoetry/virtualenvs/saps-RkeCTkZF-py3.12/lib/python3.12/site-packages/asv_runner/server.py", line 179, in _run_server
    _run(run_args)
  File "/storage/home/hcoda1/7/wahrens6/.cache/pypoetry/virtualenvs/saps-RkeCTkZF-py3.12/lib/python3.12/site-packages/asv_runner/run.py", line 66, in _run
    skip = benchmark.do_setup()
           ^^^^^^^^^^^^^^^^^^^^
  File "/storage/home/hcoda1/7/wahrens6/.cache/pypoetry/virtualenvs/saps-RkeCTkZF-py3.12/lib/python3.12/site-packages/asv_runner/benchmarks/time.py", line 121, in do_setup
    result = Benchmark.do_setup(self)
             ^^^^^^^^^^^^^^^^^^^^^^^^
  File "/storage/home/hcoda1/7/wahrens6/.cache/pypoetry/virtualenvs/saps-RkeCTkZF-py3.12/lib/python3.12/site-packages/asv_runner/benchmarks/_base.py", line 723, in do_setup
    setup(*self._build_params())
  File "/storage/scratch1/7/wahrens6/SparseArrayProgrammingSuite/src/saps/benchmark.py", line 428, in setup
    if param.generator.cacheable and not param.generator.backend.upload_dataset(
                                         ^^^^^^^^^^^^^^^^^^^^^^^^^^^^^^^^^^^^^^^
  File "/storage/scratch1/7/wahrens6/SparseArrayProgrammingSuite/src/saps/storage.py", line 167, in upload_dataset
    _, digest, local_path = self._generate_and_cache(generator, dataset)
                            ^^^^^^^^^^^^^^^^^^^^^^^^^^^^^^^^^^^^^^^^^^^^
  File "/storage/scratch1/7/wahrens6/SparseArrayProgrammingSuite/src/saps/storage.py", line 121, in _generate_and_cache
    data = generator.generate(dataset)
           ^^^^^^^^^^^^^^^^^^^^^^^^^^^
  File "/storage/scratch1/7/wahrens6/SparseArrayProgrammingSuite/src/saps/benchmarks/snap.py", line 434, in generate
    inputs, meta = download_snap_dataset(
                   ^^^^^^^^^^^^^^^^^^^^^^
  File "/storage/scratch1/7/wahrens6/SparseArrayProgrammingSuite/src/saps/downloaders/snap.py", line 37, in download_snap_dataset
    edge_list_path = _ensure_downloaded(slug, dataset_dir)
                     ^^^^^^^^^^^^^^^^^^^^^^^^^^^^^^^^^^^^^
  File "/storage/scratch1/7/wahrens6/SparseArrayProgrammingSuite/src/saps/downloaders/snap.py", line 166, in _ensure_downloaded
    urllib.request.urlretrieve(url, tmp_path)
  File "/storage/pace-apps/spack/packages/linux-rhel9-x86_64_v3/gcc-11.3.1/python-3.12.5-5sase6atfv2x5tf7dy5x5sqfzyguhsia/lib/python3.12/urllib/request.py", line 240, in urlretrieve
    with contextlib.closing(urlopen(url, data)) as fp:
                            ^^^^^^^^^^^^^^^^^^
  File "/storage/pace-apps/spack/packages/linux-rhel9-x86_64_v3/gcc-11.3.1/python-3.12.5-5sase6atfv2x5tf7dy5x5sqfzyguhsia/lib/python3.12/urllib/request.py", line 215, in urlopen
    return opener.open(url, data, timeout)
           ^^^^^^^^^^^^^^^^^^^^^^^^^^^^^^^
  File "/storage/pace-apps/spack/packages/linux-rhel9-x86_64_v3/gcc-11.3.1/python-3.12.5-5sase6atfv2x5tf7dy5x5sqfzyguhsia/lib/python3.12/urllib/request.py", line 521, in open
    response = meth(req, response)
               ^^^^^^^^^^^^^^^^^^^
  File "/storage/pace-apps/spack/packages/linux-rhel9-x86_64_v3/gcc-11.3.1/python-3.12.5-5sase6atfv2x5tf7dy5x5sqfzyguhsia/lib/python3.12/urllib/request.py", line 630, in http_response
    response = self.parent.error(
               ^^^^^^^^^^^^^^^^^^
  File "/storage/pace-apps/spack/packages/linux-rhel9-x86_64_v3/gcc-11.3.1/python-3.12.5-5sase6atfv2x5tf7dy5x5sqfzyguhsia/lib/python3.12/urllib/request.py", line 559, in error
    return self._call_chain(*args)
           ^^^^^^^^^^^^^^^^^^^^^^^
  File "/storage/pace-apps/spack/packages/linux-rhel9-x86_64_v3/gcc-11.3.1/python-3.12.5-5sase6atfv2x5tf7dy5x5sqfzyguhsia/lib/python3.12/urllib/request.py", line 492, in _call_chain
    result = func(*args)
             ^^^^^^^^^^^
  File "/storage/pace-apps/spack/packages/linux-rhel9-x86_64_v3/gcc-11.3.1/python-3.12.5-5sase6atfv2x5tf7dy5x5sqfzyguhsia/lib/python3.12/urllib/request.py", line 639, in http_error_default
    raise HTTPError(req.full_url, code, msg, hdrs, fp)
urllib.error.HTTPError: HTTP Error 404: Not Found

For parameters: snap_graph.soc-RedditHyperlinks
Traceback (most recent call last):
  File "/storage/home/hcoda1/7/wahrens6/.cache/pypoetry/virtualenvs/saps-RkeCTkZF-py3.12/lib/python3.12/site-packages/asv_runner/server.py", line 179, in _run_server
    _run(run_args)
  File "/storage/home/hcoda1/7/wahrens6/.cache/pypoetry/virtualenvs/saps-RkeCTkZF-py3.12/lib/python3.12/site-packages/asv_runner/run.py", line 66, in _run
    skip = benchmark.do_setup()
           ^^^^^^^^^^^^^^^^^^^^
  File "/storage/home/hcoda1/7/wahrens6/.cache/pypoetry/virtualenvs/saps-RkeCTkZF-py3.12/lib/python3.12/site-packages/asv_runner/benchmarks/time.py", line 121, in do_setup
    result = Benchmark.do_setup(self)
             ^^^^^^^^^^^^^^^^^^^^^^^^
  File "/storage/home/hcoda1/7/wahrens6/.cache/pypoetry/virtualenvs/saps-RkeCTkZF-py3.12/lib/python3.12/site-packages/asv_runner/benchmarks/_base.py", line 723, in do_setup
    setup(*self._build_params())
  File "/storage/scratch1/7/wahrens6/SparseArrayProgrammingSuite/src/saps/benchmark.py", line 428, in setup
    if param.generator.cacheable and not param.generator.backend.upload_dataset(
                                         ^^^^^^^^^^^^^^^^^^^^^^^^^^^^^^^^^^^^^^^
  File "/storage/scratch1/7/wahrens6/SparseArrayProgrammingSuite/src/saps/storage.py", line 167, in upload_dataset
    _, digest, local_path = self._generate_and_cache(generator, dataset)
                            ^^^^^^^^^^^^^^^^^^^^^^^^^^^^^^^^^^^^^^^^^^^^
  File "/storage/scratch1/7/wahrens6/SparseArrayProgrammingSuite/src/saps/storage.py", line 121, in _generate_and_cache
    data = generator.generate(dataset)
           ^^^^^^^^^^^^^^^^^^^^^^^^^^^
  File "/storage/scratch1/7/wahrens6/SparseArrayProgrammingSuite/src/saps/benchmarks/snap.py", line 434, in generate
    inputs, meta = download_snap_dataset(
                   ^^^^^^^^^^^^^^^^^^^^^^
  File "/storage/scratch1/7/wahrens6/SparseArrayProgrammingSuite/src/saps/downloaders/snap.py", line 37, in download_snap_dataset
    edge_list_path = _ensure_downloaded(slug, dataset_dir)
                     ^^^^^^^^^^^^^^^^^^^^^^^^^^^^^^^^^^^^^
  File "/storage/scratch1/7/wahrens6/SparseArrayProgrammingSuite/src/saps/downloaders/snap.py", line 166, in _ensure_downloaded
    urllib.request.urlretrieve(url, tmp_path)
  File "/storage/pace-apps/spack/packages/linux-rhel9-x86_64_v3/gcc-11.3.1/python-3.12.5-5sase6atfv2x5tf7dy5x5sqfzyguhsia/lib/python3.12/urllib/request.py", line 240, in urlretrieve
    with contextlib.closing(urlopen(url, data)) as fp:
                            ^^^^^^^^^^^^^^^^^^
  File "/storage/pace-apps/spack/packages/linux-rhel9-x86_64_v3/gcc-11.3.1/python-3.12.5-5sase6atfv2x5tf7dy5x5sqfzyguhsia/lib/python3.12/urllib/request.py", line 215, in urlopen
    return opener.open(url, data, timeout)
           ^^^^^^^^^^^^^^^^^^^^^^^^^^^^^^^
  File "/storage/pace-apps/spack/packages/linux-rhel9-x86_64_v3/gcc-11.3.1/python-3.12.5-5sase6atfv2x5tf7dy5x5sqfzyguhsia/lib/python3.12/urllib/request.py", line 521, in open
    response = meth(req, response)
               ^^^^^^^^^^^^^^^^^^^
  File "/storage/pace-apps/spack/packages/linux-rhel9-x86_64_v3/gcc-11.3.1/python-3.12.5-5sase6atfv2x5tf7dy5x5sqfzyguhsia/lib/python3.12/urllib/request.py", line 630, in http_response
    response = self.parent.error(
               ^^^^^^^^^^^^^^^^^^
  File "/storage/pace-apps/spack/packages/linux-rhel9-x86_64_v3/gcc-11.3.1/python-3.12.5-5sase6atfv2x5tf7dy5x5sqfzyguhsia/lib/python3.12/urllib/request.py", line 559, in error
    return self._call_chain(*args)
           ^^^^^^^^^^^^^^^^^^^^^^^
  File "/storage/pace-apps/spack/packages/linux-rhel9-x86_64_v3/gcc-11.3.1/python-3.12.5-5sase6atfv2x5tf7dy5x5sqfzyguhsia/lib/python3.12/urllib/request.py", line 492, in _call_chain
    result = func(*args)
             ^^^^^^^^^^^
  File "/storage/pace-apps/spack/packages/linux-rhel9-x86_64_v3/gcc-11.3.1/python-3.12.5-5sase6atfv2x5tf7dy5x5sqfzyguhsia/lib/python3.12/urllib/request.py", line 639, in http_error_default
    raise HTTPError(req.full_url, code, msg, hdrs, fp)
urllib.error.HTTPError: HTTP Error 404: Not Found

For parameters: snap_graph.soc-sign-bitcoin-otc
Traceback (most recent call last):
  File "/storage/home/hcoda1/7/wahrens6/.cache/pypoetry/virtualenvs/saps-RkeCTkZF-py3.12/lib/python3.12/site-packages/asv_runner/server.py", line 179, in _run_server
    _run(run_args)
  File "/storage/home/hcoda1/7/wahrens6/.cache/pypoetry/virtualenvs/saps-RkeCTkZF-py3.12/lib/python3.12/site-packages/asv_runner/run.py", line 66, in _run
    skip = benchmark.do_setup()
           ^^^^^^^^^^^^^^^^^^^^
  File "/storage/home/hcoda1/7/wahrens6/.cache/pypoetry/virtualenvs/saps-RkeCTkZF-py3.12/lib/python3.12/site-packages/asv_runner/benchmarks/time.py", line 121, in do_setup
    result = Benchmark.do_setup(self)
             ^^^^^^^^^^^^^^^^^^^^^^^^
  File "/storage/home/hcoda1/7/wahrens6/.cache/pypoetry/virtualenvs/saps-RkeCTkZF-py3.12/lib/python3.12/site-packages/asv_runner/benchmarks/_base.py", line 723, in do_setup
    setup(*self._build_params())
  File "/storage/scratch1/7/wahrens6/SparseArrayProgrammingSuite/src/saps/benchmark.py", line 428, in setup
    if param.generator.cacheable and not param.generator.backend.upload_dataset(
                                         ^^^^^^^^^^^^^^^^^^^^^^^^^^^^^^^^^^^^^^^
  File "/storage/scratch1/7/wahrens6/SparseArrayProgrammingSuite/src/saps/storage.py", line 167, in upload_dataset
    _, digest, local_path = self._generate_and_cache(generator, dataset)
                            ^^^^^^^^^^^^^^^^^^^^^^^^^^^^^^^^^^^^^^^^^^^^
  File "/storage/scratch1/7/wahrens6/SparseArrayProgrammingSuite/src/saps/storage.py", line 121, in _generate_and_cache
    data = generator.generate(dataset)
           ^^^^^^^^^^^^^^^^^^^^^^^^^^^
  File "/storage/scratch1/7/wahrens6/SparseArrayProgrammingSuite/src/saps/benchmarks/snap.py", line 434, in generate
    inputs, meta = download_snap_dataset(
                   ^^^^^^^^^^^^^^^^^^^^^^
  File "/storage/scratch1/7/wahrens6/SparseArrayProgrammingSuite/src/saps/downloaders/snap.py", line 37, in download_snap_dataset
    edge_list_path = _ensure_downloaded(slug, dataset_dir)
                     ^^^^^^^^^^^^^^^^^^^^^^^^^^^^^^^^^^^^^
  File "/storage/scratch1/7/wahrens6/SparseArrayProgrammingSuite/src/saps/downloaders/snap.py", line 166, in _ensure_downloaded
    urllib.request.urlretrieve(url, tmp_path)
  File "/storage/pace-apps/spack/packages/linux-rhel9-x86_64_v3/gcc-11.3.1/python-3.12.5-5sase6atfv2x5tf7dy5x5sqfzyguhsia/lib/python3.12/urllib/request.py", line 240, in urlretrieve
    with contextlib.closing(urlopen(url, data)) as fp:
                            ^^^^^^^^^^^^^^^^^^
  File "/storage/pace-apps/spack/packages/linux-rhel9-x86_64_v3/gcc-11.3.1/python-3.12.5-5sase6atfv2x5tf7dy5x5sqfzyguhsia/lib/python3.12/urllib/request.py", line 215, in urlopen
    return opener.open(url, data, timeout)
           ^^^^^^^^^^^^^^^^^^^^^^^^^^^^^^^
  File "/storage/pace-apps/spack/packages/linux-rhel9-x86_64_v3/gcc-11.3.1/python-3.12.5-5sase6atfv2x5tf7dy5x5sqfzyguhsia/lib/python3.12/urllib/request.py", line 521, in open
    response = meth(req, response)
               ^^^^^^^^^^^^^^^^^^^
  File "/storage/pace-apps/spack/packages/linux-rhel9-x86_64_v3/gcc-11.3.1/python-3.12.5-5sase6atfv2x5tf7dy5x5sqfzyguhsia/lib/python3.12/urllib/request.py", line 630, in http_response
    response = self.parent.error(
               ^^^^^^^^^^^^^^^^^^
  File "/storage/pace-apps/spack/packages/linux-rhel9-x86_64_v3/gcc-11.3.1/python-3.12.5-5sase6atfv2x5tf7dy5x5sqfzyguhsia/lib/python3.12/urllib/request.py", line 559, in error
    return self._call_chain(*args)
           ^^^^^^^^^^^^^^^^^^^^^^^
  File "/storage/pace-apps/spack/packages/linux-rhel9-x86_64_v3/gcc-11.3.1/python-3.12.5-5sase6atfv2x5tf7dy5x5sqfzyguhsia/lib/python3.12/urllib/request.py", line 492, in _call_chain
    result = func(*args)
             ^^^^^^^^^^^
  File "/storage/pace-apps/spack/packages/linux-rhel9-x86_64_v3/gcc-11.3.1/python-3.12.5-5sase6atfv2x5tf7dy5x5sqfzyguhsia/lib/python3.12/urllib/request.py", line 639, in http_error_default
    raise HTTPError(req.full_url, code, msg, hdrs, fp)
urllib.error.HTTPError: HTTP Error 404: Not Found

For parameters: snap_graph.soc-sign-bitcoin-alpha
Traceback (most recent call last):
  File "/storage/home/hcoda1/7/wahrens6/.cache/pypoetry/virtualenvs/saps-RkeCTkZF-py3.12/lib/python3.12/site-packages/asv_runner/server.py", line 179, in _run_server
    _run(run_args)
  File "/storage/home/hcoda1/7/wahrens6/.cache/pypoetry/virtualenvs/saps-RkeCTkZF-py3.12/lib/python3.12/site-packages/asv_runner/run.py", line 66, in _run
    skip = benchmark.do_setup()
           ^^^^^^^^^^^^^^^^^^^^
  File "/storage/home/hcoda1/7/wahrens6/.cache/pypoetry/virtualenvs/saps-RkeCTkZF-py3.12/lib/python3.12/site-packages/asv_runner/benchmarks/time.py", line 121, in do_setup
    result = Benchmark.do_setup(self)
             ^^^^^^^^^^^^^^^^^^^^^^^^
  File "/storage/home/hcoda1/7/wahrens6/.cache/pypoetry/virtualenvs/saps-RkeCTkZF-py3.12/lib/python3.12/site-packages/asv_runner/benchmarks/_base.py", line 723, in do_setup
    setup(*self._build_params())
  File "/storage/scratch1/7/wahrens6/SparseArrayProgrammingSuite/src/saps/benchmark.py", line 428, in setup
    if param.generator.cacheable and not param.generator.backend.upload_dataset(
                                         ^^^^^^^^^^^^^^^^^^^^^^^^^^^^^^^^^^^^^^^
  File "/storage/scratch1/7/wahrens6/SparseArrayProgrammingSuite/src/saps/storage.py", line 167, in upload_dataset
    _, digest, local_path = self._generate_and_cache(generator, dataset)
                            ^^^^^^^^^^^^^^^^^^^^^^^^^^^^^^^^^^^^^^^^^^^^
  File "/storage/scratch1/7/wahrens6/SparseArrayProgrammingSuite/src/saps/storage.py", line 121, in _generate_and_cache
    data = generator.generate(dataset)
           ^^^^^^^^^^^^^^^^^^^^^^^^^^^
  File "/storage/scratch1/7/wahrens6/SparseArrayProgrammingSuite/src/saps/benchmarks/snap.py", line 434, in generate
    inputs, meta = download_snap_dataset(
                   ^^^^^^^^^^^^^^^^^^^^^^
  File "/storage/scratch1/7/wahrens6/SparseArrayProgrammingSuite/src/saps/downloaders/snap.py", line 37, in download_snap_dataset
    edge_list_path = _ensure_downloaded(slug, dataset_dir)
                     ^^^^^^^^^^^^^^^^^^^^^^^^^^^^^^^^^^^^^
  File "/storage/scratch1/7/wahrens6/SparseArrayProgrammingSuite/src/saps/downloaders/snap.py", line 166, in _ensure_downloaded
    urllib.request.urlretrieve(url, tmp_path)
  File "/storage/pace-apps/spack/packages/linux-rhel9-x86_64_v3/gcc-11.3.1/python-3.12.5-5sase6atfv2x5tf7dy5x5sqfzyguhsia/lib/python3.12/urllib/request.py", line 240, in urlretrieve
    with contextlib.closing(urlopen(url, data)) as fp:
                            ^^^^^^^^^^^^^^^^^^
  File "/storage/pace-apps/spack/packages/linux-rhel9-x86_64_v3/gcc-11.3.1/python-3.12.5-5sase6atfv2x5tf7dy5x5sqfzyguhsia/lib/python3.12/urllib/request.py", line 215, in urlopen
    return opener.open(url, data, timeout)
           ^^^^^^^^^^^^^^^^^^^^^^^^^^^^^^^
  File "/storage/pace-apps/spack/packages/linux-rhel9-x86_64_v3/gcc-11.3.1/python-3.12.5-5sase6atfv2x5tf7dy5x5sqfzyguhsia/lib/python3.12/urllib/request.py", line 521, in open
    response = meth(req, response)
               ^^^^^^^^^^^^^^^^^^^
  File "/storage/pace-apps/spack/packages/linux-rhel9-x86_64_v3/gcc-11.3.1/python-3.12.5-5sase6atfv2x5tf7dy5x5sqfzyguhsia/lib/python3.12/urllib/request.py", line 630, in http_response
    response = self.parent.error(
               ^^^^^^^^^^^^^^^^^^
  File "/storage/pace-apps/spack/packages/linux-rhel9-x86_64_v3/gcc-11.3.1/python-3.12.5-5sase6atfv2x5tf7dy5x5sqfzyguhsia/lib/python3.12/urllib/request.py", line 559, in error
    return self._call_chain(*args)
           ^^^^^^^^^^^^^^^^^^^^^^^
  File "/storage/pace-apps/spack/packages/linux-rhel9-x86_64_v3/gcc-11.3.1/python-3.12.5-5sase6atfv2x5tf7dy5x5sqfzyguhsia/lib/python3.12/urllib/request.py", line 492, in _call_chain
    result = func(*args)
             ^^^^^^^^^^^
  File "/storage/pace-apps/spack/packages/linux-rhel9-x86_64_v3/gcc-11.3.1/python-3.12.5-5sase6atfv2x5tf7dy5x5sqfzyguhsia/lib/python3.12/urllib/request.py", line 639, in http_error_default
    raise HTTPError(req.full_url, code, msg, hdrs, fp)
urllib.error.HTTPError: HTTP Error 404: Not Found

For parameters: snap_graph.comm-f2f-Resistance
Traceback (most recent call last):
  File "/storage/home/hcoda1/7/wahrens6/.cache/pypoetry/virtualenvs/saps-RkeCTkZF-py3.12/lib/python3.12/site-packages/asv_runner/server.py", line 179, in _run_server
    _run(run_args)
  File "/storage/home/hcoda1/7/wahrens6/.cache/pypoetry/virtualenvs/saps-RkeCTkZF-py3.12/lib/python3.12/site-packages/asv_runner/run.py", line 66, in _run
    skip = benchmark.do_setup()
           ^^^^^^^^^^^^^^^^^^^^
  File "/storage/home/hcoda1/7/wahrens6/.cache/pypoetry/virtualenvs/saps-RkeCTkZF-py3.12/lib/python3.12/site-packages/asv_runner/benchmarks/time.py", line 121, in do_setup
    result = Benchmark.do_setup(self)
             ^^^^^^^^^^^^^^^^^^^^^^^^
  File "/storage/home/hcoda1/7/wahrens6/.cache/pypoetry/virtualenvs/saps-RkeCTkZF-py3.12/lib/python3.12/site-packages/asv_runner/benchmarks/_base.py", line 723, in do_setup
    setup(*self._build_params())
  File "/storage/scratch1/7/wahrens6/SparseArrayProgrammingSuite/src/saps/benchmark.py", line 428, in setup
    if param.generator.cacheable and not param.generator.backend.upload_dataset(
                                         ^^^^^^^^^^^^^^^^^^^^^^^^^^^^^^^^^^^^^^^
  File "/storage/scratch1/7/wahrens6/SparseArrayProgrammingSuite/src/saps/storage.py", line 167, in upload_dataset
    _, digest, local_path = self._generate_and_cache(generator, dataset)
                            ^^^^^^^^^^^^^^^^^^^^^^^^^^^^^^^^^^^^^^^^^^^^
  File "/storage/scratch1/7/wahrens6/SparseArrayProgrammingSuite/src/saps/storage.py", line 121, in _generate_and_cache
    data = generator.generate(dataset)
           ^^^^^^^^^^^^^^^^^^^^^^^^^^^
  File "/storage/scratch1/7/wahrens6/SparseArrayProgrammingSuite/src/saps/benchmarks/snap.py", line 434, in generate
    inputs, meta = download_snap_dataset(
                   ^^^^^^^^^^^^^^^^^^^^^^
  File "/storage/scratch1/7/wahrens6/SparseArrayProgrammingSuite/src/saps/downloaders/snap.py", line 37, in download_snap_dataset
    edge_list_path = _ensure_downloaded(slug, dataset_dir)
                     ^^^^^^^^^^^^^^^^^^^^^^^^^^^^^^^^^^^^^
  File "/storage/scratch1/7/wahrens6/SparseArrayProgrammingSuite/src/saps/downloaders/snap.py", line 166, in _ensure_downloaded
    urllib.request.urlretrieve(url, tmp_path)
  File "/storage/pace-apps/spack/packages/linux-rhel9-x86_64_v3/gcc-11.3.1/python-3.12.5-5sase6atfv2x5tf7dy5x5sqfzyguhsia/lib/python3.12/urllib/request.py", line 240, in urlretrieve
    with contextlib.closing(urlopen(url, data)) as fp:
                            ^^^^^^^^^^^^^^^^^^
  File "/storage/pace-apps/spack/packages/linux-rhel9-x86_64_v3/gcc-11.3.1/python-3.12.5-5sase6atfv2x5tf7dy5x5sqfzyguhsia/lib/python3.12/urllib/request.py", line 215, in urlopen
    return opener.open(url, data, timeout)
           ^^^^^^^^^^^^^^^^^^^^^^^^^^^^^^^
  File "/storage/pace-apps/spack/packages/linux-rhel9-x86_64_v3/gcc-11.3.1/python-3.12.5-5sase6atfv2x5tf7dy5x5sqfzyguhsia/lib/python3.12/urllib/request.py", line 521, in open
    response = meth(req, response)
               ^^^^^^^^^^^^^^^^^^^
  File "/storage/pace-apps/spack/packages/linux-rhel9-x86_64_v3/gcc-11.3.1/python-3.12.5-5sase6atfv2x5tf7dy5x5sqfzyguhsia/lib/python3.12/urllib/request.py", line 630, in http_response
    response = self.parent.error(
               ^^^^^^^^^^^^^^^^^^
  File "/storage/pace-apps/spack/packages/linux-rhel9-x86_64_v3/gcc-11.3.1/python-3.12.5-5sase6atfv2x5tf7dy5x5sqfzyguhsia/lib/python3.12/urllib/request.py", line 559, in error
    return self._call_chain(*args)
           ^^^^^^^^^^^^^^^^^^^^^^^
  File "/storage/pace-apps/spack/packages/linux-rhel9-x86_64_v3/gcc-11.3.1/python-3.12.5-5sase6atfv2x5tf7dy5x5sqfzyguhsia/lib/python3.12/urllib/request.py", line 492, in _call_chain
    result = func(*args)
             ^^^^^^^^^^^
  File "/storage/pace-apps/spack/packages/linux-rhel9-x86_64_v3/gcc-11.3.1/python-3.12.5-5sase6atfv2x5tf7dy5x5sqfzyguhsia/lib/python3.12/urllib/request.py", line 639, in http_error_default
    raise HTTPError(req.full_url, code, msg, hdrs, fp)
urllib.error.HTTPError: HTTP Error 404: Not Found

For parameters: snap_graph.musae-twitch
Traceback (most recent call last):
  File "/storage/home/hcoda1/7/wahrens6/.cache/pypoetry/virtualenvs/saps-RkeCTkZF-py3.12/lib/python3.12/site-packages/asv_runner/server.py", line 179, in _run_server
    _run(run_args)
  File "/storage/home/hcoda1/7/wahrens6/.cache/pypoetry/virtualenvs/saps-RkeCTkZF-py3.12/lib/python3.12/site-packages/asv_runner/run.py", line 66, in _run
    skip = benchmark.do_setup()
           ^^^^^^^^^^^^^^^^^^^^
  File "/storage/home/hcoda1/7/wahrens6/.cache/pypoetry/virtualenvs/saps-RkeCTkZF-py3.12/lib/python3.12/site-packages/asv_runner/benchmarks/time.py", line 121, in do_setup
    result = Benchmark.do_setup(self)
             ^^^^^^^^^^^^^^^^^^^^^^^^
  File "/storage/home/hcoda1/7/wahrens6/.cache/pypoetry/virtualenvs/saps-RkeCTkZF-py3.12/lib/python3.12/site-packages/asv_runner/benchmarks/_base.py", line 723, in do_setup
    setup(*self._build_params())
  File "/storage/scratch1/7/wahrens6/SparseArrayProgrammingSuite/src/saps/benchmark.py", line 428, in setup
    if param.generator.cacheable and not param.generator.backend.upload_dataset(
                                         ^^^^^^^^^^^^^^^^^^^^^^^^^^^^^^^^^^^^^^^
  File "/storage/scratch1/7/wahrens6/SparseArrayProgrammingSuite/src/saps/storage.py", line 167, in upload_dataset
    _, digest, local_path = self._generate_and_cache(generator, dataset)
                            ^^^^^^^^^^^^^^^^^^^^^^^^^^^^^^^^^^^^^^^^^^^^
  File "/storage/scratch1/7/wahrens6/SparseArrayProgrammingSuite/src/saps/storage.py", line 121, in _generate_and_cache
    data = generator.generate(dataset)
           ^^^^^^^^^^^^^^^^^^^^^^^^^^^
  File "/storage/scratch1/7/wahrens6/SparseArrayProgrammingSuite/src/saps/benchmarks/snap.py", line 434, in generate
    inputs, meta = download_snap_dataset(
                   ^^^^^^^^^^^^^^^^^^^^^^
  File "/storage/scratch1/7/wahrens6/SparseArrayProgrammingSuite/src/saps/downloaders/snap.py", line 37, in download_snap_dataset
    edge_list_path = _ensure_downloaded(slug, dataset_dir)
                     ^^^^^^^^^^^^^^^^^^^^^^^^^^^^^^^^^^^^^
  File "/storage/scratch1/7/wahrens6/SparseArrayProgrammingSuite/src/saps/downloaders/snap.py", line 166, in _ensure_downloaded
    urllib.request.urlretrieve(url, tmp_path)
  File "/storage/pace-apps/spack/packages/linux-rhel9-x86_64_v3/gcc-11.3.1/python-3.12.5-5sase6atfv2x5tf7dy5x5sqfzyguhsia/lib/python3.12/urllib/request.py", line 240, in urlretrieve
    with contextlib.closing(urlopen(url, data)) as fp:
                            ^^^^^^^^^^^^^^^^^^
  File "/storage/pace-apps/spack/packages/linux-rhel9-x86_64_v3/gcc-11.3.1/python-3.12.5-5sase6atfv2x5tf7dy5x5sqfzyguhsia/lib/python3.12/urllib/request.py", line 215, in urlopen
    return opener.open(url, data, timeout)
           ^^^^^^^^^^^^^^^^^^^^^^^^^^^^^^^
  File "/storage/pace-apps/spack/packages/linux-rhel9-x86_64_v3/gcc-11.3.1/python-3.12.5-5sase6atfv2x5tf7dy5x5sqfzyguhsia/lib/python3.12/urllib/request.py", line 521, in open
    response = meth(req, response)
               ^^^^^^^^^^^^^^^^^^^
  File "/storage/pace-apps/spack/packages/linux-rhel9-x86_64_v3/gcc-11.3.1/python-3.12.5-5sase6atfv2x5tf7dy5x5sqfzyguhsia/lib/python3.12/urllib/request.py", line 630, in http_response
    response = self.parent.error(
               ^^^^^^^^^^^^^^^^^^
  File "/storage/pace-apps/spack/packages/linux-rhel9-x86_64_v3/gcc-11.3.1/python-3.12.5-5sase6atfv2x5tf7dy5x5sqfzyguhsia/lib/python3.12/urllib/request.py", line 559, in error
    return self._call_chain(*args)
           ^^^^^^^^^^^^^^^^^^^^^^^
  File "/storage/pace-apps/spack/packages/linux-rhel9-x86_64_v3/gcc-11.3.1/python-3.12.5-5sase6atfv2x5tf7dy5x5sqfzyguhsia/lib/python3.12/urllib/request.py", line 492, in _call_chain
    result = func(*args)
             ^^^^^^^^^^^
  File "/storage/pace-apps/spack/packages/linux-rhel9-x86_64_v3/gcc-11.3.1/python-3.12.5-5sase6atfv2x5tf7dy5x5sqfzyguhsia/lib/python3.12/urllib/request.py", line 639, in http_error_default
    raise HTTPError(req.full_url, code, msg, hdrs, fp)
urllib.error.HTTPError: HTTP Error 404: Not Found

For parameters: snap_graph.musae-facebook
Traceback (most recent call last):
  File "/storage/home/hcoda1/7/wahrens6/.cache/pypoetry/virtualenvs/saps-RkeCTkZF-py3.12/lib/python3.12/site-packages/asv_runner/server.py", line 179, in _run_server
    _run(run_args)
  File "/storage/home/hcoda1/7/wahrens6/.cache/pypoetry/virtualenvs/saps-RkeCTkZF-py3.12/lib/python3.12/site-packages/asv_runner/run.py", line 66, in _run
    skip = benchmark.do_setup()
           ^^^^^^^^^^^^^^^^^^^^
  File "/storage/home/hcoda1/7/wahrens6/.cache/pypoetry/virtualenvs/saps-RkeCTkZF-py3.12/lib/python3.12/site-packages/asv_runner/benchmarks/time.py", line 121, in do_setup
    result = Benchmark.do_setup(self)
             ^^^^^^^^^^^^^^^^^^^^^^^^
  File "/storage/home/hcoda1/7/wahrens6/.cache/pypoetry/virtualenvs/saps-RkeCTkZF-py3.12/lib/python3.12/site-packages/asv_runner/benchmarks/_base.py", line 723, in do_setup
    setup(*self._build_params())
  File "/storage/scratch1/7/wahrens6/SparseArrayProgrammingSuite/src/saps/benchmark.py", line 428, in setup
    if param.generator.cacheable and not param.generator.backend.upload_dataset(
                                         ^^^^^^^^^^^^^^^^^^^^^^^^^^^^^^^^^^^^^^^
  File "/storage/scratch1/7/wahrens6/SparseArrayProgrammingSuite/src/saps/storage.py", line 167, in upload_dataset
    _, digest, local_path = self._generate_and_cache(generator, dataset)
                            ^^^^^^^^^^^^^^^^^^^^^^^^^^^^^^^^^^^^^^^^^^^^
  File "/storage/scratch1/7/wahrens6/SparseArrayProgrammingSuite/src/saps/storage.py", line 121, in _generate_and_cache
    data = generator.generate(dataset)
           ^^^^^^^^^^^^^^^^^^^^^^^^^^^
  File "/storage/scratch1/7/wahrens6/SparseArrayProgrammingSuite/src/saps/benchmarks/snap.py", line 434, in generate
    inputs, meta = download_snap_dataset(
                   ^^^^^^^^^^^^^^^^^^^^^^
  File "/storage/scratch1/7/wahrens6/SparseArrayProgrammingSuite/src/saps/downloaders/snap.py", line 37, in download_snap_dataset
    edge_list_path = _ensure_downloaded(slug, dataset_dir)
                     ^^^^^^^^^^^^^^^^^^^^^^^^^^^^^^^^^^^^^
  File "/storage/scratch1/7/wahrens6/SparseArrayProgrammingSuite/src/saps/downloaders/snap.py", line 166, in _ensure_downloaded
    urllib.request.urlretrieve(url, tmp_path)
  File "/storage/pace-apps/spack/packages/linux-rhel9-x86_64_v3/gcc-11.3.1/python-3.12.5-5sase6atfv2x5tf7dy5x5sqfzyguhsia/lib/python3.12/urllib/request.py", line 240, in urlretrieve
    with contextlib.closing(urlopen(url, data)) as fp:
                            ^^^^^^^^^^^^^^^^^^
  File "/storage/pace-apps/spack/packages/linux-rhel9-x86_64_v3/gcc-11.3.1/python-3.12.5-5sase6atfv2x5tf7dy5x5sqfzyguhsia/lib/python3.12/urllib/request.py", line 215, in urlopen
    return opener.open(url, data, timeout)
           ^^^^^^^^^^^^^^^^^^^^^^^^^^^^^^^
  File "/storage/pace-apps/spack/packages/linux-rhel9-x86_64_v3/gcc-11.3.1/python-3.12.5-5sase6atfv2x5tf7dy5x5sqfzyguhsia/lib/python3.12/urllib/request.py", line 521, in open
    response = meth(req, response)
               ^^^^^^^^^^^^^^^^^^^
  File "/storage/pace-apps/spack/packages/linux-rhel9-x86_64_v3/gcc-11.3.1/python-3.12.5-5sase6atfv2x5tf7dy5x5sqfzyguhsia/lib/python3.12/urllib/request.py", line 630, in http_response
    response = self.parent.error(
               ^^^^^^^^^^^^^^^^^^
  File "/storage/pace-apps/spack/packages/linux-rhel9-x86_64_v3/gcc-11.3.1/python-3.12.5-5sase6atfv2x5tf7dy5x5sqfzyguhsia/lib/python3.12/urllib/request.py", line 559, in error
    return self._call_chain(*args)
           ^^^^^^^^^^^^^^^^^^^^^^^
  File "/storage/pace-apps/spack/packages/linux-rhel9-x86_64_v3/gcc-11.3.1/python-3.12.5-5sase6atfv2x5tf7dy5x5sqfzyguhsia/lib/python3.12/urllib/request.py", line 492, in _call_chain
    result = func(*args)
             ^^^^^^^^^^^
  File "/storage/pace-apps/spack/packages/linux-rhel9-x86_64_v3/gcc-11.3.1/python-3.12.5-5sase6atfv2x5tf7dy5x5sqfzyguhsia/lib/python3.12/urllib/request.py", line 639, in http_error_default
    raise HTTPError(req.full_url, code, msg, hdrs, fp)
urllib.error.HTTPError: HTTP Error 404: Not Found

For parameters: snap_graph.act-mooc
Traceback (most recent call last):
  File "/storage/home/hcoda1/7/wahrens6/.cache/pypoetry/virtualenvs/saps-RkeCTkZF-py3.12/lib/python3.12/site-packages/asv_runner/server.py", line 179, in _run_server
    _run(run_args)
  File "/storage/home/hcoda1/7/wahrens6/.cache/pypoetry/virtualenvs/saps-RkeCTkZF-py3.12/lib/python3.12/site-packages/asv_runner/run.py", line 66, in _run
    skip = benchmark.do_setup()
           ^^^^^^^^^^^^^^^^^^^^
  File "/storage/home/hcoda1/7/wahrens6/.cache/pypoetry/virtualenvs/saps-RkeCTkZF-py3.12/lib/python3.12/site-packages/asv_runner/benchmarks/time.py", line 121, in do_setup
    result = Benchmark.do_setup(self)
             ^^^^^^^^^^^^^^^^^^^^^^^^
  File "/storage/home/hcoda1/7/wahrens6/.cache/pypoetry/virtualenvs/saps-RkeCTkZF-py3.12/lib/python3.12/site-packages/asv_runner/benchmarks/_base.py", line 723, in do_setup
    setup(*self._build_params())
  File "/storage/scratch1/7/wahrens6/SparseArrayProgrammingSuite/src/saps/benchmark.py", line 428, in setup
    if param.generator.cacheable and not param.generator.backend.upload_dataset(
                                         ^^^^^^^^^^^^^^^^^^^^^^^^^^^^^^^^^^^^^^^
  File "/storage/scratch1/7/wahrens6/SparseArrayProgrammingSuite/src/saps/storage.py", line 167, in upload_dataset
    _, digest, local_path = self._generate_and_cache(generator, dataset)
                            ^^^^^^^^^^^^^^^^^^^^^^^^^^^^^^^^^^^^^^^^^^^^
  File "/storage/scratch1/7/wahrens6/SparseArrayProgrammingSuite/src/saps/storage.py", line 121, in _generate_and_cache
    data = generator.generate(dataset)
           ^^^^^^^^^^^^^^^^^^^^^^^^^^^
  File "/storage/scratch1/7/wahrens6/SparseArrayProgrammingSuite/src/saps/benchmarks/snap.py", line 434, in generate
    inputs, meta = download_snap_dataset(
                   ^^^^^^^^^^^^^^^^^^^^^^
  File "/storage/scratch1/7/wahrens6/SparseArrayProgrammingSuite/src/saps/downloaders/snap.py", line 37, in download_snap_dataset
    edge_list_path = _ensure_downloaded(slug, dataset_dir)
                     ^^^^^^^^^^^^^^^^^^^^^^^^^^^^^^^^^^^^^
  File "/storage/scratch1/7/wahrens6/SparseArrayProgrammingSuite/src/saps/downloaders/snap.py", line 166, in _ensure_downloaded
    urllib.request.urlretrieve(url, tmp_path)
  File "/storage/pace-apps/spack/packages/linux-rhel9-x86_64_v3/gcc-11.3.1/python-3.12.5-5sase6atfv2x5tf7dy5x5sqfzyguhsia/lib/python3.12/urllib/request.py", line 240, in urlretrieve
    with contextlib.closing(urlopen(url, data)) as fp:
                            ^^^^^^^^^^^^^^^^^^
  File "/storage/pace-apps/spack/packages/linux-rhel9-x86_64_v3/gcc-11.3.1/python-3.12.5-5sase6atfv2x5tf7dy5x5sqfzyguhsia/lib/python3.12/urllib/request.py", line 215, in urlopen
    return opener.open(url, data, timeout)
           ^^^^^^^^^^^^^^^^^^^^^^^^^^^^^^^
  File "/storage/pace-apps/spack/packages/linux-rhel9-x86_64_v3/gcc-11.3.1/python-3.12.5-5sase6atfv2x5tf7dy5x5sqfzyguhsia/lib/python3.12/urllib/request.py", line 521, in open
    response = meth(req, response)
               ^^^^^^^^^^^^^^^^^^^
  File "/storage/pace-apps/spack/packages/linux-rhel9-x86_64_v3/gcc-11.3.1/python-3.12.5-5sase6atfv2x5tf7dy5x5sqfzyguhsia/lib/python3.12/urllib/request.py", line 630, in http_response
    response = self.parent.error(
               ^^^^^^^^^^^^^^^^^^
  File "/storage/pace-apps/spack/packages/linux-rhel9-x86_64_v3/gcc-11.3.1/python-3.12.5-5sase6atfv2x5tf7dy5x5sqfzyguhsia/lib/python3.12/urllib/request.py", line 559, in error
    return self._call_chain(*args)
           ^^^^^^^^^^^^^^^^^^^^^^^
  File "/storage/pace-apps/spack/packages/linux-rhel9-x86_64_v3/gcc-11.3.1/python-3.12.5-5sase6atfv2x5tf7dy5x5sqfzyguhsia/lib/python3.12/urllib/request.py", line 492, in _call_chain
    result = func(*args)
             ^^^^^^^^^^^
  File "/storage/pace-apps/spack/packages/linux-rhel9-x86_64_v3/gcc-11.3.1/python-3.12.5-5sase6atfv2x5tf7dy5x5sqfzyguhsia/lib/python3.12/urllib/request.py", line 639, in http_error_default
    raise HTTPError(req.full_url, code, msg, hdrs, fp)
urllib.error.HTTPError: HTTP Error 404: Not Found

For parameters: snap_graph.musae-github
Traceback (most recent call last):
  File "/storage/home/hcoda1/7/wahrens6/.cache/pypoetry/virtualenvs/saps-RkeCTkZF-py3.12/lib/python3.12/site-packages/asv_runner/server.py", line 179, in _run_server
    _run(run_args)
  File "/storage/home/hcoda1/7/wahrens6/.cache/pypoetry/virtualenvs/saps-RkeCTkZF-py3.12/lib/python3.12/site-packages/asv_runner/run.py", line 66, in _run
    skip = benchmark.do_setup()
           ^^^^^^^^^^^^^^^^^^^^
  File "/storage/home/hcoda1/7/wahrens6/.cache/pypoetry/virtualenvs/saps-RkeCTkZF-py3.12/lib/python3.12/site-packages/asv_runner/benchmarks/time.py", line 121, in do_setup
    result = Benchmark.do_setup(self)
             ^^^^^^^^^^^^^^^^^^^^^^^^
  File "/storage/home/hcoda1/7/wahrens6/.cache/pypoetry/virtualenvs/saps-RkeCTkZF-py3.12/lib/python3.12/site-packages/asv_runner/benchmarks/_base.py", line 723, in do_setup
    setup(*self._build_params())
  File "/storage/scratch1/7/wahrens6/SparseArrayProgrammingSuite/src/saps/benchmark.py", line 428, in setup
    if param.generator.cacheable and not param.generator.backend.upload_dataset(
                                         ^^^^^^^^^^^^^^^^^^^^^^^^^^^^^^^^^^^^^^^
  File "/storage/scratch1/7/wahrens6/SparseArrayProgrammingSuite/src/saps/storage.py", line 167, in upload_dataset
    _, digest, local_path = self._generate_and_cache(generator, dataset)
                            ^^^^^^^^^^^^^^^^^^^^^^^^^^^^^^^^^^^^^^^^^^^^
  File "/storage/scratch1/7/wahrens6/SparseArrayProgrammingSuite/src/saps/storage.py", line 121, in _generate_and_cache
    data = generator.generate(dataset)
           ^^^^^^^^^^^^^^^^^^^^^^^^^^^
  File "/storage/scratch1/7/wahrens6/SparseArrayProgrammingSuite/src/saps/benchmarks/snap.py", line 434, in generate
    inputs, meta = download_snap_dataset(
                   ^^^^^^^^^^^^^^^^^^^^^^
  File "/storage/scratch1/7/wahrens6/SparseArrayProgrammingSuite/src/saps/downloaders/snap.py", line 37, in download_snap_dataset
    edge_list_path = _ensure_downloaded(slug, dataset_dir)
                     ^^^^^^^^^^^^^^^^^^^^^^^^^^^^^^^^^^^^^
  File "/storage/scratch1/7/wahrens6/SparseArrayProgrammingSuite/src/saps/downloaders/snap.py", line 166, in _ensure_downloaded
    urllib.request.urlretrieve(url, tmp_path)
  File "/storage/pace-apps/spack/packages/linux-rhel9-x86_64_v3/gcc-11.3.1/python-3.12.5-5sase6atfv2x5tf7dy5x5sqfzyguhsia/lib/python3.12/urllib/request.py", line 240, in urlretrieve
    with contextlib.closing(urlopen(url, data)) as fp:
                            ^^^^^^^^^^^^^^^^^^
  File "/storage/pace-apps/spack/packages/linux-rhel9-x86_64_v3/gcc-11.3.1/python-3.12.5-5sase6atfv2x5tf7dy5x5sqfzyguhsia/lib/python3.12/urllib/request.py", line 215, in urlopen
    return opener.open(url, data, timeout)
           ^^^^^^^^^^^^^^^^^^^^^^^^^^^^^^^
  File "/storage/pace-apps/spack/packages/linux-rhel9-x86_64_v3/gcc-11.3.1/python-3.12.5-5sase6atfv2x5tf7dy5x5sqfzyguhsia/lib/python3.12/urllib/request.py", line 521, in open
    response = meth(req, response)
               ^^^^^^^^^^^^^^^^^^^
  File "/storage/pace-apps/spack/packages/linux-rhel9-x86_64_v3/gcc-11.3.1/python-3.12.5-5sase6atfv2x5tf7dy5x5sqfzyguhsia/lib/python3.12/urllib/request.py", line 630, in http_response
    response = self.parent.error(
               ^^^^^^^^^^^^^^^^^^
  File "/storage/pace-apps/spack/packages/linux-rhel9-x86_64_v3/gcc-11.3.1/python-3.12.5-5sase6atfv2x5tf7dy5x5sqfzyguhsia/lib/python3.12/urllib/request.py", line 559, in error
    return self._call_chain(*args)
           ^^^^^^^^^^^^^^^^^^^^^^^
  File "/storage/pace-apps/spack/packages/linux-rhel9-x86_64_v3/gcc-11.3.1/python-3.12.5-5sase6atfv2x5tf7dy5x5sqfzyguhsia/lib/python3.12/urllib/request.py", line 492, in _call_chain
    result = func(*args)
             ^^^^^^^^^^^
  File "/storage/pace-apps/spack/packages/linux-rhel9-x86_64_v3/gcc-11.3.1/python-3.12.5-5sase6atfv2x5tf7dy5x5sqfzyguhsia/lib/python3.12/urllib/request.py", line 639, in http_error_default
    raise HTTPError(req.full_url, code, msg, hdrs, fp)
urllib.error.HTTPError: HTTP Error 404: Not Found

For parameters: snap_graph.feather-deezer-social
Traceback (most recent call last):
  File "/storage/home/hcoda1/7/wahrens6/.cache/pypoetry/virtualenvs/saps-RkeCTkZF-py3.12/lib/python3.12/site-packages/asv_runner/server.py", line 179, in _run_server
    _run(run_args)
  File "/storage/home/hcoda1/7/wahrens6/.cache/pypoetry/virtualenvs/saps-RkeCTkZF-py3.12/lib/python3.12/site-packages/asv_runner/run.py", line 66, in _run
    skip = benchmark.do_setup()
           ^^^^^^^^^^^^^^^^^^^^
  File "/storage/home/hcoda1/7/wahrens6/.cache/pypoetry/virtualenvs/saps-RkeCTkZF-py3.12/lib/python3.12/site-packages/asv_runner/benchmarks/time.py", line 121, in do_setup
    result = Benchmark.do_setup(self)
             ^^^^^^^^^^^^^^^^^^^^^^^^
  File "/storage/home/hcoda1/7/wahrens6/.cache/pypoetry/virtualenvs/saps-RkeCTkZF-py3.12/lib/python3.12/site-packages/asv_runner/benchmarks/_base.py", line 723, in do_setup
    setup(*self._build_params())
  File "/storage/scratch1/7/wahrens6/SparseArrayProgrammingSuite/src/saps/benchmark.py", line 428, in setup
    if param.generator.cacheable and not param.generator.backend.upload_dataset(
                                         ^^^^^^^^^^^^^^^^^^^^^^^^^^^^^^^^^^^^^^^
  File "/storage/scratch1/7/wahrens6/SparseArrayProgrammingSuite/src/saps/storage.py", line 167, in upload_dataset
    _, digest, local_path = self._generate_and_cache(generator, dataset)
                            ^^^^^^^^^^^^^^^^^^^^^^^^^^^^^^^^^^^^^^^^^^^^
  File "/storage/scratch1/7/wahrens6/SparseArrayProgrammingSuite/src/saps/storage.py", line 121, in _generate_and_cache
    data = generator.generate(dataset)
           ^^^^^^^^^^^^^^^^^^^^^^^^^^^
  File "/storage/scratch1/7/wahrens6/SparseArrayProgrammingSuite/src/saps/benchmarks/snap.py", line 434, in generate
    inputs, meta = download_snap_dataset(
                   ^^^^^^^^^^^^^^^^^^^^^^
  File "/storage/scratch1/7/wahrens6/SparseArrayProgrammingSuite/src/saps/downloaders/snap.py", line 37, in download_snap_dataset
    edge_list_path = _ensure_downloaded(slug, dataset_dir)
                     ^^^^^^^^^^^^^^^^^^^^^^^^^^^^^^^^^^^^^
  File "/storage/scratch1/7/wahrens6/SparseArrayProgrammingSuite/src/saps/downloaders/snap.py", line 166, in _ensure_downloaded
    urllib.request.urlretrieve(url, tmp_path)
  File "/storage/pace-apps/spack/packages/linux-rhel9-x86_64_v3/gcc-11.3.1/python-3.12.5-5sase6atfv2x5tf7dy5x5sqfzyguhsia/lib/python3.12/urllib/request.py", line 240, in urlretrieve
    with contextlib.closing(urlopen(url, data)) as fp:
                            ^^^^^^^^^^^^^^^^^^
  File "/storage/pace-apps/spack/packages/linux-rhel9-x86_64_v3/gcc-11.3.1/python-3.12.5-5sase6atfv2x5tf7dy5x5sqfzyguhsia/lib/python3.12/urllib/request.py", line 215, in urlopen
    return opener.open(url, data, timeout)
           ^^^^^^^^^^^^^^^^^^^^^^^^^^^^^^^
  File "/storage/pace-apps/spack/packages/linux-rhel9-x86_64_v3/gcc-11.3.1/python-3.12.5-5sase6atfv2x5tf7dy5x5sqfzyguhsia/lib/python3.12/urllib/request.py", line 521, in open
    response = meth(req, response)
               ^^^^^^^^^^^^^^^^^^^
  File "/storage/pace-apps/spack/packages/linux-rhel9-x86_64_v3/gcc-11.3.1/python-3.12.5-5sase6atfv2x5tf7dy5x5sqfzyguhsia/lib/python3.12/urllib/request.py", line 630, in http_response
    response = self.parent.error(
               ^^^^^^^^^^^^^^^^^^
  File "/storage/pace-apps/spack/packages/linux-rhel9-x86_64_v3/gcc-11.3.1/python-3.12.5-5sase6atfv2x5tf7dy5x5sqfzyguhsia/lib/python3.12/urllib/request.py", line 559, in error
    return self._call_chain(*args)
           ^^^^^^^^^^^^^^^^^^^^^^^
  File "/storage/pace-apps/spack/packages/linux-rhel9-x86_64_v3/gcc-11.3.1/python-3.12.5-5sase6atfv2x5tf7dy5x5sqfzyguhsia/lib/python3.12/urllib/request.py", line 492, in _call_chain
    result = func(*args)
             ^^^^^^^^^^^
  File "/storage/pace-apps/spack/packages/linux-rhel9-x86_64_v3/gcc-11.3.1/python-3.12.5-5sase6atfv2x5tf7dy5x5sqfzyguhsia/lib/python3.12/urllib/request.py", line 639, in http_error_default
    raise HTTPError(req.full_url, code, msg, hdrs, fp)
urllib.error.HTTPError: HTTP Error 404: Not Found

For parameters: snap_graph.feather-lastfm-social
Traceback (most recent call last):
  File "/storage/home/hcoda1/7/wahrens6/.cache/pypoetry/virtualenvs/saps-RkeCTkZF-py3.12/lib/python3.12/site-packages/asv_runner/server.py", line 179, in _run_server
    _run(run_args)
  File "/storage/home/hcoda1/7/wahrens6/.cache/pypoetry/virtualenvs/saps-RkeCTkZF-py3.12/lib/python3.12/site-packages/asv_runner/run.py", line 66, in _run
    skip = benchmark.do_setup()
           ^^^^^^^^^^^^^^^^^^^^
  File "/storage/home/hcoda1/7/wahrens6/.cache/pypoetry/virtualenvs/saps-RkeCTkZF-py3.12/lib/python3.12/site-packages/asv_runner/benchmarks/time.py", line 121, in do_setup
    result = Benchmark.do_setup(self)
             ^^^^^^^^^^^^^^^^^^^^^^^^
  File "/storage/home/hcoda1/7/wahrens6/.cache/pypoetry/virtualenvs/saps-RkeCTkZF-py3.12/lib/python3.12/site-packages/asv_runner/benchmarks/_base.py", line 723, in do_setup
    setup(*self._build_params())
  File "/storage/scratch1/7/wahrens6/SparseArrayProgrammingSuite/src/saps/benchmark.py", line 428, in setup
    if param.generator.cacheable and not param.generator.backend.upload_dataset(
                                         ^^^^^^^^^^^^^^^^^^^^^^^^^^^^^^^^^^^^^^^
  File "/storage/scratch1/7/wahrens6/SparseArrayProgrammingSuite/src/saps/storage.py", line 167, in upload_dataset
    _, digest, local_path = self._generate_and_cache(generator, dataset)
                            ^^^^^^^^^^^^^^^^^^^^^^^^^^^^^^^^^^^^^^^^^^^^
  File "/storage/scratch1/7/wahrens6/SparseArrayProgrammingSuite/src/saps/storage.py", line 121, in _generate_and_cache
    data = generator.generate(dataset)
           ^^^^^^^^^^^^^^^^^^^^^^^^^^^
  File "/storage/scratch1/7/wahrens6/SparseArrayProgrammingSuite/src/saps/benchmarks/snap.py", line 434, in generate
    inputs, meta = download_snap_dataset(
                   ^^^^^^^^^^^^^^^^^^^^^^
  File "/storage/scratch1/7/wahrens6/SparseArrayProgrammingSuite/src/saps/downloaders/snap.py", line 37, in download_snap_dataset
    edge_list_path = _ensure_downloaded(slug, dataset_dir)
                     ^^^^^^^^^^^^^^^^^^^^^^^^^^^^^^^^^^^^^
  File "/storage/scratch1/7/wahrens6/SparseArrayProgrammingSuite/src/saps/downloaders/snap.py", line 166, in _ensure_downloaded
    urllib.request.urlretrieve(url, tmp_path)
  File "/storage/pace-apps/spack/packages/linux-rhel9-x86_64_v3/gcc-11.3.1/python-3.12.5-5sase6atfv2x5tf7dy5x5sqfzyguhsia/lib/python3.12/urllib/request.py", line 240, in urlretrieve
    with contextlib.closing(urlopen(url, data)) as fp:
                            ^^^^^^^^^^^^^^^^^^
  File "/storage/pace-apps/spack/packages/linux-rhel9-x86_64_v3/gcc-11.3.1/python-3.12.5-5sase6atfv2x5tf7dy5x5sqfzyguhsia/lib/python3.12/urllib/request.py", line 215, in urlopen
    return opener.open(url, data, timeout)
           ^^^^^^^^^^^^^^^^^^^^^^^^^^^^^^^
  File "/storage/pace-apps/spack/packages/linux-rhel9-x86_64_v3/gcc-11.3.1/python-3.12.5-5sase6atfv2x5tf7dy5x5sqfzyguhsia/lib/python3.12/urllib/request.py", line 521, in open
    response = meth(req, response)
               ^^^^^^^^^^^^^^^^^^^
  File "/storage/pace-apps/spack/packages/linux-rhel9-x86_64_v3/gcc-11.3.1/python-3.12.5-5sase6atfv2x5tf7dy5x5sqfzyguhsia/lib/python3.12/urllib/request.py", line 630, in http_response
    response = self.parent.error(
               ^^^^^^^^^^^^^^^^^^
  File "/storage/pace-apps/spack/packages/linux-rhel9-x86_64_v3/gcc-11.3.1/python-3.12.5-5sase6atfv2x5tf7dy5x5sqfzyguhsia/lib/python3.12/urllib/request.py", line 559, in error
    return self._call_chain(*args)
           ^^^^^^^^^^^^^^^^^^^^^^^
  File "/storage/pace-apps/spack/packages/linux-rhel9-x86_64_v3/gcc-11.3.1/python-3.12.5-5sase6atfv2x5tf7dy5x5sqfzyguhsia/lib/python3.12/urllib/request.py", line 492, in _call_chain
    result = func(*args)
             ^^^^^^^^^^^
  File "/storage/pace-apps/spack/packages/linux-rhel9-x86_64_v3/gcc-11.3.1/python-3.12.5-5sase6atfv2x5tf7dy5x5sqfzyguhsia/lib/python3.12/urllib/request.py", line 639, in http_error_default
    raise HTTPError(req.full_url, code, msg, hdrs, fp)
urllib.error.HTTPError: HTTP Error 404: Not Found

For parameters: snap_graph.twitch-gamers
Traceback (most recent call last):
  File "/storage/home/hcoda1/7/wahrens6/.cache/pypoetry/virtualenvs/saps-RkeCTkZF-py3.12/lib/python3.12/site-packages/asv_runner/server.py", line 179, in _run_server
    _run(run_args)
  File "/storage/home/hcoda1/7/wahrens6/.cache/pypoetry/virtualenvs/saps-RkeCTkZF-py3.12/lib/python3.12/site-packages/asv_runner/run.py", line 66, in _run
    skip = benchmark.do_setup()
           ^^^^^^^^^^^^^^^^^^^^
  File "/storage/home/hcoda1/7/wahrens6/.cache/pypoetry/virtualenvs/saps-RkeCTkZF-py3.12/lib/python3.12/site-packages/asv_runner/benchmarks/time.py", line 121, in do_setup
    result = Benchmark.do_setup(self)
             ^^^^^^^^^^^^^^^^^^^^^^^^
  File "/storage/home/hcoda1/7/wahrens6/.cache/pypoetry/virtualenvs/saps-RkeCTkZF-py3.12/lib/python3.12/site-packages/asv_runner/benchmarks/_base.py", line 723, in do_setup
    setup(*self._build_params())
  File "/storage/scratch1/7/wahrens6/SparseArrayProgrammingSuite/src/saps/benchmark.py", line 428, in setup
    if param.generator.cacheable and not param.generator.backend.upload_dataset(
                                         ^^^^^^^^^^^^^^^^^^^^^^^^^^^^^^^^^^^^^^^
  File "/storage/scratch1/7/wahrens6/SparseArrayProgrammingSuite/src/saps/storage.py", line 167, in upload_dataset
    _, digest, local_path = self._generate_and_cache(generator, dataset)
                            ^^^^^^^^^^^^^^^^^^^^^^^^^^^^^^^^^^^^^^^^^^^^
  File "/storage/scratch1/7/wahrens6/SparseArrayProgrammingSuite/src/saps/storage.py", line 121, in _generate_and_cache
    data = generator.generate(dataset)
           ^^^^^^^^^^^^^^^^^^^^^^^^^^^
  File "/storage/scratch1/7/wahrens6/SparseArrayProgrammingSuite/src/saps/benchmarks/snap.py", line 434, in generate
    inputs, meta = download_snap_dataset(
                   ^^^^^^^^^^^^^^^^^^^^^^
  File "/storage/scratch1/7/wahrens6/SparseArrayProgrammingSuite/src/saps/downloaders/snap.py", line 37, in download_snap_dataset
    edge_list_path = _ensure_downloaded(slug, dataset_dir)
                     ^^^^^^^^^^^^^^^^^^^^^^^^^^^^^^^^^^^^^
  File "/storage/scratch1/7/wahrens6/SparseArrayProgrammingSuite/src/saps/downloaders/snap.py", line 166, in _ensure_downloaded
    urllib.request.urlretrieve(url, tmp_path)
  File "/storage/pace-apps/spack/packages/linux-rhel9-x86_64_v3/gcc-11.3.1/python-3.12.5-5sase6atfv2x5tf7dy5x5sqfzyguhsia/lib/python3.12/urllib/request.py", line 240, in urlretrieve
    with contextlib.closing(urlopen(url, data)) as fp:
                            ^^^^^^^^^^^^^^^^^^
  File "/storage/pace-apps/spack/packages/linux-rhel9-x86_64_v3/gcc-11.3.1/python-3.12.5-5sase6atfv2x5tf7dy5x5sqfzyguhsia/lib/python3.12/urllib/request.py", line 215, in urlopen
    return opener.open(url, data, timeout)
           ^^^^^^^^^^^^^^^^^^^^^^^^^^^^^^^
  File "/storage/pace-apps/spack/packages/linux-rhel9-x86_64_v3/gcc-11.3.1/python-3.12.5-5sase6atfv2x5tf7dy5x5sqfzyguhsia/lib/python3.12/urllib/request.py", line 521, in open
    response = meth(req, response)
               ^^^^^^^^^^^^^^^^^^^
  File "/storage/pace-apps/spack/packages/linux-rhel9-x86_64_v3/gcc-11.3.1/python-3.12.5-5sase6atfv2x5tf7dy5x5sqfzyguhsia/lib/python3.12/urllib/request.py", line 630, in http_response
    response = self.parent.error(
               ^^^^^^^^^^^^^^^^^^
  File "/storage/pace-apps/spack/packages/linux-rhel9-x86_64_v3/gcc-11.3.1/python-3.12.5-5sase6atfv2x5tf7dy5x5sqfzyguhsia/lib/python3.12/urllib/request.py", line 559, in error
    return self._call_chain(*args)
           ^^^^^^^^^^^^^^^^^^^^^^^
  File "/storage/pace-apps/spack/packages/linux-rhel9-x86_64_v3/gcc-11.3.1/python-3.12.5-5sase6atfv2x5tf7dy5x5sqfzyguhsia/lib/python3.12/urllib/request.py", line 492, in _call_chain
    result = func(*args)
             ^^^^^^^^^^^
  File "/storage/pace-apps/spack/packages/linux-rhel9-x86_64_v3/gcc-11.3.1/python-3.12.5-5sase6atfv2x5tf7dy5x5sqfzyguhsia/lib/python3.12/urllib/request.py", line 639, in http_error_default
    raise HTTPError(req.full_url, code, msg, hdrs, fp)
urllib.error.HTTPError: HTTP Error 404: Not Found

For parameters: snap_graph.congress-Twitter
Traceback (most recent call last):
  File "/storage/home/hcoda1/7/wahrens6/.cache/pypoetry/virtualenvs/saps-RkeCTkZF-py3.12/lib/python3.12/site-packages/asv_runner/server.py", line 179, in _run_server
    _run(run_args)
  File "/storage/home/hcoda1/7/wahrens6/.cache/pypoetry/virtualenvs/saps-RkeCTkZF-py3.12/lib/python3.12/site-packages/asv_runner/run.py", line 66, in _run
    skip = benchmark.do_setup()
           ^^^^^^^^^^^^^^^^^^^^
  File "/storage/home/hcoda1/7/wahrens6/.cache/pypoetry/virtualenvs/saps-RkeCTkZF-py3.12/lib/python3.12/site-packages/asv_runner/benchmarks/time.py", line 121, in do_setup
    result = Benchmark.do_setup(self)
             ^^^^^^^^^^^^^^^^^^^^^^^^
  File "/storage/home/hcoda1/7/wahrens6/.cache/pypoetry/virtualenvs/saps-RkeCTkZF-py3.12/lib/python3.12/site-packages/asv_runner/benchmarks/_base.py", line 723, in do_setup
    setup(*self._build_params())
  File "/storage/scratch1/7/wahrens6/SparseArrayProgrammingSuite/src/saps/benchmark.py", line 428, in setup
    if param.generator.cacheable and not param.generator.backend.upload_dataset(
                                         ^^^^^^^^^^^^^^^^^^^^^^^^^^^^^^^^^^^^^^^
  File "/storage/scratch1/7/wahrens6/SparseArrayProgrammingSuite/src/saps/storage.py", line 167, in upload_dataset
    _, digest, local_path = self._generate_and_cache(generator, dataset)
                            ^^^^^^^^^^^^^^^^^^^^^^^^^^^^^^^^^^^^^^^^^^^^
  File "/storage/scratch1/7/wahrens6/SparseArrayProgrammingSuite/src/saps/storage.py", line 121, in _generate_and_cache
    data = generator.generate(dataset)
           ^^^^^^^^^^^^^^^^^^^^^^^^^^^
  File "/storage/scratch1/7/wahrens6/SparseArrayProgrammingSuite/src/saps/benchmarks/snap.py", line 434, in generate
    inputs, meta = download_snap_dataset(
                   ^^^^^^^^^^^^^^^^^^^^^^
  File "/storage/scratch1/7/wahrens6/SparseArrayProgrammingSuite/src/saps/downloaders/snap.py", line 37, in download_snap_dataset
    edge_list_path = _ensure_downloaded(slug, dataset_dir)
                     ^^^^^^^^^^^^^^^^^^^^^^^^^^^^^^^^^^^^^
  File "/storage/scratch1/7/wahrens6/SparseArrayProgrammingSuite/src/saps/downloaders/snap.py", line 166, in _ensure_downloaded
    urllib.request.urlretrieve(url, tmp_path)
  File "/storage/pace-apps/spack/packages/linux-rhel9-x86_64_v3/gcc-11.3.1/python-3.12.5-5sase6atfv2x5tf7dy5x5sqfzyguhsia/lib/python3.12/urllib/request.py", line 240, in urlretrieve
    with contextlib.closing(urlopen(url, data)) as fp:
                            ^^^^^^^^^^^^^^^^^^
  File "/storage/pace-apps/spack/packages/linux-rhel9-x86_64_v3/gcc-11.3.1/python-3.12.5-5sase6atfv2x5tf7dy5x5sqfzyguhsia/lib/python3.12/urllib/request.py", line 215, in urlopen
    return opener.open(url, data, timeout)
           ^^^^^^^^^^^^^^^^^^^^^^^^^^^^^^^
  File "/storage/pace-apps/spack/packages/linux-rhel9-x86_64_v3/gcc-11.3.1/python-3.12.5-5sase6atfv2x5tf7dy5x5sqfzyguhsia/lib/python3.12/urllib/request.py", line 521, in open
    response = meth(req, response)
               ^^^^^^^^^^^^^^^^^^^
  File "/storage/pace-apps/spack/packages/linux-rhel9-x86_64_v3/gcc-11.3.1/python-3.12.5-5sase6atfv2x5tf7dy5x5sqfzyguhsia/lib/python3.12/urllib/request.py", line 630, in http_response
    response = self.parent.error(
               ^^^^^^^^^^^^^^^^^^
  File "/storage/pace-apps/spack/packages/linux-rhel9-x86_64_v3/gcc-11.3.1/python-3.12.5-5sase6atfv2x5tf7dy5x5sqfzyguhsia/lib/python3.12/urllib/request.py", line 559, in error
    return self._call_chain(*args)
           ^^^^^^^^^^^^^^^^^^^^^^^
  File "/storage/pace-apps/spack/packages/linux-rhel9-x86_64_v3/gcc-11.3.1/python-3.12.5-5sase6atfv2x5tf7dy5x5sqfzyguhsia/lib/python3.12/urllib/request.py", line 492, in _call_chain
    result = func(*args)
             ^^^^^^^^^^^
  File "/storage/pace-apps/spack/packages/linux-rhel9-x86_64_v3/gcc-11.3.1/python-3.12.5-5sase6atfv2x5tf7dy5x5sqfzyguhsia/lib/python3.12/urllib/request.py", line 639, in http_error_default
    raise HTTPError(req.full_url, code, msg, hdrs, fp)
urllib.error.HTTPError: HTTP Error 404: Not Found

For parameters: snap_graph.com-LiveJournal
Traceback (most recent call last):
  File "/storage/home/hcoda1/7/wahrens6/.cache/pypoetry/virtualenvs/saps-RkeCTkZF-py3.12/lib/python3.12/site-packages/asv_runner/server.py", line 179, in _run_server
    _run(run_args)
  File "/storage/home/hcoda1/7/wahrens6/.cache/pypoetry/virtualenvs/saps-RkeCTkZF-py3.12/lib/python3.12/site-packages/asv_runner/run.py", line 66, in _run
    skip = benchmark.do_setup()
           ^^^^^^^^^^^^^^^^^^^^
  File "/storage/home/hcoda1/7/wahrens6/.cache/pypoetry/virtualenvs/saps-RkeCTkZF-py3.12/lib/python3.12/site-packages/asv_runner/benchmarks/time.py", line 121, in do_setup
    result = Benchmark.do_setup(self)
             ^^^^^^^^^^^^^^^^^^^^^^^^
  File "/storage/home/hcoda1/7/wahrens6/.cache/pypoetry/virtualenvs/saps-RkeCTkZF-py3.12/lib/python3.12/site-packages/asv_runner/benchmarks/_base.py", line 723, in do_setup
    setup(*self._build_params())
  File "/storage/scratch1/7/wahrens6/SparseArrayProgrammingSuite/src/saps/benchmark.py", line 428, in setup
    if param.generator.cacheable and not param.generator.backend.upload_dataset(
                                         ^^^^^^^^^^^^^^^^^^^^^^^^^^^^^^^^^^^^^^^
  File "/storage/scratch1/7/wahrens6/SparseArrayProgrammingSuite/src/saps/storage.py", line 167, in upload_dataset
    _, digest, local_path = self._generate_and_cache(generator, dataset)
                            ^^^^^^^^^^^^^^^^^^^^^^^^^^^^^^^^^^^^^^^^^^^^
  File "/storage/scratch1/7/wahrens6/SparseArrayProgrammingSuite/src/saps/storage.py", line 121, in _generate_and_cache
    data = generator.generate(dataset)
           ^^^^^^^^^^^^^^^^^^^^^^^^^^^
  File "/storage/scratch1/7/wahrens6/SparseArrayProgrammingSuite/src/saps/benchmarks/snap.py", line 434, in generate
    inputs, meta = download_snap_dataset(
                   ^^^^^^^^^^^^^^^^^^^^^^
  File "/storage/scratch1/7/wahrens6/SparseArrayProgrammingSuite/src/saps/downloaders/snap.py", line 37, in download_snap_dataset
    edge_list_path = _ensure_downloaded(slug, dataset_dir)
                     ^^^^^^^^^^^^^^^^^^^^^^^^^^^^^^^^^^^^^
  File "/storage/scratch1/7/wahrens6/SparseArrayProgrammingSuite/src/saps/downloaders/snap.py", line 166, in _ensure_downloaded
    urllib.request.urlretrieve(url, tmp_path)
  File "/storage/pace-apps/spack/packages/linux-rhel9-x86_64_v3/gcc-11.3.1/python-3.12.5-5sase6atfv2x5tf7dy5x5sqfzyguhsia/lib/python3.12/urllib/request.py", line 240, in urlretrieve
    with contextlib.closing(urlopen(url, data)) as fp:
                            ^^^^^^^^^^^^^^^^^^
  File "/storage/pace-apps/spack/packages/linux-rhel9-x86_64_v3/gcc-11.3.1/python-3.12.5-5sase6atfv2x5tf7dy5x5sqfzyguhsia/lib/python3.12/urllib/request.py", line 215, in urlopen
    return opener.open(url, data, timeout)
           ^^^^^^^^^^^^^^^^^^^^^^^^^^^^^^^
  File "/storage/pace-apps/spack/packages/linux-rhel9-x86_64_v3/gcc-11.3.1/python-3.12.5-5sase6atfv2x5tf7dy5x5sqfzyguhsia/lib/python3.12/urllib/request.py", line 521, in open
    response = meth(req, response)
               ^^^^^^^^^^^^^^^^^^^
  File "/storage/pace-apps/spack/packages/linux-rhel9-x86_64_v3/gcc-11.3.1/python-3.12.5-5sase6atfv2x5tf7dy5x5sqfzyguhsia/lib/python3.12/urllib/request.py", line 630, in http_response
    response = self.parent.error(
               ^^^^^^^^^^^^^^^^^^
  File "/storage/pace-apps/spack/packages/linux-rhel9-x86_64_v3/gcc-11.3.1/python-3.12.5-5sase6atfv2x5tf7dy5x5sqfzyguhsia/lib/python3.12/urllib/request.py", line 559, in error
    return self._call_chain(*args)
           ^^^^^^^^^^^^^^^^^^^^^^^
  File "/storage/pace-apps/spack/packages/linux-rhel9-x86_64_v3/gcc-11.3.1/python-3.12.5-5sase6atfv2x5tf7dy5x5sqfzyguhsia/lib/python3.12/urllib/request.py", line 492, in _call_chain
    result = func(*args)
             ^^^^^^^^^^^
  File "/storage/pace-apps/spack/packages/linux-rhel9-x86_64_v3/gcc-11.3.1/python-3.12.5-5sase6atfv2x5tf7dy5x5sqfzyguhsia/lib/python3.12/urllib/request.py", line 639, in http_error_default
    raise HTTPError(req.full_url, code, msg, hdrs, fp)
urllib.error.HTTPError: HTTP Error 404: Not Found

For parameters: snap_graph.com-Friendster
Traceback (most recent call last):
  File "/storage/home/hcoda1/7/wahrens6/.cache/pypoetry/virtualenvs/saps-RkeCTkZF-py3.12/lib/python3.12/site-packages/asv_runner/server.py", line 179, in _run_server
    _run(run_args)
  File "/storage/home/hcoda1/7/wahrens6/.cache/pypoetry/virtualenvs/saps-RkeCTkZF-py3.12/lib/python3.12/site-packages/asv_runner/run.py", line 66, in _run
    skip = benchmark.do_setup()
           ^^^^^^^^^^^^^^^^^^^^
  File "/storage/home/hcoda1/7/wahrens6/.cache/pypoetry/virtualenvs/saps-RkeCTkZF-py3.12/lib/python3.12/site-packages/asv_runner/benchmarks/time.py", line 121, in do_setup
    result = Benchmark.do_setup(self)
             ^^^^^^^^^^^^^^^^^^^^^^^^
  File "/storage/home/hcoda1/7/wahrens6/.cache/pypoetry/virtualenvs/saps-RkeCTkZF-py3.12/lib/python3.12/site-packages/asv_runner/benchmarks/_base.py", line 723, in do_setup
    setup(*self._build_params())
  File "/storage/scratch1/7/wahrens6/SparseArrayProgrammingSuite/src/saps/benchmark.py", line 428, in setup
    if param.generator.cacheable and not param.generator.backend.upload_dataset(
                                         ^^^^^^^^^^^^^^^^^^^^^^^^^^^^^^^^^^^^^^^
  File "/storage/scratch1/7/wahrens6/SparseArrayProgrammingSuite/src/saps/storage.py", line 167, in upload_dataset
    _, digest, local_path = self._generate_and_cache(generator, dataset)
                            ^^^^^^^^^^^^^^^^^^^^^^^^^^^^^^^^^^^^^^^^^^^^
  File "/storage/scratch1/7/wahrens6/SparseArrayProgrammingSuite/src/saps/storage.py", line 121, in _generate_and_cache
    data = generator.generate(dataset)
           ^^^^^^^^^^^^^^^^^^^^^^^^^^^
  File "/storage/scratch1/7/wahrens6/SparseArrayProgrammingSuite/src/saps/benchmarks/snap.py", line 434, in generate
    inputs, meta = download_snap_dataset(
                   ^^^^^^^^^^^^^^^^^^^^^^
  File "/storage/scratch1/7/wahrens6/SparseArrayProgrammingSuite/src/saps/downloaders/snap.py", line 37, in download_snap_dataset
    edge_list_path = _ensure_downloaded(slug, dataset_dir)
                     ^^^^^^^^^^^^^^^^^^^^^^^^^^^^^^^^^^^^^
  File "/storage/scratch1/7/wahrens6/SparseArrayProgrammingSuite/src/saps/downloaders/snap.py", line 166, in _ensure_downloaded
    urllib.request.urlretrieve(url, tmp_path)
  File "/storage/pace-apps/spack/packages/linux-rhel9-x86_64_v3/gcc-11.3.1/python-3.12.5-5sase6atfv2x5tf7dy5x5sqfzyguhsia/lib/python3.12/urllib/request.py", line 240, in urlretrieve
    with contextlib.closing(urlopen(url, data)) as fp:
                            ^^^^^^^^^^^^^^^^^^
  File "/storage/pace-apps/spack/packages/linux-rhel9-x86_64_v3/gcc-11.3.1/python-3.12.5-5sase6atfv2x5tf7dy5x5sqfzyguhsia/lib/python3.12/urllib/request.py", line 215, in urlopen
    return opener.open(url, data, timeout)
           ^^^^^^^^^^^^^^^^^^^^^^^^^^^^^^^
  File "/storage/pace-apps/spack/packages/linux-rhel9-x86_64_v3/gcc-11.3.1/python-3.12.5-5sase6atfv2x5tf7dy5x5sqfzyguhsia/lib/python3.12/urllib/request.py", line 521, in open
    response = meth(req, response)
               ^^^^^^^^^^^^^^^^^^^
  File "/storage/pace-apps/spack/packages/linux-rhel9-x86_64_v3/gcc-11.3.1/python-3.12.5-5sase6atfv2x5tf7dy5x5sqfzyguhsia/lib/python3.12/urllib/request.py", line 630, in http_response
    response = self.parent.error(
               ^^^^^^^^^^^^^^^^^^
  File "/storage/pace-apps/spack/packages/linux-rhel9-x86_64_v3/gcc-11.3.1/python-3.12.5-5sase6atfv2x5tf7dy5x5sqfzyguhsia/lib/python3.12/urllib/request.py", line 559, in error
    return self._call_chain(*args)
           ^^^^^^^^^^^^^^^^^^^^^^^
  File "/storage/pace-apps/spack/packages/linux-rhel9-x86_64_v3/gcc-11.3.1/python-3.12.5-5sase6atfv2x5tf7dy5x5sqfzyguhsia/lib/python3.12/urllib/request.py", line 492, in _call_chain
    result = func(*args)
             ^^^^^^^^^^^
  File "/storage/pace-apps/spack/packages/linux-rhel9-x86_64_v3/gcc-11.3.1/python-3.12.5-5sase6atfv2x5tf7dy5x5sqfzyguhsia/lib/python3.12/urllib/request.py", line 639, in http_error_default
    raise HTTPError(req.full_url, code, msg, hdrs, fp)
urllib.error.HTTPError: HTTP Error 404: Not Found

For parameters: snap_graph.com-Orkut
Traceback (most recent call last):
  File "/storage/home/hcoda1/7/wahrens6/.cache/pypoetry/virtualenvs/saps-RkeCTkZF-py3.12/lib/python3.12/site-packages/asv_runner/server.py", line 179, in _run_server
    _run(run_args)
  File "/storage/home/hcoda1/7/wahrens6/.cache/pypoetry/virtualenvs/saps-RkeCTkZF-py3.12/lib/python3.12/site-packages/asv_runner/run.py", line 66, in _run
    skip = benchmark.do_setup()
           ^^^^^^^^^^^^^^^^^^^^
  File "/storage/home/hcoda1/7/wahrens6/.cache/pypoetry/virtualenvs/saps-RkeCTkZF-py3.12/lib/python3.12/site-packages/asv_runner/benchmarks/time.py", line 121, in do_setup
    result = Benchmark.do_setup(self)
             ^^^^^^^^^^^^^^^^^^^^^^^^
  File "/storage/home/hcoda1/7/wahrens6/.cache/pypoetry/virtualenvs/saps-RkeCTkZF-py3.12/lib/python3.12/site-packages/asv_runner/benchmarks/_base.py", line 723, in do_setup
    setup(*self._build_params())
  File "/storage/scratch1/7/wahrens6/SparseArrayProgrammingSuite/src/saps/benchmark.py", line 428, in setup
    if param.generator.cacheable and not param.generator.backend.upload_dataset(
                                         ^^^^^^^^^^^^^^^^^^^^^^^^^^^^^^^^^^^^^^^
  File "/storage/scratch1/7/wahrens6/SparseArrayProgrammingSuite/src/saps/storage.py", line 167, in upload_dataset
    _, digest, local_path = self._generate_and_cache(generator, dataset)
                            ^^^^^^^^^^^^^^^^^^^^^^^^^^^^^^^^^^^^^^^^^^^^
  File "/storage/scratch1/7/wahrens6/SparseArrayProgrammingSuite/src/saps/storage.py", line 121, in _generate_and_cache
    data = generator.generate(dataset)
           ^^^^^^^^^^^^^^^^^^^^^^^^^^^
  File "/storage/scratch1/7/wahrens6/SparseArrayProgrammingSuite/src/saps/benchmarks/snap.py", line 434, in generate
    inputs, meta = download_snap_dataset(
                   ^^^^^^^^^^^^^^^^^^^^^^
  File "/storage/scratch1/7/wahrens6/SparseArrayProgrammingSuite/src/saps/downloaders/snap.py", line 37, in download_snap_dataset
    edge_list_path = _ensure_downloaded(slug, dataset_dir)
                     ^^^^^^^^^^^^^^^^^^^^^^^^^^^^^^^^^^^^^
  File "/storage/scratch1/7/wahrens6/SparseArrayProgrammingSuite/src/saps/downloaders/snap.py", line 166, in _ensure_downloaded
    urllib.request.urlretrieve(url, tmp_path)
  File "/storage/pace-apps/spack/packages/linux-rhel9-x86_64_v3/gcc-11.3.1/python-3.12.5-5sase6atfv2x5tf7dy5x5sqfzyguhsia/lib/python3.12/urllib/request.py", line 240, in urlretrieve
    with contextlib.closing(urlopen(url, data)) as fp:
                            ^^^^^^^^^^^^^^^^^^
  File "/storage/pace-apps/spack/packages/linux-rhel9-x86_64_v3/gcc-11.3.1/python-3.12.5-5sase6atfv2x5tf7dy5x5sqfzyguhsia/lib/python3.12/urllib/request.py", line 215, in urlopen
    return opener.open(url, data, timeout)
           ^^^^^^^^^^^^^^^^^^^^^^^^^^^^^^^
  File "/storage/pace-apps/spack/packages/linux-rhel9-x86_64_v3/gcc-11.3.1/python-3.12.5-5sase6atfv2x5tf7dy5x5sqfzyguhsia/lib/python3.12/urllib/request.py", line 521, in open
    response = meth(req, response)
               ^^^^^^^^^^^^^^^^^^^
  File "/storage/pace-apps/spack/packages/linux-rhel9-x86_64_v3/gcc-11.3.1/python-3.12.5-5sase6atfv2x5tf7dy5x5sqfzyguhsia/lib/python3.12/urllib/request.py", line 630, in http_response
    response = self.parent.error(
               ^^^^^^^^^^^^^^^^^^
  File "/storage/pace-apps/spack/packages/linux-rhel9-x86_64_v3/gcc-11.3.1/python-3.12.5-5sase6atfv2x5tf7dy5x5sqfzyguhsia/lib/python3.12/urllib/request.py", line 559, in error
    return self._call_chain(*args)
           ^^^^^^^^^^^^^^^^^^^^^^^
  File "/storage/pace-apps/spack/packages/linux-rhel9-x86_64_v3/gcc-11.3.1/python-3.12.5-5sase6atfv2x5tf7dy5x5sqfzyguhsia/lib/python3.12/urllib/request.py", line 492, in _call_chain
    result = func(*args)
             ^^^^^^^^^^^
  File "/storage/pace-apps/spack/packages/linux-rhel9-x86_64_v3/gcc-11.3.1/python-3.12.5-5sase6atfv2x5tf7dy5x5sqfzyguhsia/lib/python3.12/urllib/request.py", line 639, in http_error_default
    raise HTTPError(req.full_url, code, msg, hdrs, fp)
urllib.error.HTTPError: HTTP Error 404: Not Found

For parameters: snap_graph.com-Youtube
Traceback (most recent call last):
  File "/storage/home/hcoda1/7/wahrens6/.cache/pypoetry/virtualenvs/saps-RkeCTkZF-py3.12/lib/python3.12/site-packages/asv_runner/server.py", line 179, in _run_server
    _run(run_args)
  File "/storage/home/hcoda1/7/wahrens6/.cache/pypoetry/virtualenvs/saps-RkeCTkZF-py3.12/lib/python3.12/site-packages/asv_runner/run.py", line 66, in _run
    skip = benchmark.do_setup()
           ^^^^^^^^^^^^^^^^^^^^
  File "/storage/home/hcoda1/7/wahrens6/.cache/pypoetry/virtualenvs/saps-RkeCTkZF-py3.12/lib/python3.12/site-packages/asv_runner/benchmarks/time.py", line 121, in do_setup
    result = Benchmark.do_setup(self)
             ^^^^^^^^^^^^^^^^^^^^^^^^
  File "/storage/home/hcoda1/7/wahrens6/.cache/pypoetry/virtualenvs/saps-RkeCTkZF-py3.12/lib/python3.12/site-packages/asv_runner/benchmarks/_base.py", line 723, in do_setup
    setup(*self._build_params())
  File "/storage/scratch1/7/wahrens6/SparseArrayProgrammingSuite/src/saps/benchmark.py", line 428, in setup
    if param.generator.cacheable and not param.generator.backend.upload_dataset(
                                         ^^^^^^^^^^^^^^^^^^^^^^^^^^^^^^^^^^^^^^^
  File "/storage/scratch1/7/wahrens6/SparseArrayProgrammingSuite/src/saps/storage.py", line 167, in upload_dataset
    _, digest, local_path = self._generate_and_cache(generator, dataset)
                            ^^^^^^^^^^^^^^^^^^^^^^^^^^^^^^^^^^^^^^^^^^^^
  File "/storage/scratch1/7/wahrens6/SparseArrayProgrammingSuite/src/saps/storage.py", line 121, in _generate_and_cache
    data = generator.generate(dataset)
           ^^^^^^^^^^^^^^^^^^^^^^^^^^^
  File "/storage/scratch1/7/wahrens6/SparseArrayProgrammingSuite/src/saps/benchmarks/snap.py", line 434, in generate
    inputs, meta = download_snap_dataset(
                   ^^^^^^^^^^^^^^^^^^^^^^
  File "/storage/scratch1/7/wahrens6/SparseArrayProgrammingSuite/src/saps/downloaders/snap.py", line 37, in download_snap_dataset
    edge_list_path = _ensure_downloaded(slug, dataset_dir)
                     ^^^^^^^^^^^^^^^^^^^^^^^^^^^^^^^^^^^^^
  File "/storage/scratch1/7/wahrens6/SparseArrayProgrammingSuite/src/saps/downloaders/snap.py", line 166, in _ensure_downloaded
    urllib.request.urlretrieve(url, tmp_path)
  File "/storage/pace-apps/spack/packages/linux-rhel9-x86_64_v3/gcc-11.3.1/python-3.12.5-5sase6atfv2x5tf7dy5x5sqfzyguhsia/lib/python3.12/urllib/request.py", line 240, in urlretrieve
    with contextlib.closing(urlopen(url, data)) as fp:
                            ^^^^^^^^^^^^^^^^^^
  File "/storage/pace-apps/spack/packages/linux-rhel9-x86_64_v3/gcc-11.3.1/python-3.12.5-5sase6atfv2x5tf7dy5x5sqfzyguhsia/lib/python3.12/urllib/request.py", line 215, in urlopen
    return opener.open(url, data, timeout)
           ^^^^^^^^^^^^^^^^^^^^^^^^^^^^^^^
  File "/storage/pace-apps/spack/packages/linux-rhel9-x86_64_v3/gcc-11.3.1/python-3.12.5-5sase6atfv2x5tf7dy5x5sqfzyguhsia/lib/python3.12/urllib/request.py", line 521, in open
    response = meth(req, response)
               ^^^^^^^^^^^^^^^^^^^
  File "/storage/pace-apps/spack/packages/linux-rhel9-x86_64_v3/gcc-11.3.1/python-3.12.5-5sase6atfv2x5tf7dy5x5sqfzyguhsia/lib/python3.12/urllib/request.py", line 630, in http_response
    response = self.parent.error(
               ^^^^^^^^^^^^^^^^^^
  File "/storage/pace-apps/spack/packages/linux-rhel9-x86_64_v3/gcc-11.3.1/python-3.12.5-5sase6atfv2x5tf7dy5x5sqfzyguhsia/lib/python3.12/urllib/request.py", line 559, in error
    return self._call_chain(*args)
           ^^^^^^^^^^^^^^^^^^^^^^^
  File "/storage/pace-apps/spack/packages/linux-rhel9-x86_64_v3/gcc-11.3.1/python-3.12.5-5sase6atfv2x5tf7dy5x5sqfzyguhsia/lib/python3.12/urllib/request.py", line 492, in _call_chain
    result = func(*args)
             ^^^^^^^^^^^
  File "/storage/pace-apps/spack/packages/linux-rhel9-x86_64_v3/gcc-11.3.1/python-3.12.5-5sase6atfv2x5tf7dy5x5sqfzyguhsia/lib/python3.12/urllib/request.py", line 639, in http_error_default
    raise HTTPError(req.full_url, code, msg, hdrs, fp)
urllib.error.HTTPError: HTTP Error 404: Not Found

For parameters: snap_graph.com-DBLP
Traceback (most recent call last):
  File "/storage/home/hcoda1/7/wahrens6/.cache/pypoetry/virtualenvs/saps-RkeCTkZF-py3.12/lib/python3.12/site-packages/asv_runner/server.py", line 179, in _run_server
    _run(run_args)
  File "/storage/home/hcoda1/7/wahrens6/.cache/pypoetry/virtualenvs/saps-RkeCTkZF-py3.12/lib/python3.12/site-packages/asv_runner/run.py", line 66, in _run
    skip = benchmark.do_setup()
           ^^^^^^^^^^^^^^^^^^^^
  File "/storage/home/hcoda1/7/wahrens6/.cache/pypoetry/virtualenvs/saps-RkeCTkZF-py3.12/lib/python3.12/site-packages/asv_runner/benchmarks/time.py", line 121, in do_setup
    result = Benchmark.do_setup(self)
             ^^^^^^^^^^^^^^^^^^^^^^^^
  File "/storage/home/hcoda1/7/wahrens6/.cache/pypoetry/virtualenvs/saps-RkeCTkZF-py3.12/lib/python3.12/site-packages/asv_runner/benchmarks/_base.py", line 723, in do_setup
    setup(*self._build_params())
  File "/storage/scratch1/7/wahrens6/SparseArrayProgrammingSuite/src/saps/benchmark.py", line 428, in setup
    if param.generator.cacheable and not param.generator.backend.upload_dataset(
                                         ^^^^^^^^^^^^^^^^^^^^^^^^^^^^^^^^^^^^^^^
  File "/storage/scratch1/7/wahrens6/SparseArrayProgrammingSuite/src/saps/storage.py", line 167, in upload_dataset
    _, digest, local_path = self._generate_and_cache(generator, dataset)
                            ^^^^^^^^^^^^^^^^^^^^^^^^^^^^^^^^^^^^^^^^^^^^
  File "/storage/scratch1/7/wahrens6/SparseArrayProgrammingSuite/src/saps/storage.py", line 121, in _generate_and_cache
    data = generator.generate(dataset)
           ^^^^^^^^^^^^^^^^^^^^^^^^^^^
  File "/storage/scratch1/7/wahrens6/SparseArrayProgrammingSuite/src/saps/benchmarks/snap.py", line 434, in generate
    inputs, meta = download_snap_dataset(
                   ^^^^^^^^^^^^^^^^^^^^^^
  File "/storage/scratch1/7/wahrens6/SparseArrayProgrammingSuite/src/saps/downloaders/snap.py", line 37, in download_snap_dataset
    edge_list_path = _ensure_downloaded(slug, dataset_dir)
                     ^^^^^^^^^^^^^^^^^^^^^^^^^^^^^^^^^^^^^
  File "/storage/scratch1/7/wahrens6/SparseArrayProgrammingSuite/src/saps/downloaders/snap.py", line 166, in _ensure_downloaded
    urllib.request.urlretrieve(url, tmp_path)
  File "/storage/pace-apps/spack/packages/linux-rhel9-x86_64_v3/gcc-11.3.1/python-3.12.5-5sase6atfv2x5tf7dy5x5sqfzyguhsia/lib/python3.12/urllib/request.py", line 240, in urlretrieve
    with contextlib.closing(urlopen(url, data)) as fp:
                            ^^^^^^^^^^^^^^^^^^
  File "/storage/pace-apps/spack/packages/linux-rhel9-x86_64_v3/gcc-11.3.1/python-3.12.5-5sase6atfv2x5tf7dy5x5sqfzyguhsia/lib/python3.12/urllib/request.py", line 215, in urlopen
    return opener.open(url, data, timeout)
           ^^^^^^^^^^^^^^^^^^^^^^^^^^^^^^^
  File "/storage/pace-apps/spack/packages/linux-rhel9-x86_64_v3/gcc-11.3.1/python-3.12.5-5sase6atfv2x5tf7dy5x5sqfzyguhsia/lib/python3.12/urllib/request.py", line 521, in open
    response = meth(req, response)
               ^^^^^^^^^^^^^^^^^^^
  File "/storage/pace-apps/spack/packages/linux-rhel9-x86_64_v3/gcc-11.3.1/python-3.12.5-5sase6atfv2x5tf7dy5x5sqfzyguhsia/lib/python3.12/urllib/request.py", line 630, in http_response
    response = self.parent.error(
               ^^^^^^^^^^^^^^^^^^
  File "/storage/pace-apps/spack/packages/linux-rhel9-x86_64_v3/gcc-11.3.1/python-3.12.5-5sase6atfv2x5tf7dy5x5sqfzyguhsia/lib/python3.12/urllib/request.py", line 559, in error
    return self._call_chain(*args)
           ^^^^^^^^^^^^^^^^^^^^^^^
  File "/storage/pace-apps/spack/packages/linux-rhel9-x86_64_v3/gcc-11.3.1/python-3.12.5-5sase6atfv2x5tf7dy5x5sqfzyguhsia/lib/python3.12/urllib/request.py", line 492, in _call_chain
    result = func(*args)
             ^^^^^^^^^^^
  File "/storage/pace-apps/spack/packages/linux-rhel9-x86_64_v3/gcc-11.3.1/python-3.12.5-5sase6atfv2x5tf7dy5x5sqfzyguhsia/lib/python3.12/urllib/request.py", line 639, in http_error_default
    raise HTTPError(req.full_url, code, msg, hdrs, fp)
urllib.error.HTTPError: HTTP Error 404: Not Found

For parameters: snap_graph.com-Amazon
Traceback (most recent call last):
  File "/storage/home/hcoda1/7/wahrens6/.cache/pypoetry/virtualenvs/saps-RkeCTkZF-py3.12/lib/python3.12/site-packages/asv_runner/server.py", line 179, in _run_server
    _run(run_args)
  File "/storage/home/hcoda1/7/wahrens6/.cache/pypoetry/virtualenvs/saps-RkeCTkZF-py3.12/lib/python3.12/site-packages/asv_runner/run.py", line 66, in _run
    skip = benchmark.do_setup()
           ^^^^^^^^^^^^^^^^^^^^
  File "/storage/home/hcoda1/7/wahrens6/.cache/pypoetry/virtualenvs/saps-RkeCTkZF-py3.12/lib/python3.12/site-packages/asv_runner/benchmarks/time.py", line 121, in do_setup
    result = Benchmark.do_setup(self)
             ^^^^^^^^^^^^^^^^^^^^^^^^
  File "/storage/home/hcoda1/7/wahrens6/.cache/pypoetry/virtualenvs/saps-RkeCTkZF-py3.12/lib/python3.12/site-packages/asv_runner/benchmarks/_base.py", line 723, in do_setup
    setup(*self._build_params())
  File "/storage/scratch1/7/wahrens6/SparseArrayProgrammingSuite/src/saps/benchmark.py", line 428, in setup
    if param.generator.cacheable and not param.generator.backend.upload_dataset(
                                         ^^^^^^^^^^^^^^^^^^^^^^^^^^^^^^^^^^^^^^^
  File "/storage/scratch1/7/wahrens6/SparseArrayProgrammingSuite/src/saps/storage.py", line 167, in upload_dataset
    _, digest, local_path = self._generate_and_cache(generator, dataset)
                            ^^^^^^^^^^^^^^^^^^^^^^^^^^^^^^^^^^^^^^^^^^^^
  File "/storage/scratch1/7/wahrens6/SparseArrayProgrammingSuite/src/saps/storage.py", line 121, in _generate_and_cache
    data = generator.generate(dataset)
           ^^^^^^^^^^^^^^^^^^^^^^^^^^^
  File "/storage/scratch1/7/wahrens6/SparseArrayProgrammingSuite/src/saps/benchmarks/snap.py", line 434, in generate
    inputs, meta = download_snap_dataset(
                   ^^^^^^^^^^^^^^^^^^^^^^
  File "/storage/scratch1/7/wahrens6/SparseArrayProgrammingSuite/src/saps/downloaders/snap.py", line 37, in download_snap_dataset
    edge_list_path = _ensure_downloaded(slug, dataset_dir)
                     ^^^^^^^^^^^^^^^^^^^^^^^^^^^^^^^^^^^^^
  File "/storage/scratch1/7/wahrens6/SparseArrayProgrammingSuite/src/saps/downloaders/snap.py", line 166, in _ensure_downloaded
    urllib.request.urlretrieve(url, tmp_path)
  File "/storage/pace-apps/spack/packages/linux-rhel9-x86_64_v3/gcc-11.3.1/python-3.12.5-5sase6atfv2x5tf7dy5x5sqfzyguhsia/lib/python3.12/urllib/request.py", line 240, in urlretrieve
    with contextlib.closing(urlopen(url, data)) as fp:
                            ^^^^^^^^^^^^^^^^^^
  File "/storage/pace-apps/spack/packages/linux-rhel9-x86_64_v3/gcc-11.3.1/python-3.12.5-5sase6atfv2x5tf7dy5x5sqfzyguhsia/lib/python3.12/urllib/request.py", line 215, in urlopen
    return opener.open(url, data, timeout)
           ^^^^^^^^^^^^^^^^^^^^^^^^^^^^^^^
  File "/storage/pace-apps/spack/packages/linux-rhel9-x86_64_v3/gcc-11.3.1/python-3.12.5-5sase6atfv2x5tf7dy5x5sqfzyguhsia/lib/python3.12/urllib/request.py", line 521, in open
    response = meth(req, response)
               ^^^^^^^^^^^^^^^^^^^
  File "/storage/pace-apps/spack/packages/linux-rhel9-x86_64_v3/gcc-11.3.1/python-3.12.5-5sase6atfv2x5tf7dy5x5sqfzyguhsia/lib/python3.12/urllib/request.py", line 630, in http_response
    response = self.parent.error(
               ^^^^^^^^^^^^^^^^^^
  File "/storage/pace-apps/spack/packages/linux-rhel9-x86_64_v3/gcc-11.3.1/python-3.12.5-5sase6atfv2x5tf7dy5x5sqfzyguhsia/lib/python3.12/urllib/request.py", line 559, in error
    return self._call_chain(*args)
           ^^^^^^^^^^^^^^^^^^^^^^^
  File "/storage/pace-apps/spack/packages/linux-rhel9-x86_64_v3/gcc-11.3.1/python-3.12.5-5sase6atfv2x5tf7dy5x5sqfzyguhsia/lib/python3.12/urllib/request.py", line 492, in _call_chain
    result = func(*args)
             ^^^^^^^^^^^
  File "/storage/pace-apps/spack/packages/linux-rhel9-x86_64_v3/gcc-11.3.1/python-3.12.5-5sase6atfv2x5tf7dy5x5sqfzyguhsia/lib/python3.12/urllib/request.py", line 639, in http_error_default
    raise HTTPError(req.full_url, code, msg, hdrs, fp)
urllib.error.HTTPError: HTTP Error 404: Not Found

For parameters: snap_graph.email-Eu-core
INFO botocore.tokens: Loading cached SSO token for pace-uploader
asv: skipped: NotImplementedError('dataset cached')

For parameters: snap_graph.wiki-topcats
INFO botocore.tokens: Loading cached SSO token for pace-uploader
asv: skipped: NotImplementedError('dataset cached')

For parameters: snap_graph.cisco-secure-workload
Traceback (most recent call last):
  File "/storage/home/hcoda1/7/wahrens6/.cache/pypoetry/virtualenvs/saps-RkeCTkZF-py3.12/lib/python3.12/site-packages/asv_runner/server.py", line 179, in _run_server
    _run(run_args)
  File "/storage/home/hcoda1/7/wahrens6/.cache/pypoetry/virtualenvs/saps-RkeCTkZF-py3.12/lib/python3.12/site-packages/asv_runner/run.py", line 66, in _run
    skip = benchmark.do_setup()
           ^^^^^^^^^^^^^^^^^^^^
  File "/storage/home/hcoda1/7/wahrens6/.cache/pypoetry/virtualenvs/saps-RkeCTkZF-py3.12/lib/python3.12/site-packages/asv_runner/benchmarks/time.py", line 121, in do_setup
    result = Benchmark.do_setup(self)
             ^^^^^^^^^^^^^^^^^^^^^^^^
  File "/storage/home/hcoda1/7/wahrens6/.cache/pypoetry/virtualenvs/saps-RkeCTkZF-py3.12/lib/python3.12/site-packages/asv_runner/benchmarks/_base.py", line 723, in do_setup
    setup(*self._build_params())
  File "/storage/scratch1/7/wahrens6/SparseArrayProgrammingSuite/src/saps/benchmark.py", line 428, in setup
    if param.generator.cacheable and not param.generator.backend.upload_dataset(
                                         ^^^^^^^^^^^^^^^^^^^^^^^^^^^^^^^^^^^^^^^
  File "/storage/scratch1/7/wahrens6/SparseArrayProgrammingSuite/src/saps/storage.py", line 167, in upload_dataset
    _, digest, local_path = self._generate_and_cache(generator, dataset)
                            ^^^^^^^^^^^^^^^^^^^^^^^^^^^^^^^^^^^^^^^^^^^^
  File "/storage/scratch1/7/wahrens6/SparseArrayProgrammingSuite/src/saps/storage.py", line 121, in _generate_and_cache
    data = generator.generate(dataset)
           ^^^^^^^^^^^^^^^^^^^^^^^^^^^
  File "/storage/scratch1/7/wahrens6/SparseArrayProgrammingSuite/src/saps/benchmarks/snap.py", line 434, in generate
    inputs, meta = download_snap_dataset(
                   ^^^^^^^^^^^^^^^^^^^^^^
  File "/storage/scratch1/7/wahrens6/SparseArrayProgrammingSuite/src/saps/downloaders/snap.py", line 37, in download_snap_dataset
    edge_list_path = _ensure_downloaded(slug, dataset_dir)
                     ^^^^^^^^^^^^^^^^^^^^^^^^^^^^^^^^^^^^^
  File "/storage/scratch1/7/wahrens6/SparseArrayProgrammingSuite/src/saps/downloaders/snap.py", line 166, in _ensure_downloaded
    urllib.request.urlretrieve(url, tmp_path)
  File "/storage/pace-apps/spack/packages/linux-rhel9-x86_64_v3/gcc-11.3.1/python-3.12.5-5sase6atfv2x5tf7dy5x5sqfzyguhsia/lib/python3.12/urllib/request.py", line 240, in urlretrieve
    with contextlib.closing(urlopen(url, data)) as fp:
                            ^^^^^^^^^^^^^^^^^^
  File "/storage/pace-apps/spack/packages/linux-rhel9-x86_64_v3/gcc-11.3.1/python-3.12.5-5sase6atfv2x5tf7dy5x5sqfzyguhsia/lib/python3.12/urllib/request.py", line 215, in urlopen
    return opener.open(url, data, timeout)
           ^^^^^^^^^^^^^^^^^^^^^^^^^^^^^^^
  File "/storage/pace-apps/spack/packages/linux-rhel9-x86_64_v3/gcc-11.3.1/python-3.12.5-5sase6atfv2x5tf7dy5x5sqfzyguhsia/lib/python3.12/urllib/request.py", line 521, in open
    response = meth(req, response)
               ^^^^^^^^^^^^^^^^^^^
  File "/storage/pace-apps/spack/packages/linux-rhel9-x86_64_v3/gcc-11.3.1/python-3.12.5-5sase6atfv2x5tf7dy5x5sqfzyguhsia/lib/python3.12/urllib/request.py", line 630, in http_response
    response = self.parent.error(
               ^^^^^^^^^^^^^^^^^^
  File "/storage/pace-apps/spack/packages/linux-rhel9-x86_64_v3/gcc-11.3.1/python-3.12.5-5sase6atfv2x5tf7dy5x5sqfzyguhsia/lib/python3.12/urllib/request.py", line 559, in error
    return self._call_chain(*args)
           ^^^^^^^^^^^^^^^^^^^^^^^
  File "/storage/pace-apps/spack/packages/linux-rhel9-x86_64_v3/gcc-11.3.1/python-3.12.5-5sase6atfv2x5tf7dy5x5sqfzyguhsia/lib/python3.12/urllib/request.py", line 492, in _call_chain
    result = func(*args)
             ^^^^^^^^^^^
  File "/storage/pace-apps/spack/packages/linux-rhel9-x86_64_v3/gcc-11.3.1/python-3.12.5-5sase6atfv2x5tf7dy5x5sqfzyguhsia/lib/python3.12/urllib/request.py", line 639, in http_error_default
    raise HTTPError(req.full_url, code, msg, hdrs, fp)
urllib.error.HTTPError: HTTP Error 404: Not Found

For parameters: snap_graph.email-EuAll
INFO botocore.tokens: Loading cached SSO token for pace-uploader
asv: skipped: NotImplementedError('dataset cached')

For parameters: snap_graph.email-Enron
INFO botocore.tokens: Loading cached SSO token for pace-uploader
asv: skipped: NotImplementedError('dataset cached')

For parameters: snap_graph.wiki-Talk
INFO botocore.tokens: Loading cached SSO token for pace-uploader
asv: skipped: NotImplementedError('dataset cached')

For parameters: snap_graph.cit-HepPh
INFO botocore.tokens: Loading cached SSO token for pace-uploader
asv: skipped: NotImplementedError('dataset cached')

For parameters: snap_graph.cit-HepTh
INFO botocore.tokens: Loading cached SSO token for pace-uploader
asv: skipped: NotImplementedError('dataset cached')

For parameters: snap_graph.cit-Patents
INFO botocore.tokens: Loading cached SSO token for pace-uploader
asv: skipped: NotImplementedError('dataset cached')

For parameters: snap_graph.ca-AstroPh
INFO botocore.tokens: Loading cached SSO token for pace-uploader
asv: skipped: NotImplementedError('dataset cached')

For parameters: snap_graph.ca-CondMat
INFO botocore.tokens: Loading cached SSO token for pace-uploader
asv: skipped: NotImplementedError('dataset cached')

For parameters: snap_graph.ca-GrQc
INFO botocore.tokens: Loading cached SSO token for pace-uploader
asv: skipped: NotImplementedError('dataset cached')

For parameters: snap_graph.ca-HepPh
INFO botocore.tokens: Loading cached SSO token for pace-uploader
asv: skipped: NotImplementedError('dataset cached')

For parameters: snap_graph.ca-HepTh
INFO botocore.tokens: Loading cached SSO token for pace-uploader
asv: skipped: NotImplementedError('dataset cached')

For parameters: snap_graph.web-BerkStan
INFO botocore.tokens: Loading cached SSO token for pace-uploader
asv: skipped: NotImplementedError('dataset cached')

For parameters: snap_graph.web-Google
INFO botocore.tokens: Loading cached SSO token for pace-uploader
asv: skipped: NotImplementedError('dataset cached')

For parameters: snap_graph.web-NotreDame
INFO botocore.tokens: Loading cached SSO token for pace-uploader
asv: skipped: NotImplementedError('dataset cached')

For parameters: snap_graph.web-Stanford
INFO botocore.tokens: Loading cached SSO token for pace-uploader
asv: skipped: NotImplementedError('dataset cached')

For parameters: snap_graph.amazon0302
INFO botocore.tokens: Loading cached SSO token for pace-uploader
asv: skipped: NotImplementedError('dataset cached')

For parameters: snap_graph.amazon0312
INFO botocore.tokens: Loading cached SSO token for pace-uploader
asv: skipped: NotImplementedError('dataset cached')

For parameters: snap_graph.amazon0505
INFO botocore.tokens: Loading cached SSO token for pace-uploader
asv: skipped: NotImplementedError('dataset cached')

For parameters: snap_graph.amazon0601
INFO botocore.tokens: Loading cached SSO token for pace-uploader
asv: skipped: NotImplementedError('dataset cached')

For parameters: snap_graph.amazon-meta
Traceback (most recent call last):
  File "/storage/home/hcoda1/7/wahrens6/.cache/pypoetry/virtualenvs/saps-RkeCTkZF-py3.12/lib/python3.12/site-packages/asv_runner/server.py", line 179, in _run_server
    _run(run_args)
  File "/storage/home/hcoda1/7/wahrens6/.cache/pypoetry/virtualenvs/saps-RkeCTkZF-py3.12/lib/python3.12/site-packages/asv_runner/run.py", line 66, in _run
    skip = benchmark.do_setup()
           ^^^^^^^^^^^^^^^^^^^^
  File "/storage/home/hcoda1/7/wahrens6/.cache/pypoetry/virtualenvs/saps-RkeCTkZF-py3.12/lib/python3.12/site-packages/asv_runner/benchmarks/time.py", line 121, in do_setup
    result = Benchmark.do_setup(self)
             ^^^^^^^^^^^^^^^^^^^^^^^^
  File "/storage/home/hcoda1/7/wahrens6/.cache/pypoetry/virtualenvs/saps-RkeCTkZF-py3.12/lib/python3.12/site-packages/asv_runner/benchmarks/_base.py", line 723, in do_setup
    setup(*self._build_params())
  File "/storage/scratch1/7/wahrens6/SparseArrayProgrammingSuite/src/saps/benchmark.py", line 428, in setup
    if param.generator.cacheable and not param.generator.backend.upload_dataset(
                                         ^^^^^^^^^^^^^^^^^^^^^^^^^^^^^^^^^^^^^^^
  File "/storage/scratch1/7/wahrens6/SparseArrayProgrammingSuite/src/saps/storage.py", line 167, in upload_dataset
    _, digest, local_path = self._generate_and_cache(generator, dataset)
                            ^^^^^^^^^^^^^^^^^^^^^^^^^^^^^^^^^^^^^^^^^^^^
  File "/storage/scratch1/7/wahrens6/SparseArrayProgrammingSuite/src/saps/storage.py", line 121, in _generate_and_cache
    data = generator.generate(dataset)
           ^^^^^^^^^^^^^^^^^^^^^^^^^^^
  File "/storage/scratch1/7/wahrens6/SparseArrayProgrammingSuite/src/saps/benchmarks/snap.py", line 434, in generate
    inputs, meta = download_snap_dataset(
                   ^^^^^^^^^^^^^^^^^^^^^^
  File "/storage/scratch1/7/wahrens6/SparseArrayProgrammingSuite/src/saps/downloaders/snap.py", line 37, in download_snap_dataset
    edge_list_path = _ensure_downloaded(slug, dataset_dir)
                     ^^^^^^^^^^^^^^^^^^^^^^^^^^^^^^^^^^^^^
  File "/storage/scratch1/7/wahrens6/SparseArrayProgrammingSuite/src/saps/downloaders/snap.py", line 166, in _ensure_downloaded
    urllib.request.urlretrieve(url, tmp_path)
  File "/storage/pace-apps/spack/packages/linux-rhel9-x86_64_v3/gcc-11.3.1/python-3.12.5-5sase6atfv2x5tf7dy5x5sqfzyguhsia/lib/python3.12/urllib/request.py", line 240, in urlretrieve
    with contextlib.closing(urlopen(url, data)) as fp:
                            ^^^^^^^^^^^^^^^^^^
  File "/storage/pace-apps/spack/packages/linux-rhel9-x86_64_v3/gcc-11.3.1/python-3.12.5-5sase6atfv2x5tf7dy5x5sqfzyguhsia/lib/python3.12/urllib/request.py", line 215, in urlopen
    return opener.open(url, data, timeout)
           ^^^^^^^^^^^^^^^^^^^^^^^^^^^^^^^
  File "/storage/pace-apps/spack/packages/linux-rhel9-x86_64_v3/gcc-11.3.1/python-3.12.5-5sase6atfv2x5tf7dy5x5sqfzyguhsia/lib/python3.12/urllib/request.py", line 521, in open
    response = meth(req, response)
               ^^^^^^^^^^^^^^^^^^^
  File "/storage/pace-apps/spack/packages/linux-rhel9-x86_64_v3/gcc-11.3.1/python-3.12.5-5sase6atfv2x5tf7dy5x5sqfzyguhsia/lib/python3.12/urllib/request.py", line 630, in http_response
    response = self.parent.error(
               ^^^^^^^^^^^^^^^^^^
  File "/storage/pace-apps/spack/packages/linux-rhel9-x86_64_v3/gcc-11.3.1/python-3.12.5-5sase6atfv2x5tf7dy5x5sqfzyguhsia/lib/python3.12/urllib/request.py", line 559, in error
    return self._call_chain(*args)
           ^^^^^^^^^^^^^^^^^^^^^^^
  File "/storage/pace-apps/spack/packages/linux-rhel9-x86_64_v3/gcc-11.3.1/python-3.12.5-5sase6atfv2x5tf7dy5x5sqfzyguhsia/lib/python3.12/urllib/request.py", line 492, in _call_chain
    result = func(*args)
             ^^^^^^^^^^^
  File "/storage/pace-apps/spack/packages/linux-rhel9-x86_64_v3/gcc-11.3.1/python-3.12.5-5sase6atfv2x5tf7dy5x5sqfzyguhsia/lib/python3.12/urllib/request.py", line 639, in http_error_default
    raise HTTPError(req.full_url, code, msg, hdrs, fp)
urllib.error.HTTPError: HTTP Error 404: Not Found

For parameters: snap_graph.p2p-Gnutella04
INFO botocore.tokens: Loading cached SSO token for pace-uploader
asv: skipped: NotImplementedError('dataset cached')

For parameters: snap_graph.p2p-Gnutella05
INFO botocore.tokens: Loading cached SSO token for pace-uploader
asv: skipped: NotImplementedError('dataset cached')

For parameters: snap_graph.p2p-Gnutella06
INFO botocore.tokens: Loading cached SSO token for pace-uploader
asv: skipped: NotImplementedError('dataset cached')

For parameters: snap_graph.p2p-Gnutella08
INFO botocore.tokens: Loading cached SSO token for pace-uploader
asv: skipped: NotImplementedError('dataset cached')

For parameters: snap_graph.p2p-Gnutella09
INFO botocore.tokens: Loading cached SSO token for pace-uploader
asv: skipped: NotImplementedError('dataset cached')

For parameters: snap_graph.p2p-Gnutella24
INFO botocore.tokens: Loading cached SSO token for pace-uploader
asv: skipped: NotImplementedError('dataset cached')

For parameters: snap_graph.p2p-Gnutella25
INFO botocore.tokens: Loading cached SSO token for pace-uploader
asv: skipped: NotImplementedError('dataset cached')

For parameters: snap_graph.p2p-Gnutella30
INFO botocore.tokens: Loading cached SSO token for pace-uploader
asv: skipped: NotImplementedError('dataset cached')

For parameters: snap_graph.p2p-Gnutella31
INFO botocore.tokens: Loading cached SSO token for pace-uploader
asv: skipped: NotImplementedError('dataset cached')

For parameters: snap_graph.roadNet-CA
INFO botocore.tokens: Loading cached SSO token for pace-uploader
asv: skipped: NotImplementedError('dataset cached')

For parameters: snap_graph.roadNet-PA
INFO botocore.tokens: Loading cached SSO token for pace-uploader
asv: skipped: NotImplementedError('dataset cached')

For parameters: snap_graph.roadNet-TX
INFO botocore.tokens: Loading cached SSO token for pace-uploader
asv: skipped: NotImplementedError('dataset cached')

For parameters: snap_graph.as-733
Traceback (most recent call last):
  File "/storage/home/hcoda1/7/wahrens6/.cache/pypoetry/virtualenvs/saps-RkeCTkZF-py3.12/lib/python3.12/site-packages/asv_runner/server.py", line 179, in _run_server
    _run(run_args)
  File "/storage/home/hcoda1/7/wahrens6/.cache/pypoetry/virtualenvs/saps-RkeCTkZF-py3.12/lib/python3.12/site-packages/asv_runner/run.py", line 66, in _run
    skip = benchmark.do_setup()
           ^^^^^^^^^^^^^^^^^^^^
  File "/storage/home/hcoda1/7/wahrens6/.cache/pypoetry/virtualenvs/saps-RkeCTkZF-py3.12/lib/python3.12/site-packages/asv_runner/benchmarks/time.py", line 121, in do_setup
    result = Benchmark.do_setup(self)
             ^^^^^^^^^^^^^^^^^^^^^^^^
  File "/storage/home/hcoda1/7/wahrens6/.cache/pypoetry/virtualenvs/saps-RkeCTkZF-py3.12/lib/python3.12/site-packages/asv_runner/benchmarks/_base.py", line 723, in do_setup
    setup(*self._build_params())
  File "/storage/scratch1/7/wahrens6/SparseArrayProgrammingSuite/src/saps/benchmark.py", line 428, in setup
    if param.generator.cacheable and not param.generator.backend.upload_dataset(
                                         ^^^^^^^^^^^^^^^^^^^^^^^^^^^^^^^^^^^^^^^
  File "/storage/scratch1/7/wahrens6/SparseArrayProgrammingSuite/src/saps/storage.py", line 167, in upload_dataset
    _, digest, local_path = self._generate_and_cache(generator, dataset)
                            ^^^^^^^^^^^^^^^^^^^^^^^^^^^^^^^^^^^^^^^^^^^^
  File "/storage/scratch1/7/wahrens6/SparseArrayProgrammingSuite/src/saps/storage.py", line 121, in _generate_and_cache
    data = generator.generate(dataset)
           ^^^^^^^^^^^^^^^^^^^^^^^^^^^
  File "/storage/scratch1/7/wahrens6/SparseArrayProgrammingSuite/src/saps/benchmarks/snap.py", line 434, in generate
    inputs, meta = download_snap_dataset(
                   ^^^^^^^^^^^^^^^^^^^^^^
  File "/storage/scratch1/7/wahrens6/SparseArrayProgrammingSuite/src/saps/downloaders/snap.py", line 37, in download_snap_dataset
    edge_list_path = _ensure_downloaded(slug, dataset_dir)
                     ^^^^^^^^^^^^^^^^^^^^^^^^^^^^^^^^^^^^^
  File "/storage/scratch1/7/wahrens6/SparseArrayProgrammingSuite/src/saps/downloaders/snap.py", line 166, in _ensure_downloaded
    urllib.request.urlretrieve(url, tmp_path)
  File "/storage/pace-apps/spack/packages/linux-rhel9-x86_64_v3/gcc-11.3.1/python-3.12.5-5sase6atfv2x5tf7dy5x5sqfzyguhsia/lib/python3.12/urllib/request.py", line 240, in urlretrieve
    with contextlib.closing(urlopen(url, data)) as fp:
                            ^^^^^^^^^^^^^^^^^^
  File "/storage/pace-apps/spack/packages/linux-rhel9-x86_64_v3/gcc-11.3.1/python-3.12.5-5sase6atfv2x5tf7dy5x5sqfzyguhsia/lib/python3.12/urllib/request.py", line 215, in urlopen
    return opener.open(url, data, timeout)
           ^^^^^^^^^^^^^^^^^^^^^^^^^^^^^^^
  File "/storage/pace-apps/spack/packages/linux-rhel9-x86_64_v3/gcc-11.3.1/python-3.12.5-5sase6atfv2x5tf7dy5x5sqfzyguhsia/lib/python3.12/urllib/request.py", line 521, in open
    response = meth(req, response)
               ^^^^^^^^^^^^^^^^^^^
  File "/storage/pace-apps/spack/packages/linux-rhel9-x86_64_v3/gcc-11.3.1/python-3.12.5-5sase6atfv2x5tf7dy5x5sqfzyguhsia/lib/python3.12/urllib/request.py", line 630, in http_response
    response = self.parent.error(
               ^^^^^^^^^^^^^^^^^^
  File "/storage/pace-apps/spack/packages/linux-rhel9-x86_64_v3/gcc-11.3.1/python-3.12.5-5sase6atfv2x5tf7dy5x5sqfzyguhsia/lib/python3.12/urllib/request.py", line 559, in error
    return self._call_chain(*args)
           ^^^^^^^^^^^^^^^^^^^^^^^
  File "/storage/pace-apps/spack/packages/linux-rhel9-x86_64_v3/gcc-11.3.1/python-3.12.5-5sase6atfv2x5tf7dy5x5sqfzyguhsia/lib/python3.12/urllib/request.py", line 492, in _call_chain
    result = func(*args)
             ^^^^^^^^^^^
  File "/storage/pace-apps/spack/packages/linux-rhel9-x86_64_v3/gcc-11.3.1/python-3.12.5-5sase6atfv2x5tf7dy5x5sqfzyguhsia/lib/python3.12/urllib/request.py", line 639, in http_error_default
    raise HTTPError(req.full_url, code, msg, hdrs, fp)
urllib.error.HTTPError: HTTP Error 404: Not Found

For parameters: snap_graph.as-Skitter
Traceback (most recent call last):
  File "/storage/home/hcoda1/7/wahrens6/.cache/pypoetry/virtualenvs/saps-RkeCTkZF-py3.12/lib/python3.12/site-packages/asv_runner/server.py", line 179, in _run_server
    _run(run_args)
  File "/storage/home/hcoda1/7/wahrens6/.cache/pypoetry/virtualenvs/saps-RkeCTkZF-py3.12/lib/python3.12/site-packages/asv_runner/run.py", line 66, in _run
    skip = benchmark.do_setup()
           ^^^^^^^^^^^^^^^^^^^^
  File "/storage/home/hcoda1/7/wahrens6/.cache/pypoetry/virtualenvs/saps-RkeCTkZF-py3.12/lib/python3.12/site-packages/asv_runner/benchmarks/time.py", line 121, in do_setup
    result = Benchmark.do_setup(self)
             ^^^^^^^^^^^^^^^^^^^^^^^^
  File "/storage/home/hcoda1/7/wahrens6/.cache/pypoetry/virtualenvs/saps-RkeCTkZF-py3.12/lib/python3.12/site-packages/asv_runner/benchmarks/_base.py", line 723, in do_setup
    setup(*self._build_params())
  File "/storage/scratch1/7/wahrens6/SparseArrayProgrammingSuite/src/saps/benchmark.py", line 428, in setup
    if param.generator.cacheable and not param.generator.backend.upload_dataset(
                                         ^^^^^^^^^^^^^^^^^^^^^^^^^^^^^^^^^^^^^^^
  File "/storage/scratch1/7/wahrens6/SparseArrayProgrammingSuite/src/saps/storage.py", line 167, in upload_dataset
    _, digest, local_path = self._generate_and_cache(generator, dataset)
                            ^^^^^^^^^^^^^^^^^^^^^^^^^^^^^^^^^^^^^^^^^^^^
  File "/storage/scratch1/7/wahrens6/SparseArrayProgrammingSuite/src/saps/storage.py", line 121, in _generate_and_cache
    data = generator.generate(dataset)
           ^^^^^^^^^^^^^^^^^^^^^^^^^^^
  File "/storage/scratch1/7/wahrens6/SparseArrayProgrammingSuite/src/saps/benchmarks/snap.py", line 434, in generate
    inputs, meta = download_snap_dataset(
                   ^^^^^^^^^^^^^^^^^^^^^^
  File "/storage/scratch1/7/wahrens6/SparseArrayProgrammingSuite/src/saps/downloaders/snap.py", line 37, in download_snap_dataset
    edge_list_path = _ensure_downloaded(slug, dataset_dir)
                     ^^^^^^^^^^^^^^^^^^^^^^^^^^^^^^^^^^^^^
  File "/storage/scratch1/7/wahrens6/SparseArrayProgrammingSuite/src/saps/downloaders/snap.py", line 166, in _ensure_downloaded
    urllib.request.urlretrieve(url, tmp_path)
  File "/storage/pace-apps/spack/packages/linux-rhel9-x86_64_v3/gcc-11.3.1/python-3.12.5-5sase6atfv2x5tf7dy5x5sqfzyguhsia/lib/python3.12/urllib/request.py", line 240, in urlretrieve
    with contextlib.closing(urlopen(url, data)) as fp:
                            ^^^^^^^^^^^^^^^^^^
  File "/storage/pace-apps/spack/packages/linux-rhel9-x86_64_v3/gcc-11.3.1/python-3.12.5-5sase6atfv2x5tf7dy5x5sqfzyguhsia/lib/python3.12/urllib/request.py", line 215, in urlopen
    return opener.open(url, data, timeout)
           ^^^^^^^^^^^^^^^^^^^^^^^^^^^^^^^
  File "/storage/pace-apps/spack/packages/linux-rhel9-x86_64_v3/gcc-11.3.1/python-3.12.5-5sase6atfv2x5tf7dy5x5sqfzyguhsia/lib/python3.12/urllib/request.py", line 521, in open
    response = meth(req, response)
               ^^^^^^^^^^^^^^^^^^^
  File "/storage/pace-apps/spack/packages/linux-rhel9-x86_64_v3/gcc-11.3.1/python-3.12.5-5sase6atfv2x5tf7dy5x5sqfzyguhsia/lib/python3.12/urllib/request.py", line 630, in http_response
    response = self.parent.error(
               ^^^^^^^^^^^^^^^^^^
  File "/storage/pace-apps/spack/packages/linux-rhel9-x86_64_v3/gcc-11.3.1/python-3.12.5-5sase6atfv2x5tf7dy5x5sqfzyguhsia/lib/python3.12/urllib/request.py", line 559, in error
    return self._call_chain(*args)
           ^^^^^^^^^^^^^^^^^^^^^^^
  File "/storage/pace-apps/spack/packages/linux-rhel9-x86_64_v3/gcc-11.3.1/python-3.12.5-5sase6atfv2x5tf7dy5x5sqfzyguhsia/lib/python3.12/urllib/request.py", line 492, in _call_chain
    result = func(*args)
             ^^^^^^^^^^^
  File "/storage/pace-apps/spack/packages/linux-rhel9-x86_64_v3/gcc-11.3.1/python-3.12.5-5sase6atfv2x5tf7dy5x5sqfzyguhsia/lib/python3.12/urllib/request.py", line 639, in http_error_default
    raise HTTPError(req.full_url, code, msg, hdrs, fp)
urllib.error.HTTPError: HTTP Error 404: Not Found

For parameters: snap_graph.as-Caida
Traceback (most recent call last):
  File "/storage/home/hcoda1/7/wahrens6/.cache/pypoetry/virtualenvs/saps-RkeCTkZF-py3.12/lib/python3.12/site-packages/asv_runner/server.py", line 179, in _run_server
    _run(run_args)
  File "/storage/home/hcoda1/7/wahrens6/.cache/pypoetry/virtualenvs/saps-RkeCTkZF-py3.12/lib/python3.12/site-packages/asv_runner/run.py", line 66, in _run
    skip = benchmark.do_setup()
           ^^^^^^^^^^^^^^^^^^^^
  File "/storage/home/hcoda1/7/wahrens6/.cache/pypoetry/virtualenvs/saps-RkeCTkZF-py3.12/lib/python3.12/site-packages/asv_runner/benchmarks/time.py", line 121, in do_setup
    result = Benchmark.do_setup(self)
             ^^^^^^^^^^^^^^^^^^^^^^^^
  File "/storage/home/hcoda1/7/wahrens6/.cache/pypoetry/virtualenvs/saps-RkeCTkZF-py3.12/lib/python3.12/site-packages/asv_runner/benchmarks/_base.py", line 723, in do_setup
    setup(*self._build_params())
  File "/storage/scratch1/7/wahrens6/SparseArrayProgrammingSuite/src/saps/benchmark.py", line 428, in setup
    if param.generator.cacheable and not param.generator.backend.upload_dataset(
                                         ^^^^^^^^^^^^^^^^^^^^^^^^^^^^^^^^^^^^^^^
  File "/storage/scratch1/7/wahrens6/SparseArrayProgrammingSuite/src/saps/storage.py", line 167, in upload_dataset
    _, digest, local_path = self._generate_and_cache(generator, dataset)
                            ^^^^^^^^^^^^^^^^^^^^^^^^^^^^^^^^^^^^^^^^^^^^
  File "/storage/scratch1/7/wahrens6/SparseArrayProgrammingSuite/src/saps/storage.py", line 121, in _generate_and_cache
    data = generator.generate(dataset)
           ^^^^^^^^^^^^^^^^^^^^^^^^^^^
  File "/storage/scratch1/7/wahrens6/SparseArrayProgrammingSuite/src/saps/benchmarks/snap.py", line 434, in generate
    inputs, meta = download_snap_dataset(
                   ^^^^^^^^^^^^^^^^^^^^^^
  File "/storage/scratch1/7/wahrens6/SparseArrayProgrammingSuite/src/saps/downloaders/snap.py", line 37, in download_snap_dataset
    edge_list_path = _ensure_downloaded(slug, dataset_dir)
                     ^^^^^^^^^^^^^^^^^^^^^^^^^^^^^^^^^^^^^
  File "/storage/scratch1/7/wahrens6/SparseArrayProgrammingSuite/src/saps/downloaders/snap.py", line 166, in _ensure_downloaded
    urllib.request.urlretrieve(url, tmp_path)
  File "/storage/pace-apps/spack/packages/linux-rhel9-x86_64_v3/gcc-11.3.1/python-3.12.5-5sase6atfv2x5tf7dy5x5sqfzyguhsia/lib/python3.12/urllib/request.py", line 240, in urlretrieve
    with contextlib.closing(urlopen(url, data)) as fp:
                            ^^^^^^^^^^^^^^^^^^
  File "/storage/pace-apps/spack/packages/linux-rhel9-x86_64_v3/gcc-11.3.1/python-3.12.5-5sase6atfv2x5tf7dy5x5sqfzyguhsia/lib/python3.12/urllib/request.py", line 215, in urlopen
    return opener.open(url, data, timeout)
           ^^^^^^^^^^^^^^^^^^^^^^^^^^^^^^^
  File "/storage/pace-apps/spack/packages/linux-rhel9-x86_64_v3/gcc-11.3.1/python-3.12.5-5sase6atfv2x5tf7dy5x5sqfzyguhsia/lib/python3.12/urllib/request.py", line 521, in open
    response = meth(req, response)
               ^^^^^^^^^^^^^^^^^^^
  File "/storage/pace-apps/spack/packages/linux-rhel9-x86_64_v3/gcc-11.3.1/python-3.12.5-5sase6atfv2x5tf7dy5x5sqfzyguhsia/lib/python3.12/urllib/request.py", line 630, in http_response
    response = self.parent.error(
               ^^^^^^^^^^^^^^^^^^
  File "/storage/pace-apps/spack/packages/linux-rhel9-x86_64_v3/gcc-11.3.1/python-3.12.5-5sase6atfv2x5tf7dy5x5sqfzyguhsia/lib/python3.12/urllib/request.py", line 559, in error
    return self._call_chain(*args)
           ^^^^^^^^^^^^^^^^^^^^^^^
  File "/storage/pace-apps/spack/packages/linux-rhel9-x86_64_v3/gcc-11.3.1/python-3.12.5-5sase6atfv2x5tf7dy5x5sqfzyguhsia/lib/python3.12/urllib/request.py", line 492, in _call_chain
    result = func(*args)
             ^^^^^^^^^^^
  File "/storage/pace-apps/spack/packages/linux-rhel9-x86_64_v3/gcc-11.3.1/python-3.12.5-5sase6atfv2x5tf7dy5x5sqfzyguhsia/lib/python3.12/urllib/request.py", line 639, in http_error_default
    raise HTTPError(req.full_url, code, msg, hdrs, fp)
urllib.error.HTTPError: HTTP Error 404: Not Found

For parameters: snap_graph.Oregon-1
Traceback (most recent call last):
  File "/storage/home/hcoda1/7/wahrens6/.cache/pypoetry/virtualenvs/saps-RkeCTkZF-py3.12/lib/python3.12/site-packages/asv_runner/server.py", line 179, in _run_server
    _run(run_args)
  File "/storage/home/hcoda1/7/wahrens6/.cache/pypoetry/virtualenvs/saps-RkeCTkZF-py3.12/lib/python3.12/site-packages/asv_runner/run.py", line 66, in _run
    skip = benchmark.do_setup()
           ^^^^^^^^^^^^^^^^^^^^
  File "/storage/home/hcoda1/7/wahrens6/.cache/pypoetry/virtualenvs/saps-RkeCTkZF-py3.12/lib/python3.12/site-packages/asv_runner/benchmarks/time.py", line 121, in do_setup
    result = Benchmark.do_setup(self)
             ^^^^^^^^^^^^^^^^^^^^^^^^
  File "/storage/home/hcoda1/7/wahrens6/.cache/pypoetry/virtualenvs/saps-RkeCTkZF-py3.12/lib/python3.12/site-packages/asv_runner/benchmarks/_base.py", line 723, in do_setup
    setup(*self._build_params())
  File "/storage/scratch1/7/wahrens6/SparseArrayProgrammingSuite/src/saps/benchmark.py", line 428, in setup
    if param.generator.cacheable and not param.generator.backend.upload_dataset(
                                         ^^^^^^^^^^^^^^^^^^^^^^^^^^^^^^^^^^^^^^^
  File "/storage/scratch1/7/wahrens6/SparseArrayProgrammingSuite/src/saps/storage.py", line 167, in upload_dataset
    _, digest, local_path = self._generate_and_cache(generator, dataset)
                            ^^^^^^^^^^^^^^^^^^^^^^^^^^^^^^^^^^^^^^^^^^^^
  File "/storage/scratch1/7/wahrens6/SparseArrayProgrammingSuite/src/saps/storage.py", line 121, in _generate_and_cache
    data = generator.generate(dataset)
           ^^^^^^^^^^^^^^^^^^^^^^^^^^^
  File "/storage/scratch1/7/wahrens6/SparseArrayProgrammingSuite/src/saps/benchmarks/snap.py", line 434, in generate
    inputs, meta = download_snap_dataset(
                   ^^^^^^^^^^^^^^^^^^^^^^
  File "/storage/scratch1/7/wahrens6/SparseArrayProgrammingSuite/src/saps/downloaders/snap.py", line 37, in download_snap_dataset
    edge_list_path = _ensure_downloaded(slug, dataset_dir)
                     ^^^^^^^^^^^^^^^^^^^^^^^^^^^^^^^^^^^^^
  File "/storage/scratch1/7/wahrens6/SparseArrayProgrammingSuite/src/saps/downloaders/snap.py", line 166, in _ensure_downloaded
    urllib.request.urlretrieve(url, tmp_path)
  File "/storage/pace-apps/spack/packages/linux-rhel9-x86_64_v3/gcc-11.3.1/python-3.12.5-5sase6atfv2x5tf7dy5x5sqfzyguhsia/lib/python3.12/urllib/request.py", line 240, in urlretrieve
    with contextlib.closing(urlopen(url, data)) as fp:
                            ^^^^^^^^^^^^^^^^^^
  File "/storage/pace-apps/spack/packages/linux-rhel9-x86_64_v3/gcc-11.3.1/python-3.12.5-5sase6atfv2x5tf7dy5x5sqfzyguhsia/lib/python3.12/urllib/request.py", line 215, in urlopen
    return opener.open(url, data, timeout)
           ^^^^^^^^^^^^^^^^^^^^^^^^^^^^^^^
  File "/storage/pace-apps/spack/packages/linux-rhel9-x86_64_v3/gcc-11.3.1/python-3.12.5-5sase6atfv2x5tf7dy5x5sqfzyguhsia/lib/python3.12/urllib/request.py", line 521, in open
    response = meth(req, response)
               ^^^^^^^^^^^^^^^^^^^
  File "/storage/pace-apps/spack/packages/linux-rhel9-x86_64_v3/gcc-11.3.1/python-3.12.5-5sase6atfv2x5tf7dy5x5sqfzyguhsia/lib/python3.12/urllib/request.py", line 630, in http_response
    response = self.parent.error(
               ^^^^^^^^^^^^^^^^^^
  File "/storage/pace-apps/spack/packages/linux-rhel9-x86_64_v3/gcc-11.3.1/python-3.12.5-5sase6atfv2x5tf7dy5x5sqfzyguhsia/lib/python3.12/urllib/request.py", line 559, in error
    return self._call_chain(*args)
           ^^^^^^^^^^^^^^^^^^^^^^^
  File "/storage/pace-apps/spack/packages/linux-rhel9-x86_64_v3/gcc-11.3.1/python-3.12.5-5sase6atfv2x5tf7dy5x5sqfzyguhsia/lib/python3.12/urllib/request.py", line 492, in _call_chain
    result = func(*args)
             ^^^^^^^^^^^
  File "/storage/pace-apps/spack/packages/linux-rhel9-x86_64_v3/gcc-11.3.1/python-3.12.5-5sase6atfv2x5tf7dy5x5sqfzyguhsia/lib/python3.12/urllib/request.py", line 639, in http_error_default
    raise HTTPError(req.full_url, code, msg, hdrs, fp)
urllib.error.HTTPError: HTTP Error 404: Not Found

For parameters: snap_graph.Oregon-2
Traceback (most recent call last):
  File "/storage/home/hcoda1/7/wahrens6/.cache/pypoetry/virtualenvs/saps-RkeCTkZF-py3.12/lib/python3.12/site-packages/asv_runner/server.py", line 179, in _run_server
    _run(run_args)
  File "/storage/home/hcoda1/7/wahrens6/.cache/pypoetry/virtualenvs/saps-RkeCTkZF-py3.12/lib/python3.12/site-packages/asv_runner/run.py", line 66, in _run
    skip = benchmark.do_setup()
           ^^^^^^^^^^^^^^^^^^^^
  File "/storage/home/hcoda1/7/wahrens6/.cache/pypoetry/virtualenvs/saps-RkeCTkZF-py3.12/lib/python3.12/site-packages/asv_runner/benchmarks/time.py", line 121, in do_setup
    result = Benchmark.do_setup(self)
             ^^^^^^^^^^^^^^^^^^^^^^^^
  File "/storage/home/hcoda1/7/wahrens6/.cache/pypoetry/virtualenvs/saps-RkeCTkZF-py3.12/lib/python3.12/site-packages/asv_runner/benchmarks/_base.py", line 723, in do_setup
    setup(*self._build_params())
  File "/storage/scratch1/7/wahrens6/SparseArrayProgrammingSuite/src/saps/benchmark.py", line 428, in setup
    if param.generator.cacheable and not param.generator.backend.upload_dataset(
                                         ^^^^^^^^^^^^^^^^^^^^^^^^^^^^^^^^^^^^^^^
  File "/storage/scratch1/7/wahrens6/SparseArrayProgrammingSuite/src/saps/storage.py", line 167, in upload_dataset
    _, digest, local_path = self._generate_and_cache(generator, dataset)
                            ^^^^^^^^^^^^^^^^^^^^^^^^^^^^^^^^^^^^^^^^^^^^
  File "/storage/scratch1/7/wahrens6/SparseArrayProgrammingSuite/src/saps/storage.py", line 121, in _generate_and_cache
    data = generator.generate(dataset)
           ^^^^^^^^^^^^^^^^^^^^^^^^^^^
  File "/storage/scratch1/7/wahrens6/SparseArrayProgrammingSuite/src/saps/benchmarks/snap.py", line 434, in generate
    inputs, meta = download_snap_dataset(
                   ^^^^^^^^^^^^^^^^^^^^^^
  File "/storage/scratch1/7/wahrens6/SparseArrayProgrammingSuite/src/saps/downloaders/snap.py", line 37, in download_snap_dataset
    edge_list_path = _ensure_downloaded(slug, dataset_dir)
                     ^^^^^^^^^^^^^^^^^^^^^^^^^^^^^^^^^^^^^
  File "/storage/scratch1/7/wahrens6/SparseArrayProgrammingSuite/src/saps/downloaders/snap.py", line 166, in _ensure_downloaded
    urllib.request.urlretrieve(url, tmp_path)
  File "/storage/pace-apps/spack/packages/linux-rhel9-x86_64_v3/gcc-11.3.1/python-3.12.5-5sase6atfv2x5tf7dy5x5sqfzyguhsia/lib/python3.12/urllib/request.py", line 240, in urlretrieve
    with contextlib.closing(urlopen(url, data)) as fp:
                            ^^^^^^^^^^^^^^^^^^
  File "/storage/pace-apps/spack/packages/linux-rhel9-x86_64_v3/gcc-11.3.1/python-3.12.5-5sase6atfv2x5tf7dy5x5sqfzyguhsia/lib/python3.12/urllib/request.py", line 215, in urlopen
    return opener.open(url, data, timeout)
           ^^^^^^^^^^^^^^^^^^^^^^^^^^^^^^^
  File "/storage/pace-apps/spack/packages/linux-rhel9-x86_64_v3/gcc-11.3.1/python-3.12.5-5sase6atfv2x5tf7dy5x5sqfzyguhsia/lib/python3.12/urllib/request.py", line 521, in open
    response = meth(req, response)
               ^^^^^^^^^^^^^^^^^^^
  File "/storage/pace-apps/spack/packages/linux-rhel9-x86_64_v3/gcc-11.3.1/python-3.12.5-5sase6atfv2x5tf7dy5x5sqfzyguhsia/lib/python3.12/urllib/request.py", line 630, in http_response
    response = self.parent.error(
               ^^^^^^^^^^^^^^^^^^
  File "/storage/pace-apps/spack/packages/linux-rhel9-x86_64_v3/gcc-11.3.1/python-3.12.5-5sase6atfv2x5tf7dy5x5sqfzyguhsia/lib/python3.12/urllib/request.py", line 559, in error
    return self._call_chain(*args)
           ^^^^^^^^^^^^^^^^^^^^^^^
  File "/storage/pace-apps/spack/packages/linux-rhel9-x86_64_v3/gcc-11.3.1/python-3.12.5-5sase6atfv2x5tf7dy5x5sqfzyguhsia/lib/python3.12/urllib/request.py", line 492, in _call_chain
    result = func(*args)
             ^^^^^^^^^^^
  File "/storage/pace-apps/spack/packages/linux-rhel9-x86_64_v3/gcc-11.3.1/python-3.12.5-5sase6atfv2x5tf7dy5x5sqfzyguhsia/lib/python3.12/urllib/request.py", line 639, in http_error_default
    raise HTTPError(req.full_url, code, msg, hdrs, fp)
urllib.error.HTTPError: HTTP Error 404: Not Found

For parameters: snap_graph.soc-sign-epinions
INFO botocore.tokens: Loading cached SSO token for pace-uploader
asv: skipped: NotImplementedError('dataset cached')

For parameters: snap_graph.wiki-Elec
Traceback (most recent call last):
  File "/storage/home/hcoda1/7/wahrens6/.cache/pypoetry/virtualenvs/saps-RkeCTkZF-py3.12/lib/python3.12/site-packages/asv_runner/server.py", line 179, in _run_server
    _run(run_args)
  File "/storage/home/hcoda1/7/wahrens6/.cache/pypoetry/virtualenvs/saps-RkeCTkZF-py3.12/lib/python3.12/site-packages/asv_runner/run.py", line 66, in _run
    skip = benchmark.do_setup()
           ^^^^^^^^^^^^^^^^^^^^
  File "/storage/home/hcoda1/7/wahrens6/.cache/pypoetry/virtualenvs/saps-RkeCTkZF-py3.12/lib/python3.12/site-packages/asv_runner/benchmarks/time.py", line 121, in do_setup
    result = Benchmark.do_setup(self)
             ^^^^^^^^^^^^^^^^^^^^^^^^
  File "/storage/home/hcoda1/7/wahrens6/.cache/pypoetry/virtualenvs/saps-RkeCTkZF-py3.12/lib/python3.12/site-packages/asv_runner/benchmarks/_base.py", line 723, in do_setup
    setup(*self._build_params())
  File "/storage/scratch1/7/wahrens6/SparseArrayProgrammingSuite/src/saps/benchmark.py", line 428, in setup
    if param.generator.cacheable and not param.generator.backend.upload_dataset(
                                         ^^^^^^^^^^^^^^^^^^^^^^^^^^^^^^^^^^^^^^^
  File "/storage/scratch1/7/wahrens6/SparseArrayProgrammingSuite/src/saps/storage.py", line 167, in upload_dataset
    _, digest, local_path = self._generate_and_cache(generator, dataset)
                            ^^^^^^^^^^^^^^^^^^^^^^^^^^^^^^^^^^^^^^^^^^^^
  File "/storage/scratch1/7/wahrens6/SparseArrayProgrammingSuite/src/saps/storage.py", line 121, in _generate_and_cache
    data = generator.generate(dataset)
           ^^^^^^^^^^^^^^^^^^^^^^^^^^^
  File "/storage/scratch1/7/wahrens6/SparseArrayProgrammingSuite/src/saps/benchmarks/snap.py", line 434, in generate
    inputs, meta = download_snap_dataset(
                   ^^^^^^^^^^^^^^^^^^^^^^
  File "/storage/scratch1/7/wahrens6/SparseArrayProgrammingSuite/src/saps/downloaders/snap.py", line 37, in download_snap_dataset
    edge_list_path = _ensure_downloaded(slug, dataset_dir)
                     ^^^^^^^^^^^^^^^^^^^^^^^^^^^^^^^^^^^^^
  File "/storage/scratch1/7/wahrens6/SparseArrayProgrammingSuite/src/saps/downloaders/snap.py", line 166, in _ensure_downloaded
    urllib.request.urlretrieve(url, tmp_path)
  File "/storage/pace-apps/spack/packages/linux-rhel9-x86_64_v3/gcc-11.3.1/python-3.12.5-5sase6atfv2x5tf7dy5x5sqfzyguhsia/lib/python3.12/urllib/request.py", line 240, in urlretrieve
    with contextlib.closing(urlopen(url, data)) as fp:
                            ^^^^^^^^^^^^^^^^^^
  File "/storage/pace-apps/spack/packages/linux-rhel9-x86_64_v3/gcc-11.3.1/python-3.12.5-5sase6atfv2x5tf7dy5x5sqfzyguhsia/lib/python3.12/urllib/request.py", line 215, in urlopen
    return opener.open(url, data, timeout)
           ^^^^^^^^^^^^^^^^^^^^^^^^^^^^^^^
  File "/storage/pace-apps/spack/packages/linux-rhel9-x86_64_v3/gcc-11.3.1/python-3.12.5-5sase6atfv2x5tf7dy5x5sqfzyguhsia/lib/python3.12/urllib/request.py", line 521, in open
    response = meth(req, response)
               ^^^^^^^^^^^^^^^^^^^
  File "/storage/pace-apps/spack/packages/linux-rhel9-x86_64_v3/gcc-11.3.1/python-3.12.5-5sase6atfv2x5tf7dy5x5sqfzyguhsia/lib/python3.12/urllib/request.py", line 630, in http_response
    response = self.parent.error(
               ^^^^^^^^^^^^^^^^^^
  File "/storage/pace-apps/spack/packages/linux-rhel9-x86_64_v3/gcc-11.3.1/python-3.12.5-5sase6atfv2x5tf7dy5x5sqfzyguhsia/lib/python3.12/urllib/request.py", line 559, in error
    return self._call_chain(*args)
           ^^^^^^^^^^^^^^^^^^^^^^^
  File "/storage/pace-apps/spack/packages/linux-rhel9-x86_64_v3/gcc-11.3.1/python-3.12.5-5sase6atfv2x5tf7dy5x5sqfzyguhsia/lib/python3.12/urllib/request.py", line 492, in _call_chain
    result = func(*args)
             ^^^^^^^^^^^
  File "/storage/pace-apps/spack/packages/linux-rhel9-x86_64_v3/gcc-11.3.1/python-3.12.5-5sase6atfv2x5tf7dy5x5sqfzyguhsia/lib/python3.12/urllib/request.py", line 639, in http_error_default
    raise HTTPError(req.full_url, code, msg, hdrs, fp)
urllib.error.HTTPError: HTTP Error 404: Not Found

For parameters: snap_graph.soc-sign-Slashdot081106
INFO botocore.tokens: Loading cached SSO token for pace-uploader
asv: skipped: NotImplementedError('dataset cached')

For parameters: snap_graph.soc-sign-Slashdot090216
INFO botocore.tokens: Loading cached SSO token for pace-uploader
asv: skipped: NotImplementedError('dataset cached')

For parameters: snap_graph.soc-sign-Slashdot090221
INFO botocore.tokens: Loading cached SSO token for pace-uploader
asv: skipped: NotImplementedError('dataset cached')

For parameters: snap_graph.loc-Gowalla
Traceback (most recent call last):
  File "/storage/home/hcoda1/7/wahrens6/.cache/pypoetry/virtualenvs/saps-RkeCTkZF-py3.12/lib/python3.12/site-packages/asv_runner/server.py", line 179, in _run_server
    _run(run_args)
  File "/storage/home/hcoda1/7/wahrens6/.cache/pypoetry/virtualenvs/saps-RkeCTkZF-py3.12/lib/python3.12/site-packages/asv_runner/run.py", line 66, in _run
    skip = benchmark.do_setup()
           ^^^^^^^^^^^^^^^^^^^^
  File "/storage/home/hcoda1/7/wahrens6/.cache/pypoetry/virtualenvs/saps-RkeCTkZF-py3.12/lib/python3.12/site-packages/asv_runner/benchmarks/time.py", line 121, in do_setup
    result = Benchmark.do_setup(self)
             ^^^^^^^^^^^^^^^^^^^^^^^^
  File "/storage/home/hcoda1/7/wahrens6/.cache/pypoetry/virtualenvs/saps-RkeCTkZF-py3.12/lib/python3.12/site-packages/asv_runner/benchmarks/_base.py", line 723, in do_setup
    setup(*self._build_params())
  File "/storage/scratch1/7/wahrens6/SparseArrayProgrammingSuite/src/saps/benchmark.py", line 428, in setup
    if param.generator.cacheable and not param.generator.backend.upload_dataset(
                                         ^^^^^^^^^^^^^^^^^^^^^^^^^^^^^^^^^^^^^^^
  File "/storage/scratch1/7/wahrens6/SparseArrayProgrammingSuite/src/saps/storage.py", line 167, in upload_dataset
    _, digest, local_path = self._generate_and_cache(generator, dataset)
                            ^^^^^^^^^^^^^^^^^^^^^^^^^^^^^^^^^^^^^^^^^^^^
  File "/storage/scratch1/7/wahrens6/SparseArrayProgrammingSuite/src/saps/storage.py", line 121, in _generate_and_cache
    data = generator.generate(dataset)
           ^^^^^^^^^^^^^^^^^^^^^^^^^^^
  File "/storage/scratch1/7/wahrens6/SparseArrayProgrammingSuite/src/saps/benchmarks/snap.py", line 434, in generate
    inputs, meta = download_snap_dataset(
                   ^^^^^^^^^^^^^^^^^^^^^^
  File "/storage/scratch1/7/wahrens6/SparseArrayProgrammingSuite/src/saps/downloaders/snap.py", line 37, in download_snap_dataset
    edge_list_path = _ensure_downloaded(slug, dataset_dir)
                     ^^^^^^^^^^^^^^^^^^^^^^^^^^^^^^^^^^^^^
  File "/storage/scratch1/7/wahrens6/SparseArrayProgrammingSuite/src/saps/downloaders/snap.py", line 166, in _ensure_downloaded
    urllib.request.urlretrieve(url, tmp_path)
  File "/storage/pace-apps/spack/packages/linux-rhel9-x86_64_v3/gcc-11.3.1/python-3.12.5-5sase6atfv2x5tf7dy5x5sqfzyguhsia/lib/python3.12/urllib/request.py", line 240, in urlretrieve
    with contextlib.closing(urlopen(url, data)) as fp:
                            ^^^^^^^^^^^^^^^^^^
  File "/storage/pace-apps/spack/packages/linux-rhel9-x86_64_v3/gcc-11.3.1/python-3.12.5-5sase6atfv2x5tf7dy5x5sqfzyguhsia/lib/python3.12/urllib/request.py", line 215, in urlopen
    return opener.open(url, data, timeout)
           ^^^^^^^^^^^^^^^^^^^^^^^^^^^^^^^
  File "/storage/pace-apps/spack/packages/linux-rhel9-x86_64_v3/gcc-11.3.1/python-3.12.5-5sase6atfv2x5tf7dy5x5sqfzyguhsia/lib/python3.12/urllib/request.py", line 521, in open
    response = meth(req, response)
               ^^^^^^^^^^^^^^^^^^^
  File "/storage/pace-apps/spack/packages/linux-rhel9-x86_64_v3/gcc-11.3.1/python-3.12.5-5sase6atfv2x5tf7dy5x5sqfzyguhsia/lib/python3.12/urllib/request.py", line 630, in http_response
    response = self.parent.error(
               ^^^^^^^^^^^^^^^^^^
  File "/storage/pace-apps/spack/packages/linux-rhel9-x86_64_v3/gcc-11.3.1/python-3.12.5-5sase6atfv2x5tf7dy5x5sqfzyguhsia/lib/python3.12/urllib/request.py", line 559, in error
    return self._call_chain(*args)
           ^^^^^^^^^^^^^^^^^^^^^^^
  File "/storage/pace-apps/spack/packages/linux-rhel9-x86_64_v3/gcc-11.3.1/python-3.12.5-5sase6atfv2x5tf7dy5x5sqfzyguhsia/lib/python3.12/urllib/request.py", line 492, in _call_chain
    result = func(*args)
             ^^^^^^^^^^^
  File "/storage/pace-apps/spack/packages/linux-rhel9-x86_64_v3/gcc-11.3.1/python-3.12.5-5sase6atfv2x5tf7dy5x5sqfzyguhsia/lib/python3.12/urllib/request.py", line 639, in http_error_default
    raise HTTPError(req.full_url, code, msg, hdrs, fp)
urllib.error.HTTPError: HTTP Error 404: Not Found

For parameters: snap_graph.loc-Brightkite
Traceback (most recent call last):
  File "/storage/home/hcoda1/7/wahrens6/.cache/pypoetry/virtualenvs/saps-RkeCTkZF-py3.12/lib/python3.12/site-packages/asv_runner/server.py", line 179, in _run_server
    _run(run_args)
  File "/storage/home/hcoda1/7/wahrens6/.cache/pypoetry/virtualenvs/saps-RkeCTkZF-py3.12/lib/python3.12/site-packages/asv_runner/run.py", line 66, in _run
    skip = benchmark.do_setup()
           ^^^^^^^^^^^^^^^^^^^^
  File "/storage/home/hcoda1/7/wahrens6/.cache/pypoetry/virtualenvs/saps-RkeCTkZF-py3.12/lib/python3.12/site-packages/asv_runner/benchmarks/time.py", line 121, in do_setup
    result = Benchmark.do_setup(self)
             ^^^^^^^^^^^^^^^^^^^^^^^^
  File "/storage/home/hcoda1/7/wahrens6/.cache/pypoetry/virtualenvs/saps-RkeCTkZF-py3.12/lib/python3.12/site-packages/asv_runner/benchmarks/_base.py", line 723, in do_setup
    setup(*self._build_params())
  File "/storage/scratch1/7/wahrens6/SparseArrayProgrammingSuite/src/saps/benchmark.py", line 428, in setup
    if param.generator.cacheable and not param.generator.backend.upload_dataset(
                                         ^^^^^^^^^^^^^^^^^^^^^^^^^^^^^^^^^^^^^^^
  File "/storage/scratch1/7/wahrens6/SparseArrayProgrammingSuite/src/saps/storage.py", line 167, in upload_dataset
    _, digest, local_path = self._generate_and_cache(generator, dataset)
                            ^^^^^^^^^^^^^^^^^^^^^^^^^^^^^^^^^^^^^^^^^^^^
  File "/storage/scratch1/7/wahrens6/SparseArrayProgrammingSuite/src/saps/storage.py", line 121, in _generate_and_cache
    data = generator.generate(dataset)
           ^^^^^^^^^^^^^^^^^^^^^^^^^^^
  File "/storage/scratch1/7/wahrens6/SparseArrayProgrammingSuite/src/saps/benchmarks/snap.py", line 434, in generate
    inputs, meta = download_snap_dataset(
                   ^^^^^^^^^^^^^^^^^^^^^^
  File "/storage/scratch1/7/wahrens6/SparseArrayProgrammingSuite/src/saps/downloaders/snap.py", line 37, in download_snap_dataset
    edge_list_path = _ensure_downloaded(slug, dataset_dir)
                     ^^^^^^^^^^^^^^^^^^^^^^^^^^^^^^^^^^^^^
  File "/storage/scratch1/7/wahrens6/SparseArrayProgrammingSuite/src/saps/downloaders/snap.py", line 166, in _ensure_downloaded
    urllib.request.urlretrieve(url, tmp_path)
  File "/storage/pace-apps/spack/packages/linux-rhel9-x86_64_v3/gcc-11.3.1/python-3.12.5-5sase6atfv2x5tf7dy5x5sqfzyguhsia/lib/python3.12/urllib/request.py", line 240, in urlretrieve
    with contextlib.closing(urlopen(url, data)) as fp:
                            ^^^^^^^^^^^^^^^^^^
  File "/storage/pace-apps/spack/packages/linux-rhel9-x86_64_v3/gcc-11.3.1/python-3.12.5-5sase6atfv2x5tf7dy5x5sqfzyguhsia/lib/python3.12/urllib/request.py", line 215, in urlopen
    return opener.open(url, data, timeout)
           ^^^^^^^^^^^^^^^^^^^^^^^^^^^^^^^
  File "/storage/pace-apps/spack/packages/linux-rhel9-x86_64_v3/gcc-11.3.1/python-3.12.5-5sase6atfv2x5tf7dy5x5sqfzyguhsia/lib/python3.12/urllib/request.py", line 521, in open
    response = meth(req, response)
               ^^^^^^^^^^^^^^^^^^^
  File "/storage/pace-apps/spack/packages/linux-rhel9-x86_64_v3/gcc-11.3.1/python-3.12.5-5sase6atfv2x5tf7dy5x5sqfzyguhsia/lib/python3.12/urllib/request.py", line 630, in http_response
    response = self.parent.error(
               ^^^^^^^^^^^^^^^^^^
  File "/storage/pace-apps/spack/packages/linux-rhel9-x86_64_v3/gcc-11.3.1/python-3.12.5-5sase6atfv2x5tf7dy5x5sqfzyguhsia/lib/python3.12/urllib/request.py", line 559, in error
    return self._call_chain(*args)
           ^^^^^^^^^^^^^^^^^^^^^^^
  File "/storage/pace-apps/spack/packages/linux-rhel9-x86_64_v3/gcc-11.3.1/python-3.12.5-5sase6atfv2x5tf7dy5x5sqfzyguhsia/lib/python3.12/urllib/request.py", line 492, in _call_chain
    result = func(*args)
             ^^^^^^^^^^^
  File "/storage/pace-apps/spack/packages/linux-rhel9-x86_64_v3/gcc-11.3.1/python-3.12.5-5sase6atfv2x5tf7dy5x5sqfzyguhsia/lib/python3.12/urllib/request.py", line 639, in http_error_default
    raise HTTPError(req.full_url, code, msg, hdrs, fp)
urllib.error.HTTPError: HTTP Error 404: Not Found

For parameters: snap_graph.wikispeedia
Traceback (most recent call last):
  File "/storage/home/hcoda1/7/wahrens6/.cache/pypoetry/virtualenvs/saps-RkeCTkZF-py3.12/lib/python3.12/site-packages/asv_runner/server.py", line 179, in _run_server
    _run(run_args)
  File "/storage/home/hcoda1/7/wahrens6/.cache/pypoetry/virtualenvs/saps-RkeCTkZF-py3.12/lib/python3.12/site-packages/asv_runner/run.py", line 66, in _run
    skip = benchmark.do_setup()
           ^^^^^^^^^^^^^^^^^^^^
  File "/storage/home/hcoda1/7/wahrens6/.cache/pypoetry/virtualenvs/saps-RkeCTkZF-py3.12/lib/python3.12/site-packages/asv_runner/benchmarks/time.py", line 121, in do_setup
    result = Benchmark.do_setup(self)
             ^^^^^^^^^^^^^^^^^^^^^^^^
  File "/storage/home/hcoda1/7/wahrens6/.cache/pypoetry/virtualenvs/saps-RkeCTkZF-py3.12/lib/python3.12/site-packages/asv_runner/benchmarks/_base.py", line 723, in do_setup
    setup(*self._build_params())
  File "/storage/scratch1/7/wahrens6/SparseArrayProgrammingSuite/src/saps/benchmark.py", line 428, in setup
    if param.generator.cacheable and not param.generator.backend.upload_dataset(
                                         ^^^^^^^^^^^^^^^^^^^^^^^^^^^^^^^^^^^^^^^
  File "/storage/scratch1/7/wahrens6/SparseArrayProgrammingSuite/src/saps/storage.py", line 167, in upload_dataset
    _, digest, local_path = self._generate_and_cache(generator, dataset)
                            ^^^^^^^^^^^^^^^^^^^^^^^^^^^^^^^^^^^^^^^^^^^^
  File "/storage/scratch1/7/wahrens6/SparseArrayProgrammingSuite/src/saps/storage.py", line 121, in _generate_and_cache
    data = generator.generate(dataset)
           ^^^^^^^^^^^^^^^^^^^^^^^^^^^
  File "/storage/scratch1/7/wahrens6/SparseArrayProgrammingSuite/src/saps/benchmarks/snap.py", line 434, in generate
    inputs, meta = download_snap_dataset(
                   ^^^^^^^^^^^^^^^^^^^^^^
  File "/storage/scratch1/7/wahrens6/SparseArrayProgrammingSuite/src/saps/downloaders/snap.py", line 37, in download_snap_dataset
    edge_list_path = _ensure_downloaded(slug, dataset_dir)
                     ^^^^^^^^^^^^^^^^^^^^^^^^^^^^^^^^^^^^^
  File "/storage/scratch1/7/wahrens6/SparseArrayProgrammingSuite/src/saps/downloaders/snap.py", line 166, in _ensure_downloaded
    urllib.request.urlretrieve(url, tmp_path)
  File "/storage/pace-apps/spack/packages/linux-rhel9-x86_64_v3/gcc-11.3.1/python-3.12.5-5sase6atfv2x5tf7dy5x5sqfzyguhsia/lib/python3.12/urllib/request.py", line 240, in urlretrieve
    with contextlib.closing(urlopen(url, data)) as fp:
                            ^^^^^^^^^^^^^^^^^^
  File "/storage/pace-apps/spack/packages/linux-rhel9-x86_64_v3/gcc-11.3.1/python-3.12.5-5sase6atfv2x5tf7dy5x5sqfzyguhsia/lib/python3.12/urllib/request.py", line 215, in urlopen
    return opener.open(url, data, timeout)
           ^^^^^^^^^^^^^^^^^^^^^^^^^^^^^^^
  File "/storage/pace-apps/spack/packages/linux-rhel9-x86_64_v3/gcc-11.3.1/python-3.12.5-5sase6atfv2x5tf7dy5x5sqfzyguhsia/lib/python3.12/urllib/request.py", line 521, in open
    response = meth(req, response)
               ^^^^^^^^^^^^^^^^^^^
  File "/storage/pace-apps/spack/packages/linux-rhel9-x86_64_v3/gcc-11.3.1/python-3.12.5-5sase6atfv2x5tf7dy5x5sqfzyguhsia/lib/python3.12/urllib/request.py", line 630, in http_response
    response = self.parent.error(
               ^^^^^^^^^^^^^^^^^^
  File "/storage/pace-apps/spack/packages/linux-rhel9-x86_64_v3/gcc-11.3.1/python-3.12.5-5sase6atfv2x5tf7dy5x5sqfzyguhsia/lib/python3.12/urllib/request.py", line 559, in error
    return self._call_chain(*args)
           ^^^^^^^^^^^^^^^^^^^^^^^
  File "/storage/pace-apps/spack/packages/linux-rhel9-x86_64_v3/gcc-11.3.1/python-3.12.5-5sase6atfv2x5tf7dy5x5sqfzyguhsia/lib/python3.12/urllib/request.py", line 492, in _call_chain
    result = func(*args)
             ^^^^^^^^^^^
  File "/storage/pace-apps/spack/packages/linux-rhel9-x86_64_v3/gcc-11.3.1/python-3.12.5-5sase6atfv2x5tf7dy5x5sqfzyguhsia/lib/python3.12/urllib/request.py", line 639, in http_error_default
    raise HTTPError(req.full_url, code, msg, hdrs, fp)
urllib.error.HTTPError: HTTP Error 404: Not Found

For parameters: snap_graph.wiki-meta
Traceback (most recent call last):
  File "/storage/home/hcoda1/7/wahrens6/.cache/pypoetry/virtualenvs/saps-RkeCTkZF-py3.12/lib/python3.12/site-packages/asv_runner/server.py", line 179, in _run_server
    _run(run_args)
  File "/storage/home/hcoda1/7/wahrens6/.cache/pypoetry/virtualenvs/saps-RkeCTkZF-py3.12/lib/python3.12/site-packages/asv_runner/run.py", line 66, in _run
    skip = benchmark.do_setup()
           ^^^^^^^^^^^^^^^^^^^^
  File "/storage/home/hcoda1/7/wahrens6/.cache/pypoetry/virtualenvs/saps-RkeCTkZF-py3.12/lib/python3.12/site-packages/asv_runner/benchmarks/time.py", line 121, in do_setup
    result = Benchmark.do_setup(self)
             ^^^^^^^^^^^^^^^^^^^^^^^^
  File "/storage/home/hcoda1/7/wahrens6/.cache/pypoetry/virtualenvs/saps-RkeCTkZF-py3.12/lib/python3.12/site-packages/asv_runner/benchmarks/_base.py", line 723, in do_setup
    setup(*self._build_params())
  File "/storage/scratch1/7/wahrens6/SparseArrayProgrammingSuite/src/saps/benchmark.py", line 428, in setup
    if param.generator.cacheable and not param.generator.backend.upload_dataset(
                                         ^^^^^^^^^^^^^^^^^^^^^^^^^^^^^^^^^^^^^^^
  File "/storage/scratch1/7/wahrens6/SparseArrayProgrammingSuite/src/saps/storage.py", line 167, in upload_dataset
    _, digest, local_path = self._generate_and_cache(generator, dataset)
                            ^^^^^^^^^^^^^^^^^^^^^^^^^^^^^^^^^^^^^^^^^^^^
  File "/storage/scratch1/7/wahrens6/SparseArrayProgrammingSuite/src/saps/storage.py", line 121, in _generate_and_cache
    data = generator.generate(dataset)
           ^^^^^^^^^^^^^^^^^^^^^^^^^^^
  File "/storage/scratch1/7/wahrens6/SparseArrayProgrammingSuite/src/saps/benchmarks/snap.py", line 434, in generate
    inputs, meta = download_snap_dataset(
                   ^^^^^^^^^^^^^^^^^^^^^^
  File "/storage/scratch1/7/wahrens6/SparseArrayProgrammingSuite/src/saps/downloaders/snap.py", line 37, in download_snap_dataset
    edge_list_path = _ensure_downloaded(slug, dataset_dir)
                     ^^^^^^^^^^^^^^^^^^^^^^^^^^^^^^^^^^^^^
  File "/storage/scratch1/7/wahrens6/SparseArrayProgrammingSuite/src/saps/downloaders/snap.py", line 166, in _ensure_downloaded
    urllib.request.urlretrieve(url, tmp_path)
  File "/storage/pace-apps/spack/packages/linux-rhel9-x86_64_v3/gcc-11.3.1/python-3.12.5-5sase6atfv2x5tf7dy5x5sqfzyguhsia/lib/python3.12/urllib/request.py", line 240, in urlretrieve
    with contextlib.closing(urlopen(url, data)) as fp:
                            ^^^^^^^^^^^^^^^^^^
  File "/storage/pace-apps/spack/packages/linux-rhel9-x86_64_v3/gcc-11.3.1/python-3.12.5-5sase6atfv2x5tf7dy5x5sqfzyguhsia/lib/python3.12/urllib/request.py", line 215, in urlopen
    return opener.open(url, data, timeout)
           ^^^^^^^^^^^^^^^^^^^^^^^^^^^^^^^
  File "/storage/pace-apps/spack/packages/linux-rhel9-x86_64_v3/gcc-11.3.1/python-3.12.5-5sase6atfv2x5tf7dy5x5sqfzyguhsia/lib/python3.12/urllib/request.py", line 521, in open
    response = meth(req, response)
               ^^^^^^^^^^^^^^^^^^^
  File "/storage/pace-apps/spack/packages/linux-rhel9-x86_64_v3/gcc-11.3.1/python-3.12.5-5sase6atfv2x5tf7dy5x5sqfzyguhsia/lib/python3.12/urllib/request.py", line 630, in http_response
    response = self.parent.error(
               ^^^^^^^^^^^^^^^^^^
  File "/storage/pace-apps/spack/packages/linux-rhel9-x86_64_v3/gcc-11.3.1/python-3.12.5-5sase6atfv2x5tf7dy5x5sqfzyguhsia/lib/python3.12/urllib/request.py", line 559, in error
    return self._call_chain(*args)
           ^^^^^^^^^^^^^^^^^^^^^^^
  File "/storage/pace-apps/spack/packages/linux-rhel9-x86_64_v3/gcc-11.3.1/python-3.12.5-5sase6atfv2x5tf7dy5x5sqfzyguhsia/lib/python3.12/urllib/request.py", line 492, in _call_chain
    result = func(*args)
             ^^^^^^^^^^^
  File "/storage/pace-apps/spack/packages/linux-rhel9-x86_64_v3/gcc-11.3.1/python-3.12.5-5sase6atfv2x5tf7dy5x5sqfzyguhsia/lib/python3.12/urllib/request.py", line 639, in http_error_default
    raise HTTPError(req.full_url, code, msg, hdrs, fp)
urllib.error.HTTPError: HTTP Error 404: Not Found

For parameters: snap_graph.wiki-hoaxes
Traceback (most recent call last):
  File "/storage/home/hcoda1/7/wahrens6/.cache/pypoetry/virtualenvs/saps-RkeCTkZF-py3.12/lib/python3.12/site-packages/asv_runner/server.py", line 179, in _run_server
    _run(run_args)
  File "/storage/home/hcoda1/7/wahrens6/.cache/pypoetry/virtualenvs/saps-RkeCTkZF-py3.12/lib/python3.12/site-packages/asv_runner/run.py", line 66, in _run
    skip = benchmark.do_setup()
           ^^^^^^^^^^^^^^^^^^^^
  File "/storage/home/hcoda1/7/wahrens6/.cache/pypoetry/virtualenvs/saps-RkeCTkZF-py3.12/lib/python3.12/site-packages/asv_runner/benchmarks/time.py", line 121, in do_setup
    result = Benchmark.do_setup(self)
             ^^^^^^^^^^^^^^^^^^^^^^^^
  File "/storage/home/hcoda1/7/wahrens6/.cache/pypoetry/virtualenvs/saps-RkeCTkZF-py3.12/lib/python3.12/site-packages/asv_runner/benchmarks/_base.py", line 723, in do_setup
    setup(*self._build_params())
  File "/storage/scratch1/7/wahrens6/SparseArrayProgrammingSuite/src/saps/benchmark.py", line 428, in setup
    if param.generator.cacheable and not param.generator.backend.upload_dataset(
                                         ^^^^^^^^^^^^^^^^^^^^^^^^^^^^^^^^^^^^^^^
  File "/storage/scratch1/7/wahrens6/SparseArrayProgrammingSuite/src/saps/storage.py", line 167, in upload_dataset
    _, digest, local_path = self._generate_and_cache(generator, dataset)
                            ^^^^^^^^^^^^^^^^^^^^^^^^^^^^^^^^^^^^^^^^^^^^
  File "/storage/scratch1/7/wahrens6/SparseArrayProgrammingSuite/src/saps/storage.py", line 121, in _generate_and_cache
    data = generator.generate(dataset)
           ^^^^^^^^^^^^^^^^^^^^^^^^^^^
  File "/storage/scratch1/7/wahrens6/SparseArrayProgrammingSuite/src/saps/benchmarks/snap.py", line 434, in generate
    inputs, meta = download_snap_dataset(
                   ^^^^^^^^^^^^^^^^^^^^^^
  File "/storage/scratch1/7/wahrens6/SparseArrayProgrammingSuite/src/saps/downloaders/snap.py", line 37, in download_snap_dataset
    edge_list_path = _ensure_downloaded(slug, dataset_dir)
                     ^^^^^^^^^^^^^^^^^^^^^^^^^^^^^^^^^^^^^
  File "/storage/scratch1/7/wahrens6/SparseArrayProgrammingSuite/src/saps/downloaders/snap.py", line 166, in _ensure_downloaded
    urllib.request.urlretrieve(url, tmp_path)
  File "/storage/pace-apps/spack/packages/linux-rhel9-x86_64_v3/gcc-11.3.1/python-3.12.5-5sase6atfv2x5tf7dy5x5sqfzyguhsia/lib/python3.12/urllib/request.py", line 240, in urlretrieve
    with contextlib.closing(urlopen(url, data)) as fp:
                            ^^^^^^^^^^^^^^^^^^
  File "/storage/pace-apps/spack/packages/linux-rhel9-x86_64_v3/gcc-11.3.1/python-3.12.5-5sase6atfv2x5tf7dy5x5sqfzyguhsia/lib/python3.12/urllib/request.py", line 215, in urlopen
    return opener.open(url, data, timeout)
           ^^^^^^^^^^^^^^^^^^^^^^^^^^^^^^^
  File "/storage/pace-apps/spack/packages/linux-rhel9-x86_64_v3/gcc-11.3.1/python-3.12.5-5sase6atfv2x5tf7dy5x5sqfzyguhsia/lib/python3.12/urllib/request.py", line 521, in open
    response = meth(req, response)
               ^^^^^^^^^^^^^^^^^^^
  File "/storage/pace-apps/spack/packages/linux-rhel9-x86_64_v3/gcc-11.3.1/python-3.12.5-5sase6atfv2x5tf7dy5x5sqfzyguhsia/lib/python3.12/urllib/request.py", line 630, in http_response
    response = self.parent.error(
               ^^^^^^^^^^^^^^^^^^
  File "/storage/pace-apps/spack/packages/linux-rhel9-x86_64_v3/gcc-11.3.1/python-3.12.5-5sase6atfv2x5tf7dy5x5sqfzyguhsia/lib/python3.12/urllib/request.py", line 559, in error
    return self._call_chain(*args)
           ^^^^^^^^^^^^^^^^^^^^^^^
  File "/storage/pace-apps/spack/packages/linux-rhel9-x86_64_v3/gcc-11.3.1/python-3.12.5-5sase6atfv2x5tf7dy5x5sqfzyguhsia/lib/python3.12/urllib/request.py", line 492, in _call_chain
    result = func(*args)
             ^^^^^^^^^^^
  File "/storage/pace-apps/spack/packages/linux-rhel9-x86_64_v3/gcc-11.3.1/python-3.12.5-5sase6atfv2x5tf7dy5x5sqfzyguhsia/lib/python3.12/urllib/request.py", line 639, in http_error_default
    raise HTTPError(req.full_url, code, msg, hdrs, fp)
urllib.error.HTTPError: HTTP Error 404: Not Found

For parameters: snap_graph.musae-wiki
Traceback (most recent call last):
  File "/storage/home/hcoda1/7/wahrens6/.cache/pypoetry/virtualenvs/saps-RkeCTkZF-py3.12/lib/python3.12/site-packages/asv_runner/server.py", line 179, in _run_server
    _run(run_args)
  File "/storage/home/hcoda1/7/wahrens6/.cache/pypoetry/virtualenvs/saps-RkeCTkZF-py3.12/lib/python3.12/site-packages/asv_runner/run.py", line 66, in _run
    skip = benchmark.do_setup()
           ^^^^^^^^^^^^^^^^^^^^
  File "/storage/home/hcoda1/7/wahrens6/.cache/pypoetry/virtualenvs/saps-RkeCTkZF-py3.12/lib/python3.12/site-packages/asv_runner/benchmarks/time.py", line 121, in do_setup
    result = Benchmark.do_setup(self)
             ^^^^^^^^^^^^^^^^^^^^^^^^
  File "/storage/home/hcoda1/7/wahrens6/.cache/pypoetry/virtualenvs/saps-RkeCTkZF-py3.12/lib/python3.12/site-packages/asv_runner/benchmarks/_base.py", line 723, in do_setup
    setup(*self._build_params())
  File "/storage/scratch1/7/wahrens6/SparseArrayProgrammingSuite/src/saps/benchmark.py", line 428, in setup
    if param.generator.cacheable and not param.generator.backend.upload_dataset(
                                         ^^^^^^^^^^^^^^^^^^^^^^^^^^^^^^^^^^^^^^^
  File "/storage/scratch1/7/wahrens6/SparseArrayProgrammingSuite/src/saps/storage.py", line 167, in upload_dataset
    _, digest, local_path = self._generate_and_cache(generator, dataset)
                            ^^^^^^^^^^^^^^^^^^^^^^^^^^^^^^^^^^^^^^^^^^^^
  File "/storage/scratch1/7/wahrens6/SparseArrayProgrammingSuite/src/saps/storage.py", line 121, in _generate_and_cache
    data = generator.generate(dataset)
           ^^^^^^^^^^^^^^^^^^^^^^^^^^^
  File "/storage/scratch1/7/wahrens6/SparseArrayProgrammingSuite/src/saps/benchmarks/snap.py", line 434, in generate
    inputs, meta = download_snap_dataset(
                   ^^^^^^^^^^^^^^^^^^^^^^
  File "/storage/scratch1/7/wahrens6/SparseArrayProgrammingSuite/src/saps/downloaders/snap.py", line 37, in download_snap_dataset
    edge_list_path = _ensure_downloaded(slug, dataset_dir)
                     ^^^^^^^^^^^^^^^^^^^^^^^^^^^^^^^^^^^^^
  File "/storage/scratch1/7/wahrens6/SparseArrayProgrammingSuite/src/saps/downloaders/snap.py", line 166, in _ensure_downloaded
    urllib.request.urlretrieve(url, tmp_path)
  File "/storage/pace-apps/spack/packages/linux-rhel9-x86_64_v3/gcc-11.3.1/python-3.12.5-5sase6atfv2x5tf7dy5x5sqfzyguhsia/lib/python3.12/urllib/request.py", line 240, in urlretrieve
    with contextlib.closing(urlopen(url, data)) as fp:
                            ^^^^^^^^^^^^^^^^^^
  File "/storage/pace-apps/spack/packages/linux-rhel9-x86_64_v3/gcc-11.3.1/python-3.12.5-5sase6atfv2x5tf7dy5x5sqfzyguhsia/lib/python3.12/urllib/request.py", line 215, in urlopen
    return opener.open(url, data, timeout)
           ^^^^^^^^^^^^^^^^^^^^^^^^^^^^^^^
  File "/storage/pace-apps/spack/packages/linux-rhel9-x86_64_v3/gcc-11.3.1/python-3.12.5-5sase6atfv2x5tf7dy5x5sqfzyguhsia/lib/python3.12/urllib/request.py", line 521, in open
    response = meth(req, response)
               ^^^^^^^^^^^^^^^^^^^
  File "/storage/pace-apps/spack/packages/linux-rhel9-x86_64_v3/gcc-11.3.1/python-3.12.5-5sase6atfv2x5tf7dy5x5sqfzyguhsia/lib/python3.12/urllib/request.py", line 630, in http_response
    response = self.parent.error(
               ^^^^^^^^^^^^^^^^^^
  File "/storage/pace-apps/spack/packages/linux-rhel9-x86_64_v3/gcc-11.3.1/python-3.12.5-5sase6atfv2x5tf7dy5x5sqfzyguhsia/lib/python3.12/urllib/request.py", line 559, in error
    return self._call_chain(*args)
           ^^^^^^^^^^^^^^^^^^^^^^^
  File "/storage/pace-apps/spack/packages/linux-rhel9-x86_64_v3/gcc-11.3.1/python-3.12.5-5sase6atfv2x5tf7dy5x5sqfzyguhsia/lib/python3.12/urllib/request.py", line 492, in _call_chain
    result = func(*args)
             ^^^^^^^^^^^
  File "/storage/pace-apps/spack/packages/linux-rhel9-x86_64_v3/gcc-11.3.1/python-3.12.5-5sase6atfv2x5tf7dy5x5sqfzyguhsia/lib/python3.12/urllib/request.py", line 639, in http_error_default
    raise HTTPError(req.full_url, code, msg, hdrs, fp)
urllib.error.HTTPError: HTTP Error 404: Not Found

For parameters: snap_graph.sx-stackoverflow
INFO botocore.tokens: Loading cached SSO token for pace-uploader
asv: skipped: NotImplementedError('dataset cached')

For parameters: snap_graph.sx-mathoverflow
INFO botocore.tokens: Loading cached SSO token for pace-uploader
asv: skipped: NotImplementedError('dataset cached')

For parameters: snap_graph.sx-superuser
INFO botocore.tokens: Loading cached SSO token for pace-uploader
asv: skipped: NotImplementedError('dataset cached')

For parameters: snap_graph.sx-askubuntu
INFO botocore.tokens: Loading cached SSO token for pace-uploader
asv: skipped: NotImplementedError('dataset cached')

For parameters: snap_graph.wiki-talk-temporal
INFO botocore.tokens: Loading cached SSO token for pace-uploader
asv: skipped: NotImplementedError('dataset cached')

For parameters: snap_graph.email-Eu-core-temporal
INFO botocore.tokens: Loading cached SSO token for pace-uploader
asv: skipped: NotImplementedError('dataset cached')

For parameters: snap_graph.CollegeMsg
INFO botocore.tokens: Loading cached SSO token for pace-uploader
asv: skipped: NotImplementedError('dataset cached')

For parameters: snap_graph.twitter7
Traceback (most recent call last):
  File "/storage/home/hcoda1/7/wahrens6/.cache/pypoetry/virtualenvs/saps-RkeCTkZF-py3.12/lib/python3.12/site-packages/asv_runner/server.py", line 179, in _run_server
    _run(run_args)
  File "/storage/home/hcoda1/7/wahrens6/.cache/pypoetry/virtualenvs/saps-RkeCTkZF-py3.12/lib/python3.12/site-packages/asv_runner/run.py", line 66, in _run
    skip = benchmark.do_setup()
           ^^^^^^^^^^^^^^^^^^^^
  File "/storage/home/hcoda1/7/wahrens6/.cache/pypoetry/virtualenvs/saps-RkeCTkZF-py3.12/lib/python3.12/site-packages/asv_runner/benchmarks/time.py", line 121, in do_setup
    result = Benchmark.do_setup(self)
             ^^^^^^^^^^^^^^^^^^^^^^^^
  File "/storage/home/hcoda1/7/wahrens6/.cache/pypoetry/virtualenvs/saps-RkeCTkZF-py3.12/lib/python3.12/site-packages/asv_runner/benchmarks/_base.py", line 723, in do_setup
    setup(*self._build_params())
  File "/storage/scratch1/7/wahrens6/SparseArrayProgrammingSuite/src/saps/benchmark.py", line 428, in setup
    if param.generator.cacheable and not param.generator.backend.upload_dataset(
                                         ^^^^^^^^^^^^^^^^^^^^^^^^^^^^^^^^^^^^^^^
  File "/storage/scratch1/7/wahrens6/SparseArrayProgrammingSuite/src/saps/storage.py", line 167, in upload_dataset
    _, digest, local_path = self._generate_and_cache(generator, dataset)
                            ^^^^^^^^^^^^^^^^^^^^^^^^^^^^^^^^^^^^^^^^^^^^
  File "/storage/scratch1/7/wahrens6/SparseArrayProgrammingSuite/src/saps/storage.py", line 121, in _generate_and_cache
    data = generator.generate(dataset)
           ^^^^^^^^^^^^^^^^^^^^^^^^^^^
  File "/storage/scratch1/7/wahrens6/SparseArrayProgrammingSuite/src/saps/benchmarks/snap.py", line 434, in generate
    inputs, meta = download_snap_dataset(
                   ^^^^^^^^^^^^^^^^^^^^^^
  File "/storage/scratch1/7/wahrens6/SparseArrayProgrammingSuite/src/saps/downloaders/snap.py", line 37, in download_snap_dataset
    edge_list_path = _ensure_downloaded(slug, dataset_dir)
                     ^^^^^^^^^^^^^^^^^^^^^^^^^^^^^^^^^^^^^
  File "/storage/scratch1/7/wahrens6/SparseArrayProgrammingSuite/src/saps/downloaders/snap.py", line 166, in _ensure_downloaded
    urllib.request.urlretrieve(url, tmp_path)
  File "/storage/pace-apps/spack/packages/linux-rhel9-x86_64_v3/gcc-11.3.1/python-3.12.5-5sase6atfv2x5tf7dy5x5sqfzyguhsia/lib/python3.12/urllib/request.py", line 240, in urlretrieve
    with contextlib.closing(urlopen(url, data)) as fp:
                            ^^^^^^^^^^^^^^^^^^
  File "/storage/pace-apps/spack/packages/linux-rhel9-x86_64_v3/gcc-11.3.1/python-3.12.5-5sase6atfv2x5tf7dy5x5sqfzyguhsia/lib/python3.12/urllib/request.py", line 215, in urlopen
    return opener.open(url, data, timeout)
           ^^^^^^^^^^^^^^^^^^^^^^^^^^^^^^^
  File "/storage/pace-apps/spack/packages/linux-rhel9-x86_64_v3/gcc-11.3.1/python-3.12.5-5sase6atfv2x5tf7dy5x5sqfzyguhsia/lib/python3.12/urllib/request.py", line 521, in open
    response = meth(req, response)
               ^^^^^^^^^^^^^^^^^^^
  File "/storage/pace-apps/spack/packages/linux-rhel9-x86_64_v3/gcc-11.3.1/python-3.12.5-5sase6atfv2x5tf7dy5x5sqfzyguhsia/lib/python3.12/urllib/request.py", line 630, in http_response
    response = self.parent.error(
               ^^^^^^^^^^^^^^^^^^
  File "/storage/pace-apps/spack/packages/linux-rhel9-x86_64_v3/gcc-11.3.1/python-3.12.5-5sase6atfv2x5tf7dy5x5sqfzyguhsia/lib/python3.12/urllib/request.py", line 559, in error
    return self._call_chain(*args)
           ^^^^^^^^^^^^^^^^^^^^^^^
  File "/storage/pace-apps/spack/packages/linux-rhel9-x86_64_v3/gcc-11.3.1/python-3.12.5-5sase6atfv2x5tf7dy5x5sqfzyguhsia/lib/python3.12/urllib/request.py", line 492, in _call_chain
    result = func(*args)
             ^^^^^^^^^^^
  File "/storage/pace-apps/spack/packages/linux-rhel9-x86_64_v3/gcc-11.3.1/python-3.12.5-5sase6atfv2x5tf7dy5x5sqfzyguhsia/lib/python3.12/urllib/request.py", line 639, in http_error_default
    raise HTTPError(req.full_url, code, msg, hdrs, fp)
urllib.error.HTTPError: HTTP Error 404: Not Found

For parameters: snap_graph.memetracker9
Traceback (most recent call last):
  File "/storage/home/hcoda1/7/wahrens6/.cache/pypoetry/virtualenvs/saps-RkeCTkZF-py3.12/lib/python3.12/site-packages/asv_runner/server.py", line 179, in _run_server
    _run(run_args)
  File "/storage/home/hcoda1/7/wahrens6/.cache/pypoetry/virtualenvs/saps-RkeCTkZF-py3.12/lib/python3.12/site-packages/asv_runner/run.py", line 66, in _run
    skip = benchmark.do_setup()
           ^^^^^^^^^^^^^^^^^^^^
  File "/storage/home/hcoda1/7/wahrens6/.cache/pypoetry/virtualenvs/saps-RkeCTkZF-py3.12/lib/python3.12/site-packages/asv_runner/benchmarks/time.py", line 121, in do_setup
    result = Benchmark.do_setup(self)
             ^^^^^^^^^^^^^^^^^^^^^^^^
  File "/storage/home/hcoda1/7/wahrens6/.cache/pypoetry/virtualenvs/saps-RkeCTkZF-py3.12/lib/python3.12/site-packages/asv_runner/benchmarks/_base.py", line 723, in do_setup
    setup(*self._build_params())
  File "/storage/scratch1/7/wahrens6/SparseArrayProgrammingSuite/src/saps/benchmark.py", line 428, in setup
    if param.generator.cacheable and not param.generator.backend.upload_dataset(
                                         ^^^^^^^^^^^^^^^^^^^^^^^^^^^^^^^^^^^^^^^
  File "/storage/scratch1/7/wahrens6/SparseArrayProgrammingSuite/src/saps/storage.py", line 167, in upload_dataset
    _, digest, local_path = self._generate_and_cache(generator, dataset)
                            ^^^^^^^^^^^^^^^^^^^^^^^^^^^^^^^^^^^^^^^^^^^^
  File "/storage/scratch1/7/wahrens6/SparseArrayProgrammingSuite/src/saps/storage.py", line 121, in _generate_and_cache
    data = generator.generate(dataset)
           ^^^^^^^^^^^^^^^^^^^^^^^^^^^
  File "/storage/scratch1/7/wahrens6/SparseArrayProgrammingSuite/src/saps/benchmarks/snap.py", line 434, in generate
    inputs, meta = download_snap_dataset(
                   ^^^^^^^^^^^^^^^^^^^^^^
  File "/storage/scratch1/7/wahrens6/SparseArrayProgrammingSuite/src/saps/downloaders/snap.py", line 37, in download_snap_dataset
    edge_list_path = _ensure_downloaded(slug, dataset_dir)
                     ^^^^^^^^^^^^^^^^^^^^^^^^^^^^^^^^^^^^^
  File "/storage/scratch1/7/wahrens6/SparseArrayProgrammingSuite/src/saps/downloaders/snap.py", line 166, in _ensure_downloaded
    urllib.request.urlretrieve(url, tmp_path)
  File "/storage/pace-apps/spack/packages/linux-rhel9-x86_64_v3/gcc-11.3.1/python-3.12.5-5sase6atfv2x5tf7dy5x5sqfzyguhsia/lib/python3.12/urllib/request.py", line 240, in urlretrieve
    with contextlib.closing(urlopen(url, data)) as fp:
                            ^^^^^^^^^^^^^^^^^^
  File "/storage/pace-apps/spack/packages/linux-rhel9-x86_64_v3/gcc-11.3.1/python-3.12.5-5sase6atfv2x5tf7dy5x5sqfzyguhsia/lib/python3.12/urllib/request.py", line 215, in urlopen
    return opener.open(url, data, timeout)
           ^^^^^^^^^^^^^^^^^^^^^^^^^^^^^^^
  File "/storage/pace-apps/spack/packages/linux-rhel9-x86_64_v3/gcc-11.3.1/python-3.12.5-5sase6atfv2x5tf7dy5x5sqfzyguhsia/lib/python3.12/urllib/request.py", line 521, in open
    response = meth(req, response)
               ^^^^^^^^^^^^^^^^^^^
  File "/storage/pace-apps/spack/packages/linux-rhel9-x86_64_v3/gcc-11.3.1/python-3.12.5-5sase6atfv2x5tf7dy5x5sqfzyguhsia/lib/python3.12/urllib/request.py", line 630, in http_response
    response = self.parent.error(
               ^^^^^^^^^^^^^^^^^^
  File "/storage/pace-apps/spack/packages/linux-rhel9-x86_64_v3/gcc-11.3.1/python-3.12.5-5sase6atfv2x5tf7dy5x5sqfzyguhsia/lib/python3.12/urllib/request.py", line 559, in error
    return self._call_chain(*args)
           ^^^^^^^^^^^^^^^^^^^^^^^
  File "/storage/pace-apps/spack/packages/linux-rhel9-x86_64_v3/gcc-11.3.1/python-3.12.5-5sase6atfv2x5tf7dy5x5sqfzyguhsia/lib/python3.12/urllib/request.py", line 492, in _call_chain
    result = func(*args)
             ^^^^^^^^^^^
  File "/storage/pace-apps/spack/packages/linux-rhel9-x86_64_v3/gcc-11.3.1/python-3.12.5-5sase6atfv2x5tf7dy5x5sqfzyguhsia/lib/python3.12/urllib/request.py", line 639, in http_error_default
    raise HTTPError(req.full_url, code, msg, hdrs, fp)
urllib.error.HTTPError: HTTP Error 404: Not Found

For parameters: snap_graph.ksc-time-series
Traceback (most recent call last):
  File "/storage/home/hcoda1/7/wahrens6/.cache/pypoetry/virtualenvs/saps-RkeCTkZF-py3.12/lib/python3.12/site-packages/asv_runner/server.py", line 179, in _run_server
    _run(run_args)
  File "/storage/home/hcoda1/7/wahrens6/.cache/pypoetry/virtualenvs/saps-RkeCTkZF-py3.12/lib/python3.12/site-packages/asv_runner/run.py", line 66, in _run
    skip = benchmark.do_setup()
           ^^^^^^^^^^^^^^^^^^^^
  File "/storage/home/hcoda1/7/wahrens6/.cache/pypoetry/virtualenvs/saps-RkeCTkZF-py3.12/lib/python3.12/site-packages/asv_runner/benchmarks/time.py", line 121, in do_setup
    result = Benchmark.do_setup(self)
             ^^^^^^^^^^^^^^^^^^^^^^^^
  File "/storage/home/hcoda1/7/wahrens6/.cache/pypoetry/virtualenvs/saps-RkeCTkZF-py3.12/lib/python3.12/site-packages/asv_runner/benchmarks/_base.py", line 723, in do_setup
    setup(*self._build_params())
  File "/storage/scratch1/7/wahrens6/SparseArrayProgrammingSuite/src/saps/benchmark.py", line 428, in setup
    if param.generator.cacheable and not param.generator.backend.upload_dataset(
                                         ^^^^^^^^^^^^^^^^^^^^^^^^^^^^^^^^^^^^^^^
  File "/storage/scratch1/7/wahrens6/SparseArrayProgrammingSuite/src/saps/storage.py", line 167, in upload_dataset
    _, digest, local_path = self._generate_and_cache(generator, dataset)
                            ^^^^^^^^^^^^^^^^^^^^^^^^^^^^^^^^^^^^^^^^^^^^
  File "/storage/scratch1/7/wahrens6/SparseArrayProgrammingSuite/src/saps/storage.py", line 121, in _generate_and_cache
    data = generator.generate(dataset)
           ^^^^^^^^^^^^^^^^^^^^^^^^^^^
  File "/storage/scratch1/7/wahrens6/SparseArrayProgrammingSuite/src/saps/benchmarks/snap.py", line 434, in generate
    inputs, meta = download_snap_dataset(
                   ^^^^^^^^^^^^^^^^^^^^^^
  File "/storage/scratch1/7/wahrens6/SparseArrayProgrammingSuite/src/saps/downloaders/snap.py", line 37, in download_snap_dataset
    edge_list_path = _ensure_downloaded(slug, dataset_dir)
                     ^^^^^^^^^^^^^^^^^^^^^^^^^^^^^^^^^^^^^
  File "/storage/scratch1/7/wahrens6/SparseArrayProgrammingSuite/src/saps/downloaders/snap.py", line 166, in _ensure_downloaded
    urllib.request.urlretrieve(url, tmp_path)
  File "/storage/pace-apps/spack/packages/linux-rhel9-x86_64_v3/gcc-11.3.1/python-3.12.5-5sase6atfv2x5tf7dy5x5sqfzyguhsia/lib/python3.12/urllib/request.py", line 240, in urlretrieve
    with contextlib.closing(urlopen(url, data)) as fp:
                            ^^^^^^^^^^^^^^^^^^
  File "/storage/pace-apps/spack/packages/linux-rhel9-x86_64_v3/gcc-11.3.1/python-3.12.5-5sase6atfv2x5tf7dy5x5sqfzyguhsia/lib/python3.12/urllib/request.py", line 215, in urlopen
    return opener.open(url, data, timeout)
           ^^^^^^^^^^^^^^^^^^^^^^^^^^^^^^^
  File "/storage/pace-apps/spack/packages/linux-rhel9-x86_64_v3/gcc-11.3.1/python-3.12.5-5sase6atfv2x5tf7dy5x5sqfzyguhsia/lib/python3.12/urllib/request.py", line 521, in open
    response = meth(req, response)
               ^^^^^^^^^^^^^^^^^^^
  File "/storage/pace-apps/spack/packages/linux-rhel9-x86_64_v3/gcc-11.3.1/python-3.12.5-5sase6atfv2x5tf7dy5x5sqfzyguhsia/lib/python3.12/urllib/request.py", line 630, in http_response
    response = self.parent.error(
               ^^^^^^^^^^^^^^^^^^
  File "/storage/pace-apps/spack/packages/linux-rhel9-x86_64_v3/gcc-11.3.1/python-3.12.5-5sase6atfv2x5tf7dy5x5sqfzyguhsia/lib/python3.12/urllib/request.py", line 559, in error
    return self._call_chain(*args)
           ^^^^^^^^^^^^^^^^^^^^^^^
  File "/storage/pace-apps/spack/packages/linux-rhel9-x86_64_v3/gcc-11.3.1/python-3.12.5-5sase6atfv2x5tf7dy5x5sqfzyguhsia/lib/python3.12/urllib/request.py", line 492, in _call_chain
    result = func(*args)
             ^^^^^^^^^^^
  File "/storage/pace-apps/spack/packages/linux-rhel9-x86_64_v3/gcc-11.3.1/python-3.12.5-5sase6atfv2x5tf7dy5x5sqfzyguhsia/lib/python3.12/urllib/request.py", line 639, in http_error_default
    raise HTTPError(req.full_url, code, msg, hdrs, fp)
urllib.error.HTTPError: HTTP Error 404: Not Found

For parameters: snap_graph.higgs-twitter
Traceback (most recent call last):
  File "/storage/home/hcoda1/7/wahrens6/.cache/pypoetry/virtualenvs/saps-RkeCTkZF-py3.12/lib/python3.12/site-packages/asv_runner/server.py", line 179, in _run_server
    _run(run_args)
  File "/storage/home/hcoda1/7/wahrens6/.cache/pypoetry/virtualenvs/saps-RkeCTkZF-py3.12/lib/python3.12/site-packages/asv_runner/run.py", line 66, in _run
    skip = benchmark.do_setup()
           ^^^^^^^^^^^^^^^^^^^^
  File "/storage/home/hcoda1/7/wahrens6/.cache/pypoetry/virtualenvs/saps-RkeCTkZF-py3.12/lib/python3.12/site-packages/asv_runner/benchmarks/time.py", line 121, in do_setup
    result = Benchmark.do_setup(self)
             ^^^^^^^^^^^^^^^^^^^^^^^^
  File "/storage/home/hcoda1/7/wahrens6/.cache/pypoetry/virtualenvs/saps-RkeCTkZF-py3.12/lib/python3.12/site-packages/asv_runner/benchmarks/_base.py", line 723, in do_setup
    setup(*self._build_params())
  File "/storage/scratch1/7/wahrens6/SparseArrayProgrammingSuite/src/saps/benchmark.py", line 428, in setup
    if param.generator.cacheable and not param.generator.backend.upload_dataset(
                                         ^^^^^^^^^^^^^^^^^^^^^^^^^^^^^^^^^^^^^^^
  File "/storage/scratch1/7/wahrens6/SparseArrayProgrammingSuite/src/saps/storage.py", line 167, in upload_dataset
    _, digest, local_path = self._generate_and_cache(generator, dataset)
                            ^^^^^^^^^^^^^^^^^^^^^^^^^^^^^^^^^^^^^^^^^^^^
  File "/storage/scratch1/7/wahrens6/SparseArrayProgrammingSuite/src/saps/storage.py", line 121, in _generate_and_cache
    data = generator.generate(dataset)
           ^^^^^^^^^^^^^^^^^^^^^^^^^^^
  File "/storage/scratch1/7/wahrens6/SparseArrayProgrammingSuite/src/saps/benchmarks/snap.py", line 434, in generate
    inputs, meta = download_snap_dataset(
                   ^^^^^^^^^^^^^^^^^^^^^^
  File "/storage/scratch1/7/wahrens6/SparseArrayProgrammingSuite/src/saps/downloaders/snap.py", line 37, in download_snap_dataset
    edge_list_path = _ensure_downloaded(slug, dataset_dir)
                     ^^^^^^^^^^^^^^^^^^^^^^^^^^^^^^^^^^^^^
  File "/storage/scratch1/7/wahrens6/SparseArrayProgrammingSuite/src/saps/downloaders/snap.py", line 166, in _ensure_downloaded
    urllib.request.urlretrieve(url, tmp_path)
  File "/storage/pace-apps/spack/packages/linux-rhel9-x86_64_v3/gcc-11.3.1/python-3.12.5-5sase6atfv2x5tf7dy5x5sqfzyguhsia/lib/python3.12/urllib/request.py", line 240, in urlretrieve
    with contextlib.closing(urlopen(url, data)) as fp:
                            ^^^^^^^^^^^^^^^^^^
  File "/storage/pace-apps/spack/packages/linux-rhel9-x86_64_v3/gcc-11.3.1/python-3.12.5-5sase6atfv2x5tf7dy5x5sqfzyguhsia/lib/python3.12/urllib/request.py", line 215, in urlopen
    return opener.open(url, data, timeout)
           ^^^^^^^^^^^^^^^^^^^^^^^^^^^^^^^
  File "/storage/pace-apps/spack/packages/linux-rhel9-x86_64_v3/gcc-11.3.1/python-3.12.5-5sase6atfv2x5tf7dy5x5sqfzyguhsia/lib/python3.12/urllib/request.py", line 521, in open
    response = meth(req, response)
               ^^^^^^^^^^^^^^^^^^^
  File "/storage/pace-apps/spack/packages/linux-rhel9-x86_64_v3/gcc-11.3.1/python-3.12.5-5sase6atfv2x5tf7dy5x5sqfzyguhsia/lib/python3.12/urllib/request.py", line 630, in http_response
    response = self.parent.error(
               ^^^^^^^^^^^^^^^^^^
  File "/storage/pace-apps/spack/packages/linux-rhel9-x86_64_v3/gcc-11.3.1/python-3.12.5-5sase6atfv2x5tf7dy5x5sqfzyguhsia/lib/python3.12/urllib/request.py", line 559, in error
    return self._call_chain(*args)
           ^^^^^^^^^^^^^^^^^^^^^^^
  File "/storage/pace-apps/spack/packages/linux-rhel9-x86_64_v3/gcc-11.3.1/python-3.12.5-5sase6atfv2x5tf7dy5x5sqfzyguhsia/lib/python3.12/urllib/request.py", line 492, in _call_chain
    result = func(*args)
             ^^^^^^^^^^^
  File "/storage/pace-apps/spack/packages/linux-rhel9-x86_64_v3/gcc-11.3.1/python-3.12.5-5sase6atfv2x5tf7dy5x5sqfzyguhsia/lib/python3.12/urllib/request.py", line 639, in http_error_default
    raise HTTPError(req.full_url, code, msg, hdrs, fp)
urllib.error.HTTPError: HTTP Error 404: Not Found

For parameters: snap_graph.web-RedditEmbeddings
Traceback (most recent call last):
  File "/storage/home/hcoda1/7/wahrens6/.cache/pypoetry/virtualenvs/saps-RkeCTkZF-py3.12/lib/python3.12/site-packages/asv_runner/server.py", line 179, in _run_server
    _run(run_args)
  File "/storage/home/hcoda1/7/wahrens6/.cache/pypoetry/virtualenvs/saps-RkeCTkZF-py3.12/lib/python3.12/site-packages/asv_runner/run.py", line 66, in _run
    skip = benchmark.do_setup()
           ^^^^^^^^^^^^^^^^^^^^
  File "/storage/home/hcoda1/7/wahrens6/.cache/pypoetry/virtualenvs/saps-RkeCTkZF-py3.12/lib/python3.12/site-packages/asv_runner/benchmarks/time.py", line 121, in do_setup
    result = Benchmark.do_setup(self)
             ^^^^^^^^^^^^^^^^^^^^^^^^
  File "/storage/home/hcoda1/7/wahrens6/.cache/pypoetry/virtualenvs/saps-RkeCTkZF-py3.12/lib/python3.12/site-packages/asv_runner/benchmarks/_base.py", line 723, in do_setup
    setup(*self._build_params())
  File "/storage/scratch1/7/wahrens6/SparseArrayProgrammingSuite/src/saps/benchmark.py", line 428, in setup
    if param.generator.cacheable and not param.generator.backend.upload_dataset(
                                         ^^^^^^^^^^^^^^^^^^^^^^^^^^^^^^^^^^^^^^^
  File "/storage/scratch1/7/wahrens6/SparseArrayProgrammingSuite/src/saps/storage.py", line 167, in upload_dataset
    _, digest, local_path = self._generate_and_cache(generator, dataset)
                            ^^^^^^^^^^^^^^^^^^^^^^^^^^^^^^^^^^^^^^^^^^^^
  File "/storage/scratch1/7/wahrens6/SparseArrayProgrammingSuite/src/saps/storage.py", line 121, in _generate_and_cache
    data = generator.generate(dataset)
           ^^^^^^^^^^^^^^^^^^^^^^^^^^^
  File "/storage/scratch1/7/wahrens6/SparseArrayProgrammingSuite/src/saps/benchmarks/snap.py", line 434, in generate
    inputs, meta = download_snap_dataset(
                   ^^^^^^^^^^^^^^^^^^^^^^
  File "/storage/scratch1/7/wahrens6/SparseArrayProgrammingSuite/src/saps/downloaders/snap.py", line 37, in download_snap_dataset
    edge_list_path = _ensure_downloaded(slug, dataset_dir)
                     ^^^^^^^^^^^^^^^^^^^^^^^^^^^^^^^^^^^^^
  File "/storage/scratch1/7/wahrens6/SparseArrayProgrammingSuite/src/saps/downloaders/snap.py", line 166, in _ensure_downloaded
    urllib.request.urlretrieve(url, tmp_path)
  File "/storage/pace-apps/spack/packages/linux-rhel9-x86_64_v3/gcc-11.3.1/python-3.12.5-5sase6atfv2x5tf7dy5x5sqfzyguhsia/lib/python3.12/urllib/request.py", line 240, in urlretrieve
    with contextlib.closing(urlopen(url, data)) as fp:
                            ^^^^^^^^^^^^^^^^^^
  File "/storage/pace-apps/spack/packages/linux-rhel9-x86_64_v3/gcc-11.3.1/python-3.12.5-5sase6atfv2x5tf7dy5x5sqfzyguhsia/lib/python3.12/urllib/request.py", line 215, in urlopen
    return opener.open(url, data, timeout)
           ^^^^^^^^^^^^^^^^^^^^^^^^^^^^^^^
  File "/storage/pace-apps/spack/packages/linux-rhel9-x86_64_v3/gcc-11.3.1/python-3.12.5-5sase6atfv2x5tf7dy5x5sqfzyguhsia/lib/python3.12/urllib/request.py", line 521, in open
    response = meth(req, response)
               ^^^^^^^^^^^^^^^^^^^
  File "/storage/pace-apps/spack/packages/linux-rhel9-x86_64_v3/gcc-11.3.1/python-3.12.5-5sase6atfv2x5tf7dy5x5sqfzyguhsia/lib/python3.12/urllib/request.py", line 630, in http_response
    response = self.parent.error(
               ^^^^^^^^^^^^^^^^^^
  File "/storage/pace-apps/spack/packages/linux-rhel9-x86_64_v3/gcc-11.3.1/python-3.12.5-5sase6atfv2x5tf7dy5x5sqfzyguhsia/lib/python3.12/urllib/request.py", line 559, in error
    return self._call_chain(*args)
           ^^^^^^^^^^^^^^^^^^^^^^^
  File "/storage/pace-apps/spack/packages/linux-rhel9-x86_64_v3/gcc-11.3.1/python-3.12.5-5sase6atfv2x5tf7dy5x5sqfzyguhsia/lib/python3.12/urllib/request.py", line 492, in _call_chain
    result = func(*args)
             ^^^^^^^^^^^
  File "/storage/pace-apps/spack/packages/linux-rhel9-x86_64_v3/gcc-11.3.1/python-3.12.5-5sase6atfv2x5tf7dy5x5sqfzyguhsia/lib/python3.12/urllib/request.py", line 639, in http_error_default
    raise HTTPError(req.full_url, code, msg, hdrs, fp)
urllib.error.HTTPError: HTTP Error 404: Not Found

For parameters: snap_graph.web-RedditPizzaRequests
Traceback (most recent call last):
  File "/storage/home/hcoda1/7/wahrens6/.cache/pypoetry/virtualenvs/saps-RkeCTkZF-py3.12/lib/python3.12/site-packages/asv_runner/server.py", line 179, in _run_server
    _run(run_args)
  File "/storage/home/hcoda1/7/wahrens6/.cache/pypoetry/virtualenvs/saps-RkeCTkZF-py3.12/lib/python3.12/site-packages/asv_runner/run.py", line 66, in _run
    skip = benchmark.do_setup()
           ^^^^^^^^^^^^^^^^^^^^
  File "/storage/home/hcoda1/7/wahrens6/.cache/pypoetry/virtualenvs/saps-RkeCTkZF-py3.12/lib/python3.12/site-packages/asv_runner/benchmarks/time.py", line 121, in do_setup
    result = Benchmark.do_setup(self)
             ^^^^^^^^^^^^^^^^^^^^^^^^
  File "/storage/home/hcoda1/7/wahrens6/.cache/pypoetry/virtualenvs/saps-RkeCTkZF-py3.12/lib/python3.12/site-packages/asv_runner/benchmarks/_base.py", line 723, in do_setup
    setup(*self._build_params())
  File "/storage/scratch1/7/wahrens6/SparseArrayProgrammingSuite/src/saps/benchmark.py", line 428, in setup
    if param.generator.cacheable and not param.generator.backend.upload_dataset(
                                         ^^^^^^^^^^^^^^^^^^^^^^^^^^^^^^^^^^^^^^^
  File "/storage/scratch1/7/wahrens6/SparseArrayProgrammingSuite/src/saps/storage.py", line 167, in upload_dataset
    _, digest, local_path = self._generate_and_cache(generator, dataset)
                            ^^^^^^^^^^^^^^^^^^^^^^^^^^^^^^^^^^^^^^^^^^^^
  File "/storage/scratch1/7/wahrens6/SparseArrayProgrammingSuite/src/saps/storage.py", line 121, in _generate_and_cache
    data = generator.generate(dataset)
           ^^^^^^^^^^^^^^^^^^^^^^^^^^^
  File "/storage/scratch1/7/wahrens6/SparseArrayProgrammingSuite/src/saps/benchmarks/snap.py", line 434, in generate
    inputs, meta = download_snap_dataset(
                   ^^^^^^^^^^^^^^^^^^^^^^
  File "/storage/scratch1/7/wahrens6/SparseArrayProgrammingSuite/src/saps/downloaders/snap.py", line 37, in download_snap_dataset
    edge_list_path = _ensure_downloaded(slug, dataset_dir)
                     ^^^^^^^^^^^^^^^^^^^^^^^^^^^^^^^^^^^^^
  File "/storage/scratch1/7/wahrens6/SparseArrayProgrammingSuite/src/saps/downloaders/snap.py", line 166, in _ensure_downloaded
    urllib.request.urlretrieve(url, tmp_path)
  File "/storage/pace-apps/spack/packages/linux-rhel9-x86_64_v3/gcc-11.3.1/python-3.12.5-5sase6atfv2x5tf7dy5x5sqfzyguhsia/lib/python3.12/urllib/request.py", line 240, in urlretrieve
    with contextlib.closing(urlopen(url, data)) as fp:
                            ^^^^^^^^^^^^^^^^^^
  File "/storage/pace-apps/spack/packages/linux-rhel9-x86_64_v3/gcc-11.3.1/python-3.12.5-5sase6atfv2x5tf7dy5x5sqfzyguhsia/lib/python3.12/urllib/request.py", line 215, in urlopen
    return opener.open(url, data, timeout)
           ^^^^^^^^^^^^^^^^^^^^^^^^^^^^^^^
  File "/storage/pace-apps/spack/packages/linux-rhel9-x86_64_v3/gcc-11.3.1/python-3.12.5-5sase6atfv2x5tf7dy5x5sqfzyguhsia/lib/python3.12/urllib/request.py", line 521, in open
    response = meth(req, response)
               ^^^^^^^^^^^^^^^^^^^
  File "/storage/pace-apps/spack/packages/linux-rhel9-x86_64_v3/gcc-11.3.1/python-3.12.5-5sase6atfv2x5tf7dy5x5sqfzyguhsia/lib/python3.12/urllib/request.py", line 630, in http_response
    response = self.parent.error(
               ^^^^^^^^^^^^^^^^^^
  File "/storage/pace-apps/spack/packages/linux-rhel9-x86_64_v3/gcc-11.3.1/python-3.12.5-5sase6atfv2x5tf7dy5x5sqfzyguhsia/lib/python3.12/urllib/request.py", line 559, in error
    return self._call_chain(*args)
           ^^^^^^^^^^^^^^^^^^^^^^^
  File "/storage/pace-apps/spack/packages/linux-rhel9-x86_64_v3/gcc-11.3.1/python-3.12.5-5sase6atfv2x5tf7dy5x5sqfzyguhsia/lib/python3.12/urllib/request.py", line 492, in _call_chain
    result = func(*args)
             ^^^^^^^^^^^
  File "/storage/pace-apps/spack/packages/linux-rhel9-x86_64_v3/gcc-11.3.1/python-3.12.5-5sase6atfv2x5tf7dy5x5sqfzyguhsia/lib/python3.12/urllib/request.py", line 639, in http_error_default
    raise HTTPError(req.full_url, code, msg, hdrs, fp)
urllib.error.HTTPError: HTTP Error 404: Not Found

For parameters: snap_graph.web-Reddit
Traceback (most recent call last):
  File "/storage/home/hcoda1/7/wahrens6/.cache/pypoetry/virtualenvs/saps-RkeCTkZF-py3.12/lib/python3.12/site-packages/asv_runner/server.py", line 179, in _run_server
    _run(run_args)
  File "/storage/home/hcoda1/7/wahrens6/.cache/pypoetry/virtualenvs/saps-RkeCTkZF-py3.12/lib/python3.12/site-packages/asv_runner/run.py", line 66, in _run
    skip = benchmark.do_setup()
           ^^^^^^^^^^^^^^^^^^^^
  File "/storage/home/hcoda1/7/wahrens6/.cache/pypoetry/virtualenvs/saps-RkeCTkZF-py3.12/lib/python3.12/site-packages/asv_runner/benchmarks/time.py", line 121, in do_setup
    result = Benchmark.do_setup(self)
             ^^^^^^^^^^^^^^^^^^^^^^^^
  File "/storage/home/hcoda1/7/wahrens6/.cache/pypoetry/virtualenvs/saps-RkeCTkZF-py3.12/lib/python3.12/site-packages/asv_runner/benchmarks/_base.py", line 723, in do_setup
    setup(*self._build_params())
  File "/storage/scratch1/7/wahrens6/SparseArrayProgrammingSuite/src/saps/benchmark.py", line 428, in setup
    if param.generator.cacheable and not param.generator.backend.upload_dataset(
                                         ^^^^^^^^^^^^^^^^^^^^^^^^^^^^^^^^^^^^^^^
  File "/storage/scratch1/7/wahrens6/SparseArrayProgrammingSuite/src/saps/storage.py", line 167, in upload_dataset
    _, digest, local_path = self._generate_and_cache(generator, dataset)
                            ^^^^^^^^^^^^^^^^^^^^^^^^^^^^^^^^^^^^^^^^^^^^
  File "/storage/scratch1/7/wahrens6/SparseArrayProgrammingSuite/src/saps/storage.py", line 121, in _generate_and_cache
    data = generator.generate(dataset)
           ^^^^^^^^^^^^^^^^^^^^^^^^^^^
  File "/storage/scratch1/7/wahrens6/SparseArrayProgrammingSuite/src/saps/benchmarks/snap.py", line 434, in generate
    inputs, meta = download_snap_dataset(
                   ^^^^^^^^^^^^^^^^^^^^^^
  File "/storage/scratch1/7/wahrens6/SparseArrayProgrammingSuite/src/saps/downloaders/snap.py", line 37, in download_snap_dataset
    edge_list_path = _ensure_downloaded(slug, dataset_dir)
                     ^^^^^^^^^^^^^^^^^^^^^^^^^^^^^^^^^^^^^
  File "/storage/scratch1/7/wahrens6/SparseArrayProgrammingSuite/src/saps/downloaders/snap.py", line 166, in _ensure_downloaded
    urllib.request.urlretrieve(url, tmp_path)
  File "/storage/pace-apps/spack/packages/linux-rhel9-x86_64_v3/gcc-11.3.1/python-3.12.5-5sase6atfv2x5tf7dy5x5sqfzyguhsia/lib/python3.12/urllib/request.py", line 240, in urlretrieve
    with contextlib.closing(urlopen(url, data)) as fp:
                            ^^^^^^^^^^^^^^^^^^
  File "/storage/pace-apps/spack/packages/linux-rhel9-x86_64_v3/gcc-11.3.1/python-3.12.5-5sase6atfv2x5tf7dy5x5sqfzyguhsia/lib/python3.12/urllib/request.py", line 215, in urlopen
    return opener.open(url, data, timeout)
           ^^^^^^^^^^^^^^^^^^^^^^^^^^^^^^^
  File "/storage/pace-apps/spack/packages/linux-rhel9-x86_64_v3/gcc-11.3.1/python-3.12.5-5sase6atfv2x5tf7dy5x5sqfzyguhsia/lib/python3.12/urllib/request.py", line 521, in open
    response = meth(req, response)
               ^^^^^^^^^^^^^^^^^^^
  File "/storage/pace-apps/spack/packages/linux-rhel9-x86_64_v3/gcc-11.3.1/python-3.12.5-5sase6atfv2x5tf7dy5x5sqfzyguhsia/lib/python3.12/urllib/request.py", line 630, in http_response
    response = self.parent.error(
               ^^^^^^^^^^^^^^^^^^
  File "/storage/pace-apps/spack/packages/linux-rhel9-x86_64_v3/gcc-11.3.1/python-3.12.5-5sase6atfv2x5tf7dy5x5sqfzyguhsia/lib/python3.12/urllib/request.py", line 559, in error
    return self._call_chain(*args)
           ^^^^^^^^^^^^^^^^^^^^^^^
  File "/storage/pace-apps/spack/packages/linux-rhel9-x86_64_v3/gcc-11.3.1/python-3.12.5-5sase6atfv2x5tf7dy5x5sqfzyguhsia/lib/python3.12/urllib/request.py", line 492, in _call_chain
    result = func(*args)
             ^^^^^^^^^^^
  File "/storage/pace-apps/spack/packages/linux-rhel9-x86_64_v3/gcc-11.3.1/python-3.12.5-5sase6atfv2x5tf7dy5x5sqfzyguhsia/lib/python3.12/urllib/request.py", line 639, in http_error_default
    raise HTTPError(req.full_url, code, msg, hdrs, fp)
urllib.error.HTTPError: HTTP Error 404: Not Found

For parameters: snap_graph.web-flickr
Traceback (most recent call last):
  File "/storage/home/hcoda1/7/wahrens6/.cache/pypoetry/virtualenvs/saps-RkeCTkZF-py3.12/lib/python3.12/site-packages/asv_runner/server.py", line 179, in _run_server
    _run(run_args)
  File "/storage/home/hcoda1/7/wahrens6/.cache/pypoetry/virtualenvs/saps-RkeCTkZF-py3.12/lib/python3.12/site-packages/asv_runner/run.py", line 66, in _run
    skip = benchmark.do_setup()
           ^^^^^^^^^^^^^^^^^^^^
  File "/storage/home/hcoda1/7/wahrens6/.cache/pypoetry/virtualenvs/saps-RkeCTkZF-py3.12/lib/python3.12/site-packages/asv_runner/benchmarks/time.py", line 121, in do_setup
    result = Benchmark.do_setup(self)
             ^^^^^^^^^^^^^^^^^^^^^^^^
  File "/storage/home/hcoda1/7/wahrens6/.cache/pypoetry/virtualenvs/saps-RkeCTkZF-py3.12/lib/python3.12/site-packages/asv_runner/benchmarks/_base.py", line 723, in do_setup
    setup(*self._build_params())
  File "/storage/scratch1/7/wahrens6/SparseArrayProgrammingSuite/src/saps/benchmark.py", line 428, in setup
    if param.generator.cacheable and not param.generator.backend.upload_dataset(
                                         ^^^^^^^^^^^^^^^^^^^^^^^^^^^^^^^^^^^^^^^
  File "/storage/scratch1/7/wahrens6/SparseArrayProgrammingSuite/src/saps/storage.py", line 167, in upload_dataset
    _, digest, local_path = self._generate_and_cache(generator, dataset)
                            ^^^^^^^^^^^^^^^^^^^^^^^^^^^^^^^^^^^^^^^^^^^^
  File "/storage/scratch1/7/wahrens6/SparseArrayProgrammingSuite/src/saps/storage.py", line 121, in _generate_and_cache
    data = generator.generate(dataset)
           ^^^^^^^^^^^^^^^^^^^^^^^^^^^
  File "/storage/scratch1/7/wahrens6/SparseArrayProgrammingSuite/src/saps/benchmarks/snap.py", line 434, in generate
    inputs, meta = download_snap_dataset(
                   ^^^^^^^^^^^^^^^^^^^^^^
  File "/storage/scratch1/7/wahrens6/SparseArrayProgrammingSuite/src/saps/downloaders/snap.py", line 37, in download_snap_dataset
    edge_list_path = _ensure_downloaded(slug, dataset_dir)
                     ^^^^^^^^^^^^^^^^^^^^^^^^^^^^^^^^^^^^^
  File "/storage/scratch1/7/wahrens6/SparseArrayProgrammingSuite/src/saps/downloaders/snap.py", line 166, in _ensure_downloaded
    urllib.request.urlretrieve(url, tmp_path)
  File "/storage/pace-apps/spack/packages/linux-rhel9-x86_64_v3/gcc-11.3.1/python-3.12.5-5sase6atfv2x5tf7dy5x5sqfzyguhsia/lib/python3.12/urllib/request.py", line 240, in urlretrieve
    with contextlib.closing(urlopen(url, data)) as fp:
                            ^^^^^^^^^^^^^^^^^^
  File "/storage/pace-apps/spack/packages/linux-rhel9-x86_64_v3/gcc-11.3.1/python-3.12.5-5sase6atfv2x5tf7dy5x5sqfzyguhsia/lib/python3.12/urllib/request.py", line 215, in urlopen
    return opener.open(url, data, timeout)
           ^^^^^^^^^^^^^^^^^^^^^^^^^^^^^^^
  File "/storage/pace-apps/spack/packages/linux-rhel9-x86_64_v3/gcc-11.3.1/python-3.12.5-5sase6atfv2x5tf7dy5x5sqfzyguhsia/lib/python3.12/urllib/request.py", line 521, in open
    response = meth(req, response)
               ^^^^^^^^^^^^^^^^^^^
  File "/storage/pace-apps/spack/packages/linux-rhel9-x86_64_v3/gcc-11.3.1/python-3.12.5-5sase6atfv2x5tf7dy5x5sqfzyguhsia/lib/python3.12/urllib/request.py", line 630, in http_response
    response = self.parent.error(
               ^^^^^^^^^^^^^^^^^^
  File "/storage/pace-apps/spack/packages/linux-rhel9-x86_64_v3/gcc-11.3.1/python-3.12.5-5sase6atfv2x5tf7dy5x5sqfzyguhsia/lib/python3.12/urllib/request.py", line 559, in error
    return self._call_chain(*args)
           ^^^^^^^^^^^^^^^^^^^^^^^
  File "/storage/pace-apps/spack/packages/linux-rhel9-x86_64_v3/gcc-11.3.1/python-3.12.5-5sase6atfv2x5tf7dy5x5sqfzyguhsia/lib/python3.12/urllib/request.py", line 492, in _call_chain
    result = func(*args)
             ^^^^^^^^^^^
  File "/storage/pace-apps/spack/packages/linux-rhel9-x86_64_v3/gcc-11.3.1/python-3.12.5-5sase6atfv2x5tf7dy5x5sqfzyguhsia/lib/python3.12/urllib/request.py", line 639, in http_error_default
    raise HTTPError(req.full_url, code, msg, hdrs, fp)
urllib.error.HTTPError: HTTP Error 404: Not Found

For parameters: snap_graph.web-BeerAdvocate
Traceback (most recent call last):
  File "/storage/home/hcoda1/7/wahrens6/.cache/pypoetry/virtualenvs/saps-RkeCTkZF-py3.12/lib/python3.12/site-packages/asv_runner/server.py", line 179, in _run_server
    _run(run_args)
  File "/storage/home/hcoda1/7/wahrens6/.cache/pypoetry/virtualenvs/saps-RkeCTkZF-py3.12/lib/python3.12/site-packages/asv_runner/run.py", line 66, in _run
    skip = benchmark.do_setup()
           ^^^^^^^^^^^^^^^^^^^^
  File "/storage/home/hcoda1/7/wahrens6/.cache/pypoetry/virtualenvs/saps-RkeCTkZF-py3.12/lib/python3.12/site-packages/asv_runner/benchmarks/time.py", line 121, in do_setup
    result = Benchmark.do_setup(self)
             ^^^^^^^^^^^^^^^^^^^^^^^^
  File "/storage/home/hcoda1/7/wahrens6/.cache/pypoetry/virtualenvs/saps-RkeCTkZF-py3.12/lib/python3.12/site-packages/asv_runner/benchmarks/_base.py", line 723, in do_setup
    setup(*self._build_params())
  File "/storage/scratch1/7/wahrens6/SparseArrayProgrammingSuite/src/saps/benchmark.py", line 428, in setup
    if param.generator.cacheable and not param.generator.backend.upload_dataset(
                                         ^^^^^^^^^^^^^^^^^^^^^^^^^^^^^^^^^^^^^^^
  File "/storage/scratch1/7/wahrens6/SparseArrayProgrammingSuite/src/saps/storage.py", line 167, in upload_dataset
    _, digest, local_path = self._generate_and_cache(generator, dataset)
                            ^^^^^^^^^^^^^^^^^^^^^^^^^^^^^^^^^^^^^^^^^^^^
  File "/storage/scratch1/7/wahrens6/SparseArrayProgrammingSuite/src/saps/storage.py", line 121, in _generate_and_cache
    data = generator.generate(dataset)
           ^^^^^^^^^^^^^^^^^^^^^^^^^^^
  File "/storage/scratch1/7/wahrens6/SparseArrayProgrammingSuite/src/saps/benchmarks/snap.py", line 434, in generate
    inputs, meta = download_snap_dataset(
                   ^^^^^^^^^^^^^^^^^^^^^^
  File "/storage/scratch1/7/wahrens6/SparseArrayProgrammingSuite/src/saps/downloaders/snap.py", line 37, in download_snap_dataset
    edge_list_path = _ensure_downloaded(slug, dataset_dir)
                     ^^^^^^^^^^^^^^^^^^^^^^^^^^^^^^^^^^^^^
  File "/storage/scratch1/7/wahrens6/SparseArrayProgrammingSuite/src/saps/downloaders/snap.py", line 166, in _ensure_downloaded
    urllib.request.urlretrieve(url, tmp_path)
  File "/storage/pace-apps/spack/packages/linux-rhel9-x86_64_v3/gcc-11.3.1/python-3.12.5-5sase6atfv2x5tf7dy5x5sqfzyguhsia/lib/python3.12/urllib/request.py", line 240, in urlretrieve
    with contextlib.closing(urlopen(url, data)) as fp:
                            ^^^^^^^^^^^^^^^^^^
  File "/storage/pace-apps/spack/packages/linux-rhel9-x86_64_v3/gcc-11.3.1/python-3.12.5-5sase6atfv2x5tf7dy5x5sqfzyguhsia/lib/python3.12/urllib/request.py", line 215, in urlopen
    return opener.open(url, data, timeout)
           ^^^^^^^^^^^^^^^^^^^^^^^^^^^^^^^
  File "/storage/pace-apps/spack/packages/linux-rhel9-x86_64_v3/gcc-11.3.1/python-3.12.5-5sase6atfv2x5tf7dy5x5sqfzyguhsia/lib/python3.12/urllib/request.py", line 521, in open
    response = meth(req, response)
               ^^^^^^^^^^^^^^^^^^^
  File "/storage/pace-apps/spack/packages/linux-rhel9-x86_64_v3/gcc-11.3.1/python-3.12.5-5sase6atfv2x5tf7dy5x5sqfzyguhsia/lib/python3.12/urllib/request.py", line 630, in http_response
    response = self.parent.error(
               ^^^^^^^^^^^^^^^^^^
  File "/storage/pace-apps/spack/packages/linux-rhel9-x86_64_v3/gcc-11.3.1/python-3.12.5-5sase6atfv2x5tf7dy5x5sqfzyguhsia/lib/python3.12/urllib/request.py", line 559, in error
    return self._call_chain(*args)
           ^^^^^^^^^^^^^^^^^^^^^^^
  File "/storage/pace-apps/spack/packages/linux-rhel9-x86_64_v3/gcc-11.3.1/python-3.12.5-5sase6atfv2x5tf7dy5x5sqfzyguhsia/lib/python3.12/urllib/request.py", line 492, in _call_chain
    result = func(*args)
             ^^^^^^^^^^^
  File "/storage/pace-apps/spack/packages/linux-rhel9-x86_64_v3/gcc-11.3.1/python-3.12.5-5sase6atfv2x5tf7dy5x5sqfzyguhsia/lib/python3.12/urllib/request.py", line 639, in http_error_default
    raise HTTPError(req.full_url, code, msg, hdrs, fp)
urllib.error.HTTPError: HTTP Error 404: Not Found

For parameters: snap_graph.web-RateBeer
Traceback (most recent call last):
  File "/storage/home/hcoda1/7/wahrens6/.cache/pypoetry/virtualenvs/saps-RkeCTkZF-py3.12/lib/python3.12/site-packages/asv_runner/server.py", line 179, in _run_server
    _run(run_args)
  File "/storage/home/hcoda1/7/wahrens6/.cache/pypoetry/virtualenvs/saps-RkeCTkZF-py3.12/lib/python3.12/site-packages/asv_runner/run.py", line 66, in _run
    skip = benchmark.do_setup()
           ^^^^^^^^^^^^^^^^^^^^
  File "/storage/home/hcoda1/7/wahrens6/.cache/pypoetry/virtualenvs/saps-RkeCTkZF-py3.12/lib/python3.12/site-packages/asv_runner/benchmarks/time.py", line 121, in do_setup
    result = Benchmark.do_setup(self)
             ^^^^^^^^^^^^^^^^^^^^^^^^
  File "/storage/home/hcoda1/7/wahrens6/.cache/pypoetry/virtualenvs/saps-RkeCTkZF-py3.12/lib/python3.12/site-packages/asv_runner/benchmarks/_base.py", line 723, in do_setup
    setup(*self._build_params())
  File "/storage/scratch1/7/wahrens6/SparseArrayProgrammingSuite/src/saps/benchmark.py", line 428, in setup
    if param.generator.cacheable and not param.generator.backend.upload_dataset(
                                         ^^^^^^^^^^^^^^^^^^^^^^^^^^^^^^^^^^^^^^^
  File "/storage/scratch1/7/wahrens6/SparseArrayProgrammingSuite/src/saps/storage.py", line 167, in upload_dataset
    _, digest, local_path = self._generate_and_cache(generator, dataset)
                            ^^^^^^^^^^^^^^^^^^^^^^^^^^^^^^^^^^^^^^^^^^^^
  File "/storage/scratch1/7/wahrens6/SparseArrayProgrammingSuite/src/saps/storage.py", line 121, in _generate_and_cache
    data = generator.generate(dataset)
           ^^^^^^^^^^^^^^^^^^^^^^^^^^^
  File "/storage/scratch1/7/wahrens6/SparseArrayProgrammingSuite/src/saps/benchmarks/snap.py", line 434, in generate
    inputs, meta = download_snap_dataset(
                   ^^^^^^^^^^^^^^^^^^^^^^
  File "/storage/scratch1/7/wahrens6/SparseArrayProgrammingSuite/src/saps/downloaders/snap.py", line 37, in download_snap_dataset
    edge_list_path = _ensure_downloaded(slug, dataset_dir)
                     ^^^^^^^^^^^^^^^^^^^^^^^^^^^^^^^^^^^^^
  File "/storage/scratch1/7/wahrens6/SparseArrayProgrammingSuite/src/saps/downloaders/snap.py", line 166, in _ensure_downloaded
    urllib.request.urlretrieve(url, tmp_path)
  File "/storage/pace-apps/spack/packages/linux-rhel9-x86_64_v3/gcc-11.3.1/python-3.12.5-5sase6atfv2x5tf7dy5x5sqfzyguhsia/lib/python3.12/urllib/request.py", line 240, in urlretrieve
    with contextlib.closing(urlopen(url, data)) as fp:
                            ^^^^^^^^^^^^^^^^^^
  File "/storage/pace-apps/spack/packages/linux-rhel9-x86_64_v3/gcc-11.3.1/python-3.12.5-5sase6atfv2x5tf7dy5x5sqfzyguhsia/lib/python3.12/urllib/request.py", line 215, in urlopen
    return opener.open(url, data, timeout)
           ^^^^^^^^^^^^^^^^^^^^^^^^^^^^^^^
  File "/storage/pace-apps/spack/packages/linux-rhel9-x86_64_v3/gcc-11.3.1/python-3.12.5-5sase6atfv2x5tf7dy5x5sqfzyguhsia/lib/python3.12/urllib/request.py", line 521, in open
    response = meth(req, response)
               ^^^^^^^^^^^^^^^^^^^
  File "/storage/pace-apps/spack/packages/linux-rhel9-x86_64_v3/gcc-11.3.1/python-3.12.5-5sase6atfv2x5tf7dy5x5sqfzyguhsia/lib/python3.12/urllib/request.py", line 630, in http_response
    response = self.parent.error(
               ^^^^^^^^^^^^^^^^^^
  File "/storage/pace-apps/spack/packages/linux-rhel9-x86_64_v3/gcc-11.3.1/python-3.12.5-5sase6atfv2x5tf7dy5x5sqfzyguhsia/lib/python3.12/urllib/request.py", line 559, in error
    return self._call_chain(*args)
           ^^^^^^^^^^^^^^^^^^^^^^^
  File "/storage/pace-apps/spack/packages/linux-rhel9-x86_64_v3/gcc-11.3.1/python-3.12.5-5sase6atfv2x5tf7dy5x5sqfzyguhsia/lib/python3.12/urllib/request.py", line 492, in _call_chain
    result = func(*args)
             ^^^^^^^^^^^
  File "/storage/pace-apps/spack/packages/linux-rhel9-x86_64_v3/gcc-11.3.1/python-3.12.5-5sase6atfv2x5tf7dy5x5sqfzyguhsia/lib/python3.12/urllib/request.py", line 639, in http_error_default
    raise HTTPError(req.full_url, code, msg, hdrs, fp)
urllib.error.HTTPError: HTTP Error 404: Not Found

For parameters: snap_graph.web-CellarTracker
Traceback (most recent call last):
  File "/storage/home/hcoda1/7/wahrens6/.cache/pypoetry/virtualenvs/saps-RkeCTkZF-py3.12/lib/python3.12/site-packages/asv_runner/server.py", line 179, in _run_server
    _run(run_args)
  File "/storage/home/hcoda1/7/wahrens6/.cache/pypoetry/virtualenvs/saps-RkeCTkZF-py3.12/lib/python3.12/site-packages/asv_runner/run.py", line 66, in _run
    skip = benchmark.do_setup()
           ^^^^^^^^^^^^^^^^^^^^
  File "/storage/home/hcoda1/7/wahrens6/.cache/pypoetry/virtualenvs/saps-RkeCTkZF-py3.12/lib/python3.12/site-packages/asv_runner/benchmarks/time.py", line 121, in do_setup
    result = Benchmark.do_setup(self)
             ^^^^^^^^^^^^^^^^^^^^^^^^
  File "/storage/home/hcoda1/7/wahrens6/.cache/pypoetry/virtualenvs/saps-RkeCTkZF-py3.12/lib/python3.12/site-packages/asv_runner/benchmarks/_base.py", line 723, in do_setup
    setup(*self._build_params())
  File "/storage/scratch1/7/wahrens6/SparseArrayProgrammingSuite/src/saps/benchmark.py", line 428, in setup
    if param.generator.cacheable and not param.generator.backend.upload_dataset(
                                         ^^^^^^^^^^^^^^^^^^^^^^^^^^^^^^^^^^^^^^^
  File "/storage/scratch1/7/wahrens6/SparseArrayProgrammingSuite/src/saps/storage.py", line 167, in upload_dataset
    _, digest, local_path = self._generate_and_cache(generator, dataset)
                            ^^^^^^^^^^^^^^^^^^^^^^^^^^^^^^^^^^^^^^^^^^^^
  File "/storage/scratch1/7/wahrens6/SparseArrayProgrammingSuite/src/saps/storage.py", line 121, in _generate_and_cache
    data = generator.generate(dataset)
           ^^^^^^^^^^^^^^^^^^^^^^^^^^^
  File "/storage/scratch1/7/wahrens6/SparseArrayProgrammingSuite/src/saps/benchmarks/snap.py", line 434, in generate
    inputs, meta = download_snap_dataset(
                   ^^^^^^^^^^^^^^^^^^^^^^
  File "/storage/scratch1/7/wahrens6/SparseArrayProgrammingSuite/src/saps/downloaders/snap.py", line 37, in download_snap_dataset
    edge_list_path = _ensure_downloaded(slug, dataset_dir)
                     ^^^^^^^^^^^^^^^^^^^^^^^^^^^^^^^^^^^^^
  File "/storage/scratch1/7/wahrens6/SparseArrayProgrammingSuite/src/saps/downloaders/snap.py", line 166, in _ensure_downloaded
    urllib.request.urlretrieve(url, tmp_path)
  File "/storage/pace-apps/spack/packages/linux-rhel9-x86_64_v3/gcc-11.3.1/python-3.12.5-5sase6atfv2x5tf7dy5x5sqfzyguhsia/lib/python3.12/urllib/request.py", line 240, in urlretrieve
    with contextlib.closing(urlopen(url, data)) as fp:
                            ^^^^^^^^^^^^^^^^^^
  File "/storage/pace-apps/spack/packages/linux-rhel9-x86_64_v3/gcc-11.3.1/python-3.12.5-5sase6atfv2x5tf7dy5x5sqfzyguhsia/lib/python3.12/urllib/request.py", line 215, in urlopen
    return opener.open(url, data, timeout)
           ^^^^^^^^^^^^^^^^^^^^^^^^^^^^^^^
  File "/storage/pace-apps/spack/packages/linux-rhel9-x86_64_v3/gcc-11.3.1/python-3.12.5-5sase6atfv2x5tf7dy5x5sqfzyguhsia/lib/python3.12/urllib/request.py", line 521, in open
    response = meth(req, response)
               ^^^^^^^^^^^^^^^^^^^
  File "/storage/pace-apps/spack/packages/linux-rhel9-x86_64_v3/gcc-11.3.1/python-3.12.5-5sase6atfv2x5tf7dy5x5sqfzyguhsia/lib/python3.12/urllib/request.py", line 630, in http_response
    response = self.parent.error(
               ^^^^^^^^^^^^^^^^^^
  File "/storage/pace-apps/spack/packages/linux-rhel9-x86_64_v3/gcc-11.3.1/python-3.12.5-5sase6atfv2x5tf7dy5x5sqfzyguhsia/lib/python3.12/urllib/request.py", line 559, in error
    return self._call_chain(*args)
           ^^^^^^^^^^^^^^^^^^^^^^^
  File "/storage/pace-apps/spack/packages/linux-rhel9-x86_64_v3/gcc-11.3.1/python-3.12.5-5sase6atfv2x5tf7dy5x5sqfzyguhsia/lib/python3.12/urllib/request.py", line 492, in _call_chain
    result = func(*args)
             ^^^^^^^^^^^
  File "/storage/pace-apps/spack/packages/linux-rhel9-x86_64_v3/gcc-11.3.1/python-3.12.5-5sase6atfv2x5tf7dy5x5sqfzyguhsia/lib/python3.12/urllib/request.py", line 639, in http_error_default
    raise HTTPError(req.full_url, code, msg, hdrs, fp)
urllib.error.HTTPError: HTTP Error 404: Not Found

For parameters: snap_graph.web-Amazon
Traceback (most recent call last):
  File "/storage/home/hcoda1/7/wahrens6/.cache/pypoetry/virtualenvs/saps-RkeCTkZF-py3.12/lib/python3.12/site-packages/asv_runner/server.py", line 179, in _run_server
    _run(run_args)
  File "/storage/home/hcoda1/7/wahrens6/.cache/pypoetry/virtualenvs/saps-RkeCTkZF-py3.12/lib/python3.12/site-packages/asv_runner/run.py", line 66, in _run
    skip = benchmark.do_setup()
           ^^^^^^^^^^^^^^^^^^^^
  File "/storage/home/hcoda1/7/wahrens6/.cache/pypoetry/virtualenvs/saps-RkeCTkZF-py3.12/lib/python3.12/site-packages/asv_runner/benchmarks/time.py", line 121, in do_setup
    result = Benchmark.do_setup(self)
             ^^^^^^^^^^^^^^^^^^^^^^^^
  File "/storage/home/hcoda1/7/wahrens6/.cache/pypoetry/virtualenvs/saps-RkeCTkZF-py3.12/lib/python3.12/site-packages/asv_runner/benchmarks/_base.py", line 723, in do_setup
    setup(*self._build_params())
  File "/storage/scratch1/7/wahrens6/SparseArrayProgrammingSuite/src/saps/benchmark.py", line 428, in setup
    if param.generator.cacheable and not param.generator.backend.upload_dataset(
                                         ^^^^^^^^^^^^^^^^^^^^^^^^^^^^^^^^^^^^^^^
  File "/storage/scratch1/7/wahrens6/SparseArrayProgrammingSuite/src/saps/storage.py", line 167, in upload_dataset
    _, digest, local_path = self._generate_and_cache(generator, dataset)
                            ^^^^^^^^^^^^^^^^^^^^^^^^^^^^^^^^^^^^^^^^^^^^
  File "/storage/scratch1/7/wahrens6/SparseArrayProgrammingSuite/src/saps/storage.py", line 121, in _generate_and_cache
    data = generator.generate(dataset)
           ^^^^^^^^^^^^^^^^^^^^^^^^^^^
  File "/storage/scratch1/7/wahrens6/SparseArrayProgrammingSuite/src/saps/benchmarks/snap.py", line 434, in generate
    inputs, meta = download_snap_dataset(
                   ^^^^^^^^^^^^^^^^^^^^^^
  File "/storage/scratch1/7/wahrens6/SparseArrayProgrammingSuite/src/saps/downloaders/snap.py", line 37, in download_snap_dataset
    edge_list_path = _ensure_downloaded(slug, dataset_dir)
                     ^^^^^^^^^^^^^^^^^^^^^^^^^^^^^^^^^^^^^
  File "/storage/scratch1/7/wahrens6/SparseArrayProgrammingSuite/src/saps/downloaders/snap.py", line 166, in _ensure_downloaded
    urllib.request.urlretrieve(url, tmp_path)
  File "/storage/pace-apps/spack/packages/linux-rhel9-x86_64_v3/gcc-11.3.1/python-3.12.5-5sase6atfv2x5tf7dy5x5sqfzyguhsia/lib/python3.12/urllib/request.py", line 240, in urlretrieve
    with contextlib.closing(urlopen(url, data)) as fp:
                            ^^^^^^^^^^^^^^^^^^
  File "/storage/pace-apps/spack/packages/linux-rhel9-x86_64_v3/gcc-11.3.1/python-3.12.5-5sase6atfv2x5tf7dy5x5sqfzyguhsia/lib/python3.12/urllib/request.py", line 215, in urlopen
    return opener.open(url, data, timeout)
           ^^^^^^^^^^^^^^^^^^^^^^^^^^^^^^^
  File "/storage/pace-apps/spack/packages/linux-rhel9-x86_64_v3/gcc-11.3.1/python-3.12.5-5sase6atfv2x5tf7dy5x5sqfzyguhsia/lib/python3.12/urllib/request.py", line 521, in open
    response = meth(req, response)
               ^^^^^^^^^^^^^^^^^^^
  File "/storage/pace-apps/spack/packages/linux-rhel9-x86_64_v3/gcc-11.3.1/python-3.12.5-5sase6atfv2x5tf7dy5x5sqfzyguhsia/lib/python3.12/urllib/request.py", line 630, in http_response
    response = self.parent.error(
               ^^^^^^^^^^^^^^^^^^
  File "/storage/pace-apps/spack/packages/linux-rhel9-x86_64_v3/gcc-11.3.1/python-3.12.5-5sase6atfv2x5tf7dy5x5sqfzyguhsia/lib/python3.12/urllib/request.py", line 559, in error
    return self._call_chain(*args)
           ^^^^^^^^^^^^^^^^^^^^^^^
  File "/storage/pace-apps/spack/packages/linux-rhel9-x86_64_v3/gcc-11.3.1/python-3.12.5-5sase6atfv2x5tf7dy5x5sqfzyguhsia/lib/python3.12/urllib/request.py", line 492, in _call_chain
    result = func(*args)
             ^^^^^^^^^^^
  File "/storage/pace-apps/spack/packages/linux-rhel9-x86_64_v3/gcc-11.3.1/python-3.12.5-5sase6atfv2x5tf7dy5x5sqfzyguhsia/lib/python3.12/urllib/request.py", line 639, in http_error_default
    raise HTTPError(req.full_url, code, msg, hdrs, fp)
urllib.error.HTTPError: HTTP Error 404: Not Found

For parameters: snap_graph.web-FineFoods
Traceback (most recent call last):
  File "/storage/home/hcoda1/7/wahrens6/.cache/pypoetry/virtualenvs/saps-RkeCTkZF-py3.12/lib/python3.12/site-packages/asv_runner/server.py", line 179, in _run_server
    _run(run_args)
  File "/storage/home/hcoda1/7/wahrens6/.cache/pypoetry/virtualenvs/saps-RkeCTkZF-py3.12/lib/python3.12/site-packages/asv_runner/run.py", line 66, in _run
    skip = benchmark.do_setup()
           ^^^^^^^^^^^^^^^^^^^^
  File "/storage/home/hcoda1/7/wahrens6/.cache/pypoetry/virtualenvs/saps-RkeCTkZF-py3.12/lib/python3.12/site-packages/asv_runner/benchmarks/time.py", line 121, in do_setup
    result = Benchmark.do_setup(self)
             ^^^^^^^^^^^^^^^^^^^^^^^^
  File "/storage/home/hcoda1/7/wahrens6/.cache/pypoetry/virtualenvs/saps-RkeCTkZF-py3.12/lib/python3.12/site-packages/asv_runner/benchmarks/_base.py", line 723, in do_setup
    setup(*self._build_params())
  File "/storage/scratch1/7/wahrens6/SparseArrayProgrammingSuite/src/saps/benchmark.py", line 428, in setup
    if param.generator.cacheable and not param.generator.backend.upload_dataset(
                                         ^^^^^^^^^^^^^^^^^^^^^^^^^^^^^^^^^^^^^^^
  File "/storage/scratch1/7/wahrens6/SparseArrayProgrammingSuite/src/saps/storage.py", line 167, in upload_dataset
    _, digest, local_path = self._generate_and_cache(generator, dataset)
                            ^^^^^^^^^^^^^^^^^^^^^^^^^^^^^^^^^^^^^^^^^^^^
  File "/storage/scratch1/7/wahrens6/SparseArrayProgrammingSuite/src/saps/storage.py", line 121, in _generate_and_cache
    data = generator.generate(dataset)
           ^^^^^^^^^^^^^^^^^^^^^^^^^^^
  File "/storage/scratch1/7/wahrens6/SparseArrayProgrammingSuite/src/saps/benchmarks/snap.py", line 434, in generate
    inputs, meta = download_snap_dataset(
                   ^^^^^^^^^^^^^^^^^^^^^^
  File "/storage/scratch1/7/wahrens6/SparseArrayProgrammingSuite/src/saps/downloaders/snap.py", line 37, in download_snap_dataset
    edge_list_path = _ensure_downloaded(slug, dataset_dir)
                     ^^^^^^^^^^^^^^^^^^^^^^^^^^^^^^^^^^^^^
  File "/storage/scratch1/7/wahrens6/SparseArrayProgrammingSuite/src/saps/downloaders/snap.py", line 166, in _ensure_downloaded
    urllib.request.urlretrieve(url, tmp_path)
  File "/storage/pace-apps/spack/packages/linux-rhel9-x86_64_v3/gcc-11.3.1/python-3.12.5-5sase6atfv2x5tf7dy5x5sqfzyguhsia/lib/python3.12/urllib/request.py", line 240, in urlretrieve
    with contextlib.closing(urlopen(url, data)) as fp:
                            ^^^^^^^^^^^^^^^^^^
  File "/storage/pace-apps/spack/packages/linux-rhel9-x86_64_v3/gcc-11.3.1/python-3.12.5-5sase6atfv2x5tf7dy5x5sqfzyguhsia/lib/python3.12/urllib/request.py", line 215, in urlopen
    return opener.open(url, data, timeout)
           ^^^^^^^^^^^^^^^^^^^^^^^^^^^^^^^
  File "/storage/pace-apps/spack/packages/linux-rhel9-x86_64_v3/gcc-11.3.1/python-3.12.5-5sase6atfv2x5tf7dy5x5sqfzyguhsia/lib/python3.12/urllib/request.py", line 521, in open
    response = meth(req, response)
               ^^^^^^^^^^^^^^^^^^^
  File "/storage/pace-apps/spack/packages/linux-rhel9-x86_64_v3/gcc-11.3.1/python-3.12.5-5sase6atfv2x5tf7dy5x5sqfzyguhsia/lib/python3.12/urllib/request.py", line 630, in http_response
    response = self.parent.error(
               ^^^^^^^^^^^^^^^^^^
  File "/storage/pace-apps/spack/packages/linux-rhel9-x86_64_v3/gcc-11.3.1/python-3.12.5-5sase6atfv2x5tf7dy5x5sqfzyguhsia/lib/python3.12/urllib/request.py", line 559, in error
    return self._call_chain(*args)
           ^^^^^^^^^^^^^^^^^^^^^^^
  File "/storage/pace-apps/spack/packages/linux-rhel9-x86_64_v3/gcc-11.3.1/python-3.12.5-5sase6atfv2x5tf7dy5x5sqfzyguhsia/lib/python3.12/urllib/request.py", line 492, in _call_chain
    result = func(*args)
             ^^^^^^^^^^^
  File "/storage/pace-apps/spack/packages/linux-rhel9-x86_64_v3/gcc-11.3.1/python-3.12.5-5sase6atfv2x5tf7dy5x5sqfzyguhsia/lib/python3.12/urllib/request.py", line 639, in http_error_default
    raise HTTPError(req.full_url, code, msg, hdrs, fp)
urllib.error.HTTPError: HTTP Error 404: Not Found

For parameters: snap_graph.web-Movies
Traceback (most recent call last):
  File "/storage/home/hcoda1/7/wahrens6/.cache/pypoetry/virtualenvs/saps-RkeCTkZF-py3.12/lib/python3.12/site-packages/asv_runner/server.py", line 179, in _run_server
    _run(run_args)
  File "/storage/home/hcoda1/7/wahrens6/.cache/pypoetry/virtualenvs/saps-RkeCTkZF-py3.12/lib/python3.12/site-packages/asv_runner/run.py", line 66, in _run
    skip = benchmark.do_setup()
           ^^^^^^^^^^^^^^^^^^^^
  File "/storage/home/hcoda1/7/wahrens6/.cache/pypoetry/virtualenvs/saps-RkeCTkZF-py3.12/lib/python3.12/site-packages/asv_runner/benchmarks/time.py", line 121, in do_setup
    result = Benchmark.do_setup(self)
             ^^^^^^^^^^^^^^^^^^^^^^^^
  File "/storage/home/hcoda1/7/wahrens6/.cache/pypoetry/virtualenvs/saps-RkeCTkZF-py3.12/lib/python3.12/site-packages/asv_runner/benchmarks/_base.py", line 723, in do_setup
    setup(*self._build_params())
  File "/storage/scratch1/7/wahrens6/SparseArrayProgrammingSuite/src/saps/benchmark.py", line 428, in setup
    if param.generator.cacheable and not param.generator.backend.upload_dataset(
                                         ^^^^^^^^^^^^^^^^^^^^^^^^^^^^^^^^^^^^^^^
  File "/storage/scratch1/7/wahrens6/SparseArrayProgrammingSuite/src/saps/storage.py", line 167, in upload_dataset
    _, digest, local_path = self._generate_and_cache(generator, dataset)
                            ^^^^^^^^^^^^^^^^^^^^^^^^^^^^^^^^^^^^^^^^^^^^
  File "/storage/scratch1/7/wahrens6/SparseArrayProgrammingSuite/src/saps/storage.py", line 121, in _generate_and_cache
    data = generator.generate(dataset)
           ^^^^^^^^^^^^^^^^^^^^^^^^^^^
  File "/storage/scratch1/7/wahrens6/SparseArrayProgrammingSuite/src/saps/benchmarks/snap.py", line 434, in generate
    inputs, meta = download_snap_dataset(
                   ^^^^^^^^^^^^^^^^^^^^^^
  File "/storage/scratch1/7/wahrens6/SparseArrayProgrammingSuite/src/saps/downloaders/snap.py", line 37, in download_snap_dataset
    edge_list_path = _ensure_downloaded(slug, dataset_dir)
                     ^^^^^^^^^^^^^^^^^^^^^^^^^^^^^^^^^^^^^
  File "/storage/scratch1/7/wahrens6/SparseArrayProgrammingSuite/src/saps/downloaders/snap.py", line 166, in _ensure_downloaded
    urllib.request.urlretrieve(url, tmp_path)
  File "/storage/pace-apps/spack/packages/linux-rhel9-x86_64_v3/gcc-11.3.1/python-3.12.5-5sase6atfv2x5tf7dy5x5sqfzyguhsia/lib/python3.12/urllib/request.py", line 240, in urlretrieve
    with contextlib.closing(urlopen(url, data)) as fp:
                            ^^^^^^^^^^^^^^^^^^
  File "/storage/pace-apps/spack/packages/linux-rhel9-x86_64_v3/gcc-11.3.1/python-3.12.5-5sase6atfv2x5tf7dy5x5sqfzyguhsia/lib/python3.12/urllib/request.py", line 215, in urlopen
    return opener.open(url, data, timeout)
           ^^^^^^^^^^^^^^^^^^^^^^^^^^^^^^^
  File "/storage/pace-apps/spack/packages/linux-rhel9-x86_64_v3/gcc-11.3.1/python-3.12.5-5sase6atfv2x5tf7dy5x5sqfzyguhsia/lib/python3.12/urllib/request.py", line 521, in open
    response = meth(req, response)
               ^^^^^^^^^^^^^^^^^^^
  File "/storage/pace-apps/spack/packages/linux-rhel9-x86_64_v3/gcc-11.3.1/python-3.12.5-5sase6atfv2x5tf7dy5x5sqfzyguhsia/lib/python3.12/urllib/request.py", line 630, in http_response
    response = self.parent.error(
               ^^^^^^^^^^^^^^^^^^
  File "/storage/pace-apps/spack/packages/linux-rhel9-x86_64_v3/gcc-11.3.1/python-3.12.5-5sase6atfv2x5tf7dy5x5sqfzyguhsia/lib/python3.12/urllib/request.py", line 559, in error
    return self._call_chain(*args)
           ^^^^^^^^^^^^^^^^^^^^^^^
  File "/storage/pace-apps/spack/packages/linux-rhel9-x86_64_v3/gcc-11.3.1/python-3.12.5-5sase6atfv2x5tf7dy5x5sqfzyguhsia/lib/python3.12/urllib/request.py", line 492, in _call_chain
    result = func(*args)
             ^^^^^^^^^^^
  File "/storage/pace-apps/spack/packages/linux-rhel9-x86_64_v3/gcc-11.3.1/python-3.12.5-5sase6atfv2x5tf7dy5x5sqfzyguhsia/lib/python3.12/urllib/request.py", line 639, in http_error_default
    raise HTTPError(req.full_url, code, msg, hdrs, fp)
urllib.error.HTTPError: HTTP Error 404: Not Found

For parameters: snap_graph.Deezer Ego-nets
Traceback (most recent call last):
  File "/storage/home/hcoda1/7/wahrens6/.cache/pypoetry/virtualenvs/saps-RkeCTkZF-py3.12/lib/python3.12/site-packages/asv_runner/server.py", line 179, in _run_server
    _run(run_args)
  File "/storage/home/hcoda1/7/wahrens6/.cache/pypoetry/virtualenvs/saps-RkeCTkZF-py3.12/lib/python3.12/site-packages/asv_runner/run.py", line 66, in _run
    skip = benchmark.do_setup()
           ^^^^^^^^^^^^^^^^^^^^
  File "/storage/home/hcoda1/7/wahrens6/.cache/pypoetry/virtualenvs/saps-RkeCTkZF-py3.12/lib/python3.12/site-packages/asv_runner/benchmarks/time.py", line 121, in do_setup
    result = Benchmark.do_setup(self)
             ^^^^^^^^^^^^^^^^^^^^^^^^
  File "/storage/home/hcoda1/7/wahrens6/.cache/pypoetry/virtualenvs/saps-RkeCTkZF-py3.12/lib/python3.12/site-packages/asv_runner/benchmarks/_base.py", line 723, in do_setup
    setup(*self._build_params())
  File "/storage/scratch1/7/wahrens6/SparseArrayProgrammingSuite/src/saps/benchmark.py", line 428, in setup
    if param.generator.cacheable and not param.generator.backend.upload_dataset(
                                         ^^^^^^^^^^^^^^^^^^^^^^^^^^^^^^^^^^^^^^^
  File "/storage/scratch1/7/wahrens6/SparseArrayProgrammingSuite/src/saps/storage.py", line 167, in upload_dataset
    _, digest, local_path = self._generate_and_cache(generator, dataset)
                            ^^^^^^^^^^^^^^^^^^^^^^^^^^^^^^^^^^^^^^^^^^^^
  File "/storage/scratch1/7/wahrens6/SparseArrayProgrammingSuite/src/saps/storage.py", line 121, in _generate_and_cache
    data = generator.generate(dataset)
           ^^^^^^^^^^^^^^^^^^^^^^^^^^^
  File "/storage/scratch1/7/wahrens6/SparseArrayProgrammingSuite/src/saps/benchmarks/snap.py", line 434, in generate
    inputs, meta = download_snap_dataset(
                   ^^^^^^^^^^^^^^^^^^^^^^
  File "/storage/scratch1/7/wahrens6/SparseArrayProgrammingSuite/src/saps/downloaders/snap.py", line 32, in download_snap_dataset
    slug = _snap_slug(dataset_name)
           ^^^^^^^^^^^^^^^^^^^^^^^^
  File "/storage/scratch1/7/wahrens6/SparseArrayProgrammingSuite/src/saps/downloaders/snap.py", line 151, in _snap_slug
    raise ValueError(f"Invalid SNAP dataset name: {dataset_name!r}")
ValueError: Invalid SNAP dataset name: 'Deezer Ego-nets'

For parameters: snap_graph.GitHub Stargazers
Traceback (most recent call last):
  File "/storage/home/hcoda1/7/wahrens6/.cache/pypoetry/virtualenvs/saps-RkeCTkZF-py3.12/lib/python3.12/site-packages/asv_runner/server.py", line 179, in _run_server
    _run(run_args)
  File "/storage/home/hcoda1/7/wahrens6/.cache/pypoetry/virtualenvs/saps-RkeCTkZF-py3.12/lib/python3.12/site-packages/asv_runner/run.py", line 66, in _run
    skip = benchmark.do_setup()
           ^^^^^^^^^^^^^^^^^^^^
  File "/storage/home/hcoda1/7/wahrens6/.cache/pypoetry/virtualenvs/saps-RkeCTkZF-py3.12/lib/python3.12/site-packages/asv_runner/benchmarks/time.py", line 121, in do_setup
    result = Benchmark.do_setup(self)
             ^^^^^^^^^^^^^^^^^^^^^^^^
  File "/storage/home/hcoda1/7/wahrens6/.cache/pypoetry/virtualenvs/saps-RkeCTkZF-py3.12/lib/python3.12/site-packages/asv_runner/benchmarks/_base.py", line 723, in do_setup
    setup(*self._build_params())
  File "/storage/scratch1/7/wahrens6/SparseArrayProgrammingSuite/src/saps/benchmark.py", line 428, in setup
    if param.generator.cacheable and not param.generator.backend.upload_dataset(
                                         ^^^^^^^^^^^^^^^^^^^^^^^^^^^^^^^^^^^^^^^
  File "/storage/scratch1/7/wahrens6/SparseArrayProgrammingSuite/src/saps/storage.py", line 167, in upload_dataset
    _, digest, local_path = self._generate_and_cache(generator, dataset)
                            ^^^^^^^^^^^^^^^^^^^^^^^^^^^^^^^^^^^^^^^^^^^^
  File "/storage/scratch1/7/wahrens6/SparseArrayProgrammingSuite/src/saps/storage.py", line 121, in _generate_and_cache
    data = generator.generate(dataset)
           ^^^^^^^^^^^^^^^^^^^^^^^^^^^
  File "/storage/scratch1/7/wahrens6/SparseArrayProgrammingSuite/src/saps/benchmarks/snap.py", line 434, in generate
    inputs, meta = download_snap_dataset(
                   ^^^^^^^^^^^^^^^^^^^^^^
  File "/storage/scratch1/7/wahrens6/SparseArrayProgrammingSuite/src/saps/downloaders/snap.py", line 32, in download_snap_dataset
    slug = _snap_slug(dataset_name)
           ^^^^^^^^^^^^^^^^^^^^^^^^
  File "/storage/scratch1/7/wahrens6/SparseArrayProgrammingSuite/src/saps/downloaders/snap.py", line 151, in _snap_slug
    raise ValueError(f"Invalid SNAP dataset name: {dataset_name!r}")
ValueError: Invalid SNAP dataset name: 'GitHub Stargazers'

For parameters: snap_graph.Reddit Threads
Traceback (most recent call last):
  File "/storage/home/hcoda1/7/wahrens6/.cache/pypoetry/virtualenvs/saps-RkeCTkZF-py3.12/lib/python3.12/site-packages/asv_runner/server.py", line 179, in _run_server
    _run(run_args)
  File "/storage/home/hcoda1/7/wahrens6/.cache/pypoetry/virtualenvs/saps-RkeCTkZF-py3.12/lib/python3.12/site-packages/asv_runner/run.py", line 66, in _run
    skip = benchmark.do_setup()
           ^^^^^^^^^^^^^^^^^^^^
  File "/storage/home/hcoda1/7/wahrens6/.cache/pypoetry/virtualenvs/saps-RkeCTkZF-py3.12/lib/python3.12/site-packages/asv_runner/benchmarks/time.py", line 121, in do_setup
    result = Benchmark.do_setup(self)
             ^^^^^^^^^^^^^^^^^^^^^^^^
  File "/storage/home/hcoda1/7/wahrens6/.cache/pypoetry/virtualenvs/saps-RkeCTkZF-py3.12/lib/python3.12/site-packages/asv_runner/benchmarks/_base.py", line 723, in do_setup
    setup(*self._build_params())
  File "/storage/scratch1/7/wahrens6/SparseArrayProgrammingSuite/src/saps/benchmark.py", line 428, in setup
    if param.generator.cacheable and not param.generator.backend.upload_dataset(
                                         ^^^^^^^^^^^^^^^^^^^^^^^^^^^^^^^^^^^^^^^
  File "/storage/scratch1/7/wahrens6/SparseArrayProgrammingSuite/src/saps/storage.py", line 167, in upload_dataset
    _, digest, local_path = self._generate_and_cache(generator, dataset)
                            ^^^^^^^^^^^^^^^^^^^^^^^^^^^^^^^^^^^^^^^^^^^^
  File "/storage/scratch1/7/wahrens6/SparseArrayProgrammingSuite/src/saps/storage.py", line 121, in _generate_and_cache
    data = generator.generate(dataset)
           ^^^^^^^^^^^^^^^^^^^^^^^^^^^
  File "/storage/scratch1/7/wahrens6/SparseArrayProgrammingSuite/src/saps/benchmarks/snap.py", line 434, in generate
    inputs, meta = download_snap_dataset(
                   ^^^^^^^^^^^^^^^^^^^^^^
  File "/storage/scratch1/7/wahrens6/SparseArrayProgrammingSuite/src/saps/downloaders/snap.py", line 32, in download_snap_dataset
    slug = _snap_slug(dataset_name)
           ^^^^^^^^^^^^^^^^^^^^^^^^
  File "/storage/scratch1/7/wahrens6/SparseArrayProgrammingSuite/src/saps/downloaders/snap.py", line 151, in _snap_slug
    raise ValueError(f"Invalid SNAP dataset name: {dataset_name!r}")
ValueError: Invalid SNAP dataset name: 'Reddit Threads'

For parameters: snap_graph.Ego-Nets
Traceback (most recent call last):
  File "/storage/home/hcoda1/7/wahrens6/.cache/pypoetry/virtualenvs/saps-RkeCTkZF-py3.12/lib/python3.12/site-packages/asv_runner/server.py", line 179, in _run_server
    _run(run_args)
  File "/storage/home/hcoda1/7/wahrens6/.cache/pypoetry/virtualenvs/saps-RkeCTkZF-py3.12/lib/python3.12/site-packages/asv_runner/run.py", line 66, in _run
    skip = benchmark.do_setup()
           ^^^^^^^^^^^^^^^^^^^^
  File "/storage/home/hcoda1/7/wahrens6/.cache/pypoetry/virtualenvs/saps-RkeCTkZF-py3.12/lib/python3.12/site-packages/asv_runner/benchmarks/time.py", line 121, in do_setup
    result = Benchmark.do_setup(self)
             ^^^^^^^^^^^^^^^^^^^^^^^^
  File "/storage/home/hcoda1/7/wahrens6/.cache/pypoetry/virtualenvs/saps-RkeCTkZF-py3.12/lib/python3.12/site-packages/asv_runner/benchmarks/_base.py", line 723, in do_setup
    setup(*self._build_params())
  File "/storage/scratch1/7/wahrens6/SparseArrayProgrammingSuite/src/saps/benchmark.py", line 428, in setup
    if param.generator.cacheable and not param.generator.backend.upload_dataset(
                                         ^^^^^^^^^^^^^^^^^^^^^^^^^^^^^^^^^^^^^^^
  File "/storage/scratch1/7/wahrens6/SparseArrayProgrammingSuite/src/saps/storage.py", line 167, in upload_dataset
    _, digest, local_path = self._generate_and_cache(generator, dataset)
                            ^^^^^^^^^^^^^^^^^^^^^^^^^^^^^^^^^^^^^^^^^^^^
  File "/storage/scratch1/7/wahrens6/SparseArrayProgrammingSuite/src/saps/storage.py", line 121, in _generate_and_cache
    data = generator.generate(dataset)
           ^^^^^^^^^^^^^^^^^^^^^^^^^^^
  File "/storage/scratch1/7/wahrens6/SparseArrayProgrammingSuite/src/saps/benchmarks/snap.py", line 434, in generate
    inputs, meta = download_snap_dataset(
                   ^^^^^^^^^^^^^^^^^^^^^^
  File "/storage/scratch1/7/wahrens6/SparseArrayProgrammingSuite/src/saps/downloaders/snap.py", line 37, in download_snap_dataset
    edge_list_path = _ensure_downloaded(slug, dataset_dir)
                     ^^^^^^^^^^^^^^^^^^^^^^^^^^^^^^^^^^^^^
  File "/storage/scratch1/7/wahrens6/SparseArrayProgrammingSuite/src/saps/downloaders/snap.py", line 166, in _ensure_downloaded
    urllib.request.urlretrieve(url, tmp_path)
  File "/storage/pace-apps/spack/packages/linux-rhel9-x86_64_v3/gcc-11.3.1/python-3.12.5-5sase6atfv2x5tf7dy5x5sqfzyguhsia/lib/python3.12/urllib/request.py", line 240, in urlretrieve
    with contextlib.closing(urlopen(url, data)) as fp:
                            ^^^^^^^^^^^^^^^^^^
  File "/storage/pace-apps/spack/packages/linux-rhel9-x86_64_v3/gcc-11.3.1/python-3.12.5-5sase6atfv2x5tf7dy5x5sqfzyguhsia/lib/python3.12/urllib/request.py", line 215, in urlopen
    return opener.open(url, data, timeout)
           ^^^^^^^^^^^^^^^^^^^^^^^^^^^^^^^
  File "/storage/pace-apps/spack/packages/linux-rhel9-x86_64_v3/gcc-11.3.1/python-3.12.5-5sase6atfv2x5tf7dy5x5sqfzyguhsia/lib/python3.12/urllib/request.py", line 521, in open
    response = meth(req, response)
               ^^^^^^^^^^^^^^^^^^^
  File "/storage/pace-apps/spack/packages/linux-rhel9-x86_64_v3/gcc-11.3.1/python-3.12.5-5sase6atfv2x5tf7dy5x5sqfzyguhsia/lib/python3.12/urllib/request.py", line 630, in http_response
    response = self.parent.error(
               ^^^^^^^^^^^^^^^^^^
  File "/storage/pace-apps/spack/packages/linux-rhel9-x86_64_v3/gcc-11.3.1/python-3.12.5-5sase6atfv2x5tf7dy5x5sqfzyguhsia/lib/python3.12/urllib/request.py", line 559, in error
    return self._call_chain(*args)
           ^^^^^^^^^^^^^^^^^^^^^^^
  File "/storage/pace-apps/spack/packages/linux-rhel9-x86_64_v3/gcc-11.3.1/python-3.12.5-5sase6atfv2x5tf7dy5x5sqfzyguhsia/lib/python3.12/urllib/request.py", line 492, in _call_chain
    result = func(*args)
             ^^^^^^^^^^^
  File "/storage/pace-apps/spack/packages/linux-rhel9-x86_64_v3/gcc-11.3.1/python-3.12.5-5sase6atfv2x5tf7dy5x5sqfzyguhsia/lib/python3.12/urllib/request.py", line 639, in http_error_default
    raise HTTPError(req.full_url, code, msg, hdrs, fp)
urllib.error.HTTPError: HTTP Error 404: Not Found

For parameters: snap_graph.ERC20-stablecoins
Traceback (most recent call last):
  File "/storage/home/hcoda1/7/wahrens6/.cache/pypoetry/virtualenvs/saps-RkeCTkZF-py3.12/lib/python3.12/site-packages/asv_runner/server.py", line 179, in _run_server
    _run(run_args)
  File "/storage/home/hcoda1/7/wahrens6/.cache/pypoetry/virtualenvs/saps-RkeCTkZF-py3.12/lib/python3.12/site-packages/asv_runner/run.py", line 66, in _run
    skip = benchmark.do_setup()
           ^^^^^^^^^^^^^^^^^^^^
  File "/storage/home/hcoda1/7/wahrens6/.cache/pypoetry/virtualenvs/saps-RkeCTkZF-py3.12/lib/python3.12/site-packages/asv_runner/benchmarks/time.py", line 121, in do_setup
    result = Benchmark.do_setup(self)
             ^^^^^^^^^^^^^^^^^^^^^^^^
  File "/storage/home/hcoda1/7/wahrens6/.cache/pypoetry/virtualenvs/saps-RkeCTkZF-py3.12/lib/python3.12/site-packages/asv_runner/benchmarks/_base.py", line 723, in do_setup
    setup(*self._build_params())
  File "/storage/scratch1/7/wahrens6/SparseArrayProgrammingSuite/src/saps/benchmark.py", line 428, in setup
    if param.generator.cacheable and not param.generator.backend.upload_dataset(
                                         ^^^^^^^^^^^^^^^^^^^^^^^^^^^^^^^^^^^^^^^
  File "/storage/scratch1/7/wahrens6/SparseArrayProgrammingSuite/src/saps/storage.py", line 167, in upload_dataset
    _, digest, local_path = self._generate_and_cache(generator, dataset)
                            ^^^^^^^^^^^^^^^^^^^^^^^^^^^^^^^^^^^^^^^^^^^^
  File "/storage/scratch1/7/wahrens6/SparseArrayProgrammingSuite/src/saps/storage.py", line 121, in _generate_and_cache
    data = generator.generate(dataset)
           ^^^^^^^^^^^^^^^^^^^^^^^^^^^
  File "/storage/scratch1/7/wahrens6/SparseArrayProgrammingSuite/src/saps/benchmarks/snap.py", line 434, in generate
    inputs, meta = download_snap_dataset(
                   ^^^^^^^^^^^^^^^^^^^^^^
  File "/storage/scratch1/7/wahrens6/SparseArrayProgrammingSuite/src/saps/downloaders/snap.py", line 37, in download_snap_dataset
    edge_list_path = _ensure_downloaded(slug, dataset_dir)
                     ^^^^^^^^^^^^^^^^^^^^^^^^^^^^^^^^^^^^^
  File "/storage/scratch1/7/wahrens6/SparseArrayProgrammingSuite/src/saps/downloaders/snap.py", line 166, in _ensure_downloaded
    urllib.request.urlretrieve(url, tmp_path)
  File "/storage/pace-apps/spack/packages/linux-rhel9-x86_64_v3/gcc-11.3.1/python-3.12.5-5sase6atfv2x5tf7dy5x5sqfzyguhsia/lib/python3.12/urllib/request.py", line 240, in urlretrieve
    with contextlib.closing(urlopen(url, data)) as fp:
                            ^^^^^^^^^^^^^^^^^^
  File "/storage/pace-apps/spack/packages/linux-rhel9-x86_64_v3/gcc-11.3.1/python-3.12.5-5sase6atfv2x5tf7dy5x5sqfzyguhsia/lib/python3.12/urllib/request.py", line 215, in urlopen
    return opener.open(url, data, timeout)
           ^^^^^^^^^^^^^^^^^^^^^^^^^^^^^^^
  File "/storage/pace-apps/spack/packages/linux-rhel9-x86_64_v3/gcc-11.3.1/python-3.12.5-5sase6atfv2x5tf7dy5x5sqfzyguhsia/lib/python3.12/urllib/request.py", line 521, in open
    response = meth(req, response)
               ^^^^^^^^^^^^^^^^^^^
  File "/storage/pace-apps/spack/packages/linux-rhel9-x86_64_v3/gcc-11.3.1/python-3.12.5-5sase6atfv2x5tf7dy5x5sqfzyguhsia/lib/python3.12/urllib/request.py", line 630, in http_response
    response = self.parent.error(
               ^^^^^^^^^^^^^^^^^^
  File "/storage/pace-apps/spack/packages/linux-rhel9-x86_64_v3/gcc-11.3.1/python-3.12.5-5sase6atfv2x5tf7dy5x5sqfzyguhsia/lib/python3.12/urllib/request.py", line 559, in error
    return self._call_chain(*args)
           ^^^^^^^^^^^^^^^^^^^^^^^
  File "/storage/pace-apps/spack/packages/linux-rhel9-x86_64_v3/gcc-11.3.1/python-3.12.5-5sase6atfv2x5tf7dy5x5sqfzyguhsia/lib/python3.12/urllib/request.py", line 492, in _call_chain
    result = func(*args)
             ^^^^^^^^^^^
  File "/storage/pace-apps/spack/packages/linux-rhel9-x86_64_v3/gcc-11.3.1/python-3.12.5-5sase6atfv2x5tf7dy5x5sqfzyguhsia/lib/python3.12/urllib/request.py", line 639, in http_error_default
    raise HTTPError(req.full_url, code, msg, hdrs, fp)
urllib.error.HTTPError: HTTP Error 404: Not Found

For parameters: snap_graph.ethereum-exchanges
Traceback (most recent call last):
  File "/storage/home/hcoda1/7/wahrens6/.cache/pypoetry/virtualenvs/saps-RkeCTkZF-py3.12/lib/python3.12/site-packages/asv_runner/server.py", line 179, in _run_server
    _run(run_args)
  File "/storage/home/hcoda1/7/wahrens6/.cache/pypoetry/virtualenvs/saps-RkeCTkZF-py3.12/lib/python3.12/site-packages/asv_runner/run.py", line 66, in _run
    skip = benchmark.do_setup()
           ^^^^^^^^^^^^^^^^^^^^
  File "/storage/home/hcoda1/7/wahrens6/.cache/pypoetry/virtualenvs/saps-RkeCTkZF-py3.12/lib/python3.12/site-packages/asv_runner/benchmarks/time.py", line 121, in do_setup
    result = Benchmark.do_setup(self)
             ^^^^^^^^^^^^^^^^^^^^^^^^
  File "/storage/home/hcoda1/7/wahrens6/.cache/pypoetry/virtualenvs/saps-RkeCTkZF-py3.12/lib/python3.12/site-packages/asv_runner/benchmarks/_base.py", line 723, in do_setup
    setup(*self._build_params())
  File "/storage/scratch1/7/wahrens6/SparseArrayProgrammingSuite/src/saps/benchmark.py", line 428, in setup
    if param.generator.cacheable and not param.generator.backend.upload_dataset(
                                         ^^^^^^^^^^^^^^^^^^^^^^^^^^^^^^^^^^^^^^^
  File "/storage/scratch1/7/wahrens6/SparseArrayProgrammingSuite/src/saps/storage.py", line 167, in upload_dataset
    _, digest, local_path = self._generate_and_cache(generator, dataset)
                            ^^^^^^^^^^^^^^^^^^^^^^^^^^^^^^^^^^^^^^^^^^^^
  File "/storage/scratch1/7/wahrens6/SparseArrayProgrammingSuite/src/saps/storage.py", line 121, in _generate_and_cache
    data = generator.generate(dataset)
           ^^^^^^^^^^^^^^^^^^^^^^^^^^^
  File "/storage/scratch1/7/wahrens6/SparseArrayProgrammingSuite/src/saps/benchmarks/snap.py", line 434, in generate
    inputs, meta = download_snap_dataset(
                   ^^^^^^^^^^^^^^^^^^^^^^
  File "/storage/scratch1/7/wahrens6/SparseArrayProgrammingSuite/src/saps/downloaders/snap.py", line 37, in download_snap_dataset
    edge_list_path = _ensure_downloaded(slug, dataset_dir)
                     ^^^^^^^^^^^^^^^^^^^^^^^^^^^^^^^^^^^^^
  File "/storage/scratch1/7/wahrens6/SparseArrayProgrammingSuite/src/saps/downloaders/snap.py", line 166, in _ensure_downloaded
    urllib.request.urlretrieve(url, tmp_path)
  File "/storage/pace-apps/spack/packages/linux-rhel9-x86_64_v3/gcc-11.3.1/python-3.12.5-5sase6atfv2x5tf7dy5x5sqfzyguhsia/lib/python3.12/urllib/request.py", line 240, in urlretrieve
    with contextlib.closing(urlopen(url, data)) as fp:
                            ^^^^^^^^^^^^^^^^^^
  File "/storage/pace-apps/spack/packages/linux-rhel9-x86_64_v3/gcc-11.3.1/python-3.12.5-5sase6atfv2x5tf7dy5x5sqfzyguhsia/lib/python3.12/urllib/request.py", line 215, in urlopen
    return opener.open(url, data, timeout)
           ^^^^^^^^^^^^^^^^^^^^^^^^^^^^^^^
  File "/storage/pace-apps/spack/packages/linux-rhel9-x86_64_v3/gcc-11.3.1/python-3.12.5-5sase6atfv2x5tf7dy5x5sqfzyguhsia/lib/python3.12/urllib/request.py", line 521, in open
    response = meth(req, response)
               ^^^^^^^^^^^^^^^^^^^
  File "/storage/pace-apps/spack/packages/linux-rhel9-x86_64_v3/gcc-11.3.1/python-3.12.5-5sase6atfv2x5tf7dy5x5sqfzyguhsia/lib/python3.12/urllib/request.py", line 630, in http_response
    response = self.parent.error(
               ^^^^^^^^^^^^^^^^^^
  File "/storage/pace-apps/spack/packages/linux-rhel9-x86_64_v3/gcc-11.3.1/python-3.12.5-5sase6atfv2x5tf7dy5x5sqfzyguhsia/lib/python3.12/urllib/request.py", line 559, in error
    return self._call_chain(*args)
           ^^^^^^^^^^^^^^^^^^^^^^^
  File "/storage/pace-apps/spack/packages/linux-rhel9-x86_64_v3/gcc-11.3.1/python-3.12.5-5sase6atfv2x5tf7dy5x5sqfzyguhsia/lib/python3.12/urllib/request.py", line 492, in _call_chain
    result = func(*args)
             ^^^^^^^^^^^
  File "/storage/pace-apps/spack/packages/linux-rhel9-x86_64_v3/gcc-11.3.1/python-3.12.5-5sase6atfv2x5tf7dy5x5sqfzyguhsia/lib/python3.12/urllib/request.py", line 639, in http_error_default
    raise HTTPError(req.full_url, code, msg, hdrs, fp)
urllib.error.HTTPError: HTTP Error 404: Not Found

For parameters: snap_graph.telecom-graph
Traceback (most recent call last):
  File "/storage/home/hcoda1/7/wahrens6/.cache/pypoetry/virtualenvs/saps-RkeCTkZF-py3.12/lib/python3.12/site-packages/asv_runner/server.py", line 179, in _run_server
    _run(run_args)
  File "/storage/home/hcoda1/7/wahrens6/.cache/pypoetry/virtualenvs/saps-RkeCTkZF-py3.12/lib/python3.12/site-packages/asv_runner/run.py", line 66, in _run
    skip = benchmark.do_setup()
           ^^^^^^^^^^^^^^^^^^^^
  File "/storage/home/hcoda1/7/wahrens6/.cache/pypoetry/virtualenvs/saps-RkeCTkZF-py3.12/lib/python3.12/site-packages/asv_runner/benchmarks/time.py", line 121, in do_setup
    result = Benchmark.do_setup(self)
             ^^^^^^^^^^^^^^^^^^^^^^^^
  File "/storage/home/hcoda1/7/wahrens6/.cache/pypoetry/virtualenvs/saps-RkeCTkZF-py3.12/lib/python3.12/site-packages/asv_runner/benchmarks/_base.py", line 723, in do_setup
    setup(*self._build_params())
  File "/storage/scratch1/7/wahrens6/SparseArrayProgrammingSuite/src/saps/benchmark.py", line 428, in setup
    if param.generator.cacheable and not param.generator.backend.upload_dataset(
                                         ^^^^^^^^^^^^^^^^^^^^^^^^^^^^^^^^^^^^^^^
  File "/storage/scratch1/7/wahrens6/SparseArrayProgrammingSuite/src/saps/storage.py", line 167, in upload_dataset
    _, digest, local_path = self._generate_and_cache(generator, dataset)
                            ^^^^^^^^^^^^^^^^^^^^^^^^^^^^^^^^^^^^^^^^^^^^
  File "/storage/scratch1/7/wahrens6/SparseArrayProgrammingSuite/src/saps/storage.py", line 121, in _generate_and_cache
    data = generator.generate(dataset)
           ^^^^^^^^^^^^^^^^^^^^^^^^^^^
  File "/storage/scratch1/7/wahrens6/SparseArrayProgrammingSuite/src/saps/benchmarks/snap.py", line 434, in generate
    inputs, meta = download_snap_dataset(
                   ^^^^^^^^^^^^^^^^^^^^^^
  File "/storage/scratch1/7/wahrens6/SparseArrayProgrammingSuite/src/saps/downloaders/snap.py", line 37, in download_snap_dataset
    edge_list_path = _ensure_downloaded(slug, dataset_dir)
                     ^^^^^^^^^^^^^^^^^^^^^^^^^^^^^^^^^^^^^
  File "/storage/scratch1/7/wahrens6/SparseArrayProgrammingSuite/src/saps/downloaders/snap.py", line 166, in _ensure_downloaded
    urllib.request.urlretrieve(url, tmp_path)
  File "/storage/pace-apps/spack/packages/linux-rhel9-x86_64_v3/gcc-11.3.1/python-3.12.5-5sase6atfv2x5tf7dy5x5sqfzyguhsia/lib/python3.12/urllib/request.py", line 240, in urlretrieve
    with contextlib.closing(urlopen(url, data)) as fp:
                            ^^^^^^^^^^^^^^^^^^
  File "/storage/pace-apps/spack/packages/linux-rhel9-x86_64_v3/gcc-11.3.1/python-3.12.5-5sase6atfv2x5tf7dy5x5sqfzyguhsia/lib/python3.12/urllib/request.py", line 215, in urlopen
    return opener.open(url, data, timeout)
           ^^^^^^^^^^^^^^^^^^^^^^^^^^^^^^^
  File "/storage/pace-apps/spack/packages/linux-rhel9-x86_64_v3/gcc-11.3.1/python-3.12.5-5sase6atfv2x5tf7dy5x5sqfzyguhsia/lib/python3.12/urllib/request.py", line 521, in open
    response = meth(req, response)
               ^^^^^^^^^^^^^^^^^^^
  File "/storage/pace-apps/spack/packages/linux-rhel9-x86_64_v3/gcc-11.3.1/python-3.12.5-5sase6atfv2x5tf7dy5x5sqfzyguhsia/lib/python3.12/urllib/request.py", line 630, in http_response
    response = self.parent.error(
               ^^^^^^^^^^^^^^^^^^
  File "/storage/pace-apps/spack/packages/linux-rhel9-x86_64_v3/gcc-11.3.1/python-3.12.5-5sase6atfv2x5tf7dy5x5sqfzyguhsia/lib/python3.12/urllib/request.py", line 559, in error
    return self._call_chain(*args)
           ^^^^^^^^^^^^^^^^^^^^^^^
  File "/storage/pace-apps/spack/packages/linux-rhel9-x86_64_v3/gcc-11.3.1/python-3.12.5-5sase6atfv2x5tf7dy5x5sqfzyguhsia/lib/python3.12/urllib/request.py", line 492, in _call_chain
    result = func(*args)
             ^^^^^^^^^^^
  File "/storage/pace-apps/spack/packages/linux-rhel9-x86_64_v3/gcc-11.3.1/python-3.12.5-5sase6atfv2x5tf7dy5x5sqfzyguhsia/lib/python3.12/urllib/request.py", line 639, in http_error_default
    raise HTTPError(req.full_url, code, msg, hdrs, fp)
urllib.error.HTTPError: HTTP Error 404: Not Found

For parameters: snap_graph.email-Eu-core-temporal-Dept1
INFO botocore.tokens: Loading cached SSO token for pace-uploader
asv: skipped: NotImplementedError('dataset cached')

For parameters: snap_graph.email-Eu-core-temporal-Dept2
INFO botocore.tokens: Loading cached SSO token for pace-uploader
asv: skipped: NotImplementedError('dataset cached')

For parameters: snap_graph.email-Eu-core-temporal-Dept3
INFO botocore.tokens: Loading cached SSO token for pace-uploader
asv: skipped: NotImplementedError('dataset cached')

For parameters: snap_graph.email-Eu-core-temporal-Dept4
INFO botocore.tokens: Loading cached SSO token for pace-uploader
asv: skipped: NotImplementedError('dataset cached')

·· ========================================= ========
                    dataset                          
   ----------------------------------------- --------
          snap_graph.facebook_combined         n/a   
           snap_graph.gplus_combined          failed 
          snap_graph.twitter_combined          n/a   
            snap_graph.soc-Epinions1           n/a   
          snap_graph.soc-LiveJournal1          n/a   
              snap_graph.soc-Pokec            failed 
          snap_graph.soc-Slashdot0811          n/a   
          snap_graph.soc-Slashdot0922         failed 
              snap_graph.wiki-Vote             n/a   
              snap_graph.wiki-RfA             failed 
            snap_graph.gemsec-Deezer          failed 
           snap_graph.gemsec-Facebook         failed 
        snap_graph.soc-RedditHyperlinks       failed 
        snap_graph.soc-sign-bitcoin-otc       failed 
       snap_graph.soc-sign-bitcoin-alpha      failed 
         snap_graph.comm-f2f-Resistance       failed 
            snap_graph.musae-twitch           failed 
           snap_graph.musae-facebook          failed 
              snap_graph.act-mooc             failed 
            snap_graph.musae-github           failed 
        snap_graph.feather-deezer-social      failed 
        snap_graph.feather-lastfm-social      failed 
            snap_graph.twitch-gamers          failed 
          snap_graph.congress-Twitter         failed 
           snap_graph.com-LiveJournal         failed 
           snap_graph.com-Friendster          failed 
              snap_graph.com-Orkut            failed 
             snap_graph.com-Youtube           failed 
              snap_graph.com-DBLP             failed 
             snap_graph.com-Amazon            failed 
            snap_graph.email-Eu-core           n/a   
            snap_graph.wiki-topcats            n/a   
        snap_graph.cisco-secure-workload      failed 
             snap_graph.email-EuAll            n/a   
             snap_graph.email-Enron            n/a   
              snap_graph.wiki-Talk             n/a   
              snap_graph.cit-HepPh             n/a   
              snap_graph.cit-HepTh             n/a   
             snap_graph.cit-Patents            n/a   
             snap_graph.ca-AstroPh             n/a   
             snap_graph.ca-CondMat             n/a   
               snap_graph.ca-GrQc              n/a   
              snap_graph.ca-HepPh              n/a   
              snap_graph.ca-HepTh              n/a   
            snap_graph.web-BerkStan            n/a   
             snap_graph.web-Google             n/a   
            snap_graph.web-NotreDame           n/a   
            snap_graph.web-Stanford            n/a   
             snap_graph.amazon0302             n/a   
             snap_graph.amazon0312             n/a   
             snap_graph.amazon0505             n/a   
             snap_graph.amazon0601             n/a   
             snap_graph.amazon-meta           failed 
           snap_graph.p2p-Gnutella04           n/a   
           snap_graph.p2p-Gnutella05           n/a   
           snap_graph.p2p-Gnutella06           n/a   
           snap_graph.p2p-Gnutella08           n/a   
           snap_graph.p2p-Gnutella09           n/a   
           snap_graph.p2p-Gnutella24           n/a   
           snap_graph.p2p-Gnutella25           n/a   
           snap_graph.p2p-Gnutella30           n/a   
           snap_graph.p2p-Gnutella31           n/a   
             snap_graph.roadNet-CA             n/a   
             snap_graph.roadNet-PA             n/a   
             snap_graph.roadNet-TX             n/a   
               snap_graph.as-733              failed 
             snap_graph.as-Skitter            failed 
              snap_graph.as-Caida             failed 
              snap_graph.Oregon-1             failed 
              snap_graph.Oregon-2             failed 
          snap_graph.soc-sign-epinions         n/a   
              snap_graph.wiki-Elec            failed 
       snap_graph.soc-sign-Slashdot081106      n/a   
       snap_graph.soc-sign-Slashdot090216      n/a   
       snap_graph.soc-sign-Slashdot090221      n/a   
             snap_graph.loc-Gowalla           failed 
           snap_graph.loc-Brightkite          failed 
             snap_graph.wikispeedia           failed 
              snap_graph.wiki-meta            failed 
             snap_graph.wiki-hoaxes           failed 
             snap_graph.musae-wiki            failed 
          snap_graph.sx-stackoverflow          n/a   
           snap_graph.sx-mathoverflow          n/a   
            snap_graph.sx-superuser            n/a   
            snap_graph.sx-askubuntu            n/a   
         snap_graph.wiki-talk-temporal         n/a   
       snap_graph.email-Eu-core-temporal       n/a   
             snap_graph.CollegeMsg             n/a   
              snap_graph.twitter7             failed 
            snap_graph.memetracker9           failed 
           snap_graph.ksc-time-series         failed 
            snap_graph.higgs-twitter          failed 
        snap_graph.web-RedditEmbeddings       failed 
       snap_graph.web-RedditPizzaRequests     failed 
             snap_graph.web-Reddit            failed 
             snap_graph.web-flickr            failed 
          snap_graph.web-BeerAdvocate         failed 
            snap_graph.web-RateBeer           failed 
          snap_graph.web-CellarTracker        failed 
             snap_graph.web-Amazon            failed 
            snap_graph.web-FineFoods          failed 
             snap_graph.web-Movies            failed 
           snap_graph.Deezer Ego-nets         failed 
          snap_graph.GitHub Stargazers        failed 
           snap_graph.Reddit Threads          failed 
              snap_graph.Ego-Nets             failed 
          snap_graph.ERC20-stablecoins        failed 
         snap_graph.ethereum-exchanges        failed 
            snap_graph.telecom-graph          failed 
    snap_graph.email-Eu-core-temporal-Dept1    n/a   
    snap_graph.email-Eu-core-temporal-Dept2    n/a   
    snap_graph.email-Eu-core-temporal-Dept3    n/a   
    snap_graph.email-Eu-core-temporal-Dept4    n/a   
   ========================================= ========
   For parameters: snap_graph.facebook_combined
   INFO botocore.tokens: Loading cached SSO token for pace-uploader
   asv: skipped: NotImplementedError('dataset cached')
   
   For parameters: snap_graph.gplus_combined
   Traceback (most recent call last):
     File "/storage/home/hcoda1/7/wahrens6/.cache/pypoetry/virtualenvs/saps-RkeCTkZF-py3.12/lib/python3.12/site-packages/asv_runner/server.py", line 179, in _run_server
       _run(run_args)
     File "/storage/home/hcoda1/7/wahrens6/.cache/pypoetry/virtualenvs/saps-RkeCTkZF-py3.12/lib/python3.12/site-packages/asv_runner/run.py", line 66, in _run
       skip = benchmark.do_setup()
              ^^^^^^^^^^^^^^^^^^^^
     File "/storage/home/hcoda1/7/wahrens6/.cache/pypoetry/virtualenvs/saps-RkeCTkZF-py3.12/lib/python3.12/site-packages/asv_runner/benchmarks/time.py", line 121, in do_setup
       result = Benchmark.do_setup(self)
                ^^^^^^^^^^^^^^^^^^^^^^^^
     File "/storage/home/hcoda1/7/wahrens6/.cache/pypoetry/virtualenvs/saps-RkeCTkZF-py3.12/lib/python3.12/site-packages/asv_runner/benchmarks/_base.py", line 723, in do_setup
       setup(*self._build_params())
     File "/storage/scratch1/7/wahrens6/SparseArrayProgrammingSuite/src/saps/benchmark.py", line 428, in setup
       if param.generator.cacheable and not param.generator.backend.upload_dataset(
                                            ^^^^^^^^^^^^^^^^^^^^^^^^^^^^^^^^^^^^^^^
     File "/storage/scratch1/7/wahrens6/SparseArrayProgrammingSuite/src/saps/storage.py", line 167, in upload_dataset
       _, digest, local_path = self._generate_and_cache(generator, dataset)
                               ^^^^^^^^^^^^^^^^^^^^^^^^^^^^^^^^^^^^^^^^^^^^
     File "/storage/scratch1/7/wahrens6/SparseArrayProgrammingSuite/src/saps/storage.py", line 121, in _generate_and_cache
       data = generator.generate(dataset)
              ^^^^^^^^^^^^^^^^^^^^^^^^^^^
     File "/storage/scratch1/7/wahrens6/SparseArrayProgrammingSuite/src/saps/benchmarks/snap.py", line 434, in generate
       inputs, meta = download_snap_dataset(
                      ^^^^^^^^^^^^^^^^^^^^^^
     File "/storage/scratch1/7/wahrens6/SparseArrayProgrammingSuite/src/saps/downloaders/snap.py", line 38, in download_snap_dataset
       adjacency, raw_node_ids, meta = parse_snap_edge_list(
                                       ^^^^^^^^^^^^^^^^^^^^^
     File "/storage/scratch1/7/wahrens6/SparseArrayProgrammingSuite/src/saps/downloaders/snap.py", line 98, in parse_snap_edge_list
       rows = np.fromiter((src for src, _ in edges), dtype=np.int64, count=len(edges))
              ^^^^^^^^^^^^^^^^^^^^^^^^^^^^^^^^^^^^^^^^^^^^^^^^^^^^^^^^^^^^^^^^^^^^^^^^
   OverflowError: Python int too large to convert to C long
   
   For parameters: snap_graph.twitter_combined
   INFO botocore.tokens: Loading cached SSO token for pace-uploader
   asv: skipped: NotImplementedError('dataset cached')
   
   For parameters: snap_graph.soc-Epinions1
   INFO botocore.tokens: Loading cached SSO token for pace-uploader
   asv: skipped: NotImplementedError('dataset cached')
   
   For parameters: snap_graph.soc-LiveJournal1
   INFO botocore.tokens: Loading cached SSO token for pace-uploader
   asv: skipped: NotImplementedError('dataset cached')
   
   For parameters: snap_graph.soc-Pokec
   Traceback (most recent call last):
     File "/storage/home/hcoda1/7/wahrens6/.cache/pypoetry/virtualenvs/saps-RkeCTkZF-py3.12/lib/python3.12/site-packages/asv_runner/server.py", line 179, in _run_server
       _run(run_args)
     File "/storage/home/hcoda1/7/wahrens6/.cache/pypoetry/virtualenvs/saps-RkeCTkZF-py3.12/lib/python3.12/site-packages/asv_runner/run.py", line 66, in _run
       skip = benchmark.do_setup()
              ^^^^^^^^^^^^^^^^^^^^
     File "/storage/home/hcoda1/7/wahrens6/.cache/pypoetry/virtualenvs/saps-RkeCTkZF-py3.12/lib/python3.12/site-packages/asv_runner/benchmarks/time.py", line 121, in do_setup
       result = Benchmark.do_setup(self)
                ^^^^^^^^^^^^^^^^^^^^^^^^
     File "/storage/home/hcoda1/7/wahrens6/.cache/pypoetry/virtualenvs/saps-RkeCTkZF-py3.12/lib/python3.12/site-packages/asv_runner/benchmarks/_base.py", line 723, in do_setup
       setup(*self._build_params())
     File "/storage/scratch1/7/wahrens6/SparseArrayProgrammingSuite/src/saps/benchmark.py", line 428, in setup
       if param.generator.cacheable and not param.generator.backend.upload_dataset(
                                            ^^^^^^^^^^^^^^^^^^^^^^^^^^^^^^^^^^^^^^^
     File "/storage/scratch1/7/wahrens6/SparseArrayProgrammingSuite/src/saps/storage.py", line 167, in upload_dataset
       _, digest, local_path = self._generate_and_cache(generator, dataset)
                               ^^^^^^^^^^^^^^^^^^^^^^^^^^^^^^^^^^^^^^^^^^^^
     File "/storage/scratch1/7/wahrens6/SparseArrayProgrammingSuite/src/saps/storage.py", line 121, in _generate_and_cache
       data = generator.generate(dataset)
              ^^^^^^^^^^^^^^^^^^^^^^^^^^^
     File "/storage/scratch1/7/wahrens6/SparseArrayProgrammingSuite/src/saps/benchmarks/snap.py", line 434, in generate
       inputs, meta = download_snap_dataset(
                      ^^^^^^^^^^^^^^^^^^^^^^
     File "/storage/scratch1/7/wahrens6/SparseArrayProgrammingSuite/src/saps/downloaders/snap.py", line 37, in download_snap_dataset
       edge_list_path = _ensure_downloaded(slug, dataset_dir)
                        ^^^^^^^^^^^^^^^^^^^^^^^^^^^^^^^^^^^^^
     File "/storage/scratch1/7/wahrens6/SparseArrayProgrammingSuite/src/saps/downloaders/snap.py", line 166, in _ensure_downloaded
       urllib.request.urlretrieve(url, tmp_path)
     File "/storage/pace-apps/spack/packages/linux-rhel9-x86_64_v3/gcc-11.3.1/python-3.12.5-5sase6atfv2x5tf7dy5x5sqfzyguhsia/lib/python3.12/urllib/request.py", line 240, in urlretrieve
       with contextlib.closing(urlopen(url, data)) as fp:
                               ^^^^^^^^^^^^^^^^^^
     File "/storage/pace-apps/spack/packages/linux-rhel9-x86_64_v3/gcc-11.3.1/python-3.12.5-5sase6atfv2x5tf7dy5x5sqfzyguhsia/lib/python3.12/urllib/request.py", line 215, in urlopen
       return opener.open(url, data, timeout)
              ^^^^^^^^^^^^^^^^^^^^^^^^^^^^^^^
     File "/storage/pace-apps/spack/packages/linux-rhel9-x86_64_v3/gcc-11.3.1/python-3.12.5-5sase6atfv2x5tf7dy5x5sqfzyguhsia/lib/python3.12/urllib/request.py", line 521, in open
       response = meth(req, response)
                  ^^^^^^^^^^^^^^^^^^^
     File "/storage/pace-apps/spack/packages/linux-rhel9-x86_64_v3/gcc-11.3.1/python-3.12.5-5sase6atfv2x5tf7dy5x5sqfzyguhsia/lib/python3.12/urllib/request.py", line 630, in http_response
       response = self.parent.error(
                  ^^^^^^^^^^^^^^^^^^
     File "/storage/pace-apps/spack/packages/linux-rhel9-x86_64_v3/gcc-11.3.1/python-3.12.5-5sase6atfv2x5tf7dy5x5sqfzyguhsia/lib/python3.12/urllib/request.py", line 559, in error
       return self._call_chain(*args)
              ^^^^^^^^^^^^^^^^^^^^^^^
     File "/storage/pace-apps/spack/packages/linux-rhel9-x86_64_v3/gcc-11.3.1/python-3.12.5-5sase6atfv2x5tf7dy5x5sqfzyguhsia/lib/python3.12/urllib/request.py", line 492, in _call_chain
       result = func(*args)
                ^^^^^^^^^^^
     File "/storage/pace-apps/spack/packages/linux-rhel9-x86_64_v3/gcc-11.3.1/python-3.12.5-5sase6atfv2x5tf7dy5x5sqfzyguhsia/lib/python3.12/urllib/request.py", line 639, in http_error_default
       raise HTTPError(req.full_url, code, msg, hdrs, fp)
   urllib.error.HTTPError: HTTP Error 404: Not Found
   
   For parameters: snap_graph.soc-Slashdot0811
   INFO botocore.tokens: Loading cached SSO token for pace-uploader
   asv: skipped: NotImplementedError('dataset cached')
   
   For parameters: snap_graph.soc-Slashdot0922
   Traceback (most recent call last):
     File "/storage/home/hcoda1/7/wahrens6/.cache/pypoetry/virtualenvs/saps-RkeCTkZF-py3.12/lib/python3.12/site-packages/asv_runner/server.py", line 179, in _run_server
       _run(run_args)
     File "/storage/home/hcoda1/7/wahrens6/.cache/pypoetry/virtualenvs/saps-RkeCTkZF-py3.12/lib/python3.12/site-packages/asv_runner/run.py", line 66, in _run
       skip = benchmark.do_setup()
              ^^^^^^^^^^^^^^^^^^^^
     File "/storage/home/hcoda1/7/wahrens6/.cache/pypoetry/virtualenvs/saps-RkeCTkZF-py3.12/lib/python3.12/site-packages/asv_runner/benchmarks/time.py", line 121, in do_setup
       result = Benchmark.do_setup(self)
                ^^^^^^^^^^^^^^^^^^^^^^^^
     File "/storage/home/hcoda1/7/wahrens6/.cache/pypoetry/virtualenvs/saps-RkeCTkZF-py3.12/lib/python3.12/site-packages/asv_runner/benchmarks/_base.py", line 723, in do_setup
       setup(*self._build_params())
     File "/storage/scratch1/7/wahrens6/SparseArrayProgrammingSuite/src/saps/benchmark.py", line 428, in setup
       if param.generator.cacheable and not param.generator.backend.upload_dataset(
                                            ^^^^^^^^^^^^^^^^^^^^^^^^^^^^^^^^^^^^^^^
     File "/storage/scratch1/7/wahrens6/SparseArrayProgrammingSuite/src/saps/storage.py", line 167, in upload_dataset
       _, digest, local_path = self._generate_and_cache(generator, dataset)
                               ^^^^^^^^^^^^^^^^^^^^^^^^^^^^^^^^^^^^^^^^^^^^
     File "/storage/scratch1/7/wahrens6/SparseArrayProgrammingSuite/src/saps/storage.py", line 121, in _generate_and_cache
       data = generator.generate(dataset)
              ^^^^^^^^^^^^^^^^^^^^^^^^^^^
     File "/storage/scratch1/7/wahrens6/SparseArrayProgrammingSuite/src/saps/benchmarks/snap.py", line 434, in generate
       inputs, meta = download_snap_dataset(
                      ^^^^^^^^^^^^^^^^^^^^^^
     File "/storage/scratch1/7/wahrens6/SparseArrayProgrammingSuite/src/saps/downloaders/snap.py", line 37, in download_snap_dataset
       edge_list_path = _ensure_downloaded(slug, dataset_dir)
                        ^^^^^^^^^^^^^^^^^^^^^^^^^^^^^^^^^^^^^
     File "/storage/scratch1/7/wahrens6/SparseArrayProgrammingSuite/src/saps/downloaders/snap.py", line 166, in _ensure_downloaded
       urllib.request.urlretrieve(url, tmp_path)
     File "/storage/pace-apps/spack/packages/linux-rhel9-x86_64_v3/gcc-11.3.1/python-3.12.5-5sase6atfv2x5tf7dy5x5sqfzyguhsia/lib/python3.12/urllib/request.py", line 240, in urlretrieve
       with contextlib.closing(urlopen(url, data)) as fp:
                               ^^^^^^^^^^^^^^^^^^
     File "/storage/pace-apps/spack/packages/linux-rhel9-x86_64_v3/gcc-11.3.1/python-3.12.5-5sase6atfv2x5tf7dy5x5sqfzyguhsia/lib/python3.12/urllib/request.py", line 215, in urlopen
       return opener.open(url, data, timeout)
              ^^^^^^^^^^^^^^^^^^^^^^^^^^^^^^^
     File "/storage/pace-apps/spack/packages/linux-rhel9-x86_64_v3/gcc-11.3.1/python-3.12.5-5sase6atfv2x5tf7dy5x5sqfzyguhsia/lib/python3.12/urllib/request.py", line 521, in open
       response = meth(req, response)
                  ^^^^^^^^^^^^^^^^^^^
     File "/storage/pace-apps/spack/packages/linux-rhel9-x86_64_v3/gcc-11.3.1/python-3.12.5-5sase6atfv2x5tf7dy5x5sqfzyguhsia/lib/python3.12/urllib/request.py", line 630, in http_response
       response = self.parent.error(
                  ^^^^^^^^^^^^^^^^^^
     File "/storage/pace-apps/spack/packages/linux-rhel9-x86_64_v3/gcc-11.3.1/python-3.12.5-5sase6atfv2x5tf7dy5x5sqfzyguhsia/lib/python3.12/urllib/request.py", line 559, in error
       return self._call_chain(*args)
              ^^^^^^^^^^^^^^^^^^^^^^^
     File "/storage/pace-apps/spack/packages/linux-rhel9-x86_64_v3/gcc-11.3.1/python-3.12.5-5sase6atfv2x5tf7dy5x5sqfzyguhsia/lib/python3.12/urllib/request.py", line 492, in _call_chain
       result = func(*args)
                ^^^^^^^^^^^
     File "/storage/pace-apps/spack/packages/linux-rhel9-x86_64_v3/gcc-11.3.1/python-3.12.5-5sase6atfv2x5tf7dy5x5sqfzyguhsia/lib/python3.12/urllib/request.py", line 639, in http_error_default
       raise HTTPError(req.full_url, code, msg, hdrs, fp)
   urllib.error.HTTPError: HTTP Error 404: Not Found
   
   For parameters: snap_graph.wiki-Vote
   INFO botocore.tokens: Loading cached SSO token for pace-uploader
   asv: skipped: NotImplementedError('dataset cached')
   
   For parameters: snap_graph.wiki-RfA
   Traceback (most recent call last):
     File "/storage/home/hcoda1/7/wahrens6/.cache/pypoetry/virtualenvs/saps-RkeCTkZF-py3.12/lib/python3.12/site-packages/asv_runner/server.py", line 179, in _run_server
       _run(run_args)
     File "/storage/home/hcoda1/7/wahrens6/.cache/pypoetry/virtualenvs/saps-RkeCTkZF-py3.12/lib/python3.12/site-packages/asv_runner/run.py", line 66, in _run
       skip = benchmark.do_setup()
              ^^^^^^^^^^^^^^^^^^^^
     File "/storage/home/hcoda1/7/wahrens6/.cache/pypoetry/virtualenvs/saps-RkeCTkZF-py3.12/lib/python3.12/site-packages/asv_runner/benchmarks/time.py", line 121, in do_setup
       result = Benchmark.do_setup(self)
                ^^^^^^^^^^^^^^^^^^^^^^^^
     File "/storage/home/hcoda1/7/wahrens6/.cache/pypoetry/virtualenvs/saps-RkeCTkZF-py3.12/lib/python3.12/site-packages/asv_runner/benchmarks/_base.py", line 723, in do_setup
       setup(*self._build_params())
     File "/storage/scratch1/7/wahrens6/SparseArrayProgrammingSuite/src/saps/benchmark.py", line 428, in setup
       if param.generator.cacheable and not param.generator.backend.upload_dataset(
                                            ^^^^^^^^^^^^^^^^^^^^^^^^^^^^^^^^^^^^^^^
     File "/storage/scratch1/7/wahrens6/SparseArrayProgrammingSuite/src/saps/storage.py", line 167, in upload_dataset
       _, digest, local_path = self._generate_and_cache(generator, dataset)
                               ^^^^^^^^^^^^^^^^^^^^^^^^^^^^^^^^^^^^^^^^^^^^
     File "/storage/scratch1/7/wahrens6/SparseArrayProgrammingSuite/src/saps/storage.py", line 121, in _generate_and_cache
       data = generator.generate(dataset)
              ^^^^^^^^^^^^^^^^^^^^^^^^^^^
     File "/storage/scratch1/7/wahrens6/SparseArrayProgrammingSuite/src/saps/benchmarks/snap.py", line 434, in generate
       inputs, meta = download_snap_dataset(
                      ^^^^^^^^^^^^^^^^^^^^^^
     File "/storage/scratch1/7/wahrens6/SparseArrayProgrammingSuite/src/saps/downloaders/snap.py", line 38, in download_snap_dataset
       adjacency, raw_node_ids, meta = parse_snap_edge_list(
                                       ^^^^^^^^^^^^^^^^^^^^^
     File "/storage/scratch1/7/wahrens6/SparseArrayProgrammingSuite/src/saps/downloaders/snap.py", line 94, in parse_snap_edge_list
       edges = _read_edges(path)
               ^^^^^^^^^^^^^^^^^
     File "/storage/scratch1/7/wahrens6/SparseArrayProgrammingSuite/src/saps/downloaders/snap.py", line 192, in _read_edges
       raise ValueError(f"Invalid edge at {path}:{line_number}: {line!r}")
   ValueError: Invalid edge at /storage/scratch1/7/wahrens6/SparseArrayProgrammingSuite/.saps/outputs/cache/snap/wiki-RfA/wiki-RfA.txt:1: 'SRC:Steel1943\n'
   
   For parameters: snap_graph.gemsec-Deezer
   Traceback (most recent call last):
     File "/storage/home/hcoda1/7/wahrens6/.cache/pypoetry/virtualenvs/saps-RkeCTkZF-py3.12/lib/python3.12/site-packages/asv_runner/server.py", line 179, in _run_server
       _run(run_args)
     File "/storage/home/hcoda1/7/wahrens6/.cache/pypoetry/virtualenvs/saps-RkeCTkZF-py3.12/lib/python3.12/site-packages/asv_runner/run.py", line 66, in _run
       skip = benchmark.do_setup()
              ^^^^^^^^^^^^^^^^^^^^
     File "/storage/home/hcoda1/7/wahrens6/.cache/pypoetry/virtualenvs/saps-RkeCTkZF-py3.12/lib/python3.12/site-packages/asv_runner/benchmarks/time.py", line 121, in do_setup
       result = Benchmark.do_setup(self)
                ^^^^^^^^^^^^^^^^^^^^^^^^
     File "/storage/home/hcoda1/7/wahrens6/.cache/pypoetry/virtualenvs/saps-RkeCTkZF-py3.12/lib/python3.12/site-packages/asv_runner/benchmarks/_base.py", line 723, in do_setup
       setup(*self._build_params())
     File "/storage/scratch1/7/wahrens6/SparseArrayProgrammingSuite/src/saps/benchmark.py", line 428, in setup
       if param.generator.cacheable and not param.generator.backend.upload_dataset(
                                            ^^^^^^^^^^^^^^^^^^^^^^^^^^^^^^^^^^^^^^^
     File "/storage/scratch1/7/wahrens6/SparseArrayProgrammingSuite/src/saps/storage.py", line 167, in upload_dataset
       _, digest, local_path = self._generate_and_cache(generator, dataset)
                               ^^^^^^^^^^^^^^^^^^^^^^^^^^^^^^^^^^^^^^^^^^^^
     File "/storage/scratch1/7/wahrens6/SparseArrayProgrammingSuite/src/saps/storage.py", line 121, in _generate_and_cache
       data = generator.generate(dataset)
              ^^^^^^^^^^^^^^^^^^^^^^^^^^^
     File "/storage/scratch1/7/wahrens6/SparseArrayProgrammingSuite/src/saps/benchmarks/snap.py", line 434, in generate
       inputs, meta = download_snap_dataset(
                      ^^^^^^^^^^^^^^^^^^^^^^
     File "/storage/scratch1/7/wahrens6/SparseArrayProgrammingSuite/src/saps/downloaders/snap.py", line 37, in download_snap_dataset
       edge_list_path = _ensure_downloaded(slug, dataset_dir)
                        ^^^^^^^^^^^^^^^^^^^^^^^^^^^^^^^^^^^^^
     File "/storage/scratch1/7/wahrens6/SparseArrayProgrammingSuite/src/saps/downloaders/snap.py", line 166, in _ensure_downloaded
       urllib.request.urlretrieve(url, tmp_path)
     File "/storage/pace-apps/spack/packages/linux-rhel9-x86_64_v3/gcc-11.3.1/python-3.12.5-5sase6atfv2x5tf7dy5x5sqfzyguhsia/lib/python3.12/urllib/request.py", line 240, in urlretrieve
       with contextlib.closing(urlopen(url, data)) as fp:
                               ^^^^^^^^^^^^^^^^^^
     File "/storage/pace-apps/spack/packages/linux-rhel9-x86_64_v3/gcc-11.3.1/python-3.12.5-5sase6atfv2x5tf7dy5x5sqfzyguhsia/lib/python3.12/urllib/request.py", line 215, in urlopen
       return opener.open(url, data, timeout)
              ^^^^^^^^^^^^^^^^^^^^^^^^^^^^^^^
     File "/storage/pace-apps/spack/packages/linux-rhel9-x86_64_v3/gcc-11.3.1/python-3.12.5-5sase6atfv2x5tf7dy5x5sqfzyguhsia/lib/python3.12/urllib/request.py", line 521, in open
       response = meth(req, response)
                  ^^^^^^^^^^^^^^^^^^^
     File "/storage/pace-apps/spack/packages/linux-rhel9-x86_64_v3/gcc-11.3.1/python-3.12.5-5sase6atfv2x5tf7dy5x5sqfzyguhsia/lib/python3.12/urllib/request.py", line 630, in http_response
       response = self.parent.error(
                  ^^^^^^^^^^^^^^^^^^
     File "/storage/pace-apps/spack/packages/linux-rhel9-x86_64_v3/gcc-11.3.1/python-3.12.5-5sase6atfv2x5tf7dy5x5sqfzyguhsia/lib/python3.12/urllib/request.py", line 559, in error
       return self._call_chain(*args)
              ^^^^^^^^^^^^^^^^^^^^^^^
     File "/storage/pace-apps/spack/packages/linux-rhel9-x86_64_v3/gcc-11.3.1/python-3.12.5-5sase6atfv2x5tf7dy5x5sqfzyguhsia/lib/python3.12/urllib/request.py", line 492, in _call_chain
       result = func(*args)
                ^^^^^^^^^^^
     File "/storage/pace-apps/spack/packages/linux-rhel9-x86_64_v3/gcc-11.3.1/python-3.12.5-5sase6atfv2x5tf7dy5x5sqfzyguhsia/lib/python3.12/urllib/request.py", line 639, in http_error_default
       raise HTTPError(req.full_url, code, msg, hdrs, fp)
   urllib.error.HTTPError: HTTP Error 404: Not Found
   
   For parameters: snap_graph.gemsec-Facebook
   Traceback (most recent call last):
     File "/storage/home/hcoda1/7/wahrens6/.cache/pypoetry/virtualenvs/saps-RkeCTkZF-py3.12/lib/python3.12/site-packages/asv_runner/server.py", line 179, in _run_server
       _run(run_args)
     File "/storage/home/hcoda1/7/wahrens6/.cache/pypoetry/virtualenvs/saps-RkeCTkZF-py3.12/lib/python3.12/site-packages/asv_runner/run.py", line 66, in _run
       skip = benchmark.do_setup()
              ^^^^^^^^^^^^^^^^^^^^
     File "/storage/home/hcoda1/7/wahrens6/.cache/pypoetry/virtualenvs/saps-RkeCTkZF-py3.12/lib/python3.12/site-packages/asv_runner/benchmarks/time.py", line 121, in do_setup
       result = Benchmark.do_setup(self)
                ^^^^^^^^^^^^^^^^^^^^^^^^
     File "/storage/home/hcoda1/7/wahrens6/.cache/pypoetry/virtualenvs/saps-RkeCTkZF-py3.12/lib/python3.12/site-packages/asv_runner/benchmarks/_base.py", line 723, in do_setup
       setup(*self._build_params())
     File "/storage/scratch1/7/wahrens6/SparseArrayProgrammingSuite/src/saps/benchmark.py", line 428, in setup
       if param.generator.cacheable and not param.generator.backend.upload_dataset(
                                            ^^^^^^^^^^^^^^^^^^^^^^^^^^^^^^^^^^^^^^^
     File "/storage/scratch1/7/wahrens6/SparseArrayProgrammingSuite/src/saps/storage.py", line 167, in upload_dataset
       _, digest, local_path = self._generate_and_cache(generator, dataset)
                               ^^^^^^^^^^^^^^^^^^^^^^^^^^^^^^^^^^^^^^^^^^^^
     File "/storage/scratch1/7/wahrens6/SparseArrayProgrammingSuite/src/saps/storage.py", line 121, in _generate_and_cache
       data = generator.generate(dataset)
              ^^^^^^^^^^^^^^^^^^^^^^^^^^^
     File "/storage/scratch1/7/wahrens6/SparseArrayProgrammingSuite/src/saps/benchmarks/snap.py", line 434, in generate
       inputs, meta = download_snap_dataset(
                      ^^^^^^^^^^^^^^^^^^^^^^
     File "/storage/scratch1/7/wahrens6/SparseArrayProgrammingSuite/src/saps/downloaders/snap.py", line 37, in download_snap_dataset
       edge_list_path = _ensure_downloaded(slug, dataset_dir)
                        ^^^^^^^^^^^^^^^^^^^^^^^^^^^^^^^^^^^^^
     File "/storage/scratch1/7/wahrens6/SparseArrayProgrammingSuite/src/saps/downloaders/snap.py", line 166, in _ensure_downloaded
       urllib.request.urlretrieve(url, tmp_path)
     File "/storage/pace-apps/spack/packages/linux-rhel9-x86_64_v3/gcc-11.3.1/python-3.12.5-5sase6atfv2x5tf7dy5x5sqfzyguhsia/lib/python3.12/urllib/request.py", line 240, in urlretrieve
       with contextlib.closing(urlopen(url, data)) as fp:
                               ^^^^^^^^^^^^^^^^^^
     File "/storage/pace-apps/spack/packages/linux-rhel9-x86_64_v3/gcc-11.3.1/python-3.12.5-5sase6atfv2x5tf7dy5x5sqfzyguhsia/lib/python3.12/urllib/request.py", line 215, in urlopen
       return opener.open(url, data, timeout)
              ^^^^^^^^^^^^^^^^^^^^^^^^^^^^^^^
     File "/storage/pace-apps/spack/packages/linux-rhel9-x86_64_v3/gcc-11.3.1/python-3.12.5-5sase6atfv2x5tf7dy5x5sqfzyguhsia/lib/python3.12/urllib/request.py", line 521, in open
       response = meth(req, response)
                  ^^^^^^^^^^^^^^^^^^^
     File "/storage/pace-apps/spack/packages/linux-rhel9-x86_64_v3/gcc-11.3.1/python-3.12.5-5sase6atfv2x5tf7dy5x5sqfzyguhsia/lib/python3.12/urllib/request.py", line 630, in http_response
       response = self.parent.error(
                  ^^^^^^^^^^^^^^^^^^
     File "/storage/pace-apps/spack/packages/linux-rhel9-x86_64_v3/gcc-11.3.1/python-3.12.5-5sase6atfv2x5tf7dy5x5sqfzyguhsia/lib/python3.12/urllib/request.py", line 559, in error
       return self._call_chain(*args)
              ^^^^^^^^^^^^^^^^^^^^^^^
     File "/storage/pace-apps/spack/packages/linux-rhel9-x86_64_v3/gcc-11.3.1/python-3.12.5-5sase6atfv2x5tf7dy5x5sqfzyguhsia/lib/python3.12/urllib/request.py", line 492, in _call_chain
       result = func(*args)
                ^^^^^^^^^^^
     File "/storage/pace-apps/spack/packages/linux-rhel9-x86_64_v3/gcc-11.3.1/python-3.12.5-5sase6atfv2x5tf7dy5x5sqfzyguhsia/lib/python3.12/urllib/request.py", line 639, in http_error_default
       raise HTTPError(req.full_url, code, msg, hdrs, fp)
   urllib.error.HTTPError: HTTP Error 404: Not Found
   
   For parameters: snap_graph.soc-RedditHyperlinks
   Traceback (most recent call last):
     File "/storage/home/hcoda1/7/wahrens6/.cache/pypoetry/virtualenvs/saps-RkeCTkZF-py3.12/lib/python3.12/site-packages/asv_runner/server.py", line 179, in _run_server
       _run(run_args)
     File "/storage/home/hcoda1/7/wahrens6/.cache/pypoetry/virtualenvs/saps-RkeCTkZF-py3.12/lib/python3.12/site-packages/asv_runner/run.py", line 66, in _run
       skip = benchmark.do_setup()
              ^^^^^^^^^^^^^^^^^^^^
     File "/storage/home/hcoda1/7/wahrens6/.cache/pypoetry/virtualenvs/saps-RkeCTkZF-py3.12/lib/python3.12/site-packages/asv_runner/benchmarks/time.py", line 121, in do_setup
       result = Benchmark.do_setup(self)
                ^^^^^^^^^^^^^^^^^^^^^^^^
     File "/storage/home/hcoda1/7/wahrens6/.cache/pypoetry/virtualenvs/saps-RkeCTkZF-py3.12/lib/python3.12/site-packages/asv_runner/benchmarks/_base.py", line 723, in do_setup
       setup(*self._build_params())
     File "/storage/scratch1/7/wahrens6/SparseArrayProgrammingSuite/src/saps/benchmark.py", line 428, in setup
       if param.generator.cacheable and not param.generator.backend.upload_dataset(
                                            ^^^^^^^^^^^^^^^^^^^^^^^^^^^^^^^^^^^^^^^
     File "/storage/scratch1/7/wahrens6/SparseArrayProgrammingSuite/src/saps/storage.py", line 167, in upload_dataset
       _, digest, local_path = self._generate_and_cache(generator, dataset)
                               ^^^^^^^^^^^^^^^^^^^^^^^^^^^^^^^^^^^^^^^^^^^^
     File "/storage/scratch1/7/wahrens6/SparseArrayProgrammingSuite/src/saps/storage.py", line 121, in _generate_and_cache
       data = generator.generate(dataset)
              ^^^^^^^^^^^^^^^^^^^^^^^^^^^
     File "/storage/scratch1/7/wahrens6/SparseArrayProgrammingSuite/src/saps/benchmarks/snap.py", line 434, in generate
       inputs, meta = download_snap_dataset(
                      ^^^^^^^^^^^^^^^^^^^^^^
     File "/storage/scratch1/7/wahrens6/SparseArrayProgrammingSuite/src/saps/downloaders/snap.py", line 37, in download_snap_dataset
       edge_list_path = _ensure_downloaded(slug, dataset_dir)
                        ^^^^^^^^^^^^^^^^^^^^^^^^^^^^^^^^^^^^^
     File "/storage/scratch1/7/wahrens6/SparseArrayProgrammingSuite/src/saps/downloaders/snap.py", line 166, in _ensure_downloaded
       urllib.request.urlretrieve(url, tmp_path)
     File "/storage/pace-apps/spack/packages/linux-rhel9-x86_64_v3/gcc-11.3.1/python-3.12.5-5sase6atfv2x5tf7dy5x5sqfzyguhsia/lib/python3.12/urllib/request.py", line 240, in urlretrieve
       with contextlib.closing(urlopen(url, data)) as fp:
                               ^^^^^^^^^^^^^^^^^^
     File "/storage/pace-apps/spack/packages/linux-rhel9-x86_64_v3/gcc-11.3.1/python-3.12.5-5sase6atfv2x5tf7dy5x5sqfzyguhsia/lib/python3.12/urllib/request.py", line 215, in urlopen
       return opener.open(url, data, timeout)
              ^^^^^^^^^^^^^^^^^^^^^^^^^^^^^^^
     File "/storage/pace-apps/spack/packages/linux-rhel9-x86_64_v3/gcc-11.3.1/python-3.12.5-5sase6atfv2x5tf7dy5x5sqfzyguhsia/lib/python3.12/urllib/request.py", line 521, in open
       response = meth(req, response)
                  ^^^^^^^^^^^^^^^^^^^
     File "/storage/pace-apps/spack/packages/linux-rhel9-x86_64_v3/gcc-11.3.1/python-3.12.5-5sase6atfv2x5tf7dy5x5sqfzyguhsia/lib/python3.12/urllib/request.py", line 630, in http_response
       response = self.parent.error(
                  ^^^^^^^^^^^^^^^^^^
     File "/storage/pace-apps/spack/packages/linux-rhel9-x86_64_v3/gcc-11.3.1/python-3.12.5-5sase6atfv2x5tf7dy5x5sqfzyguhsia/lib/python3.12/urllib/request.py", line 559, in error
       return self._call_chain(*args)
              ^^^^^^^^^^^^^^^^^^^^^^^
     File "/storage/pace-apps/spack/packages/linux-rhel9-x86_64_v3/gcc-11.3.1/python-3.12.5-5sase6atfv2x5tf7dy5x5sqfzyguhsia/lib/python3.12/urllib/request.py", line 492, in _call_chain
       result = func(*args)
                ^^^^^^^^^^^
     File "/storage/pace-apps/spack/packages/linux-rhel9-x86_64_v3/gcc-11.3.1/python-3.12.5-5sase6atfv2x5tf7dy5x5sqfzyguhsia/lib/python3.12/urllib/request.py", line 639, in http_error_default
       raise HTTPError(req.full_url, code, msg, hdrs, fp)
   urllib.error.HTTPError: HTTP Error 404: Not Found
   
   For parameters: snap_graph.soc-sign-bitcoin-otc
   Traceback (most recent call last):
     File "/storage/home/hcoda1/7/wahrens6/.cache/pypoetry/virtualenvs/saps-RkeCTkZF-py3.12/lib/python3.12/site-packages/asv_runner/server.py", line 179, in _run_server
       _run(run_args)
     File "/storage/home/hcoda1/7/wahrens6/.cache/pypoetry/virtualenvs/saps-RkeCTkZF-py3.12/lib/python3.12/site-packages/asv_runner/run.py", line 66, in _run
       skip = benchmark.do_setup()
              ^^^^^^^^^^^^^^^^^^^^
     File "/storage/home/hcoda1/7/wahrens6/.cache/pypoetry/virtualenvs/saps-RkeCTkZF-py3.12/lib/python3.12/site-packages/asv_runner/benchmarks/time.py", line 121, in do_setup
       result = Benchmark.do_setup(self)
                ^^^^^^^^^^^^^^^^^^^^^^^^
     File "/storage/home/hcoda1/7/wahrens6/.cache/pypoetry/virtualenvs/saps-RkeCTkZF-py3.12/lib/python3.12/site-packages/asv_runner/benchmarks/_base.py", line 723, in do_setup
       setup(*self._build_params())
     File "/storage/scratch1/7/wahrens6/SparseArrayProgrammingSuite/src/saps/benchmark.py", line 428, in setup
       if param.generator.cacheable and not param.generator.backend.upload_dataset(
                                            ^^^^^^^^^^^^^^^^^^^^^^^^^^^^^^^^^^^^^^^
     File "/storage/scratch1/7/wahrens6/SparseArrayProgrammingSuite/src/saps/storage.py", line 167, in upload_dataset
       _, digest, local_path = self._generate_and_cache(generator, dataset)
                               ^^^^^^^^^^^^^^^^^^^^^^^^^^^^^^^^^^^^^^^^^^^^
     File "/storage/scratch1/7/wahrens6/SparseArrayProgrammingSuite/src/saps/storage.py", line 121, in _generate_and_cache
       data = generator.generate(dataset)
              ^^^^^^^^^^^^^^^^^^^^^^^^^^^
     File "/storage/scratch1/7/wahrens6/SparseArrayProgrammingSuite/src/saps/benchmarks/snap.py", line 434, in generate
       inputs, meta = download_snap_dataset(
                      ^^^^^^^^^^^^^^^^^^^^^^
     File "/storage/scratch1/7/wahrens6/SparseArrayProgrammingSuite/src/saps/downloaders/snap.py", line 37, in download_snap_dataset
       edge_list_path = _ensure_downloaded(slug, dataset_dir)
                        ^^^^^^^^^^^^^^^^^^^^^^^^^^^^^^^^^^^^^
     File "/storage/scratch1/7/wahrens6/SparseArrayProgrammingSuite/src/saps/downloaders/snap.py", line 166, in _ensure_downloaded
       urllib.request.urlretrieve(url, tmp_path)
     File "/storage/pace-apps/spack/packages/linux-rhel9-x86_64_v3/gcc-11.3.1/python-3.12.5-5sase6atfv2x5tf7dy5x5sqfzyguhsia/lib/python3.12/urllib/request.py", line 240, in urlretrieve
       with contextlib.closing(urlopen(url, data)) as fp:
                               ^^^^^^^^^^^^^^^^^^
     File "/storage/pace-apps/spack/packages/linux-rhel9-x86_64_v3/gcc-11.3.1/python-3.12.5-5sase6atfv2x5tf7dy5x5sqfzyguhsia/lib/python3.12/urllib/request.py", line 215, in urlopen
       return opener.open(url, data, timeout)
              ^^^^^^^^^^^^^^^^^^^^^^^^^^^^^^^
     File "/storage/pace-apps/spack/packages/linux-rhel9-x86_64_v3/gcc-11.3.1/python-3.12.5-5sase6atfv2x5tf7dy5x5sqfzyguhsia/lib/python3.12/urllib/request.py", line 521, in open
       response = meth(req, response)
                  ^^^^^^^^^^^^^^^^^^^
     File "/storage/pace-apps/spack/packages/linux-rhel9-x86_64_v3/gcc-11.3.1/python-3.12.5-5sase6atfv2x5tf7dy5x5sqfzyguhsia/lib/python3.12/urllib/request.py", line 630, in http_response
       response = self.parent.error(
                  ^^^^^^^^^^^^^^^^^^
     File "/storage/pace-apps/spack/packages/linux-rhel9-x86_64_v3/gcc-11.3.1/python-3.12.5-5sase6atfv2x5tf7dy5x5sqfzyguhsia/lib/python3.12/urllib/request.py", line 559, in error
       return self._call_chain(*args)
              ^^^^^^^^^^^^^^^^^^^^^^^
     File "/storage/pace-apps/spack/packages/linux-rhel9-x86_64_v3/gcc-11.3.1/python-3.12.5-5sase6atfv2x5tf7dy5x5sqfzyguhsia/lib/python3.12/urllib/request.py", line 492, in _call_chain
       result = func(*args)
                ^^^^^^^^^^^
     File "/storage/pace-apps/spack/packages/linux-rhel9-x86_64_v3/gcc-11.3.1/python-3.12.5-5sase6atfv2x5tf7dy5x5sqfzyguhsia/lib/python3.12/urllib/request.py", line 639, in http_error_default
       raise HTTPError(req.full_url, code, msg, hdrs, fp)
   urllib.error.HTTPError: HTTP Error 404: Not Found
   
   For parameters: snap_graph.soc-sign-bitcoin-alpha
   Traceback (most recent call last):
     File "/storage/home/hcoda1/7/wahrens6/.cache/pypoetry/virtualenvs/saps-RkeCTkZF-py3.12/lib/python3.12/site-packages/asv_runner/server.py", line 179, in _run_server
       _run(run_args)
     File "/storage/home/hcoda1/7/wahrens6/.cache/pypoetry/virtualenvs/saps-RkeCTkZF-py3.12/lib/python3.12/site-packages/asv_runner/run.py", line 66, in _run
       skip = benchmark.do_setup()
              ^^^^^^^^^^^^^^^^^^^^
     File "/storage/home/hcoda1/7/wahrens6/.cache/pypoetry/virtualenvs/saps-RkeCTkZF-py3.12/lib/python3.12/site-packages/asv_runner/benchmarks/time.py", line 121, in do_setup
       result = Benchmark.do_setup(self)
                ^^^^^^^^^^^^^^^^^^^^^^^^
     File "/storage/home/hcoda1/7/wahrens6/.cache/pypoetry/virtualenvs/saps-RkeCTkZF-py3.12/lib/python3.12/site-packages/asv_runner/benchmarks/_base.py", line 723, in do_setup
       setup(*self._build_params())
     File "/storage/scratch1/7/wahrens6/SparseArrayProgrammingSuite/src/saps/benchmark.py", line 428, in setup
       if param.generator.cacheable and not param.generator.backend.upload_dataset(
                                            ^^^^^^^^^^^^^^^^^^^^^^^^^^^^^^^^^^^^^^^
     File "/storage/scratch1/7/wahrens6/SparseArrayProgrammingSuite/src/saps/storage.py", line 167, in upload_dataset
       _, digest, local_path = self._generate_and_cache(generator, dataset)
                               ^^^^^^^^^^^^^^^^^^^^^^^^^^^^^^^^^^^^^^^^^^^^
     File "/storage/scratch1/7/wahrens6/SparseArrayProgrammingSuite/src/saps/storage.py", line 121, in _generate_and_cache
       data = generator.generate(dataset)
              ^^^^^^^^^^^^^^^^^^^^^^^^^^^
     File "/storage/scratch1/7/wahrens6/SparseArrayProgrammingSuite/src/saps/benchmarks/snap.py", line 434, in generate
       inputs, meta = download_snap_dataset(
                      ^^^^^^^^^^^^^^^^^^^^^^
     File "/storage/scratch1/7/wahrens6/SparseArrayProgrammingSuite/src/saps/downloaders/snap.py", line 37, in download_snap_dataset
       edge_list_path = _ensure_downloaded(slug, dataset_dir)
                        ^^^^^^^^^^^^^^^^^^^^^^^^^^^^^^^^^^^^^
     File "/storage/scratch1/7/wahrens6/SparseArrayProgrammingSuite/src/saps/downloaders/snap.py", line 166, in _ensure_downloaded
       urllib.request.urlretrieve(url, tmp_path)
     File "/storage/pace-apps/spack/packages/linux-rhel9-x86_64_v3/gcc-11.3.1/python-3.12.5-5sase6atfv2x5tf7dy5x5sqfzyguhsia/lib/python3.12/urllib/request.py", line 240, in urlretrieve
       with contextlib.closing(urlopen(url, data)) as fp:
                               ^^^^^^^^^^^^^^^^^^
     File "/storage/pace-apps/spack/packages/linux-rhel9-x86_64_v3/gcc-11.3.1/python-3.12.5-5sase6atfv2x5tf7dy5x5sqfzyguhsia/lib/python3.12/urllib/request.py", line 215, in urlopen
       return opener.open(url, data, timeout)
              ^^^^^^^^^^^^^^^^^^^^^^^^^^^^^^^
     File "/storage/pace-apps/spack/packages/linux-rhel9-x86_64_v3/gcc-11.3.1/python-3.12.5-5sase6atfv2x5tf7dy5x5sqfzyguhsia/lib/python3.12/urllib/request.py", line 521, in open
       response = meth(req, response)
                  ^^^^^^^^^^^^^^^^^^^
     File "/storage/pace-apps/spack/packages/linux-rhel9-x86_64_v3/gcc-11.3.1/python-3.12.5-5sase6atfv2x5tf7dy5x5sqfzyguhsia/lib/python3.12/urllib/request.py", line 630, in http_response
       response = self.parent.error(
                  ^^^^^^^^^^^^^^^^^^
     File "/storage/pace-apps/spack/packages/linux-rhel9-x86_64_v3/gcc-11.3.1/python-3.12.5-5sase6atfv2x5tf7dy5x5sqfzyguhsia/lib/python3.12/urllib/request.py", line 559, in error
       return self._call_chain(*args)
              ^^^^^^^^^^^^^^^^^^^^^^^
     File "/storage/pace-apps/spack/packages/linux-rhel9-x86_64_v3/gcc-11.3.1/python-3.12.5-5sase6atfv2x5tf7dy5x5sqfzyguhsia/lib/python3.12/urllib/request.py", line 492, in _call_chain
       result = func(*args)
                ^^^^^^^^^^^
     File "/storage/pace-apps/spack/packages/linux-rhel9-x86_64_v3/gcc-11.3.1/python-3.12.5-5sase6atfv2x5tf7dy5x5sqfzyguhsia/lib/python3.12/urllib/request.py", line 639, in http_error_default
       raise HTTPError(req.full_url, code, msg, hdrs, fp)
   urllib.error.HTTPError: HTTP Error 404: Not Found
   
   For parameters: snap_graph.comm-f2f-Resistance
   Traceback (most recent call last):
     File "/storage/home/hcoda1/7/wahrens6/.cache/pypoetry/virtualenvs/saps-RkeCTkZF-py3.12/lib/python3.12/site-packages/asv_runner/server.py", line 179, in _run_server
       _run(run_args)
     File "/storage/home/hcoda1/7/wahrens6/.cache/pypoetry/virtualenvs/saps-RkeCTkZF-py3.12/lib/python3.12/site-packages/asv_runner/run.py", line 66, in _run
       skip = benchmark.do_setup()
              ^^^^^^^^^^^^^^^^^^^^
     File "/storage/home/hcoda1/7/wahrens6/.cache/pypoetry/virtualenvs/saps-RkeCTkZF-py3.12/lib/python3.12/site-packages/asv_runner/benchmarks/time.py", line 121, in do_setup
       result = Benchmark.do_setup(self)
                ^^^^^^^^^^^^^^^^^^^^^^^^
     File "/storage/home/hcoda1/7/wahrens6/.cache/pypoetry/virtualenvs/saps-RkeCTkZF-py3.12/lib/python3.12/site-packages/asv_runner/benchmarks/_base.py", line 723, in do_setup
       setup(*self._build_params())
     File "/storage/scratch1/7/wahrens6/SparseArrayProgrammingSuite/src/saps/benchmark.py", line 428, in setup
       if param.generator.cacheable and not param.generator.backend.upload_dataset(
                                            ^^^^^^^^^^^^^^^^^^^^^^^^^^^^^^^^^^^^^^^
     File "/storage/scratch1/7/wahrens6/SparseArrayProgrammingSuite/src/saps/storage.py", line 167, in upload_dataset
       _, digest, local_path = self._generate_and_cache(generator, dataset)
                               ^^^^^^^^^^^^^^^^^^^^^^^^^^^^^^^^^^^^^^^^^^^^
     File "/storage/scratch1/7/wahrens6/SparseArrayProgrammingSuite/src/saps/storage.py", line 121, in _generate_and_cache
       data = generator.generate(dataset)
              ^^^^^^^^^^^^^^^^^^^^^^^^^^^
     File "/storage/scratch1/7/wahrens6/SparseArrayProgrammingSuite/src/saps/benchmarks/snap.py", line 434, in generate
       inputs, meta = download_snap_dataset(
                      ^^^^^^^^^^^^^^^^^^^^^^
     File "/storage/scratch1/7/wahrens6/SparseArrayProgrammingSuite/src/saps/downloaders/snap.py", line 37, in download_snap_dataset
       edge_list_path = _ensure_downloaded(slug, dataset_dir)
                        ^^^^^^^^^^^^^^^^^^^^^^^^^^^^^^^^^^^^^
     File "/storage/scratch1/7/wahrens6/SparseArrayProgrammingSuite/src/saps/downloaders/snap.py", line 166, in _ensure_downloaded
       urllib.request.urlretrieve(url, tmp_path)
     File "/storage/pace-apps/spack/packages/linux-rhel9-x86_64_v3/gcc-11.3.1/python-3.12.5-5sase6atfv2x5tf7dy5x5sqfzyguhsia/lib/python3.12/urllib/request.py", line 240, in urlretrieve
       with contextlib.closing(urlopen(url, data)) as fp:
                               ^^^^^^^^^^^^^^^^^^
     File "/storage/pace-apps/spack/packages/linux-rhel9-x86_64_v3/gcc-11.3.1/python-3.12.5-5sase6atfv2x5tf7dy5x5sqfzyguhsia/lib/python3.12/urllib/request.py", line 215, in urlopen
       return opener.open(url, data, timeout)
              ^^^^^^^^^^^^^^^^^^^^^^^^^^^^^^^
     File "/storage/pace-apps/spack/packages/linux-rhel9-x86_64_v3/gcc-11.3.1/python-3.12.5-5sase6atfv2x5tf7dy5x5sqfzyguhsia/lib/python3.12/urllib/request.py", line 521, in open
       response = meth(req, response)
                  ^^^^^^^^^^^^^^^^^^^
     File "/storage/pace-apps/spack/packages/linux-rhel9-x86_64_v3/gcc-11.3.1/python-3.12.5-5sase6atfv2x5tf7dy5x5sqfzyguhsia/lib/python3.12/urllib/request.py", line 630, in http_response
       response = self.parent.error(
                  ^^^^^^^^^^^^^^^^^^
     File "/storage/pace-apps/spack/packages/linux-rhel9-x86_64_v3/gcc-11.3.1/python-3.12.5-5sase6atfv2x5tf7dy5x5sqfzyguhsia/lib/python3.12/urllib/request.py", line 559, in error
       return self._call_chain(*args)
              ^^^^^^^^^^^^^^^^^^^^^^^
     File "/storage/pace-apps/spack/packages/linux-rhel9-x86_64_v3/gcc-11.3.1/python-3.12.5-5sase6atfv2x5tf7dy5x5sqfzyguhsia/lib/python3.12/urllib/request.py", line 492, in _call_chain
       result = func(*args)
                ^^^^^^^^^^^
     File "/storage/pace-apps/spack/packages/linux-rhel9-x86_64_v3/gcc-11.3.1/python-3.12.5-5sase6atfv2x5tf7dy5x5sqfzyguhsia/lib/python3.12/urllib/request.py", line 639, in http_error_default
       raise HTTPError(req.full_url, code, msg, hdrs, fp)
   urllib.error.HTTPError: HTTP Error 404: Not Found
   
   For parameters: snap_graph.musae-twitch
   Traceback (most recent call last):
     File "/storage/home/hcoda1/7/wahrens6/.cache/pypoetry/virtualenvs/saps-RkeCTkZF-py3.12/lib/python3.12/site-packages/asv_runner/server.py", line 179, in _run_server
       _run(run_args)
     File "/storage/home/hcoda1/7/wahrens6/.cache/pypoetry/virtualenvs/saps-RkeCTkZF-py3.12/lib/python3.12/site-packages/asv_runner/run.py", line 66, in _run
       skip = benchmark.do_setup()
              ^^^^^^^^^^^^^^^^^^^^
     File "/storage/home/hcoda1/7/wahrens6/.cache/pypoetry/virtualenvs/saps-RkeCTkZF-py3.12/lib/python3.12/site-packages/asv_runner/benchmarks/time.py", line 121, in do_setup
       result = Benchmark.do_setup(self)
                ^^^^^^^^^^^^^^^^^^^^^^^^
     File "/storage/home/hcoda1/7/wahrens6/.cache/pypoetry/virtualenvs/saps-RkeCTkZF-py3.12/lib/python3.12/site-packages/asv_runner/benchmarks/_base.py", line 723, in do_setup
       setup(*self._build_params())
     File "/storage/scratch1/7/wahrens6/SparseArrayProgrammingSuite/src/saps/benchmark.py", line 428, in setup
       if param.generator.cacheable and not param.generator.backend.upload_dataset(
                                            ^^^^^^^^^^^^^^^^^^^^^^^^^^^^^^^^^^^^^^^
     File "/storage/scratch1/7/wahrens6/SparseArrayProgrammingSuite/src/saps/storage.py", line 167, in upload_dataset
       _, digest, local_path = self._generate_and_cache(generator, dataset)
                               ^^^^^^^^^^^^^^^^^^^^^^^^^^^^^^^^^^^^^^^^^^^^
     File "/storage/scratch1/7/wahrens6/SparseArrayProgrammingSuite/src/saps/storage.py", line 121, in _generate_and_cache
       data = generator.generate(dataset)
              ^^^^^^^^^^^^^^^^^^^^^^^^^^^
     File "/storage/scratch1/7/wahrens6/SparseArrayProgrammingSuite/src/saps/benchmarks/snap.py", line 434, in generate
       inputs, meta = download_snap_dataset(
                      ^^^^^^^^^^^^^^^^^^^^^^
     File "/storage/scratch1/7/wahrens6/SparseArrayProgrammingSuite/src/saps/downloaders/snap.py", line 37, in download_snap_dataset
       edge_list_path = _ensure_downloaded(slug, dataset_dir)
                        ^^^^^^^^^^^^^^^^^^^^^^^^^^^^^^^^^^^^^
     File "/storage/scratch1/7/wahrens6/SparseArrayProgrammingSuite/src/saps/downloaders/snap.py", line 166, in _ensure_downloaded
       urllib.request.urlretrieve(url, tmp_path)
     File "/storage/pace-apps/spack/packages/linux-rhel9-x86_64_v3/gcc-11.3.1/python-3.12.5-5sase6atfv2x5tf7dy5x5sqfzyguhsia/lib/python3.12/urllib/request.py", line 240, in urlretrieve
       with contextlib.closing(urlopen(url, data)) as fp:
                               ^^^^^^^^^^^^^^^^^^
     File "/storage/pace-apps/spack/packages/linux-rhel9-x86_64_v3/gcc-11.3.1/python-3.12.5-5sase6atfv2x5tf7dy5x5sqfzyguhsia/lib/python3.12/urllib/request.py", line 215, in urlopen
       return opener.open(url, data, timeout)
              ^^^^^^^^^^^^^^^^^^^^^^^^^^^^^^^
     File "/storage/pace-apps/spack/packages/linux-rhel9-x86_64_v3/gcc-11.3.1/python-3.12.5-5sase6atfv2x5tf7dy5x5sqfzyguhsia/lib/python3.12/urllib/request.py", line 521, in open
       response = meth(req, response)
                  ^^^^^^^^^^^^^^^^^^^
     File "/storage/pace-apps/spack/packages/linux-rhel9-x86_64_v3/gcc-11.3.1/python-3.12.5-5sase6atfv2x5tf7dy5x5sqfzyguhsia/lib/python3.12/urllib/request.py", line 630, in http_response
       response = self.parent.error(
                  ^^^^^^^^^^^^^^^^^^
     File "/storage/pace-apps/spack/packages/linux-rhel9-x86_64_v3/gcc-11.3.1/python-3.12.5-5sase6atfv2x5tf7dy5x5sqfzyguhsia/lib/python3.12/urllib/request.py", line 559, in error
       return self._call_chain(*args)
              ^^^^^^^^^^^^^^^^^^^^^^^
     File "/storage/pace-apps/spack/packages/linux-rhel9-x86_64_v3/gcc-11.3.1/python-3.12.5-5sase6atfv2x5tf7dy5x5sqfzyguhsia/lib/python3.12/urllib/request.py", line 492, in _call_chain
       result = func(*args)
                ^^^^^^^^^^^
     File "/storage/pace-apps/spack/packages/linux-rhel9-x86_64_v3/gcc-11.3.1/python-3.12.5-5sase6atfv2x5tf7dy5x5sqfzyguhsia/lib/python3.12/urllib/request.py", line 639, in http_error_default
       raise HTTPError(req.full_url, code, msg, hdrs, fp)
   urllib.error.HTTPError: HTTP Error 404: Not Found
   
   For parameters: snap_graph.musae-facebook
   Traceback (most recent call last):
     File "/storage/home/hcoda1/7/wahrens6/.cache/pypoetry/virtualenvs/saps-RkeCTkZF-py3.12/lib/python3.12/site-packages/asv_runner/server.py", line 179, in _run_server
       _run(run_args)
     File "/storage/home/hcoda1/7/wahrens6/.cache/pypoetry/virtualenvs/saps-RkeCTkZF-py3.12/lib/python3.12/site-packages/asv_runner/run.py", line 66, in _run
       skip = benchmark.do_setup()
              ^^^^^^^^^^^^^^^^^^^^
     File "/storage/home/hcoda1/7/wahrens6/.cache/pypoetry/virtualenvs/saps-RkeCTkZF-py3.12/lib/python3.12/site-packages/asv_runner/benchmarks/time.py", line 121, in do_setup
       result = Benchmark.do_setup(self)
                ^^^^^^^^^^^^^^^^^^^^^^^^
     File "/storage/home/hcoda1/7/wahrens6/.cache/pypoetry/virtualenvs/saps-RkeCTkZF-py3.12/lib/python3.12/site-packages/asv_runner/benchmarks/_base.py", line 723, in do_setup
       setup(*self._build_params())
     File "/storage/scratch1/7/wahrens6/SparseArrayProgrammingSuite/src/saps/benchmark.py", line 428, in setup
       if param.generator.cacheable and not param.generator.backend.upload_dataset(
                                            ^^^^^^^^^^^^^^^^^^^^^^^^^^^^^^^^^^^^^^^
     File "/storage/scratch1/7/wahrens6/SparseArrayProgrammingSuite/src/saps/storage.py", line 167, in upload_dataset
       _, digest, local_path = self._generate_and_cache(generator, dataset)
                               ^^^^^^^^^^^^^^^^^^^^^^^^^^^^^^^^^^^^^^^^^^^^
     File "/storage/scratch1/7/wahrens6/SparseArrayProgrammingSuite/src/saps/storage.py", line 121, in _generate_and_cache
       data = generator.generate(dataset)
              ^^^^^^^^^^^^^^^^^^^^^^^^^^^
     File "/storage/scratch1/7/wahrens6/SparseArrayProgrammingSuite/src/saps/benchmarks/snap.py", line 434, in generate
       inputs, meta = download_snap_dataset(
                      ^^^^^^^^^^^^^^^^^^^^^^
     File "/storage/scratch1/7/wahrens6/SparseArrayProgrammingSuite/src/saps/downloaders/snap.py", line 37, in download_snap_dataset
       edge_list_path = _ensure_downloaded(slug, dataset_dir)
                        ^^^^^^^^^^^^^^^^^^^^^^^^^^^^^^^^^^^^^
     File "/storage/scratch1/7/wahrens6/SparseArrayProgrammingSuite/src/saps/downloaders/snap.py", line 166, in _ensure_downloaded
       urllib.request.urlretrieve(url, tmp_path)
     File "/storage/pace-apps/spack/packages/linux-rhel9-x86_64_v3/gcc-11.3.1/python-3.12.5-5sase6atfv2x5tf7dy5x5sqfzyguhsia/lib/python3.12/urllib/request.py", line 240, in urlretrieve
       with contextlib.closing(urlopen(url, data)) as fp:
                               ^^^^^^^^^^^^^^^^^^
     File "/storage/pace-apps/spack/packages/linux-rhel9-x86_64_v3/gcc-11.3.1/python-3.12.5-5sase6atfv2x5tf7dy5x5sqfzyguhsia/lib/python3.12/urllib/request.py", line 215, in urlopen
       return opener.open(url, data, timeout)
              ^^^^^^^^^^^^^^^^^^^^^^^^^^^^^^^
     File "/storage/pace-apps/spack/packages/linux-rhel9-x86_64_v3/gcc-11.3.1/python-3.12.5-5sase6atfv2x5tf7dy5x5sqfzyguhsia/lib/python3.12/urllib/request.py", line 521, in open
       response = meth(req, response)
                  ^^^^^^^^^^^^^^^^^^^
     File "/storage/pace-apps/spack/packages/linux-rhel9-x86_64_v3/gcc-11.3.1/python-3.12.5-5sase6atfv2x5tf7dy5x5sqfzyguhsia/lib/python3.12/urllib/request.py", line 630, in http_response
       response = self.parent.error(
                  ^^^^^^^^^^^^^^^^^^
     File "/storage/pace-apps/spack/packages/linux-rhel9-x86_64_v3/gcc-11.3.1/python-3.12.5-5sase6atfv2x5tf7dy5x5sqfzyguhsia/lib/python3.12/urllib/request.py", line 559, in error
       return self._call_chain(*args)
              ^^^^^^^^^^^^^^^^^^^^^^^
     File "/storage/pace-apps/spack/packages/linux-rhel9-x86_64_v3/gcc-11.3.1/python-3.12.5-5sase6atfv2x5tf7dy5x5sqfzyguhsia/lib/python3.12/urllib/request.py", line 492, in _call_chain
       result = func(*args)
                ^^^^^^^^^^^
     File "/storage/pace-apps/spack/packages/linux-rhel9-x86_64_v3/gcc-11.3.1/python-3.12.5-5sase6atfv2x5tf7dy5x5sqfzyguhsia/lib/python3.12/urllib/request.py", line 639, in http_error_default
       raise HTTPError(req.full_url, code, msg, hdrs, fp)
   urllib.error.HTTPError: HTTP Error 404: Not Found
   
   For parameters: snap_graph.act-mooc
   Traceback (most recent call last):
     File "/storage/home/hcoda1/7/wahrens6/.cache/pypoetry/virtualenvs/saps-RkeCTkZF-py3.12/lib/python3.12/site-packages/asv_runner/server.py", line 179, in _run_server
       _run(run_args)
     File "/storage/home/hcoda1/7/wahrens6/.cache/pypoetry/virtualenvs/saps-RkeCTkZF-py3.12/lib/python3.12/site-packages/asv_runner/run.py", line 66, in _run
       skip = benchmark.do_setup()
              ^^^^^^^^^^^^^^^^^^^^
     File "/storage/home/hcoda1/7/wahrens6/.cache/pypoetry/virtualenvs/saps-RkeCTkZF-py3.12/lib/python3.12/site-packages/asv_runner/benchmarks/time.py", line 121, in do_setup
       result = Benchmark.do_setup(self)
                ^^^^^^^^^^^^^^^^^^^^^^^^
     File "/storage/home/hcoda1/7/wahrens6/.cache/pypoetry/virtualenvs/saps-RkeCTkZF-py3.12/lib/python3.12/site-packages/asv_runner/benchmarks/_base.py", line 723, in do_setup
       setup(*self._build_params())
     File "/storage/scratch1/7/wahrens6/SparseArrayProgrammingSuite/src/saps/benchmark.py", line 428, in setup
       if param.generator.cacheable and not param.generator.backend.upload_dataset(
                                            ^^^^^^^^^^^^^^^^^^^^^^^^^^^^^^^^^^^^^^^
     File "/storage/scratch1/7/wahrens6/SparseArrayProgrammingSuite/src/saps/storage.py", line 167, in upload_dataset
       _, digest, local_path = self._generate_and_cache(generator, dataset)
                               ^^^^^^^^^^^^^^^^^^^^^^^^^^^^^^^^^^^^^^^^^^^^
     File "/storage/scratch1/7/wahrens6/SparseArrayProgrammingSuite/src/saps/storage.py", line 121, in _generate_and_cache
       data = generator.generate(dataset)
              ^^^^^^^^^^^^^^^^^^^^^^^^^^^
     File "/storage/scratch1/7/wahrens6/SparseArrayProgrammingSuite/src/saps/benchmarks/snap.py", line 434, in generate
       inputs, meta = download_snap_dataset(
                      ^^^^^^^^^^^^^^^^^^^^^^
     File "/storage/scratch1/7/wahrens6/SparseArrayProgrammingSuite/src/saps/downloaders/snap.py", line 37, in download_snap_dataset
       edge_list_path = _ensure_downloaded(slug, dataset_dir)
                        ^^^^^^^^^^^^^^^^^^^^^^^^^^^^^^^^^^^^^
     File "/storage/scratch1/7/wahrens6/SparseArrayProgrammingSuite/src/saps/downloaders/snap.py", line 166, in _ensure_downloaded
       urllib.request.urlretrieve(url, tmp_path)
     File "/storage/pace-apps/spack/packages/linux-rhel9-x86_64_v3/gcc-11.3.1/python-3.12.5-5sase6atfv2x5tf7dy5x5sqfzyguhsia/lib/python3.12/urllib/request.py", line 240, in urlretrieve
       with contextlib.closing(urlopen(url, data)) as fp:
                               ^^^^^^^^^^^^^^^^^^
     File "/storage/pace-apps/spack/packages/linux-rhel9-x86_64_v3/gcc-11.3.1/python-3.12.5-5sase6atfv2x5tf7dy5x5sqfzyguhsia/lib/python3.12/urllib/request.py", line 215, in urlopen
       return opener.open(url, data, timeout)
              ^^^^^^^^^^^^^^^^^^^^^^^^^^^^^^^
     File "/storage/pace-apps/spack/packages/linux-rhel9-x86_64_v3/gcc-11.3.1/python-3.12.5-5sase6atfv2x5tf7dy5x5sqfzyguhsia/lib/python3.12/urllib/request.py", line 521, in open
       response = meth(req, response)
                  ^^^^^^^^^^^^^^^^^^^
     File "/storage/pace-apps/spack/packages/linux-rhel9-x86_64_v3/gcc-11.3.1/python-3.12.5-5sase6atfv2x5tf7dy5x5sqfzyguhsia/lib/python3.12/urllib/request.py", line 630, in http_response
       response = self.parent.error(
                  ^^^^^^^^^^^^^^^^^^
     File "/storage/pace-apps/spack/packages/linux-rhel9-x86_64_v3/gcc-11.3.1/python-3.12.5-5sase6atfv2x5tf7dy5x5sqfzyguhsia/lib/python3.12/urllib/request.py", line 559, in error
       return self._call_chain(*args)
              ^^^^^^^^^^^^^^^^^^^^^^^
     File "/storage/pace-apps/spack/packages/linux-rhel9-x86_64_v3/gcc-11.3.1/python-3.12.5-5sase6atfv2x5tf7dy5x5sqfzyguhsia/lib/python3.12/urllib/request.py", line 492, in _call_chain
       result = func(*args)
                ^^^^^^^^^^^
     File "/storage/pace-apps/spack/packages/linux-rhel9-x86_64_v3/gcc-11.3.1/python-3.12.5-5sase6atfv2x5tf7dy5x5sqfzyguhsia/lib/python3.12/urllib/request.py", line 639, in http_error_default
       raise HTTPError(req.full_url, code, msg, hdrs, fp)
   urllib.error.HTTPError: HTTP Error 404: Not Found
   
   For parameters: snap_graph.musae-github
   Traceback (most recent call last):
     File "/storage/home/hcoda1/7/wahrens6/.cache/pypoetry/virtualenvs/saps-RkeCTkZF-py3.12/lib/python3.12/site-packages/asv_runner/server.py", line 179, in _run_server
       _run(run_args)
     File "/storage/home/hcoda1/7/wahrens6/.cache/pypoetry/virtualenvs/saps-RkeCTkZF-py3.12/lib/python3.12/site-packages/asv_runner/run.py", line 66, in _run
       skip = benchmark.do_setup()
              ^^^^^^^^^^^^^^^^^^^^
     File "/storage/home/hcoda1/7/wahrens6/.cache/pypoetry/virtualenvs/saps-RkeCTkZF-py3.12/lib/python3.12/site-packages/asv_runner/benchmarks/time.py", line 121, in do_setup
       result = Benchmark.do_setup(self)
                ^^^^^^^^^^^^^^^^^^^^^^^^
     File "/storage/home/hcoda1/7/wahrens6/.cache/pypoetry/virtualenvs/saps-RkeCTkZF-py3.12/lib/python3.12/site-packages/asv_runner/benchmarks/_base.py", line 723, in do_setup
       setup(*self._build_params())
     File "/storage/scratch1/7/wahrens6/SparseArrayProgrammingSuite/src/saps/benchmark.py", line 428, in setup
       if param.generator.cacheable and not param.generator.backend.upload_dataset(
                                            ^^^^^^^^^^^^^^^^^^^^^^^^^^^^^^^^^^^^^^^
     File "/storage/scratch1/7/wahrens6/SparseArrayProgrammingSuite/src/saps/storage.py", line 167, in upload_dataset
       _, digest, local_path = self._generate_and_cache(generator, dataset)
                               ^^^^^^^^^^^^^^^^^^^^^^^^^^^^^^^^^^^^^^^^^^^^
     File "/storage/scratch1/7/wahrens6/SparseArrayProgrammingSuite/src/saps/storage.py", line 121, in _generate_and_cache
       data = generator.generate(dataset)
              ^^^^^^^^^^^^^^^^^^^^^^^^^^^
     File "/storage/scratch1/7/wahrens6/SparseArrayProgrammingSuite/src/saps/benchmarks/snap.py", line 434, in generate
       inputs, meta = download_snap_dataset(
                      ^^^^^^^^^^^^^^^^^^^^^^
     File "/storage/scratch1/7/wahrens6/SparseArrayProgrammingSuite/src/saps/downloaders/snap.py", line 37, in download_snap_dataset
       edge_list_path = _ensure_downloaded(slug, dataset_dir)
                        ^^^^^^^^^^^^^^^^^^^^^^^^^^^^^^^^^^^^^
     File "/storage/scratch1/7/wahrens6/SparseArrayProgrammingSuite/src/saps/downloaders/snap.py", line 166, in _ensure_downloaded
       urllib.request.urlretrieve(url, tmp_path)
     File "/storage/pace-apps/spack/packages/linux-rhel9-x86_64_v3/gcc-11.3.1/python-3.12.5-5sase6atfv2x5tf7dy5x5sqfzyguhsia/lib/python3.12/urllib/request.py", line 240, in urlretrieve
       with contextlib.closing(urlopen(url, data)) as fp:
                               ^^^^^^^^^^^^^^^^^^
     File "/storage/pace-apps/spack/packages/linux-rhel9-x86_64_v3/gcc-11.3.1/python-3.12.5-5sase6atfv2x5tf7dy5x5sqfzyguhsia/lib/python3.12/urllib/request.py", line 215, in urlopen
       return opener.open(url, data, timeout)
              ^^^^^^^^^^^^^^^^^^^^^^^^^^^^^^^
     File "/storage/pace-apps/spack/packages/linux-rhel9-x86_64_v3/gcc-11.3.1/python-3.12.5-5sase6atfv2x5tf7dy5x5sqfzyguhsia/lib/python3.12/urllib/request.py", line 521, in open
       response = meth(req, response)
                  ^^^^^^^^^^^^^^^^^^^
     File "/storage/pace-apps/spack/packages/linux-rhel9-x86_64_v3/gcc-11.3.1/python-3.12.5-5sase6atfv2x5tf7dy5x5sqfzyguhsia/lib/python3.12/urllib/request.py", line 630, in http_response
       response = self.parent.error(
                  ^^^^^^^^^^^^^^^^^^
     File "/storage/pace-apps/spack/packages/linux-rhel9-x86_64_v3/gcc-11.3.1/python-3.12.5-5sase6atfv2x5tf7dy5x5sqfzyguhsia/lib/python3.12/urllib/request.py", line 559, in error
       return self._call_chain(*args)
              ^^^^^^^^^^^^^^^^^^^^^^^
     File "/storage/pace-apps/spack/packages/linux-rhel9-x86_64_v3/gcc-11.3.1/python-3.12.5-5sase6atfv2x5tf7dy5x5sqfzyguhsia/lib/python3.12/urllib/request.py", line 492, in _call_chain
       result = func(*args)
                ^^^^^^^^^^^
     File "/storage/pace-apps/spack/packages/linux-rhel9-x86_64_v3/gcc-11.3.1/python-3.12.5-5sase6atfv2x5tf7dy5x5sqfzyguhsia/lib/python3.12/urllib/request.py", line 639, in http_error_default
       raise HTTPError(req.full_url, code, msg, hdrs, fp)
   urllib.error.HTTPError: HTTP Error 404: Not Found
   
   For parameters: snap_graph.feather-deezer-social
   Traceback (most recent call last):
     File "/storage/home/hcoda1/7/wahrens6/.cache/pypoetry/virtualenvs/saps-RkeCTkZF-py3.12/lib/python3.12/site-packages/asv_runner/server.py", line 179, in _run_server
       _run(run_args)
     File "/storage/home/hcoda1/7/wahrens6/.cache/pypoetry/virtualenvs/saps-RkeCTkZF-py3.12/lib/python3.12/site-packages/asv_runner/run.py", line 66, in _run
       skip = benchmark.do_setup()
              ^^^^^^^^^^^^^^^^^^^^
     File "/storage/home/hcoda1/7/wahrens6/.cache/pypoetry/virtualenvs/saps-RkeCTkZF-py3.12/lib/python3.12/site-packages/asv_runner/benchmarks/time.py", line 121, in do_setup
       result = Benchmark.do_setup(self)
                ^^^^^^^^^^^^^^^^^^^^^^^^
     File "/storage/home/hcoda1/7/wahrens6/.cache/pypoetry/virtualenvs/saps-RkeCTkZF-py3.12/lib/python3.12/site-packages/asv_runner/benchmarks/_base.py", line 723, in do_setup
       setup(*self._build_params())
     File "/storage/scratch1/7/wahrens6/SparseArrayProgrammingSuite/src/saps/benchmark.py", line 428, in setup
       if param.generator.cacheable and not param.generator.backend.upload_dataset(
                                            ^^^^^^^^^^^^^^^^^^^^^^^^^^^^^^^^^^^^^^^
     File "/storage/scratch1/7/wahrens6/SparseArrayProgrammingSuite/src/saps/storage.py", line 167, in upload_dataset
       _, digest, local_path = self._generate_and_cache(generator, dataset)
                               ^^^^^^^^^^^^^^^^^^^^^^^^^^^^^^^^^^^^^^^^^^^^
     File "/storage/scratch1/7/wahrens6/SparseArrayProgrammingSuite/src/saps/storage.py", line 121, in _generate_and_cache
       data = generator.generate(dataset)
              ^^^^^^^^^^^^^^^^^^^^^^^^^^^
     File "/storage/scratch1/7/wahrens6/SparseArrayProgrammingSuite/src/saps/benchmarks/snap.py", line 434, in generate
       inputs, meta = download_snap_dataset(
                      ^^^^^^^^^^^^^^^^^^^^^^
     File "/storage/scratch1/7/wahrens6/SparseArrayProgrammingSuite/src/saps/downloaders/snap.py", line 37, in download_snap_dataset
       edge_list_path = _ensure_downloaded(slug, dataset_dir)
                        ^^^^^^^^^^^^^^^^^^^^^^^^^^^^^^^^^^^^^
     File "/storage/scratch1/7/wahrens6/SparseArrayProgrammingSuite/src/saps/downloaders/snap.py", line 166, in _ensure_downloaded
       urllib.request.urlretrieve(url, tmp_path)
     File "/storage/pace-apps/spack/packages/linux-rhel9-x86_64_v3/gcc-11.3.1/python-3.12.5-5sase6atfv2x5tf7dy5x5sqfzyguhsia/lib/python3.12/urllib/request.py", line 240, in urlretrieve
       with contextlib.closing(urlopen(url, data)) as fp:
                               ^^^^^^^^^^^^^^^^^^
     File "/storage/pace-apps/spack/packages/linux-rhel9-x86_64_v3/gcc-11.3.1/python-3.12.5-5sase6atfv2x5tf7dy5x5sqfzyguhsia/lib/python3.12/urllib/request.py", line 215, in urlopen
       return opener.open(url, data, timeout)
              ^^^^^^^^^^^^^^^^^^^^^^^^^^^^^^^
     File "/storage/pace-apps/spack/packages/linux-rhel9-x86_64_v3/gcc-11.3.1/python-3.12.5-5sase6atfv2x5tf7dy5x5sqfzyguhsia/lib/python3.12/urllib/request.py", line 521, in open
       response = meth(req, response)
                  ^^^^^^^^^^^^^^^^^^^
     File "/storage/pace-apps/spack/packages/linux-rhel9-x86_64_v3/gcc-11.3.1/python-3.12.5-5sase6atfv2x5tf7dy5x5sqfzyguhsia/lib/python3.12/urllib/request.py", line 630, in http_response
       response = self.parent.error(
                  ^^^^^^^^^^^^^^^^^^
     File "/storage/pace-apps/spack/packages/linux-rhel9-x86_64_v3/gcc-11.3.1/python-3.12.5-5sase6atfv2x5tf7dy5x5sqfzyguhsia/lib/python3.12/urllib/request.py", line 559, in error
       return self._call_chain(*args)
              ^^^^^^^^^^^^^^^^^^^^^^^
     File "/storage/pace-apps/spack/packages/linux-rhel9-x86_64_v3/gcc-11.3.1/python-3.12.5-5sase6atfv2x5tf7dy5x5sqfzyguhsia/lib/python3.12/urllib/request.py", line 492, in _call_chain
       result = func(*args)
                ^^^^^^^^^^^
     File "/storage/pace-apps/spack/packages/linux-rhel9-x86_64_v3/gcc-11.3.1/python-3.12.5-5sase6atfv2x5tf7dy5x5sqfzyguhsia/lib/python3.12/urllib/request.py", line 639, in http_error_default
       raise HTTPError(req.full_url, code, msg, hdrs, fp)
   urllib.error.HTTPError: HTTP Error 404: Not Found
   
   For parameters: snap_graph.feather-lastfm-social
   Traceback (most recent call last):
     File "/storage/home/hcoda1/7/wahrens6/.cache/pypoetry/virtualenvs/saps-RkeCTkZF-py3.12/lib/python3.12/site-packages/asv_runner/server.py", line 179, in _run_server
       _run(run_args)
     File "/storage/home/hcoda1/7/wahrens6/.cache/pypoetry/virtualenvs/saps-RkeCTkZF-py3.12/lib/python3.12/site-packages/asv_runner/run.py", line 66, in _run
       skip = benchmark.do_setup()
              ^^^^^^^^^^^^^^^^^^^^
     File "/storage/home/hcoda1/7/wahrens6/.cache/pypoetry/virtualenvs/saps-RkeCTkZF-py3.12/lib/python3.12/site-packages/asv_runner/benchmarks/time.py", line 121, in do_setup
       result = Benchmark.do_setup(self)
                ^^^^^^^^^^^^^^^^^^^^^^^^
     File "/storage/home/hcoda1/7/wahrens6/.cache/pypoetry/virtualenvs/saps-RkeCTkZF-py3.12/lib/python3.12/site-packages/asv_runner/benchmarks/_base.py", line 723, in do_setup
       setup(*self._build_params())
     File "/storage/scratch1/7/wahrens6/SparseArrayProgrammingSuite/src/saps/benchmark.py", line 428, in setup
       if param.generator.cacheable and not param.generator.backend.upload_dataset(
                                            ^^^^^^^^^^^^^^^^^^^^^^^^^^^^^^^^^^^^^^^
     File "/storage/scratch1/7/wahrens6/SparseArrayProgrammingSuite/src/saps/storage.py", line 167, in upload_dataset
       _, digest, local_path = self._generate_and_cache(generator, dataset)
                               ^^^^^^^^^^^^^^^^^^^^^^^^^^^^^^^^^^^^^^^^^^^^
     File "/storage/scratch1/7/wahrens6/SparseArrayProgrammingSuite/src/saps/storage.py", line 121, in _generate_and_cache
       data = generator.generate(dataset)
              ^^^^^^^^^^^^^^^^^^^^^^^^^^^
     File "/storage/scratch1/7/wahrens6/SparseArrayProgrammingSuite/src/saps/benchmarks/snap.py", line 434, in generate
       inputs, meta = download_snap_dataset(
                      ^^^^^^^^^^^^^^^^^^^^^^
     File "/storage/scratch1/7/wahrens6/SparseArrayProgrammingSuite/src/saps/downloaders/snap.py", line 37, in download_snap_dataset
       edge_list_path = _ensure_downloaded(slug, dataset_dir)
                        ^^^^^^^^^^^^^^^^^^^^^^^^^^^^^^^^^^^^^
     File "/storage/scratch1/7/wahrens6/SparseArrayProgrammingSuite/src/saps/downloaders/snap.py", line 166, in _ensure_downloaded
       urllib.request.urlretrieve(url, tmp_path)
     File "/storage/pace-apps/spack/packages/linux-rhel9-x86_64_v3/gcc-11.3.1/python-3.12.5-5sase6atfv2x5tf7dy5x5sqfzyguhsia/lib/python3.12/urllib/request.py", line 240, in urlretrieve
       with contextlib.closing(urlopen(url, data)) as fp:
                               ^^^^^^^^^^^^^^^^^^
     File "/storage/pace-apps/spack/packages/linux-rhel9-x86_64_v3/gcc-11.3.1/python-3.12.5-5sase6atfv2x5tf7dy5x5sqfzyguhsia/lib/python3.12/urllib/request.py", line 215, in urlopen
       return opener.open(url, data, timeout)
              ^^^^^^^^^^^^^^^^^^^^^^^^^^^^^^^
     File "/storage/pace-apps/spack/packages/linux-rhel9-x86_64_v3/gcc-11.3.1/python-3.12.5-5sase6atfv2x5tf7dy5x5sqfzyguhsia/lib/python3.12/urllib/request.py", line 521, in open
       response = meth(req, response)
                  ^^^^^^^^^^^^^^^^^^^
     File "/storage/pace-apps/spack/packages/linux-rhel9-x86_64_v3/gcc-11.3.1/python-3.12.5-5sase6atfv2x5tf7dy5x5sqfzyguhsia/lib/python3.12/urllib/request.py", line 630, in http_response
       response = self.parent.error(
                  ^^^^^^^^^^^^^^^^^^
     File "/storage/pace-apps/spack/packages/linux-rhel9-x86_64_v3/gcc-11.3.1/python-3.12.5-5sase6atfv2x5tf7dy5x5sqfzyguhsia/lib/python3.12/urllib/request.py", line 559, in error
       return self._call_chain(*args)
              ^^^^^^^^^^^^^^^^^^^^^^^
     File "/storage/pace-apps/spack/packages/linux-rhel9-x86_64_v3/gcc-11.3.1/python-3.12.5-5sase6atfv2x5tf7dy5x5sqfzyguhsia/lib/python3.12/urllib/request.py", line 492, in _call_chain
       result = func(*args)
                ^^^^^^^^^^^
     File "/storage/pace-apps/spack/packages/linux-rhel9-x86_64_v3/gcc-11.3.1/python-3.12.5-5sase6atfv2x5tf7dy5x5sqfzyguhsia/lib/python3.12/urllib/request.py", line 639, in http_error_default
       raise HTTPError(req.full_url, code, msg, hdrs, fp)
   urllib.error.HTTPError: HTTP Error 404: Not Found
   
   For parameters: snap_graph.twitch-gamers
   Traceback (most recent call last):
     File "/storage/home/hcoda1/7/wahrens6/.cache/pypoetry/virtualenvs/saps-RkeCTkZF-py3.12/lib/python3.12/site-packages/asv_runner/server.py", line 179, in _run_server
       _run(run_args)
     File "/storage/home/hcoda1/7/wahrens6/.cache/pypoetry/virtualenvs/saps-RkeCTkZF-py3.12/lib/python3.12/site-packages/asv_runner/run.py", line 66, in _run
       skip = benchmark.do_setup()
              ^^^^^^^^^^^^^^^^^^^^
     File "/storage/home/hcoda1/7/wahrens6/.cache/pypoetry/virtualenvs/saps-RkeCTkZF-py3.12/lib/python3.12/site-packages/asv_runner/benchmarks/time.py", line 121, in do_setup
       result = Benchmark.do_setup(self)
                ^^^^^^^^^^^^^^^^^^^^^^^^
     File "/storage/home/hcoda1/7/wahrens6/.cache/pypoetry/virtualenvs/saps-RkeCTkZF-py3.12/lib/python3.12/site-packages/asv_runner/benchmarks/_base.py", line 723, in do_setup
       setup(*self._build_params())
     File "/storage/scratch1/7/wahrens6/SparseArrayProgrammingSuite/src/saps/benchmark.py", line 428, in setup
       if param.generator.cacheable and not param.generator.backend.upload_dataset(
                                            ^^^^^^^^^^^^^^^^^^^^^^^^^^^^^^^^^^^^^^^
     File "/storage/scratch1/7/wahrens6/SparseArrayProgrammingSuite/src/saps/storage.py", line 167, in upload_dataset
       _, digest, local_path = self._generate_and_cache(generator, dataset)
                               ^^^^^^^^^^^^^^^^^^^^^^^^^^^^^^^^^^^^^^^^^^^^
     File "/storage/scratch1/7/wahrens6/SparseArrayProgrammingSuite/src/saps/storage.py", line 121, in _generate_and_cache
       data = generator.generate(dataset)
              ^^^^^^^^^^^^^^^^^^^^^^^^^^^
     File "/storage/scratch1/7/wahrens6/SparseArrayProgrammingSuite/src/saps/benchmarks/snap.py", line 434, in generate
       inputs, meta = download_snap_dataset(
                      ^^^^^^^^^^^^^^^^^^^^^^
     File "/storage/scratch1/7/wahrens6/SparseArrayProgrammingSuite/src/saps/downloaders/snap.py", line 37, in download_snap_dataset
       edge_list_path = _ensure_downloaded(slug, dataset_dir)
                        ^^^^^^^^^^^^^^^^^^^^^^^^^^^^^^^^^^^^^
     File "/storage/scratch1/7/wahrens6/SparseArrayProgrammingSuite/src/saps/downloaders/snap.py", line 166, in _ensure_downloaded
       urllib.request.urlretrieve(url, tmp_path)
     File "/storage/pace-apps/spack/packages/linux-rhel9-x86_64_v3/gcc-11.3.1/python-3.12.5-5sase6atfv2x5tf7dy5x5sqfzyguhsia/lib/python3.12/urllib/request.py", line 240, in urlretrieve
       with contextlib.closing(urlopen(url, data)) as fp:
                               ^^^^^^^^^^^^^^^^^^
     File "/storage/pace-apps/spack/packages/linux-rhel9-x86_64_v3/gcc-11.3.1/python-3.12.5-5sase6atfv2x5tf7dy5x5sqfzyguhsia/lib/python3.12/urllib/request.py", line 215, in urlopen
       return opener.open(url, data, timeout)
              ^^^^^^^^^^^^^^^^^^^^^^^^^^^^^^^
     File "/storage/pace-apps/spack/packages/linux-rhel9-x86_64_v3/gcc-11.3.1/python-3.12.5-5sase6atfv2x5tf7dy5x5sqfzyguhsia/lib/python3.12/urllib/request.py", line 521, in open
       response = meth(req, response)
                  ^^^^^^^^^^^^^^^^^^^
     File "/storage/pace-apps/spack/packages/linux-rhel9-x86_64_v3/gcc-11.3.1/python-3.12.5-5sase6atfv2x5tf7dy5x5sqfzyguhsia/lib/python3.12/urllib/request.py", line 630, in http_response
       response = self.parent.error(
                  ^^^^^^^^^^^^^^^^^^
     File "/storage/pace-apps/spack/packages/linux-rhel9-x86_64_v3/gcc-11.3.1/python-3.12.5-5sase6atfv2x5tf7dy5x5sqfzyguhsia/lib/python3.12/urllib/request.py", line 559, in error
       return self._call_chain(*args)
              ^^^^^^^^^^^^^^^^^^^^^^^
     File "/storage/pace-apps/spack/packages/linux-rhel9-x86_64_v3/gcc-11.3.1/python-3.12.5-5sase6atfv2x5tf7dy5x5sqfzyguhsia/lib/python3.12/urllib/request.py", line 492, in _call_chain
       result = func(*args)
                ^^^^^^^^^^^
     File "/storage/pace-apps/spack/packages/linux-rhel9-x86_64_v3/gcc-11.3.1/python-3.12.5-5sase6atfv2x5tf7dy5x5sqfzyguhsia/lib/python3.12/urllib/request.py", line 639, in http_error_default
       raise HTTPError(req.full_url, code, msg, hdrs, fp)
   urllib.error.HTTPError: HTTP Error 404: Not Found
   
   For parameters: snap_graph.congress-Twitter
   Traceback (most recent call last):
     File "/storage/home/hcoda1/7/wahrens6/.cache/pypoetry/virtualenvs/saps-RkeCTkZF-py3.12/lib/python3.12/site-packages/asv_runner/server.py", line 179, in _run_server
       _run(run_args)
     File "/storage/home/hcoda1/7/wahrens6/.cache/pypoetry/virtualenvs/saps-RkeCTkZF-py3.12/lib/python3.12/site-packages/asv_runner/run.py", line 66, in _run
       skip = benchmark.do_setup()
              ^^^^^^^^^^^^^^^^^^^^
     File "/storage/home/hcoda1/7/wahrens6/.cache/pypoetry/virtualenvs/saps-RkeCTkZF-py3.12/lib/python3.12/site-packages/asv_runner/benchmarks/time.py", line 121, in do_setup
       result = Benchmark.do_setup(self)
                ^^^^^^^^^^^^^^^^^^^^^^^^
     File "/storage/home/hcoda1/7/wahrens6/.cache/pypoetry/virtualenvs/saps-RkeCTkZF-py3.12/lib/python3.12/site-packages/asv_runner/benchmarks/_base.py", line 723, in do_setup
       setup(*self._build_params())
     File "/storage/scratch1/7/wahrens6/SparseArrayProgrammingSuite/src/saps/benchmark.py", line 428, in setup
       if param.generator.cacheable and not param.generator.backend.upload_dataset(
                                            ^^^^^^^^^^^^^^^^^^^^^^^^^^^^^^^^^^^^^^^
     File "/storage/scratch1/7/wahrens6/SparseArrayProgrammingSuite/src/saps/storage.py", line 167, in upload_dataset
       _, digest, local_path = self._generate_and_cache(generator, dataset)
                               ^^^^^^^^^^^^^^^^^^^^^^^^^^^^^^^^^^^^^^^^^^^^
     File "/storage/scratch1/7/wahrens6/SparseArrayProgrammingSuite/src/saps/storage.py", line 121, in _generate_and_cache
       data = generator.generate(dataset)
              ^^^^^^^^^^^^^^^^^^^^^^^^^^^
     File "/storage/scratch1/7/wahrens6/SparseArrayProgrammingSuite/src/saps/benchmarks/snap.py", line 434, in generate
       inputs, meta = download_snap_dataset(
                      ^^^^^^^^^^^^^^^^^^^^^^
     File "/storage/scratch1/7/wahrens6/SparseArrayProgrammingSuite/src/saps/downloaders/snap.py", line 37, in download_snap_dataset
       edge_list_path = _ensure_downloaded(slug, dataset_dir)
                        ^^^^^^^^^^^^^^^^^^^^^^^^^^^^^^^^^^^^^
     File "/storage/scratch1/7/wahrens6/SparseArrayProgrammingSuite/src/saps/downloaders/snap.py", line 166, in _ensure_downloaded
       urllib.request.urlretrieve(url, tmp_path)
     File "/storage/pace-apps/spack/packages/linux-rhel9-x86_64_v3/gcc-11.3.1/python-3.12.5-5sase6atfv2x5tf7dy5x5sqfzyguhsia/lib/python3.12/urllib/request.py", line 240, in urlretrieve
       with contextlib.closing(urlopen(url, data)) as fp:
                               ^^^^^^^^^^^^^^^^^^
     File "/storage/pace-apps/spack/packages/linux-rhel9-x86_64_v3/gcc-11.3.1/python-3.12.5-5sase6atfv2x5tf7dy5x5sqfzyguhsia/lib/python3.12/urllib/request.py", line 215, in urlopen
       return opener.open(url, data, timeout)
              ^^^^^^^^^^^^^^^^^^^^^^^^^^^^^^^
     File "/storage/pace-apps/spack/packages/linux-rhel9-x86_64_v3/gcc-11.3.1/python-3.12.5-5sase6atfv2x5tf7dy5x5sqfzyguhsia/lib/python3.12/urllib/request.py", line 521, in open
       response = meth(req, response)
                  ^^^^^^^^^^^^^^^^^^^
     File "/storage/pace-apps/spack/packages/linux-rhel9-x86_64_v3/gcc-11.3.1/python-3.12.5-5sase6atfv2x5tf7dy5x5sqfzyguhsia/lib/python3.12/urllib/request.py", line 630, in http_response
       response = self.parent.error(
                  ^^^^^^^^^^^^^^^^^^
     File "/storage/pace-apps/spack/packages/linux-rhel9-x86_64_v3/gcc-11.3.1/python-3.12.5-5sase6atfv2x5tf7dy5x5sqfzyguhsia/lib/python3.12/urllib/request.py", line 559, in error
       return self._call_chain(*args)
              ^^^^^^^^^^^^^^^^^^^^^^^
     File "/storage/pace-apps/spack/packages/linux-rhel9-x86_64_v3/gcc-11.3.1/python-3.12.5-5sase6atfv2x5tf7dy5x5sqfzyguhsia/lib/python3.12/urllib/request.py", line 492, in _call_chain
       result = func(*args)
                ^^^^^^^^^^^
     File "/storage/pace-apps/spack/packages/linux-rhel9-x86_64_v3/gcc-11.3.1/python-3.12.5-5sase6atfv2x5tf7dy5x5sqfzyguhsia/lib/python3.12/urllib/request.py", line 639, in http_error_default
       raise HTTPError(req.full_url, code, msg, hdrs, fp)
   urllib.error.HTTPError: HTTP Error 404: Not Found
   
   For parameters: snap_graph.com-LiveJournal
   Traceback (most recent call last):
     File "/storage/home/hcoda1/7/wahrens6/.cache/pypoetry/virtualenvs/saps-RkeCTkZF-py3.12/lib/python3.12/site-packages/asv_runner/server.py", line 179, in _run_server
       _run(run_args)
     File "/storage/home/hcoda1/7/wahrens6/.cache/pypoetry/virtualenvs/saps-RkeCTkZF-py3.12/lib/python3.12/site-packages/asv_runner/run.py", line 66, in _run
       skip = benchmark.do_setup()
              ^^^^^^^^^^^^^^^^^^^^
     File "/storage/home/hcoda1/7/wahrens6/.cache/pypoetry/virtualenvs/saps-RkeCTkZF-py3.12/lib/python3.12/site-packages/asv_runner/benchmarks/time.py", line 121, in do_setup
       result = Benchmark.do_setup(self)
                ^^^^^^^^^^^^^^^^^^^^^^^^
     File "/storage/home/hcoda1/7/wahrens6/.cache/pypoetry/virtualenvs/saps-RkeCTkZF-py3.12/lib/python3.12/site-packages/asv_runner/benchmarks/_base.py", line 723, in do_setup
       setup(*self._build_params())
     File "/storage/scratch1/7/wahrens6/SparseArrayProgrammingSuite/src/saps/benchmark.py", line 428, in setup
       if param.generator.cacheable and not param.generator.backend.upload_dataset(
                                            ^^^^^^^^^^^^^^^^^^^^^^^^^^^^^^^^^^^^^^^
     File "/storage/scratch1/7/wahrens6/SparseArrayProgrammingSuite/src/saps/storage.py", line 167, in upload_dataset
       _, digest, local_path = self._generate_and_cache(generator, dataset)
                               ^^^^^^^^^^^^^^^^^^^^^^^^^^^^^^^^^^^^^^^^^^^^
     File "/storage/scratch1/7/wahrens6/SparseArrayProgrammingSuite/src/saps/storage.py", line 121, in _generate_and_cache
       data = generator.generate(dataset)
              ^^^^^^^^^^^^^^^^^^^^^^^^^^^
     File "/storage/scratch1/7/wahrens6/SparseArrayProgrammingSuite/src/saps/benchmarks/snap.py", line 434, in generate
       inputs, meta = download_snap_dataset(
                      ^^^^^^^^^^^^^^^^^^^^^^
     File "/storage/scratch1/7/wahrens6/SparseArrayProgrammingSuite/src/saps/downloaders/snap.py", line 37, in download_snap_dataset
       edge_list_path = _ensure_downloaded(slug, dataset_dir)
                        ^^^^^^^^^^^^^^^^^^^^^^^^^^^^^^^^^^^^^
     File "/storage/scratch1/7/wahrens6/SparseArrayProgrammingSuite/src/saps/downloaders/snap.py", line 166, in _ensure_downloaded
       urllib.request.urlretrieve(url, tmp_path)
     File "/storage/pace-apps/spack/packages/linux-rhel9-x86_64_v3/gcc-11.3.1/python-3.12.5-5sase6atfv2x5tf7dy5x5sqfzyguhsia/lib/python3.12/urllib/request.py", line 240, in urlretrieve
       with contextlib.closing(urlopen(url, data)) as fp:
                               ^^^^^^^^^^^^^^^^^^
     File "/storage/pace-apps/spack/packages/linux-rhel9-x86_64_v3/gcc-11.3.1/python-3.12.5-5sase6atfv2x5tf7dy5x5sqfzyguhsia/lib/python3.12/urllib/request.py", line 215, in urlopen
       return opener.open(url, data, timeout)
              ^^^^^^^^^^^^^^^^^^^^^^^^^^^^^^^
     File "/storage/pace-apps/spack/packages/linux-rhel9-x86_64_v3/gcc-11.3.1/python-3.12.5-5sase6atfv2x5tf7dy5x5sqfzyguhsia/lib/python3.12/urllib/request.py", line 521, in open
       response = meth(req, response)
                  ^^^^^^^^^^^^^^^^^^^
     File "/storage/pace-apps/spack/packages/linux-rhel9-x86_64_v3/gcc-11.3.1/python-3.12.5-5sase6atfv2x5tf7dy5x5sqfzyguhsia/lib/python3.12/urllib/request.py", line 630, in http_response
       response = self.parent.error(
                  ^^^^^^^^^^^^^^^^^^
     File "/storage/pace-apps/spack/packages/linux-rhel9-x86_64_v3/gcc-11.3.1/python-3.12.5-5sase6atfv2x5tf7dy5x5sqfzyguhsia/lib/python3.12/urllib/request.py", line 559, in error
       return self._call_chain(*args)
              ^^^^^^^^^^^^^^^^^^^^^^^
     File "/storage/pace-apps/spack/packages/linux-rhel9-x86_64_v3/gcc-11.3.1/python-3.12.5-5sase6atfv2x5tf7dy5x5sqfzyguhsia/lib/python3.12/urllib/request.py", line 492, in _call_chain
       result = func(*args)
                ^^^^^^^^^^^
     File "/storage/pace-apps/spack/packages/linux-rhel9-x86_64_v3/gcc-11.3.1/python-3.12.5-5sase6atfv2x5tf7dy5x5sqfzyguhsia/lib/python3.12/urllib/request.py", line 639, in http_error_default
       raise HTTPError(req.full_url, code, msg, hdrs, fp)
   urllib.error.HTTPError: HTTP Error 404: Not Found
   
   For parameters: snap_graph.com-Friendster
   Traceback (most recent call last):
     File "/storage/home/hcoda1/7/wahrens6/.cache/pypoetry/virtualenvs/saps-RkeCTkZF-py3.12/lib/python3.12/site-packages/asv_runner/server.py", line 179, in _run_server
       _run(run_args)
     File "/storage/home/hcoda1/7/wahrens6/.cache/pypoetry/virtualenvs/saps-RkeCTkZF-py3.12/lib/python3.12/site-packages/asv_runner/run.py", line 66, in _run
       skip = benchmark.do_setup()
              ^^^^^^^^^^^^^^^^^^^^
     File "/storage/home/hcoda1/7/wahrens6/.cache/pypoetry/virtualenvs/saps-RkeCTkZF-py3.12/lib/python3.12/site-packages/asv_runner/benchmarks/time.py", line 121, in do_setup
       result = Benchmark.do_setup(self)
                ^^^^^^^^^^^^^^^^^^^^^^^^
     File "/storage/home/hcoda1/7/wahrens6/.cache/pypoetry/virtualenvs/saps-RkeCTkZF-py3.12/lib/python3.12/site-packages/asv_runner/benchmarks/_base.py", line 723, in do_setup
       setup(*self._build_params())
     File "/storage/scratch1/7/wahrens6/SparseArrayProgrammingSuite/src/saps/benchmark.py", line 428, in setup
       if param.generator.cacheable and not param.generator.backend.upload_dataset(
                                            ^^^^^^^^^^^^^^^^^^^^^^^^^^^^^^^^^^^^^^^
     File "/storage/scratch1/7/wahrens6/SparseArrayProgrammingSuite/src/saps/storage.py", line 167, in upload_dataset
       _, digest, local_path = self._generate_and_cache(generator, dataset)
                               ^^^^^^^^^^^^^^^^^^^^^^^^^^^^^^^^^^^^^^^^^^^^
     File "/storage/scratch1/7/wahrens6/SparseArrayProgrammingSuite/src/saps/storage.py", line 121, in _generate_and_cache
       data = generator.generate(dataset)
              ^^^^^^^^^^^^^^^^^^^^^^^^^^^
     File "/storage/scratch1/7/wahrens6/SparseArrayProgrammingSuite/src/saps/benchmarks/snap.py", line 434, in generate
       inputs, meta = download_snap_dataset(
                      ^^^^^^^^^^^^^^^^^^^^^^
     File "/storage/scratch1/7/wahrens6/SparseArrayProgrammingSuite/src/saps/downloaders/snap.py", line 37, in download_snap_dataset
       edge_list_path = _ensure_downloaded(slug, dataset_dir)
                        ^^^^^^^^^^^^^^^^^^^^^^^^^^^^^^^^^^^^^
     File "/storage/scratch1/7/wahrens6/SparseArrayProgrammingSuite/src/saps/downloaders/snap.py", line 166, in _ensure_downloaded
       urllib.request.urlretrieve(url, tmp_path)
     File "/storage/pace-apps/spack/packages/linux-rhel9-x86_64_v3/gcc-11.3.1/python-3.12.5-5sase6atfv2x5tf7dy5x5sqfzyguhsia/lib/python3.12/urllib/request.py", line 240, in urlretrieve
       with contextlib.closing(urlopen(url, data)) as fp:
                               ^^^^^^^^^^^^^^^^^^
     File "/storage/pace-apps/spack/packages/linux-rhel9-x86_64_v3/gcc-11.3.1/python-3.12.5-5sase6atfv2x5tf7dy5x5sqfzyguhsia/lib/python3.12/urllib/request.py", line 215, in urlopen
       return opener.open(url, data, timeout)
              ^^^^^^^^^^^^^^^^^^^^^^^^^^^^^^^
     File "/storage/pace-apps/spack/packages/linux-rhel9-x86_64_v3/gcc-11.3.1/python-3.12.5-5sase6atfv2x5tf7dy5x5sqfzyguhsia/lib/python3.12/urllib/request.py", line 521, in open
       response = meth(req, response)
                  ^^^^^^^^^^^^^^^^^^^
     File "/storage/pace-apps/spack/packages/linux-rhel9-x86_64_v3/gcc-11.3.1/python-3.12.5-5sase6atfv2x5tf7dy5x5sqfzyguhsia/lib/python3.12/urllib/request.py", line 630, in http_response
       response = self.parent.error(
                  ^^^^^^^^^^^^^^^^^^
     File "/storage/pace-apps/spack/packages/linux-rhel9-x86_64_v3/gcc-11.3.1/python-3.12.5-5sase6atfv2x5tf7dy5x5sqfzyguhsia/lib/python3.12/urllib/request.py", line 559, in error
       return self._call_chain(*args)
              ^^^^^^^^^^^^^^^^^^^^^^^
     File "/storage/pace-apps/spack/packages/linux-rhel9-x86_64_v3/gcc-11.3.1/python-3.12.5-5sase6atfv2x5tf7dy5x5sqfzyguhsia/lib/python3.12/urllib/request.py", line 492, in _call_chain
       result = func(*args)
                ^^^^^^^^^^^
     File "/storage/pace-apps/spack/packages/linux-rhel9-x86_64_v3/gcc-11.3.1/python-3.12.5-5sase6atfv2x5tf7dy5x5sqfzyguhsia/lib/python3.12/urllib/request.py", line 639, in http_error_default
       raise HTTPError(req.full_url, code, msg, hdrs, fp)
   urllib.error.HTTPError: HTTP Error 404: Not Found
   
   For parameters: snap_graph.com-Orkut
   Traceback (most recent call last):
     File "/storage/home/hcoda1/7/wahrens6/.cache/pypoetry/virtualenvs/saps-RkeCTkZF-py3.12/lib/python3.12/site-packages/asv_runner/server.py", line 179, in _run_server
       _run(run_args)
     File "/storage/home/hcoda1/7/wahrens6/.cache/pypoetry/virtualenvs/saps-RkeCTkZF-py3.12/lib/python3.12/site-packages/asv_runner/run.py", line 66, in _run
       skip = benchmark.do_setup()
              ^^^^^^^^^^^^^^^^^^^^
     File "/storage/home/hcoda1/7/wahrens6/.cache/pypoetry/virtualenvs/saps-RkeCTkZF-py3.12/lib/python3.12/site-packages/asv_runner/benchmarks/time.py", line 121, in do_setup
       result = Benchmark.do_setup(self)
                ^^^^^^^^^^^^^^^^^^^^^^^^
     File "/storage/home/hcoda1/7/wahrens6/.cache/pypoetry/virtualenvs/saps-RkeCTkZF-py3.12/lib/python3.12/site-packages/asv_runner/benchmarks/_base.py", line 723, in do_setup
       setup(*self._build_params())
     File "/storage/scratch1/7/wahrens6/SparseArrayProgrammingSuite/src/saps/benchmark.py", line 428, in setup
       if param.generator.cacheable and not param.generator.backend.upload_dataset(
                                            ^^^^^^^^^^^^^^^^^^^^^^^^^^^^^^^^^^^^^^^
     File "/storage/scratch1/7/wahrens6/SparseArrayProgrammingSuite/src/saps/storage.py", line 167, in upload_dataset
       _, digest, local_path = self._generate_and_cache(generator, dataset)
                               ^^^^^^^^^^^^^^^^^^^^^^^^^^^^^^^^^^^^^^^^^^^^
     File "/storage/scratch1/7/wahrens6/SparseArrayProgrammingSuite/src/saps/storage.py", line 121, in _generate_and_cache
       data = generator.generate(dataset)
              ^^^^^^^^^^^^^^^^^^^^^^^^^^^
     File "/storage/scratch1/7/wahrens6/SparseArrayProgrammingSuite/src/saps/benchmarks/snap.py", line 434, in generate
       inputs, meta = download_snap_dataset(
                      ^^^^^^^^^^^^^^^^^^^^^^
     File "/storage/scratch1/7/wahrens6/SparseArrayProgrammingSuite/src/saps/downloaders/snap.py", line 37, in download_snap_dataset
       edge_list_path = _ensure_downloaded(slug, dataset_dir)
                        ^^^^^^^^^^^^^^^^^^^^^^^^^^^^^^^^^^^^^
     File "/storage/scratch1/7/wahrens6/SparseArrayProgrammingSuite/src/saps/downloaders/snap.py", line 166, in _ensure_downloaded
       urllib.request.urlretrieve(url, tmp_path)
     File "/storage/pace-apps/spack/packages/linux-rhel9-x86_64_v3/gcc-11.3.1/python-3.12.5-5sase6atfv2x5tf7dy5x5sqfzyguhsia/lib/python3.12/urllib/request.py", line 240, in urlretrieve
       with contextlib.closing(urlopen(url, data)) as fp:
                               ^^^^^^^^^^^^^^^^^^
     File "/storage/pace-apps/spack/packages/linux-rhel9-x86_64_v3/gcc-11.3.1/python-3.12.5-5sase6atfv2x5tf7dy5x5sqfzyguhsia/lib/python3.12/urllib/request.py", line 215, in urlopen
       return opener.open(url, data, timeout)
              ^^^^^^^^^^^^^^^^^^^^^^^^^^^^^^^
     File "/storage/pace-apps/spack/packages/linux-rhel9-x86_64_v3/gcc-11.3.1/python-3.12.5-5sase6atfv2x5tf7dy5x5sqfzyguhsia/lib/python3.12/urllib/request.py", line 521, in open
       response = meth(req, response)
                  ^^^^^^^^^^^^^^^^^^^
     File "/storage/pace-apps/spack/packages/linux-rhel9-x86_64_v3/gcc-11.3.1/python-3.12.5-5sase6atfv2x5tf7dy5x5sqfzyguhsia/lib/python3.12/urllib/request.py", line 630, in http_response
       response = self.parent.error(
                  ^^^^^^^^^^^^^^^^^^
     File "/storage/pace-apps/spack/packages/linux-rhel9-x86_64_v3/gcc-11.3.1/python-3.12.5-5sase6atfv2x5tf7dy5x5sqfzyguhsia/lib/python3.12/urllib/request.py", line 559, in error
       return self._call_chain(*args)
              ^^^^^^^^^^^^^^^^^^^^^^^
     File "/storage/pace-apps/spack/packages/linux-rhel9-x86_64_v3/gcc-11.3.1/python-3.12.5-5sase6atfv2x5tf7dy5x5sqfzyguhsia/lib/python3.12/urllib/request.py", line 492, in _call_chain
       result = func(*args)
                ^^^^^^^^^^^
     File "/storage/pace-apps/spack/packages/linux-rhel9-x86_64_v3/gcc-11.3.1/python-3.12.5-5sase6atfv2x5tf7dy5x5sqfzyguhsia/lib/python3.12/urllib/request.py", line 639, in http_error_default
       raise HTTPError(req.full_url, code, msg, hdrs, fp)
   urllib.error.HTTPError: HTTP Error 404: Not Found
   
   For parameters: snap_graph.com-Youtube
   Traceback (most recent call last):
     File "/storage/home/hcoda1/7/wahrens6/.cache/pypoetry/virtualenvs/saps-RkeCTkZF-py3.12/lib/python3.12/site-packages/asv_runner/server.py", line 179, in _run_server
       _run(run_args)
     File "/storage/home/hcoda1/7/wahrens6/.cache/pypoetry/virtualenvs/saps-RkeCTkZF-py3.12/lib/python3.12/site-packages/asv_runner/run.py", line 66, in _run
       skip = benchmark.do_setup()
              ^^^^^^^^^^^^^^^^^^^^
     File "/storage/home/hcoda1/7/wahrens6/.cache/pypoetry/virtualenvs/saps-RkeCTkZF-py3.12/lib/python3.12/site-packages/asv_runner/benchmarks/time.py", line 121, in do_setup
       result = Benchmark.do_setup(self)
                ^^^^^^^^^^^^^^^^^^^^^^^^
     File "/storage/home/hcoda1/7/wahrens6/.cache/pypoetry/virtualenvs/saps-RkeCTkZF-py3.12/lib/python3.12/site-packages/asv_runner/benchmarks/_base.py", line 723, in do_setup
       setup(*self._build_params())
     File "/storage/scratch1/7/wahrens6/SparseArrayProgrammingSuite/src/saps/benchmark.py", line 428, in setup
       if param.generator.cacheable and not param.generator.backend.upload_dataset(
                                            ^^^^^^^^^^^^^^^^^^^^^^^^^^^^^^^^^^^^^^^
     File "/storage/scratch1/7/wahrens6/SparseArrayProgrammingSuite/src/saps/storage.py", line 167, in upload_dataset
       _, digest, local_path = self._generate_and_cache(generator, dataset)
                               ^^^^^^^^^^^^^^^^^^^^^^^^^^^^^^^^^^^^^^^^^^^^
     File "/storage/scratch1/7/wahrens6/SparseArrayProgrammingSuite/src/saps/storage.py", line 121, in _generate_and_cache
       data = generator.generate(dataset)
              ^^^^^^^^^^^^^^^^^^^^^^^^^^^
     File "/storage/scratch1/7/wahrens6/SparseArrayProgrammingSuite/src/saps/benchmarks/snap.py", line 434, in generate
       inputs, meta = download_snap_dataset(
                      ^^^^^^^^^^^^^^^^^^^^^^
     File "/storage/scratch1/7/wahrens6/SparseArrayProgrammingSuite/src/saps/downloaders/snap.py", line 37, in download_snap_dataset
       edge_list_path = _ensure_downloaded(slug, dataset_dir)
                        ^^^^^^^^^^^^^^^^^^^^^^^^^^^^^^^^^^^^^
     File "/storage/scratch1/7/wahrens6/SparseArrayProgrammingSuite/src/saps/downloaders/snap.py", line 166, in _ensure_downloaded
       urllib.request.urlretrieve(url, tmp_path)
     File "/storage/pace-apps/spack/packages/linux-rhel9-x86_64_v3/gcc-11.3.1/python-3.12.5-5sase6atfv2x5tf7dy5x5sqfzyguhsia/lib/python3.12/urllib/request.py", line 240, in urlretrieve
       with contextlib.closing(urlopen(url, data)) as fp:
                               ^^^^^^^^^^^^^^^^^^
     File "/storage/pace-apps/spack/packages/linux-rhel9-x86_64_v3/gcc-11.3.1/python-3.12.5-5sase6atfv2x5tf7dy5x5sqfzyguhsia/lib/python3.12/urllib/request.py", line 215, in urlopen
       return opener.open(url, data, timeout)
              ^^^^^^^^^^^^^^^^^^^^^^^^^^^^^^^
     File "/storage/pace-apps/spack/packages/linux-rhel9-x86_64_v3/gcc-11.3.1/python-3.12.5-5sase6atfv2x5tf7dy5x5sqfzyguhsia/lib/python3.12/urllib/request.py", line 521, in open
       response = meth(req, response)
                  ^^^^^^^^^^^^^^^^^^^
     File "/storage/pace-apps/spack/packages/linux-rhel9-x86_64_v3/gcc-11.3.1/python-3.12.5-5sase6atfv2x5tf7dy5x5sqfzyguhsia/lib/python3.12/urllib/request.py", line 630, in http_response
       response = self.parent.error(
                  ^^^^^^^^^^^^^^^^^^
     File "/storage/pace-apps/spack/packages/linux-rhel9-x86_64_v3/gcc-11.3.1/python-3.12.5-5sase6atfv2x5tf7dy5x5sqfzyguhsia/lib/python3.12/urllib/request.py", line 559, in error
       return self._call_chain(*args)
              ^^^^^^^^^^^^^^^^^^^^^^^
     File "/storage/pace-apps/spack/packages/linux-rhel9-x86_64_v3/gcc-11.3.1/python-3.12.5-5sase6atfv2x5tf7dy5x5sqfzyguhsia/lib/python3.12/urllib/request.py", line 492, in _call_chain
       result = func(*args)
                ^^^^^^^^^^^
     File "/storage/pace-apps/spack/packages/linux-rhel9-x86_64_v3/gcc-11.3.1/python-3.12.5-5sase6atfv2x5tf7dy5x5sqfzyguhsia/lib/python3.12/urllib/request.py", line 639, in http_error_default
       raise HTTPError(req.full_url, code, msg, hdrs, fp)
   urllib.error.HTTPError: HTTP Error 404: Not Found
   
   For parameters: snap_graph.com-DBLP
   Traceback (most recent call last):
     File "/storage/home/hcoda1/7/wahrens6/.cache/pypoetry/virtualenvs/saps-RkeCTkZF-py3.12/lib/python3.12/site-packages/asv_runner/server.py", line 179, in _run_server
       _run(run_args)
     File "/storage/home/hcoda1/7/wahrens6/.cache/pypoetry/virtualenvs/saps-RkeCTkZF-py3.12/lib/python3.12/site-packages/asv_runner/run.py", line 66, in _run
       skip = benchmark.do_setup()
              ^^^^^^^^^^^^^^^^^^^^
     File "/storage/home/hcoda1/7/wahrens6/.cache/pypoetry/virtualenvs/saps-RkeCTkZF-py3.12/lib/python3.12/site-packages/asv_runner/benchmarks/time.py", line 121, in do_setup
       result = Benchmark.do_setup(self)
                ^^^^^^^^^^^^^^^^^^^^^^^^
     File "/storage/home/hcoda1/7/wahrens6/.cache/pypoetry/virtualenvs/saps-RkeCTkZF-py3.12/lib/python3.12/site-packages/asv_runner/benchmarks/_base.py", line 723, in do_setup
       setup(*self._build_params())
     File "/storage/scratch1/7/wahrens6/SparseArrayProgrammingSuite/src/saps/benchmark.py", line 428, in setup
       if param.generator.cacheable and not param.generator.backend.upload_dataset(
                                            ^^^^^^^^^^^^^^^^^^^^^^^^^^^^^^^^^^^^^^^
     File "/storage/scratch1/7/wahrens6/SparseArrayProgrammingSuite/src/saps/storage.py", line 167, in upload_dataset
       _, digest, local_path = self._generate_and_cache(generator, dataset)
                               ^^^^^^^^^^^^^^^^^^^^^^^^^^^^^^^^^^^^^^^^^^^^
     File "/storage/scratch1/7/wahrens6/SparseArrayProgrammingSuite/src/saps/storage.py", line 121, in _generate_and_cache
       data = generator.generate(dataset)
              ^^^^^^^^^^^^^^^^^^^^^^^^^^^
     File "/storage/scratch1/7/wahrens6/SparseArrayProgrammingSuite/src/saps/benchmarks/snap.py", line 434, in generate
       inputs, meta = download_snap_dataset(
                      ^^^^^^^^^^^^^^^^^^^^^^
     File "/storage/scratch1/7/wahrens6/SparseArrayProgrammingSuite/src/saps/downloaders/snap.py", line 37, in download_snap_dataset
       edge_list_path = _ensure_downloaded(slug, dataset_dir)
                        ^^^^^^^^^^^^^^^^^^^^^^^^^^^^^^^^^^^^^
     File "/storage/scratch1/7/wahrens6/SparseArrayProgrammingSuite/src/saps/downloaders/snap.py", line 166, in _ensure_downloaded
       urllib.request.urlretrieve(url, tmp_path)
     File "/storage/pace-apps/spack/packages/linux-rhel9-x86_64_v3/gcc-11.3.1/python-3.12.5-5sase6atfv2x5tf7dy5x5sqfzyguhsia/lib/python3.12/urllib/request.py", line 240, in urlretrieve
       with contextlib.closing(urlopen(url, data)) as fp:
                               ^^^^^^^^^^^^^^^^^^
     File "/storage/pace-apps/spack/packages/linux-rhel9-x86_64_v3/gcc-11.3.1/python-3.12.5-5sase6atfv2x5tf7dy5x5sqfzyguhsia/lib/python3.12/urllib/request.py", line 215, in urlopen
       return opener.open(url, data, timeout)
              ^^^^^^^^^^^^^^^^^^^^^^^^^^^^^^^
     File "/storage/pace-apps/spack/packages/linux-rhel9-x86_64_v3/gcc-11.3.1/python-3.12.5-5sase6atfv2x5tf7dy5x5sqfzyguhsia/lib/python3.12/urllib/request.py", line 521, in open
       response = meth(req, response)
                  ^^^^^^^^^^^^^^^^^^^
     File "/storage/pace-apps/spack/packages/linux-rhel9-x86_64_v3/gcc-11.3.1/python-3.12.5-5sase6atfv2x5tf7dy5x5sqfzyguhsia/lib/python3.12/urllib/request.py", line 630, in http_response
       response = self.parent.error(
                  ^^^^^^^^^^^^^^^^^^
     File "/storage/pace-apps/spack/packages/linux-rhel9-x86_64_v3/gcc-11.3.1/python-3.12.5-5sase6atfv2x5tf7dy5x5sqfzyguhsia/lib/python3.12/urllib/request.py", line 559, in error
       return self._call_chain(*args)
              ^^^^^^^^^^^^^^^^^^^^^^^
     File "/storage/pace-apps/spack/packages/linux-rhel9-x86_64_v3/gcc-11.3.1/python-3.12.5-5sase6atfv2x5tf7dy5x5sqfzyguhsia/lib/python3.12/urllib/request.py", line 492, in _call_chain
       result = func(*args)
                ^^^^^^^^^^^
     File "/storage/pace-apps/spack/packages/linux-rhel9-x86_64_v3/gcc-11.3.1/python-3.12.5-5sase6atfv2x5tf7dy5x5sqfzyguhsia/lib/python3.12/urllib/request.py", line 639, in http_error_default
       raise HTTPError(req.full_url, code, msg, hdrs, fp)
   urllib.error.HTTPError: HTTP Error 404: Not Found
   
   For parameters: snap_graph.com-Amazon
   Traceback (most recent call last):
     File "/storage/home/hcoda1/7/wahrens6/.cache/pypoetry/virtualenvs/saps-RkeCTkZF-py3.12/lib/python3.12/site-packages/asv_runner/server.py", line 179, in _run_server
       _run(run_args)
     File "/storage/home/hcoda1/7/wahrens6/.cache/pypoetry/virtualenvs/saps-RkeCTkZF-py3.12/lib/python3.12/site-packages/asv_runner/run.py", line 66, in _run
       skip = benchmark.do_setup()
              ^^^^^^^^^^^^^^^^^^^^
     File "/storage/home/hcoda1/7/wahrens6/.cache/pypoetry/virtualenvs/saps-RkeCTkZF-py3.12/lib/python3.12/site-packages/asv_runner/benchmarks/time.py", line 121, in do_setup
       result = Benchmark.do_setup(self)
                ^^^^^^^^^^^^^^^^^^^^^^^^
     File "/storage/home/hcoda1/7/wahrens6/.cache/pypoetry/virtualenvs/saps-RkeCTkZF-py3.12/lib/python3.12/site-packages/asv_runner/benchmarks/_base.py", line 723, in do_setup
       setup(*self._build_params())
     File "/storage/scratch1/7/wahrens6/SparseArrayProgrammingSuite/src/saps/benchmark.py", line 428, in setup
       if param.generator.cacheable and not param.generator.backend.upload_dataset(
                                            ^^^^^^^^^^^^^^^^^^^^^^^^^^^^^^^^^^^^^^^
     File "/storage/scratch1/7/wahrens6/SparseArrayProgrammingSuite/src/saps/storage.py", line 167, in upload_dataset
       _, digest, local_path = self._generate_and_cache(generator, dataset)
                               ^^^^^^^^^^^^^^^^^^^^^^^^^^^^^^^^^^^^^^^^^^^^
     File "/storage/scratch1/7/wahrens6/SparseArrayProgrammingSuite/src/saps/storage.py", line 121, in _generate_and_cache
       data = generator.generate(dataset)
              ^^^^^^^^^^^^^^^^^^^^^^^^^^^
     File "/storage/scratch1/7/wahrens6/SparseArrayProgrammingSuite/src/saps/benchmarks/snap.py", line 434, in generate
       inputs, meta = download_snap_dataset(
                      ^^^^^^^^^^^^^^^^^^^^^^
     File "/storage/scratch1/7/wahrens6/SparseArrayProgrammingSuite/src/saps/downloaders/snap.py", line 37, in download_snap_dataset
       edge_list_path = _ensure_downloaded(slug, dataset_dir)
                        ^^^^^^^^^^^^^^^^^^^^^^^^^^^^^^^^^^^^^
     File "/storage/scratch1/7/wahrens6/SparseArrayProgrammingSuite/src/saps/downloaders/snap.py", line 166, in _ensure_downloaded
       urllib.request.urlretrieve(url, tmp_path)
     File "/storage/pace-apps/spack/packages/linux-rhel9-x86_64_v3/gcc-11.3.1/python-3.12.5-5sase6atfv2x5tf7dy5x5sqfzyguhsia/lib/python3.12/urllib/request.py", line 240, in urlretrieve
       with contextlib.closing(urlopen(url, data)) as fp:
                               ^^^^^^^^^^^^^^^^^^
     File "/storage/pace-apps/spack/packages/linux-rhel9-x86_64_v3/gcc-11.3.1/python-3.12.5-5sase6atfv2x5tf7dy5x5sqfzyguhsia/lib/python3.12/urllib/request.py", line 215, in urlopen
       return opener.open(url, data, timeout)
              ^^^^^^^^^^^^^^^^^^^^^^^^^^^^^^^
     File "/storage/pace-apps/spack/packages/linux-rhel9-x86_64_v3/gcc-11.3.1/python-3.12.5-5sase6atfv2x5tf7dy5x5sqfzyguhsia/lib/python3.12/urllib/request.py", line 521, in open
       response = meth(req, response)
                  ^^^^^^^^^^^^^^^^^^^
     File "/storage/pace-apps/spack/packages/linux-rhel9-x86_64_v3/gcc-11.3.1/python-3.12.5-5sase6atfv2x5tf7dy5x5sqfzyguhsia/lib/python3.12/urllib/request.py", line 630, in http_response
       response = self.parent.error(
                  ^^^^^^^^^^^^^^^^^^
     File "/storage/pace-apps/spack/packages/linux-rhel9-x86_64_v3/gcc-11.3.1/python-3.12.5-5sase6atfv2x5tf7dy5x5sqfzyguhsia/lib/python3.12/urllib/request.py", line 559, in error
       return self._call_chain(*args)
              ^^^^^^^^^^^^^^^^^^^^^^^
     File "/storage/pace-apps/spack/packages/linux-rhel9-x86_64_v3/gcc-11.3.1/python-3.12.5-5sase6atfv2x5tf7dy5x5sqfzyguhsia/lib/python3.12/urllib/request.py", line 492, in _call_chain
       result = func(*args)
                ^^^^^^^^^^^
     File "/storage/pace-apps/spack/packages/linux-rhel9-x86_64_v3/gcc-11.3.1/python-3.12.5-5sase6atfv2x5tf7dy5x5sqfzyguhsia/lib/python3.12/urllib/request.py", line 639, in http_error_default
       raise HTTPError(req.full_url, code, msg, hdrs, fp)
   urllib.error.HTTPError: HTTP Error 404: Not Found
   
   For parameters: snap_graph.email-Eu-core
   INFO botocore.tokens: Loading cached SSO token for pace-uploader
   asv: skipped: NotImplementedError('dataset cached')
   
   For parameters: snap_graph.wiki-topcats
   INFO botocore.tokens: Loading cached SSO token for pace-uploader
   asv: skipped: NotImplementedError('dataset cached')
   
   For parameters: snap_graph.cisco-secure-workload
   Traceback (most recent call last):
     File "/storage/home/hcoda1/7/wahrens6/.cache/pypoetry/virtualenvs/saps-RkeCTkZF-py3.12/lib/python3.12/site-packages/asv_runner/server.py", line 179, in _run_server
       _run(run_args)
     File "/storage/home/hcoda1/7/wahrens6/.cache/pypoetry/virtualenvs/saps-RkeCTkZF-py3.12/lib/python3.12/site-packages/asv_runner/run.py", line 66, in _run
       skip = benchmark.do_setup()
              ^^^^^^^^^^^^^^^^^^^^
     File "/storage/home/hcoda1/7/wahrens6/.cache/pypoetry/virtualenvs/saps-RkeCTkZF-py3.12/lib/python3.12/site-packages/asv_runner/benchmarks/time.py", line 121, in do_setup
       result = Benchmark.do_setup(self)
                ^^^^^^^^^^^^^^^^^^^^^^^^
     File "/storage/home/hcoda1/7/wahrens6/.cache/pypoetry/virtualenvs/saps-RkeCTkZF-py3.12/lib/python3.12/site-packages/asv_runner/benchmarks/_base.py", line 723, in do_setup
       setup(*self._build_params())
     File "/storage/scratch1/7/wahrens6/SparseArrayProgrammingSuite/src/saps/benchmark.py", line 428, in setup
       if param.generator.cacheable and not param.generator.backend.upload_dataset(
                                            ^^^^^^^^^^^^^^^^^^^^^^^^^^^^^^^^^^^^^^^
     File "/storage/scratch1/7/wahrens6/SparseArrayProgrammingSuite/src/saps/storage.py", line 167, in upload_dataset
       _, digest, local_path = self._generate_and_cache(generator, dataset)
                               ^^^^^^^^^^^^^^^^^^^^^^^^^^^^^^^^^^^^^^^^^^^^
     File "/storage/scratch1/7/wahrens6/SparseArrayProgrammingSuite/src/saps/storage.py", line 121, in _generate_and_cache
       data = generator.generate(dataset)
              ^^^^^^^^^^^^^^^^^^^^^^^^^^^
     File "/storage/scratch1/7/wahrens6/SparseArrayProgrammingSuite/src/saps/benchmarks/snap.py", line 434, in generate
       inputs, meta = download_snap_dataset(
                      ^^^^^^^^^^^^^^^^^^^^^^
     File "/storage/scratch1/7/wahrens6/SparseArrayProgrammingSuite/src/saps/downloaders/snap.py", line 37, in download_snap_dataset
       edge_list_path = _ensure_downloaded(slug, dataset_dir)
                        ^^^^^^^^^^^^^^^^^^^^^^^^^^^^^^^^^^^^^
     File "/storage/scratch1/7/wahrens6/SparseArrayProgrammingSuite/src/saps/downloaders/snap.py", line 166, in _ensure_downloaded
       urllib.request.urlretrieve(url, tmp_path)
     File "/storage/pace-apps/spack/packages/linux-rhel9-x86_64_v3/gcc-11.3.1/python-3.12.5-5sase6atfv2x5tf7dy5x5sqfzyguhsia/lib/python3.12/urllib/request.py", line 240, in urlretrieve
       with contextlib.closing(urlopen(url, data)) as fp:
                               ^^^^^^^^^^^^^^^^^^
     File "/storage/pace-apps/spack/packages/linux-rhel9-x86_64_v3/gcc-11.3.1/python-3.12.5-5sase6atfv2x5tf7dy5x5sqfzyguhsia/lib/python3.12/urllib/request.py", line 215, in urlopen
       return opener.open(url, data, timeout)
              ^^^^^^^^^^^^^^^^^^^^^^^^^^^^^^^
     File "/storage/pace-apps/spack/packages/linux-rhel9-x86_64_v3/gcc-11.3.1/python-3.12.5-5sase6atfv2x5tf7dy5x5sqfzyguhsia/lib/python3.12/urllib/request.py", line 521, in open
       response = meth(req, response)
                  ^^^^^^^^^^^^^^^^^^^
     File "/storage/pace-apps/spack/packages/linux-rhel9-x86_64_v3/gcc-11.3.1/python-3.12.5-5sase6atfv2x5tf7dy5x5sqfzyguhsia/lib/python3.12/urllib/request.py", line 630, in http_response
       response = self.parent.error(
                  ^^^^^^^^^^^^^^^^^^
     File "/storage/pace-apps/spack/packages/linux-rhel9-x86_64_v3/gcc-11.3.1/python-3.12.5-5sase6atfv2x5tf7dy5x5sqfzyguhsia/lib/python3.12/urllib/request.py", line 559, in error
       return self._call_chain(*args)
              ^^^^^^^^^^^^^^^^^^^^^^^
     File "/storage/pace-apps/spack/packages/linux-rhel9-x86_64_v3/gcc-11.3.1/python-3.12.5-5sase6atfv2x5tf7dy5x5sqfzyguhsia/lib/python3.12/urllib/request.py", line 492, in _call_chain
       result = func(*args)
                ^^^^^^^^^^^
     File "/storage/pace-apps/spack/packages/linux-rhel9-x86_64_v3/gcc-11.3.1/python-3.12.5-5sase6atfv2x5tf7dy5x5sqfzyguhsia/lib/python3.12/urllib/request.py", line 639, in http_error_default
       raise HTTPError(req.full_url, code, msg, hdrs, fp)
   urllib.error.HTTPError: HTTP Error 404: Not Found
   
   For parameters: snap_graph.email-EuAll
   INFO botocore.tokens: Loading cached SSO token for pace-uploader
   asv: skipped: NotImplementedError('dataset cached')
   
   For parameters: snap_graph.email-Enron
   INFO botocore.tokens: Loading cached SSO token for pace-uploader
   asv: skipped: NotImplementedError('dataset cached')
   
   For parameters: snap_graph.wiki-Talk
   INFO botocore.tokens: Loading cached SSO token for pace-uploader
   asv: skipped: NotImplementedError('dataset cached')
   
   For parameters: snap_graph.cit-HepPh
   INFO botocore.tokens: Loading cached SSO token for pace-uploader
   asv: skipped: NotImplementedError('dataset cached')
   
   For parameters: snap_graph.cit-HepTh
   INFO botocore.tokens: Loading cached SSO token for pace-uploader
   asv: skipped: NotImplementedError('dataset cached')
   
   For parameters: snap_graph.cit-Patents
   INFO botocore.tokens: Loading cached SSO token for pace-uploader
   asv: skipped: NotImplementedError('dataset cached')
   
   For parameters: snap_graph.ca-AstroPh
   INFO botocore.tokens: Loading cached SSO token for pace-uploader
   asv: skipped: NotImplementedError('dataset cached')
   
   For parameters: snap_graph.ca-CondMat
   INFO botocore.tokens: Loading cached SSO token for pace-uploader
   asv: skipped: NotImplementedError('dataset cached')
   
   For parameters: snap_graph.ca-GrQc
   INFO botocore.tokens: Loading cached SSO token for pace-uploader
   asv: skipped: NotImplementedError('dataset cached')
   
   For parameters: snap_graph.ca-HepPh
   INFO botocore.tokens: Loading cached SSO token for pace-uploader
   asv: skipped: NotImplementedError('dataset cached')
   
   For parameters: snap_graph.ca-HepTh
   INFO botocore.tokens: Loading cached SSO token for pace-uploader
   asv: skipped: NotImplementedError('dataset cached')
   
   For parameters: snap_graph.web-BerkStan
   INFO botocore.tokens: Loading cached SSO token for pace-uploader
   asv: skipped: NotImplementedError('dataset cached')
   
   For parameters: snap_graph.web-Google
   INFO botocore.tokens: Loading cached SSO token for pace-uploader
   asv: skipped: NotImplementedError('dataset cached')
   
   For parameters: snap_graph.web-NotreDame
   INFO botocore.tokens: Loading cached SSO token for pace-uploader
   asv: skipped: NotImplementedError('dataset cached')
   
   For parameters: snap_graph.web-Stanford
   INFO botocore.tokens: Loading cached SSO token for pace-uploader
   asv: skipped: NotImplementedError('dataset cached')
   
   For parameters: snap_graph.amazon0302
   INFO botocore.tokens: Loading cached SSO token for pace-uploader
   asv: skipped: NotImplementedError('dataset cached')
   
   For parameters: snap_graph.amazon0312
   INFO botocore.tokens: Loading cached SSO token for pace-uploader
   asv: skipped: NotImplementedError('dataset cached')
   
   For parameters: snap_graph.amazon0505
   INFO botocore.tokens: Loading cached SSO token for pace-uploader
   asv: skipped: NotImplementedError('dataset cached')
   
   For parameters: snap_graph.amazon0601
   INFO botocore.tokens: Loading cached SSO token for pace-uploader
   asv: skipped: NotImplementedError('dataset cached')
   
   For parameters: snap_graph.amazon-meta
   Traceback (most recent call last):
     File "/storage/home/hcoda1/7/wahrens6/.cache/pypoetry/virtualenvs/saps-RkeCTkZF-py3.12/lib/python3.12/site-packages/asv_runner/server.py", line 179, in _run_server
       _run(run_args)
     File "/storage/home/hcoda1/7/wahrens6/.cache/pypoetry/virtualenvs/saps-RkeCTkZF-py3.12/lib/python3.12/site-packages/asv_runner/run.py", line 66, in _run
       skip = benchmark.do_setup()
              ^^^^^^^^^^^^^^^^^^^^
     File "/storage/home/hcoda1/7/wahrens6/.cache/pypoetry/virtualenvs/saps-RkeCTkZF-py3.12/lib/python3.12/site-packages/asv_runner/benchmarks/time.py", line 121, in do_setup
       result = Benchmark.do_setup(self)
                ^^^^^^^^^^^^^^^^^^^^^^^^
     File "/storage/home/hcoda1/7/wahrens6/.cache/pypoetry/virtualenvs/saps-RkeCTkZF-py3.12/lib/python3.12/site-packages/asv_runner/benchmarks/_base.py", line 723, in do_setup
       setup(*self._build_params())
     File "/storage/scratch1/7/wahrens6/SparseArrayProgrammingSuite/src/saps/benchmark.py", line 428, in setup
       if param.generator.cacheable and not param.generator.backend.upload_dataset(
                                            ^^^^^^^^^^^^^^^^^^^^^^^^^^^^^^^^^^^^^^^
     File "/storage/scratch1/7/wahrens6/SparseArrayProgrammingSuite/src/saps/storage.py", line 167, in upload_dataset
       _, digest, local_path = self._generate_and_cache(generator, dataset)
                               ^^^^^^^^^^^^^^^^^^^^^^^^^^^^^^^^^^^^^^^^^^^^
     File "/storage/scratch1/7/wahrens6/SparseArrayProgrammingSuite/src/saps/storage.py", line 121, in _generate_and_cache
       data = generator.generate(dataset)
              ^^^^^^^^^^^^^^^^^^^^^^^^^^^
     File "/storage/scratch1/7/wahrens6/SparseArrayProgrammingSuite/src/saps/benchmarks/snap.py", line 434, in generate
       inputs, meta = download_snap_dataset(
                      ^^^^^^^^^^^^^^^^^^^^^^
     File "/storage/scratch1/7/wahrens6/SparseArrayProgrammingSuite/src/saps/downloaders/snap.py", line 37, in download_snap_dataset
       edge_list_path = _ensure_downloaded(slug, dataset_dir)
                        ^^^^^^^^^^^^^^^^^^^^^^^^^^^^^^^^^^^^^
     File "/storage/scratch1/7/wahrens6/SparseArrayProgrammingSuite/src/saps/downloaders/snap.py", line 166, in _ensure_downloaded
       urllib.request.urlretrieve(url, tmp_path)
     File "/storage/pace-apps/spack/packages/linux-rhel9-x86_64_v3/gcc-11.3.1/python-3.12.5-5sase6atfv2x5tf7dy5x5sqfzyguhsia/lib/python3.12/urllib/request.py", line 240, in urlretrieve
       with contextlib.closing(urlopen(url, data)) as fp:
                               ^^^^^^^^^^^^^^^^^^
     File "/storage/pace-apps/spack/packages/linux-rhel9-x86_64_v3/gcc-11.3.1/python-3.12.5-5sase6atfv2x5tf7dy5x5sqfzyguhsia/lib/python3.12/urllib/request.py", line 215, in urlopen
       return opener.open(url, data, timeout)
              ^^^^^^^^^^^^^^^^^^^^^^^^^^^^^^^
     File "/storage/pace-apps/spack/packages/linux-rhel9-x86_64_v3/gcc-11.3.1/python-3.12.5-5sase6atfv2x5tf7dy5x5sqfzyguhsia/lib/python3.12/urllib/request.py", line 521, in open
       response = meth(req, response)
                  ^^^^^^^^^^^^^^^^^^^
     File "/storage/pace-apps/spack/packages/linux-rhel9-x86_64_v3/gcc-11.3.1/python-3.12.5-5sase6atfv2x5tf7dy5x5sqfzyguhsia/lib/python3.12/urllib/request.py", line 630, in http_response
       response = self.parent.error(
                  ^^^^^^^^^^^^^^^^^^
     File "/storage/pace-apps/spack/packages/linux-rhel9-x86_64_v3/gcc-11.3.1/python-3.12.5-5sase6atfv2x5tf7dy5x5sqfzyguhsia/lib/python3.12/urllib/request.py", line 559, in error
       return self._call_chain(*args)
              ^^^^^^^^^^^^^^^^^^^^^^^
     File "/storage/pace-apps/spack/packages/linux-rhel9-x86_64_v3/gcc-11.3.1/python-3.12.5-5sase6atfv2x5tf7dy5x5sqfzyguhsia/lib/python3.12/urllib/request.py", line 492, in _call_chain
       result = func(*args)
                ^^^^^^^^^^^
     File "/storage/pace-apps/spack/packages/linux-rhel9-x86_64_v3/gcc-11.3.1/python-3.12.5-5sase6atfv2x5tf7dy5x5sqfzyguhsia/lib/python3.12/urllib/request.py", line 639, in http_error_default
       raise HTTPError(req.full_url, code, msg, hdrs, fp)
   urllib.error.HTTPError: HTTP Error 404: Not Found
   
   For parameters: snap_graph.p2p-Gnutella04
   INFO botocore.tokens: Loading cached SSO token for pace-uploader
   asv: skipped: NotImplementedError('dataset cached')
   
   For parameters: snap_graph.p2p-Gnutella05
   INFO botocore.tokens: Loading cached SSO token for pace-uploader
   asv: skipped: NotImplementedError('dataset cached')
   
   For parameters: snap_graph.p2p-Gnutella06
   INFO botocore.tokens: Loading cached SSO token for pace-uploader
   asv: skipped: NotImplementedError('dataset cached')
   
   For parameters: snap_graph.p2p-Gnutella08
   INFO botocore.tokens: Loading cached SSO token for pace-uploader
   asv: skipped: NotImplementedError('dataset cached')
   
   For parameters: snap_graph.p2p-Gnutella09
   INFO botocore.tokens: Loading cached SSO token for pace-uploader
   asv: skipped: NotImplementedError('dataset cached')
   
   For parameters: snap_graph.p2p-Gnutella24
   INFO botocore.tokens: Loading cached SSO token for pace-uploader
   asv: skipped: NotImplementedError('dataset cached')
   
   For parameters: snap_graph.p2p-Gnutella25
   INFO botocore.tokens: Loading cached SSO token for pace-uploader
   asv: skipped: NotImplementedError('dataset cached')
   
   For parameters: snap_graph.p2p-Gnutella30
   INFO botocore.tokens: Loading cached SSO token for pace-uploader
   asv: skipped: NotImplementedError('dataset cached')
   
   For parameters: snap_graph.p2p-Gnutella31
   INFO botocore.tokens: Loading cached SSO token for pace-uploader
   asv: skipped: NotImplementedError('dataset cached')
   
   For parameters: snap_graph.roadNet-CA
   INFO botocore.tokens: Loading cached SSO token for pace-uploader
   asv: skipped: NotImplementedError('dataset cached')
   
   For parameters: snap_graph.roadNet-PA
   INFO botocore.tokens: Loading cached SSO token for pace-uploader
   asv: skipped: NotImplementedError('dataset cached')
   
   For parameters: snap_graph.roadNet-TX
   INFO botocore.tokens: Loading cached SSO token for pace-uploader
   asv: skipped: NotImplementedError('dataset cached')
   
   For parameters: snap_graph.as-733
   Traceback (most recent call last):
     File "/storage/home/hcoda1/7/wahrens6/.cache/pypoetry/virtualenvs/saps-RkeCTkZF-py3.12/lib/python3.12/site-packages/asv_runner/server.py", line 179, in _run_server
       _run(run_args)
     File "/storage/home/hcoda1/7/wahrens6/.cache/pypoetry/virtualenvs/saps-RkeCTkZF-py3.12/lib/python3.12/site-packages/asv_runner/run.py", line 66, in _run
       skip = benchmark.do_setup()
              ^^^^^^^^^^^^^^^^^^^^
     File "/storage/home/hcoda1/7/wahrens6/.cache/pypoetry/virtualenvs/saps-RkeCTkZF-py3.12/lib/python3.12/site-packages/asv_runner/benchmarks/time.py", line 121, in do_setup
       result = Benchmark.do_setup(self)
                ^^^^^^^^^^^^^^^^^^^^^^^^
     File "/storage/home/hcoda1/7/wahrens6/.cache/pypoetry/virtualenvs/saps-RkeCTkZF-py3.12/lib/python3.12/site-packages/asv_runner/benchmarks/_base.py", line 723, in do_setup
       setup(*self._build_params())
     File "/storage/scratch1/7/wahrens6/SparseArrayProgrammingSuite/src/saps/benchmark.py", line 428, in setup
       if param.generator.cacheable and not param.generator.backend.upload_dataset(
                                            ^^^^^^^^^^^^^^^^^^^^^^^^^^^^^^^^^^^^^^^
     File "/storage/scratch1/7/wahrens6/SparseArrayProgrammingSuite/src/saps/storage.py", line 167, in upload_dataset
       _, digest, local_path = self._generate_and_cache(generator, dataset)
                               ^^^^^^^^^^^^^^^^^^^^^^^^^^^^^^^^^^^^^^^^^^^^
     File "/storage/scratch1/7/wahrens6/SparseArrayProgrammingSuite/src/saps/storage.py", line 121, in _generate_and_cache
       data = generator.generate(dataset)
              ^^^^^^^^^^^^^^^^^^^^^^^^^^^
     File "/storage/scratch1/7/wahrens6/SparseArrayProgrammingSuite/src/saps/benchmarks/snap.py", line 434, in generate
       inputs, meta = download_snap_dataset(
                      ^^^^^^^^^^^^^^^^^^^^^^
     File "/storage/scratch1/7/wahrens6/SparseArrayProgrammingSuite/src/saps/downloaders/snap.py", line 37, in download_snap_dataset
       edge_list_path = _ensure_downloaded(slug, dataset_dir)
                        ^^^^^^^^^^^^^^^^^^^^^^^^^^^^^^^^^^^^^
     File "/storage/scratch1/7/wahrens6/SparseArrayProgrammingSuite/src/saps/downloaders/snap.py", line 166, in _ensure_downloaded
       urllib.request.urlretrieve(url, tmp_path)
     File "/storage/pace-apps/spack/packages/linux-rhel9-x86_64_v3/gcc-11.3.1/python-3.12.5-5sase6atfv2x5tf7dy5x5sqfzyguhsia/lib/python3.12/urllib/request.py", line 240, in urlretrieve
       with contextlib.closing(urlopen(url, data)) as fp:
                               ^^^^^^^^^^^^^^^^^^
     File "/storage/pace-apps/spack/packages/linux-rhel9-x86_64_v3/gcc-11.3.1/python-3.12.5-5sase6atfv2x5tf7dy5x5sqfzyguhsia/lib/python3.12/urllib/request.py", line 215, in urlopen
       return opener.open(url, data, timeout)
              ^^^^^^^^^^^^^^^^^^^^^^^^^^^^^^^
     File "/storage/pace-apps/spack/packages/linux-rhel9-x86_64_v3/gcc-11.3.1/python-3.12.5-5sase6atfv2x5tf7dy5x5sqfzyguhsia/lib/python3.12/urllib/request.py", line 521, in open
       response = meth(req, response)
                  ^^^^^^^^^^^^^^^^^^^
     File "/storage/pace-apps/spack/packages/linux-rhel9-x86_64_v3/gcc-11.3.1/python-3.12.5-5sase6atfv2x5tf7dy5x5sqfzyguhsia/lib/python3.12/urllib/request.py", line 630, in http_response
       response = self.parent.error(
                  ^^^^^^^^^^^^^^^^^^
     File "/storage/pace-apps/spack/packages/linux-rhel9-x86_64_v3/gcc-11.3.1/python-3.12.5-5sase6atfv2x5tf7dy5x5sqfzyguhsia/lib/python3.12/urllib/request.py", line 559, in error
       return self._call_chain(*args)
              ^^^^^^^^^^^^^^^^^^^^^^^
     File "/storage/pace-apps/spack/packages/linux-rhel9-x86_64_v3/gcc-11.3.1/python-3.12.5-5sase6atfv2x5tf7dy5x5sqfzyguhsia/lib/python3.12/urllib/request.py", line 492, in _call_chain
       result = func(*args)
                ^^^^^^^^^^^
     File "/storage/pace-apps/spack/packages/linux-rhel9-x86_64_v3/gcc-11.3.1/python-3.12.5-5sase6atfv2x5tf7dy5x5sqfzyguhsia/lib/python3.12/urllib/request.py", line 639, in http_error_default
       raise HTTPError(req.full_url, code, msg, hdrs, fp)
   urllib.error.HTTPError: HTTP Error 404: Not Found
   
   For parameters: snap_graph.as-Skitter
   Traceback (most recent call last):
     File "/storage/home/hcoda1/7/wahrens6/.cache/pypoetry/virtualenvs/saps-RkeCTkZF-py3.12/lib/python3.12/site-packages/asv_runner/server.py", line 179, in _run_server
       _run(run_args)
     File "/storage/home/hcoda1/7/wahrens6/.cache/pypoetry/virtualenvs/saps-RkeCTkZF-py3.12/lib/python3.12/site-packages/asv_runner/run.py", line 66, in _run
       skip = benchmark.do_setup()
              ^^^^^^^^^^^^^^^^^^^^
     File "/storage/home/hcoda1/7/wahrens6/.cache/pypoetry/virtualenvs/saps-RkeCTkZF-py3.12/lib/python3.12/site-packages/asv_runner/benchmarks/time.py", line 121, in do_setup
       result = Benchmark.do_setup(self)
                ^^^^^^^^^^^^^^^^^^^^^^^^
     File "/storage/home/hcoda1/7/wahrens6/.cache/pypoetry/virtualenvs/saps-RkeCTkZF-py3.12/lib/python3.12/site-packages/asv_runner/benchmarks/_base.py", line 723, in do_setup
       setup(*self._build_params())
     File "/storage/scratch1/7/wahrens6/SparseArrayProgrammingSuite/src/saps/benchmark.py", line 428, in setup
       if param.generator.cacheable and not param.generator.backend.upload_dataset(
                                            ^^^^^^^^^^^^^^^^^^^^^^^^^^^^^^^^^^^^^^^
     File "/storage/scratch1/7/wahrens6/SparseArrayProgrammingSuite/src/saps/storage.py", line 167, in upload_dataset
       _, digest, local_path = self._generate_and_cache(generator, dataset)
                               ^^^^^^^^^^^^^^^^^^^^^^^^^^^^^^^^^^^^^^^^^^^^
     File "/storage/scratch1/7/wahrens6/SparseArrayProgrammingSuite/src/saps/storage.py", line 121, in _generate_and_cache
       data = generator.generate(dataset)
              ^^^^^^^^^^^^^^^^^^^^^^^^^^^
     File "/storage/scratch1/7/wahrens6/SparseArrayProgrammingSuite/src/saps/benchmarks/snap.py", line 434, in generate
       inputs, meta = download_snap_dataset(
                      ^^^^^^^^^^^^^^^^^^^^^^
     File "/storage/scratch1/7/wahrens6/SparseArrayProgrammingSuite/src/saps/downloaders/snap.py", line 37, in download_snap_dataset
       edge_list_path = _ensure_downloaded(slug, dataset_dir)
                        ^^^^^^^^^^^^^^^^^^^^^^^^^^^^^^^^^^^^^
     File "/storage/scratch1/7/wahrens6/SparseArrayProgrammingSuite/src/saps/downloaders/snap.py", line 166, in _ensure_downloaded
       urllib.request.urlretrieve(url, tmp_path)
     File "/storage/pace-apps/spack/packages/linux-rhel9-x86_64_v3/gcc-11.3.1/python-3.12.5-5sase6atfv2x5tf7dy5x5sqfzyguhsia/lib/python3.12/urllib/request.py", line 240, in urlretrieve
       with contextlib.closing(urlopen(url, data)) as fp:
                               ^^^^^^^^^^^^^^^^^^
     File "/storage/pace-apps/spack/packages/linux-rhel9-x86_64_v3/gcc-11.3.1/python-3.12.5-5sase6atfv2x5tf7dy5x5sqfzyguhsia/lib/python3.12/urllib/request.py", line 215, in urlopen
       return opener.open(url, data, timeout)
              ^^^^^^^^^^^^^^^^^^^^^^^^^^^^^^^
     File "/storage/pace-apps/spack/packages/linux-rhel9-x86_64_v3/gcc-11.3.1/python-3.12.5-5sase6atfv2x5tf7dy5x5sqfzyguhsia/lib/python3.12/urllib/request.py", line 521, in open
       response = meth(req, response)
                  ^^^^^^^^^^^^^^^^^^^
     File "/storage/pace-apps/spack/packages/linux-rhel9-x86_64_v3/gcc-11.3.1/python-3.12.5-5sase6atfv2x5tf7dy5x5sqfzyguhsia/lib/python3.12/urllib/request.py", line 630, in http_response
       response = self.parent.error(
                  ^^^^^^^^^^^^^^^^^^
     File "/storage/pace-apps/spack/packages/linux-rhel9-x86_64_v3/gcc-11.3.1/python-3.12.5-5sase6atfv2x5tf7dy5x5sqfzyguhsia/lib/python3.12/urllib/request.py", line 559, in error
       return self._call_chain(*args)
              ^^^^^^^^^^^^^^^^^^^^^^^
     File "/storage/pace-apps/spack/packages/linux-rhel9-x86_64_v3/gcc-11.3.1/python-3.12.5-5sase6atfv2x5tf7dy5x5sqfzyguhsia/lib/python3.12/urllib/request.py", line 492, in _call_chain
       result = func(*args)
                ^^^^^^^^^^^
     File "/storage/pace-apps/spack/packages/linux-rhel9-x86_64_v3/gcc-11.3.1/python-3.12.5-5sase6atfv2x5tf7dy5x5sqfzyguhsia/lib/python3.12/urllib/request.py", line 639, in http_error_default
       raise HTTPError(req.full_url, code, msg, hdrs, fp)
   urllib.error.HTTPError: HTTP Error 404: Not Found
   
   For parameters: snap_graph.as-Caida
   Traceback (most recent call last):
     File "/storage/home/hcoda1/7/wahrens6/.cache/pypoetry/virtualenvs/saps-RkeCTkZF-py3.12/lib/python3.12/site-packages/asv_runner/server.py", line 179, in _run_server
       _run(run_args)
     File "/storage/home/hcoda1/7/wahrens6/.cache/pypoetry/virtualenvs/saps-RkeCTkZF-py3.12/lib/python3.12/site-packages/asv_runner/run.py", line 66, in _run
       skip = benchmark.do_setup()
              ^^^^^^^^^^^^^^^^^^^^
     File "/storage/home/hcoda1/7/wahrens6/.cache/pypoetry/virtualenvs/saps-RkeCTkZF-py3.12/lib/python3.12/site-packages/asv_runner/benchmarks/time.py", line 121, in do_setup
       result = Benchmark.do_setup(self)
                ^^^^^^^^^^^^^^^^^^^^^^^^
     File "/storage/home/hcoda1/7/wahrens6/.cache/pypoetry/virtualenvs/saps-RkeCTkZF-py3.12/lib/python3.12/site-packages/asv_runner/benchmarks/_base.py", line 723, in do_setup
       setup(*self._build_params())
     File "/storage/scratch1/7/wahrens6/SparseArrayProgrammingSuite/src/saps/benchmark.py", line 428, in setup
       if param.generator.cacheable and not param.generator.backend.upload_dataset(
                                            ^^^^^^^^^^^^^^^^^^^^^^^^^^^^^^^^^^^^^^^
     File "/storage/scratch1/7/wahrens6/SparseArrayProgrammingSuite/src/saps/storage.py", line 167, in upload_dataset
       _, digest, local_path = self._generate_and_cache(generator, dataset)
                               ^^^^^^^^^^^^^^^^^^^^^^^^^^^^^^^^^^^^^^^^^^^^
     File "/storage/scratch1/7/wahrens6/SparseArrayProgrammingSuite/src/saps/storage.py", line 121, in _generate_and_cache
       data = generator.generate(dataset)
              ^^^^^^^^^^^^^^^^^^^^^^^^^^^
     File "/storage/scratch1/7/wahrens6/SparseArrayProgrammingSuite/src/saps/benchmarks/snap.py", line 434, in generate
       inputs, meta = download_snap_dataset(
                      ^^^^^^^^^^^^^^^^^^^^^^
     File "/storage/scratch1/7/wahrens6/SparseArrayProgrammingSuite/src/saps/downloaders/snap.py", line 37, in download_snap_dataset
       edge_list_path = _ensure_downloaded(slug, dataset_dir)
                        ^^^^^^^^^^^^^^^^^^^^^^^^^^^^^^^^^^^^^
     File "/storage/scratch1/7/wahrens6/SparseArrayProgrammingSuite/src/saps/downloaders/snap.py", line 166, in _ensure_downloaded
       urllib.request.urlretrieve(url, tmp_path)
     File "/storage/pace-apps/spack/packages/linux-rhel9-x86_64_v3/gcc-11.3.1/python-3.12.5-5sase6atfv2x5tf7dy5x5sqfzyguhsia/lib/python3.12/urllib/request.py", line 240, in urlretrieve
       with contextlib.closing(urlopen(url, data)) as fp:
                               ^^^^^^^^^^^^^^^^^^
     File "/storage/pace-apps/spack/packages/linux-rhel9-x86_64_v3/gcc-11.3.1/python-3.12.5-5sase6atfv2x5tf7dy5x5sqfzyguhsia/lib/python3.12/urllib/request.py", line 215, in urlopen
       return opener.open(url, data, timeout)
              ^^^^^^^^^^^^^^^^^^^^^^^^^^^^^^^
     File "/storage/pace-apps/spack/packages/linux-rhel9-x86_64_v3/gcc-11.3.1/python-3.12.5-5sase6atfv2x5tf7dy5x5sqfzyguhsia/lib/python3.12/urllib/request.py", line 521, in open
       response = meth(req, response)
                  ^^^^^^^^^^^^^^^^^^^
     File "/storage/pace-apps/spack/packages/linux-rhel9-x86_64_v3/gcc-11.3.1/python-3.12.5-5sase6atfv2x5tf7dy5x5sqfzyguhsia/lib/python3.12/urllib/request.py", line 630, in http_response
       response = self.parent.error(
                  ^^^^^^^^^^^^^^^^^^
     File "/storage/pace-apps/spack/packages/linux-rhel9-x86_64_v3/gcc-11.3.1/python-3.12.5-5sase6atfv2x5tf7dy5x5sqfzyguhsia/lib/python3.12/urllib/request.py", line 559, in error
       return self._call_chain(*args)
              ^^^^^^^^^^^^^^^^^^^^^^^
     File "/storage/pace-apps/spack/packages/linux-rhel9-x86_64_v3/gcc-11.3.1/python-3.12.5-5sase6atfv2x5tf7dy5x5sqfzyguhsia/lib/python3.12/urllib/request.py", line 492, in _call_chain
       result = func(*args)
                ^^^^^^^^^^^
     File "/storage/pace-apps/spack/packages/linux-rhel9-x86_64_v3/gcc-11.3.1/python-3.12.5-5sase6atfv2x5tf7dy5x5sqfzyguhsia/lib/python3.12/urllib/request.py", line 639, in http_error_default
       raise HTTPError(req.full_url, code, msg, hdrs, fp)
   urllib.error.HTTPError: HTTP Error 404: Not Found
   
   For parameters: snap_graph.Oregon-1
   Traceback (most recent call last):
     File "/storage/home/hcoda1/7/wahrens6/.cache/pypoetry/virtualenvs/saps-RkeCTkZF-py3.12/lib/python3.12/site-packages/asv_runner/server.py", line 179, in _run_server
       _run(run_args)
     File "/storage/home/hcoda1/7/wahrens6/.cache/pypoetry/virtualenvs/saps-RkeCTkZF-py3.12/lib/python3.12/site-packages/asv_runner/run.py", line 66, in _run
       skip = benchmark.do_setup()
              ^^^^^^^^^^^^^^^^^^^^
     File "/storage/home/hcoda1/7/wahrens6/.cache/pypoetry/virtualenvs/saps-RkeCTkZF-py3.12/lib/python3.12/site-packages/asv_runner/benchmarks/time.py", line 121, in do_setup
       result = Benchmark.do_setup(self)
                ^^^^^^^^^^^^^^^^^^^^^^^^
     File "/storage/home/hcoda1/7/wahrens6/.cache/pypoetry/virtualenvs/saps-RkeCTkZF-py3.12/lib/python3.12/site-packages/asv_runner/benchmarks/_base.py", line 723, in do_setup
       setup(*self._build_params())
     File "/storage/scratch1/7/wahrens6/SparseArrayProgrammingSuite/src/saps/benchmark.py", line 428, in setup
       if param.generator.cacheable and not param.generator.backend.upload_dataset(
                                            ^^^^^^^^^^^^^^^^^^^^^^^^^^^^^^^^^^^^^^^
     File "/storage/scratch1/7/wahrens6/SparseArrayProgrammingSuite/src/saps/storage.py", line 167, in upload_dataset
       _, digest, local_path = self._generate_and_cache(generator, dataset)
                               ^^^^^^^^^^^^^^^^^^^^^^^^^^^^^^^^^^^^^^^^^^^^
     File "/storage/scratch1/7/wahrens6/SparseArrayProgrammingSuite/src/saps/storage.py", line 121, in _generate_and_cache
       data = generator.generate(dataset)
              ^^^^^^^^^^^^^^^^^^^^^^^^^^^
     File "/storage/scratch1/7/wahrens6/SparseArrayProgrammingSuite/src/saps/benchmarks/snap.py", line 434, in generate
       inputs, meta = download_snap_dataset(
                      ^^^^^^^^^^^^^^^^^^^^^^
     File "/storage/scratch1/7/wahrens6/SparseArrayProgrammingSuite/src/saps/downloaders/snap.py", line 37, in download_snap_dataset
       edge_list_path = _ensure_downloaded(slug, dataset_dir)
                        ^^^^^^^^^^^^^^^^^^^^^^^^^^^^^^^^^^^^^
     File "/storage/scratch1/7/wahrens6/SparseArrayProgrammingSuite/src/saps/downloaders/snap.py", line 166, in _ensure_downloaded
       urllib.request.urlretrieve(url, tmp_path)
     File "/storage/pace-apps/spack/packages/linux-rhel9-x86_64_v3/gcc-11.3.1/python-3.12.5-5sase6atfv2x5tf7dy5x5sqfzyguhsia/lib/python3.12/urllib/request.py", line 240, in urlretrieve
       with contextlib.closing(urlopen(url, data)) as fp:
                               ^^^^^^^^^^^^^^^^^^
     File "/storage/pace-apps/spack/packages/linux-rhel9-x86_64_v3/gcc-11.3.1/python-3.12.5-5sase6atfv2x5tf7dy5x5sqfzyguhsia/lib/python3.12/urllib/request.py", line 215, in urlopen
       return opener.open(url, data, timeout)
              ^^^^^^^^^^^^^^^^^^^^^^^^^^^^^^^
     File "/storage/pace-apps/spack/packages/linux-rhel9-x86_64_v3/gcc-11.3.1/python-3.12.5-5sase6atfv2x5tf7dy5x5sqfzyguhsia/lib/python3.12/urllib/request.py", line 521, in open
       response = meth(req, response)
                  ^^^^^^^^^^^^^^^^^^^
     File "/storage/pace-apps/spack/packages/linux-rhel9-x86_64_v3/gcc-11.3.1/python-3.12.5-5sase6atfv2x5tf7dy5x5sqfzyguhsia/lib/python3.12/urllib/request.py", line 630, in http_response
       response = self.parent.error(
                  ^^^^^^^^^^^^^^^^^^
     File "/storage/pace-apps/spack/packages/linux-rhel9-x86_64_v3/gcc-11.3.1/python-3.12.5-5sase6atfv2x5tf7dy5x5sqfzyguhsia/lib/python3.12/urllib/request.py", line 559, in error
       return self._call_chain(*args)
              ^^^^^^^^^^^^^^^^^^^^^^^
     File "/storage/pace-apps/spack/packages/linux-rhel9-x86_64_v3/gcc-11.3.1/python-3.12.5-5sase6atfv2x5tf7dy5x5sqfzyguhsia/lib/python3.12/urllib/request.py", line 492, in _call_chain
       result = func(*args)
                ^^^^^^^^^^^
     File "/storage/pace-apps/spack/packages/linux-rhel9-x86_64_v3/gcc-11.3.1/python-3.12.5-5sase6atfv2x5tf7dy5x5sqfzyguhsia/lib/python3.12/urllib/request.py", line 639, in http_error_default
       raise HTTPError(req.full_url, code, msg, hdrs, fp)
   urllib.error.HTTPError: HTTP Error 404: Not Found
   
   For parameters: snap_graph.Oregon-2
   Traceback (most recent call last):
     File "/storage/home/hcoda1/7/wahrens6/.cache/pypoetry/virtualenvs/saps-RkeCTkZF-py3.12/lib/python3.12/site-packages/asv_runner/server.py", line 179, in _run_server
       _run(run_args)
     File "/storage/home/hcoda1/7/wahrens6/.cache/pypoetry/virtualenvs/saps-RkeCTkZF-py3.12/lib/python3.12/site-packages/asv_runner/run.py", line 66, in _run
       skip = benchmark.do_setup()
              ^^^^^^^^^^^^^^^^^^^^
     File "/storage/home/hcoda1/7/wahrens6/.cache/pypoetry/virtualenvs/saps-RkeCTkZF-py3.12/lib/python3.12/site-packages/asv_runner/benchmarks/time.py", line 121, in do_setup
       result = Benchmark.do_setup(self)
                ^^^^^^^^^^^^^^^^^^^^^^^^
     File "/storage/home/hcoda1/7/wahrens6/.cache/pypoetry/virtualenvs/saps-RkeCTkZF-py3.12/lib/python3.12/site-packages/asv_runner/benchmarks/_base.py", line 723, in do_setup
       setup(*self._build_params())
     File "/storage/scratch1/7/wahrens6/SparseArrayProgrammingSuite/src/saps/benchmark.py", line 428, in setup
       if param.generator.cacheable and not param.generator.backend.upload_dataset(
                                            ^^^^^^^^^^^^^^^^^^^^^^^^^^^^^^^^^^^^^^^
     File "/storage/scratch1/7/wahrens6/SparseArrayProgrammingSuite/src/saps/storage.py", line 167, in upload_dataset
       _, digest, local_path = self._generate_and_cache(generator, dataset)
                               ^^^^^^^^^^^^^^^^^^^^^^^^^^^^^^^^^^^^^^^^^^^^
     File "/storage/scratch1/7/wahrens6/SparseArrayProgrammingSuite/src/saps/storage.py", line 121, in _generate_and_cache
       data = generator.generate(dataset)
              ^^^^^^^^^^^^^^^^^^^^^^^^^^^
     File "/storage/scratch1/7/wahrens6/SparseArrayProgrammingSuite/src/saps/benchmarks/snap.py", line 434, in generate
       inputs, meta = download_snap_dataset(
                      ^^^^^^^^^^^^^^^^^^^^^^
     File "/storage/scratch1/7/wahrens6/SparseArrayProgrammingSuite/src/saps/downloaders/snap.py", line 37, in download_snap_dataset
       edge_list_path = _ensure_downloaded(slug, dataset_dir)
                        ^^^^^^^^^^^^^^^^^^^^^^^^^^^^^^^^^^^^^
     File "/storage/scratch1/7/wahrens6/SparseArrayProgrammingSuite/src/saps/downloaders/snap.py", line 166, in _ensure_downloaded
       urllib.request.urlretrieve(url, tmp_path)
     File "/storage/pace-apps/spack/packages/linux-rhel9-x86_64_v3/gcc-11.3.1/python-3.12.5-5sase6atfv2x5tf7dy5x5sqfzyguhsia/lib/python3.12/urllib/request.py", line 240, in urlretrieve
       with contextlib.closing(urlopen(url, data)) as fp:
                               ^^^^^^^^^^^^^^^^^^
     File "/storage/pace-apps/spack/packages/linux-rhel9-x86_64_v3/gcc-11.3.1/python-3.12.5-5sase6atfv2x5tf7dy5x5sqfzyguhsia/lib/python3.12/urllib/request.py", line 215, in urlopen
       return opener.open(url, data, timeout)
              ^^^^^^^^^^^^^^^^^^^^^^^^^^^^^^^
     File "/storage/pace-apps/spack/packages/linux-rhel9-x86_64_v3/gcc-11.3.1/python-3.12.5-5sase6atfv2x5tf7dy5x5sqfzyguhsia/lib/python3.12/urllib/request.py", line 521, in open
       response = meth(req, response)
                  ^^^^^^^^^^^^^^^^^^^
     File "/storage/pace-apps/spack/packages/linux-rhel9-x86_64_v3/gcc-11.3.1/python-3.12.5-5sase6atfv2x5tf7dy5x5sqfzyguhsia/lib/python3.12/urllib/request.py", line 630, in http_response
       response = self.parent.error(
                  ^^^^^^^^^^^^^^^^^^
     File "/storage/pace-apps/spack/packages/linux-rhel9-x86_64_v3/gcc-11.3.1/python-3.12.5-5sase6atfv2x5tf7dy5x5sqfzyguhsia/lib/python3.12/urllib/request.py", line 559, in error
       return self._call_chain(*args)
              ^^^^^^^^^^^^^^^^^^^^^^^
     File "/storage/pace-apps/spack/packages/linux-rhel9-x86_64_v3/gcc-11.3.1/python-3.12.5-5sase6atfv2x5tf7dy5x5sqfzyguhsia/lib/python3.12/urllib/request.py", line 492, in _call_chain
       result = func(*args)
                ^^^^^^^^^^^
     File "/storage/pace-apps/spack/packages/linux-rhel9-x86_64_v3/gcc-11.3.1/python-3.12.5-5sase6atfv2x5tf7dy5x5sqfzyguhsia/lib/python3.12/urllib/request.py", line 639, in http_error_default
       raise HTTPError(req.full_url, code, msg, hdrs, fp)
   urllib.error.HTTPError: HTTP Error 404: Not Found
   
   For parameters: snap_graph.soc-sign-epinions
   INFO botocore.tokens: Loading cached SSO token for pace-uploader
   asv: skipped: NotImplementedError('dataset cached')
   
   For parameters: snap_graph.wiki-Elec
   Traceback (most recent call last):
     File "/storage/home/hcoda1/7/wahrens6/.cache/pypoetry/virtualenvs/saps-RkeCTkZF-py3.12/lib/python3.12/site-packages/asv_runner/server.py", line 179, in _run_server
       _run(run_args)
     File "/storage/home/hcoda1/7/wahrens6/.cache/pypoetry/virtualenvs/saps-RkeCTkZF-py3.12/lib/python3.12/site-packages/asv_runner/run.py", line 66, in _run
       skip = benchmark.do_setup()
              ^^^^^^^^^^^^^^^^^^^^
     File "/storage/home/hcoda1/7/wahrens6/.cache/pypoetry/virtualenvs/saps-RkeCTkZF-py3.12/lib/python3.12/site-packages/asv_runner/benchmarks/time.py", line 121, in do_setup
       result = Benchmark.do_setup(self)
                ^^^^^^^^^^^^^^^^^^^^^^^^
     File "/storage/home/hcoda1/7/wahrens6/.cache/pypoetry/virtualenvs/saps-RkeCTkZF-py3.12/lib/python3.12/site-packages/asv_runner/benchmarks/_base.py", line 723, in do_setup
       setup(*self._build_params())
     File "/storage/scratch1/7/wahrens6/SparseArrayProgrammingSuite/src/saps/benchmark.py", line 428, in setup
       if param.generator.cacheable and not param.generator.backend.upload_dataset(
                                            ^^^^^^^^^^^^^^^^^^^^^^^^^^^^^^^^^^^^^^^
     File "/storage/scratch1/7/wahrens6/SparseArrayProgrammingSuite/src/saps/storage.py", line 167, in upload_dataset
       _, digest, local_path = self._generate_and_cache(generator, dataset)
                               ^^^^^^^^^^^^^^^^^^^^^^^^^^^^^^^^^^^^^^^^^^^^
     File "/storage/scratch1/7/wahrens6/SparseArrayProgrammingSuite/src/saps/storage.py", line 121, in _generate_and_cache
       data = generator.generate(dataset)
              ^^^^^^^^^^^^^^^^^^^^^^^^^^^
     File "/storage/scratch1/7/wahrens6/SparseArrayProgrammingSuite/src/saps/benchmarks/snap.py", line 434, in generate
       inputs, meta = download_snap_dataset(
                      ^^^^^^^^^^^^^^^^^^^^^^
     File "/storage/scratch1/7/wahrens6/SparseArrayProgrammingSuite/src/saps/downloaders/snap.py", line 37, in download_snap_dataset
       edge_list_path = _ensure_downloaded(slug, dataset_dir)
                        ^^^^^^^^^^^^^^^^^^^^^^^^^^^^^^^^^^^^^
     File "/storage/scratch1/7/wahrens6/SparseArrayProgrammingSuite/src/saps/downloaders/snap.py", line 166, in _ensure_downloaded
       urllib.request.urlretrieve(url, tmp_path)
     File "/storage/pace-apps/spack/packages/linux-rhel9-x86_64_v3/gcc-11.3.1/python-3.12.5-5sase6atfv2x5tf7dy5x5sqfzyguhsia/lib/python3.12/urllib/request.py", line 240, in urlretrieve
       with contextlib.closing(urlopen(url, data)) as fp:
                               ^^^^^^^^^^^^^^^^^^
     File "/storage/pace-apps/spack/packages/linux-rhel9-x86_64_v3/gcc-11.3.1/python-3.12.5-5sase6atfv2x5tf7dy5x5sqfzyguhsia/lib/python3.12/urllib/request.py", line 215, in urlopen
       return opener.open(url, data, timeout)
              ^^^^^^^^^^^^^^^^^^^^^^^^^^^^^^^
     File "/storage/pace-apps/spack/packages/linux-rhel9-x86_64_v3/gcc-11.3.1/python-3.12.5-5sase6atfv2x5tf7dy5x5sqfzyguhsia/lib/python3.12/urllib/request.py", line 521, in open
       response = meth(req, response)
                  ^^^^^^^^^^^^^^^^^^^
     File "/storage/pace-apps/spack/packages/linux-rhel9-x86_64_v3/gcc-11.3.1/python-3.12.5-5sase6atfv2x5tf7dy5x5sqfzyguhsia/lib/python3.12/urllib/request.py", line 630, in http_response
       response = self.parent.error(
                  ^^^^^^^^^^^^^^^^^^
     File "/storage/pace-apps/spack/packages/linux-rhel9-x86_64_v3/gcc-11.3.1/python-3.12.5-5sase6atfv2x5tf7dy5x5sqfzyguhsia/lib/python3.12/urllib/request.py", line 559, in error
       return self._call_chain(*args)
              ^^^^^^^^^^^^^^^^^^^^^^^
     File "/storage/pace-apps/spack/packages/linux-rhel9-x86_64_v3/gcc-11.3.1/python-3.12.5-5sase6atfv2x5tf7dy5x5sqfzyguhsia/lib/python3.12/urllib/request.py", line 492, in _call_chain
       result = func(*args)
                ^^^^^^^^^^^
     File "/storage/pace-apps/spack/packages/linux-rhel9-x86_64_v3/gcc-11.3.1/python-3.12.5-5sase6atfv2x5tf7dy5x5sqfzyguhsia/lib/python3.12/urllib/request.py", line 639, in http_error_default
       raise HTTPError(req.full_url, code, msg, hdrs, fp)
   urllib.error.HTTPError: HTTP Error 404: Not Found
   
   For parameters: snap_graph.soc-sign-Slashdot081106
   INFO botocore.tokens: Loading cached SSO token for pace-uploader
   asv: skipped: NotImplementedError('dataset cached')
   
   For parameters: snap_graph.soc-sign-Slashdot090216
   INFO botocore.tokens: Loading cached SSO token for pace-uploader
   asv: skipped: NotImplementedError('dataset cached')
   
   For parameters: snap_graph.soc-sign-Slashdot090221
   INFO botocore.tokens: Loading cached SSO token for pace-uploader
   asv: skipped: NotImplementedError('dataset cached')
   
   For parameters: snap_graph.loc-Gowalla
   Traceback (most recent call last):
     File "/storage/home/hcoda1/7/wahrens6/.cache/pypoetry/virtualenvs/saps-RkeCTkZF-py3.12/lib/python3.12/site-packages/asv_runner/server.py", line 179, in _run_server
       _run(run_args)
     File "/storage/home/hcoda1/7/wahrens6/.cache/pypoetry/virtualenvs/saps-RkeCTkZF-py3.12/lib/python3.12/site-packages/asv_runner/run.py", line 66, in _run
       skip = benchmark.do_setup()
              ^^^^^^^^^^^^^^^^^^^^
     File "/storage/home/hcoda1/7/wahrens6/.cache/pypoetry/virtualenvs/saps-RkeCTkZF-py3.12/lib/python3.12/site-packages/asv_runner/benchmarks/time.py", line 121, in do_setup
       result = Benchmark.do_setup(self)
                ^^^^^^^^^^^^^^^^^^^^^^^^
     File "/storage/home/hcoda1/7/wahrens6/.cache/pypoetry/virtualenvs/saps-RkeCTkZF-py3.12/lib/python3.12/site-packages/asv_runner/benchmarks/_base.py", line 723, in do_setup
       setup(*self._build_params())
     File "/storage/scratch1/7/wahrens6/SparseArrayProgrammingSuite/src/saps/benchmark.py", line 428, in setup
       if param.generator.cacheable and not param.generator.backend.upload_dataset(
                                            ^^^^^^^^^^^^^^^^^^^^^^^^^^^^^^^^^^^^^^^
     File "/storage/scratch1/7/wahrens6/SparseArrayProgrammingSuite/src/saps/storage.py", line 167, in upload_dataset
       _, digest, local_path = self._generate_and_cache(generator, dataset)
                               ^^^^^^^^^^^^^^^^^^^^^^^^^^^^^^^^^^^^^^^^^^^^
     File "/storage/scratch1/7/wahrens6/SparseArrayProgrammingSuite/src/saps/storage.py", line 121, in _generate_and_cache
       data = generator.generate(dataset)
              ^^^^^^^^^^^^^^^^^^^^^^^^^^^
     File "/storage/scratch1/7/wahrens6/SparseArrayProgrammingSuite/src/saps/benchmarks/snap.py", line 434, in generate
       inputs, meta = download_snap_dataset(
                      ^^^^^^^^^^^^^^^^^^^^^^
     File "/storage/scratch1/7/wahrens6/SparseArrayProgrammingSuite/src/saps/downloaders/snap.py", line 37, in download_snap_dataset
       edge_list_path = _ensure_downloaded(slug, dataset_dir)
                        ^^^^^^^^^^^^^^^^^^^^^^^^^^^^^^^^^^^^^
     File "/storage/scratch1/7/wahrens6/SparseArrayProgrammingSuite/src/saps/downloaders/snap.py", line 166, in _ensure_downloaded
       urllib.request.urlretrieve(url, tmp_path)
     File "/storage/pace-apps/spack/packages/linux-rhel9-x86_64_v3/gcc-11.3.1/python-3.12.5-5sase6atfv2x5tf7dy5x5sqfzyguhsia/lib/python3.12/urllib/request.py", line 240, in urlretrieve
       with contextlib.closing(urlopen(url, data)) as fp:
                               ^^^^^^^^^^^^^^^^^^
     File "/storage/pace-apps/spack/packages/linux-rhel9-x86_64_v3/gcc-11.3.1/python-3.12.5-5sase6atfv2x5tf7dy5x5sqfzyguhsia/lib/python3.12/urllib/request.py", line 215, in urlopen
       return opener.open(url, data, timeout)
              ^^^^^^^^^^^^^^^^^^^^^^^^^^^^^^^
     File "/storage/pace-apps/spack/packages/linux-rhel9-x86_64_v3/gcc-11.3.1/python-3.12.5-5sase6atfv2x5tf7dy5x5sqfzyguhsia/lib/python3.12/urllib/request.py", line 521, in open
       response = meth(req, response)
                  ^^^^^^^^^^^^^^^^^^^
     File "/storage/pace-apps/spack/packages/linux-rhel9-x86_64_v3/gcc-11.3.1/python-3.12.5-5sase6atfv2x5tf7dy5x5sqfzyguhsia/lib/python3.12/urllib/request.py", line 630, in http_response
       response = self.parent.error(
                  ^^^^^^^^^^^^^^^^^^
     File "/storage/pace-apps/spack/packages/linux-rhel9-x86_64_v3/gcc-11.3.1/python-3.12.5-5sase6atfv2x5tf7dy5x5sqfzyguhsia/lib/python3.12/urllib/request.py", line 559, in error
       return self._call_chain(*args)
              ^^^^^^^^^^^^^^^^^^^^^^^
     File "/storage/pace-apps/spack/packages/linux-rhel9-x86_64_v3/gcc-11.3.1/python-3.12.5-5sase6atfv2x5tf7dy5x5sqfzyguhsia/lib/python3.12/urllib/request.py", line 492, in _call_chain
       result = func(*args)
                ^^^^^^^^^^^
     File "/storage/pace-apps/spack/packages/linux-rhel9-x86_64_v3/gcc-11.3.1/python-3.12.5-5sase6atfv2x5tf7dy5x5sqfzyguhsia/lib/python3.12/urllib/request.py", line 639, in http_error_default
       raise HTTPError(req.full_url, code, msg, hdrs, fp)
   urllib.error.HTTPError: HTTP Error 404: Not Found
   
   For parameters: snap_graph.loc-Brightkite
   Traceback (most recent call last):
     File "/storage/home/hcoda1/7/wahrens6/.cache/pypoetry/virtualenvs/saps-RkeCTkZF-py3.12/lib/python3.12/site-packages/asv_runner/server.py", line 179, in _run_server
       _run(run_args)
     File "/storage/home/hcoda1/7/wahrens6/.cache/pypoetry/virtualenvs/saps-RkeCTkZF-py3.12/lib/python3.12/site-packages/asv_runner/run.py", line 66, in _run
       skip = benchmark.do_setup()
              ^^^^^^^^^^^^^^^^^^^^
     File "/storage/home/hcoda1/7/wahrens6/.cache/pypoetry/virtualenvs/saps-RkeCTkZF-py3.12/lib/python3.12/site-packages/asv_runner/benchmarks/time.py", line 121, in do_setup
       result = Benchmark.do_setup(self)
                ^^^^^^^^^^^^^^^^^^^^^^^^
     File "/storage/home/hcoda1/7/wahrens6/.cache/pypoetry/virtualenvs/saps-RkeCTkZF-py3.12/lib/python3.12/site-packages/asv_runner/benchmarks/_base.py", line 723, in do_setup
       setup(*self._build_params())
     File "/storage/scratch1/7/wahrens6/SparseArrayProgrammingSuite/src/saps/benchmark.py", line 428, in setup
       if param.generator.cacheable and not param.generator.backend.upload_dataset(
                                            ^^^^^^^^^^^^^^^^^^^^^^^^^^^^^^^^^^^^^^^
     File "/storage/scratch1/7/wahrens6/SparseArrayProgrammingSuite/src/saps/storage.py", line 167, in upload_dataset
       _, digest, local_path = self._generate_and_cache(generator, dataset)
                               ^^^^^^^^^^^^^^^^^^^^^^^^^^^^^^^^^^^^^^^^^^^^
     File "/storage/scratch1/7/wahrens6/SparseArrayProgrammingSuite/src/saps/storage.py", line 121, in _generate_and_cache
       data = generator.generate(dataset)
              ^^^^^^^^^^^^^^^^^^^^^^^^^^^
     File "/storage/scratch1/7/wahrens6/SparseArrayProgrammingSuite/src/saps/benchmarks/snap.py", line 434, in generate
       inputs, meta = download_snap_dataset(
                      ^^^^^^^^^^^^^^^^^^^^^^
     File "/storage/scratch1/7/wahrens6/SparseArrayProgrammingSuite/src/saps/downloaders/snap.py", line 37, in download_snap_dataset
       edge_list_path = _ensure_downloaded(slug, dataset_dir)
                        ^^^^^^^^^^^^^^^^^^^^^^^^^^^^^^^^^^^^^
     File "/storage/scratch1/7/wahrens6/SparseArrayProgrammingSuite/src/saps/downloaders/snap.py", line 166, in _ensure_downloaded
       urllib.request.urlretrieve(url, tmp_path)
     File "/storage/pace-apps/spack/packages/linux-rhel9-x86_64_v3/gcc-11.3.1/python-3.12.5-5sase6atfv2x5tf7dy5x5sqfzyguhsia/lib/python3.12/urllib/request.py", line 240, in urlretrieve
       with contextlib.closing(urlopen(url, data)) as fp:
                               ^^^^^^^^^^^^^^^^^^
     File "/storage/pace-apps/spack/packages/linux-rhel9-x86_64_v3/gcc-11.3.1/python-3.12.5-5sase6atfv2x5tf7dy5x5sqfzyguhsia/lib/python3.12/urllib/request.py", line 215, in urlopen
       return opener.open(url, data, timeout)
              ^^^^^^^^^^^^^^^^^^^^^^^^^^^^^^^
     File "/storage/pace-apps/spack/packages/linux-rhel9-x86_64_v3/gcc-11.3.1/python-3.12.5-5sase6atfv2x5tf7dy5x5sqfzyguhsia/lib/python3.12/urllib/request.py", line 521, in open
       response = meth(req, response)
                  ^^^^^^^^^^^^^^^^^^^
     File "/storage/pace-apps/spack/packages/linux-rhel9-x86_64_v3/gcc-11.3.1/python-3.12.5-5sase6atfv2x5tf7dy5x5sqfzyguhsia/lib/python3.12/urllib/request.py", line 630, in http_response
       response = self.parent.error(
                  ^^^^^^^^^^^^^^^^^^
     File "/storage/pace-apps/spack/packages/linux-rhel9-x86_64_v3/gcc-11.3.1/python-3.12.5-5sase6atfv2x5tf7dy5x5sqfzyguhsia/lib/python3.12/urllib/request.py", line 559, in error
       return self._call_chain(*args)
              ^^^^^^^^^^^^^^^^^^^^^^^
     File "/storage/pace-apps/spack/packages/linux-rhel9-x86_64_v3/gcc-11.3.1/python-3.12.5-5sase6atfv2x5tf7dy5x5sqfzyguhsia/lib/python3.12/urllib/request.py", line 492, in _call_chain
       result = func(*args)
                ^^^^^^^^^^^
     File "/storage/pace-apps/spack/packages/linux-rhel9-x86_64_v3/gcc-11.3.1/python-3.12.5-5sase6atfv2x5tf7dy5x5sqfzyguhsia/lib/python3.12/urllib/request.py", line 639, in http_error_default
       raise HTTPError(req.full_url, code, msg, hdrs, fp)
   urllib.error.HTTPError: HTTP Error 404: Not Found
   
   For parameters: snap_graph.wikispeedia
   Traceback (most recent call last):
     File "/storage/home/hcoda1/7/wahrens6/.cache/pypoetry/virtualenvs/saps-RkeCTkZF-py3.12/lib/python3.12/site-packages/asv_runner/server.py", line 179, in _run_server
       _run(run_args)
     File "/storage/home/hcoda1/7/wahrens6/.cache/pypoetry/virtualenvs/saps-RkeCTkZF-py3.12/lib/python3.12/site-packages/asv_runner/run.py", line 66, in _run
       skip = benchmark.do_setup()
              ^^^^^^^^^^^^^^^^^^^^
     File "/storage/home/hcoda1/7/wahrens6/.cache/pypoetry/virtualenvs/saps-RkeCTkZF-py3.12/lib/python3.12/site-packages/asv_runner/benchmarks/time.py", line 121, in do_setup
       result = Benchmark.do_setup(self)
                ^^^^^^^^^^^^^^^^^^^^^^^^
     File "/storage/home/hcoda1/7/wahrens6/.cache/pypoetry/virtualenvs/saps-RkeCTkZF-py3.12/lib/python3.12/site-packages/asv_runner/benchmarks/_base.py", line 723, in do_setup
       setup(*self._build_params())
     File "/storage/scratch1/7/wahrens6/SparseArrayProgrammingSuite/src/saps/benchmark.py", line 428, in setup
       if param.generator.cacheable and not param.generator.backend.upload_dataset(
                                            ^^^^^^^^^^^^^^^^^^^^^^^^^^^^^^^^^^^^^^^
     File "/storage/scratch1/7/wahrens6/SparseArrayProgrammingSuite/src/saps/storage.py", line 167, in upload_dataset
       _, digest, local_path = self._generate_and_cache(generator, dataset)
                               ^^^^^^^^^^^^^^^^^^^^^^^^^^^^^^^^^^^^^^^^^^^^
     File "/storage/scratch1/7/wahrens6/SparseArrayProgrammingSuite/src/saps/storage.py", line 121, in _generate_and_cache
       data = generator.generate(dataset)
              ^^^^^^^^^^^^^^^^^^^^^^^^^^^
     File "/storage/scratch1/7/wahrens6/SparseArrayProgrammingSuite/src/saps/benchmarks/snap.py", line 434, in generate
       inputs, meta = download_snap_dataset(
                      ^^^^^^^^^^^^^^^^^^^^^^
     File "/storage/scratch1/7/wahrens6/SparseArrayProgrammingSuite/src/saps/downloaders/snap.py", line 37, in download_snap_dataset
       edge_list_path = _ensure_downloaded(slug, dataset_dir)
                        ^^^^^^^^^^^^^^^^^^^^^^^^^^^^^^^^^^^^^
     File "/storage/scratch1/7/wahrens6/SparseArrayProgrammingSuite/src/saps/downloaders/snap.py", line 166, in _ensure_downloaded
       urllib.request.urlretrieve(url, tmp_path)
     File "/storage/pace-apps/spack/packages/linux-rhel9-x86_64_v3/gcc-11.3.1/python-3.12.5-5sase6atfv2x5tf7dy5x5sqfzyguhsia/lib/python3.12/urllib/request.py", line 240, in urlretrieve
       with contextlib.closing(urlopen(url, data)) as fp:
                               ^^^^^^^^^^^^^^^^^^
     File "/storage/pace-apps/spack/packages/linux-rhel9-x86_64_v3/gcc-11.3.1/python-3.12.5-5sase6atfv2x5tf7dy5x5sqfzyguhsia/lib/python3.12/urllib/request.py", line 215, in urlopen
       return opener.open(url, data, timeout)
              ^^^^^^^^^^^^^^^^^^^^^^^^^^^^^^^
     File "/storage/pace-apps/spack/packages/linux-rhel9-x86_64_v3/gcc-11.3.1/python-3.12.5-5sase6atfv2x5tf7dy5x5sqfzyguhsia/lib/python3.12/urllib/request.py", line 521, in open
       response = meth(req, response)
                  ^^^^^^^^^^^^^^^^^^^
     File "/storage/pace-apps/spack/packages/linux-rhel9-x86_64_v3/gcc-11.3.1/python-3.12.5-5sase6atfv2x5tf7dy5x5sqfzyguhsia/lib/python3.12/urllib/request.py", line 630, in http_response
       response = self.parent.error(
                  ^^^^^^^^^^^^^^^^^^
     File "/storage/pace-apps/spack/packages/linux-rhel9-x86_64_v3/gcc-11.3.1/python-3.12.5-5sase6atfv2x5tf7dy5x5sqfzyguhsia/lib/python3.12/urllib/request.py", line 559, in error
       return self._call_chain(*args)
              ^^^^^^^^^^^^^^^^^^^^^^^
     File "/storage/pace-apps/spack/packages/linux-rhel9-x86_64_v3/gcc-11.3.1/python-3.12.5-5sase6atfv2x5tf7dy5x5sqfzyguhsia/lib/python3.12/urllib/request.py", line 492, in _call_chain
       result = func(*args)
                ^^^^^^^^^^^
     File "/storage/pace-apps/spack/packages/linux-rhel9-x86_64_v3/gcc-11.3.1/python-3.12.5-5sase6atfv2x5tf7dy5x5sqfzyguhsia/lib/python3.12/urllib/request.py", line 639, in http_error_default
       raise HTTPError(req.full_url, code, msg, hdrs, fp)
   urllib.error.HTTPError: HTTP Error 404: Not Found
   
   For parameters: snap_graph.wiki-meta
   Traceback (most recent call last):
     File "/storage/home/hcoda1/7/wahrens6/.cache/pypoetry/virtualenvs/saps-RkeCTkZF-py3.12/lib/python3.12/site-packages/asv_runner/server.py", line 179, in _run_server
       _run(run_args)
     File "/storage/home/hcoda1/7/wahrens6/.cache/pypoetry/virtualenvs/saps-RkeCTkZF-py3.12/lib/python3.12/site-packages/asv_runner/run.py", line 66, in _run
       skip = benchmark.do_setup()
              ^^^^^^^^^^^^^^^^^^^^
     File "/storage/home/hcoda1/7/wahrens6/.cache/pypoetry/virtualenvs/saps-RkeCTkZF-py3.12/lib/python3.12/site-packages/asv_runner/benchmarks/time.py", line 121, in do_setup
       result = Benchmark.do_setup(self)
                ^^^^^^^^^^^^^^^^^^^^^^^^
     File "/storage/home/hcoda1/7/wahrens6/.cache/pypoetry/virtualenvs/saps-RkeCTkZF-py3.12/lib/python3.12/site-packages/asv_runner/benchmarks/_base.py", line 723, in do_setup
       setup(*self._build_params())
     File "/storage/scratch1/7/wahrens6/SparseArrayProgrammingSuite/src/saps/benchmark.py", line 428, in setup
       if param.generator.cacheable and not param.generator.backend.upload_dataset(
                                            ^^^^^^^^^^^^^^^^^^^^^^^^^^^^^^^^^^^^^^^
     File "/storage/scratch1/7/wahrens6/SparseArrayProgrammingSuite/src/saps/storage.py", line 167, in upload_dataset
       _, digest, local_path = self._generate_and_cache(generator, dataset)
                               ^^^^^^^^^^^^^^^^^^^^^^^^^^^^^^^^^^^^^^^^^^^^
     File "/storage/scratch1/7/wahrens6/SparseArrayProgrammingSuite/src/saps/storage.py", line 121, in _generate_and_cache
       data = generator.generate(dataset)
              ^^^^^^^^^^^^^^^^^^^^^^^^^^^
     File "/storage/scratch1/7/wahrens6/SparseArrayProgrammingSuite/src/saps/benchmarks/snap.py", line 434, in generate
       inputs, meta = download_snap_dataset(
                      ^^^^^^^^^^^^^^^^^^^^^^
     File "/storage/scratch1/7/wahrens6/SparseArrayProgrammingSuite/src/saps/downloaders/snap.py", line 37, in download_snap_dataset
       edge_list_path = _ensure_downloaded(slug, dataset_dir)
                        ^^^^^^^^^^^^^^^^^^^^^^^^^^^^^^^^^^^^^
     File "/storage/scratch1/7/wahrens6/SparseArrayProgrammingSuite/src/saps/downloaders/snap.py", line 166, in _ensure_downloaded
       urllib.request.urlretrieve(url, tmp_path)
     File "/storage/pace-apps/spack/packages/linux-rhel9-x86_64_v3/gcc-11.3.1/python-3.12.5-5sase6atfv2x5tf7dy5x5sqfzyguhsia/lib/python3.12/urllib/request.py", line 240, in urlretrieve
       with contextlib.closing(urlopen(url, data)) as fp:
                               ^^^^^^^^^^^^^^^^^^
     File "/storage/pace-apps/spack/packages/linux-rhel9-x86_64_v3/gcc-11.3.1/python-3.12.5-5sase6atfv2x5tf7dy5x5sqfzyguhsia/lib/python3.12/urllib/request.py", line 215, in urlopen
       return opener.open(url, data, timeout)
              ^^^^^^^^^^^^^^^^^^^^^^^^^^^^^^^
     File "/storage/pace-apps/spack/packages/linux-rhel9-x86_64_v3/gcc-11.3.1/python-3.12.5-5sase6atfv2x5tf7dy5x5sqfzyguhsia/lib/python3.12/urllib/request.py", line 521, in open
       response = meth(req, response)
                  ^^^^^^^^^^^^^^^^^^^
     File "/storage/pace-apps/spack/packages/linux-rhel9-x86_64_v3/gcc-11.3.1/python-3.12.5-5sase6atfv2x5tf7dy5x5sqfzyguhsia/lib/python3.12/urllib/request.py", line 630, in http_response
       response = self.parent.error(
                  ^^^^^^^^^^^^^^^^^^
     File "/storage/pace-apps/spack/packages/linux-rhel9-x86_64_v3/gcc-11.3.1/python-3.12.5-5sase6atfv2x5tf7dy5x5sqfzyguhsia/lib/python3.12/urllib/request.py", line 559, in error
       return self._call_chain(*args)
              ^^^^^^^^^^^^^^^^^^^^^^^
     File "/storage/pace-apps/spack/packages/linux-rhel9-x86_64_v3/gcc-11.3.1/python-3.12.5-5sase6atfv2x5tf7dy5x5sqfzyguhsia/lib/python3.12/urllib/request.py", line 492, in _call_chain
       result = func(*args)
                ^^^^^^^^^^^
     File "/storage/pace-apps/spack/packages/linux-rhel9-x86_64_v3/gcc-11.3.1/python-3.12.5-5sase6atfv2x5tf7dy5x5sqfzyguhsia/lib/python3.12/urllib/request.py", line 639, in http_error_default
       raise HTTPError(req.full_url, code, msg, hdrs, fp)
   urllib.error.HTTPError: HTTP Error 404: Not Found
   
   For parameters: snap_graph.wiki-hoaxes
   Traceback (most recent call last):
     File "/storage/home/hcoda1/7/wahrens6/.cache/pypoetry/virtualenvs/saps-RkeCTkZF-py3.12/lib/python3.12/site-packages/asv_runner/server.py", line 179, in _run_server
       _run(run_args)
     File "/storage/home/hcoda1/7/wahrens6/.cache/pypoetry/virtualenvs/saps-RkeCTkZF-py3.12/lib/python3.12/site-packages/asv_runner/run.py", line 66, in _run
       skip = benchmark.do_setup()
              ^^^^^^^^^^^^^^^^^^^^
     File "/storage/home/hcoda1/7/wahrens6/.cache/pypoetry/virtualenvs/saps-RkeCTkZF-py3.12/lib/python3.12/site-packages/asv_runner/benchmarks/time.py", line 121, in do_setup
       result = Benchmark.do_setup(self)
                ^^^^^^^^^^^^^^^^^^^^^^^^
     File "/storage/home/hcoda1/7/wahrens6/.cache/pypoetry/virtualenvs/saps-RkeCTkZF-py3.12/lib/python3.12/site-packages/asv_runner/benchmarks/_base.py", line 723, in do_setup
       setup(*self._build_params())
     File "/storage/scratch1/7/wahrens6/SparseArrayProgrammingSuite/src/saps/benchmark.py", line 428, in setup
       if param.generator.cacheable and not param.generator.backend.upload_dataset(
                                            ^^^^^^^^^^^^^^^^^^^^^^^^^^^^^^^^^^^^^^^
     File "/storage/scratch1/7/wahrens6/SparseArrayProgrammingSuite/src/saps/storage.py", line 167, in upload_dataset
       _, digest, local_path = self._generate_and_cache(generator, dataset)
                               ^^^^^^^^^^^^^^^^^^^^^^^^^^^^^^^^^^^^^^^^^^^^
     File "/storage/scratch1/7/wahrens6/SparseArrayProgrammingSuite/src/saps/storage.py", line 121, in _generate_and_cache
       data = generator.generate(dataset)
              ^^^^^^^^^^^^^^^^^^^^^^^^^^^
     File "/storage/scratch1/7/wahrens6/SparseArrayProgrammingSuite/src/saps/benchmarks/snap.py", line 434, in generate
       inputs, meta = download_snap_dataset(
                      ^^^^^^^^^^^^^^^^^^^^^^
     File "/storage/scratch1/7/wahrens6/SparseArrayProgrammingSuite/src/saps/downloaders/snap.py", line 37, in download_snap_dataset
       edge_list_path = _ensure_downloaded(slug, dataset_dir)
                        ^^^^^^^^^^^^^^^^^^^^^^^^^^^^^^^^^^^^^
     File "/storage/scratch1/7/wahrens6/SparseArrayProgrammingSuite/src/saps/downloaders/snap.py", line 166, in _ensure_downloaded
       urllib.request.urlretrieve(url, tmp_path)
     File "/storage/pace-apps/spack/packages/linux-rhel9-x86_64_v3/gcc-11.3.1/python-3.12.5-5sase6atfv2x5tf7dy5x5sqfzyguhsia/lib/python3.12/urllib/request.py", line 240, in urlretrieve
       with contextlib.closing(urlopen(url, data)) as fp:
                               ^^^^^^^^^^^^^^^^^^
     File "/storage/pace-apps/spack/packages/linux-rhel9-x86_64_v3/gcc-11.3.1/python-3.12.5-5sase6atfv2x5tf7dy5x5sqfzyguhsia/lib/python3.12/urllib/request.py", line 215, in urlopen
       return opener.open(url, data, timeout)
              ^^^^^^^^^^^^^^^^^^^^^^^^^^^^^^^
     File "/storage/pace-apps/spack/packages/linux-rhel9-x86_64_v3/gcc-11.3.1/python-3.12.5-5sase6atfv2x5tf7dy5x5sqfzyguhsia/lib/python3.12/urllib/request.py", line 521, in open
       response = meth(req, response)
                  ^^^^^^^^^^^^^^^^^^^
     File "/storage/pace-apps/spack/packages/linux-rhel9-x86_64_v3/gcc-11.3.1/python-3.12.5-5sase6atfv2x5tf7dy5x5sqfzyguhsia/lib/python3.12/urllib/request.py", line 630, in http_response
       response = self.parent.error(
                  ^^^^^^^^^^^^^^^^^^
     File "/storage/pace-apps/spack/packages/linux-rhel9-x86_64_v3/gcc-11.3.1/python-3.12.5-5sase6atfv2x5tf7dy5x5sqfzyguhsia/lib/python3.12/urllib/request.py", line 559, in error
       return self._call_chain(*args)
              ^^^^^^^^^^^^^^^^^^^^^^^
     File "/storage/pace-apps/spack/packages/linux-rhel9-x86_64_v3/gcc-11.3.1/python-3.12.5-5sase6atfv2x5tf7dy5x5sqfzyguhsia/lib/python3.12/urllib/request.py", line 492, in _call_chain
       result = func(*args)
                ^^^^^^^^^^^
     File "/storage/pace-apps/spack/packages/linux-rhel9-x86_64_v3/gcc-11.3.1/python-3.12.5-5sase6atfv2x5tf7dy5x5sqfzyguhsia/lib/python3.12/urllib/request.py", line 639, in http_error_default
       raise HTTPError(req.full_url, code, msg, hdrs, fp)
   urllib.error.HTTPError: HTTP Error 404: Not Found
   
   For parameters: snap_graph.musae-wiki
   Traceback (most recent call last):
     File "/storage/home/hcoda1/7/wahrens6/.cache/pypoetry/virtualenvs/saps-RkeCTkZF-py3.12/lib/python3.12/site-packages/asv_runner/server.py", line 179, in _run_server
       _run(run_args)
     File "/storage/home/hcoda1/7/wahrens6/.cache/pypoetry/virtualenvs/saps-RkeCTkZF-py3.12/lib/python3.12/site-packages/asv_runner/run.py", line 66, in _run
       skip = benchmark.do_setup()
              ^^^^^^^^^^^^^^^^^^^^
     File "/storage/home/hcoda1/7/wahrens6/.cache/pypoetry/virtualenvs/saps-RkeCTkZF-py3.12/lib/python3.12/site-packages/asv_runner/benchmarks/time.py", line 121, in do_setup
       result = Benchmark.do_setup(self)
                ^^^^^^^^^^^^^^^^^^^^^^^^
     File "/storage/home/hcoda1/7/wahrens6/.cache/pypoetry/virtualenvs/saps-RkeCTkZF-py3.12/lib/python3.12/site-packages/asv_runner/benchmarks/_base.py", line 723, in do_setup
       setup(*self._build_params())
     File "/storage/scratch1/7/wahrens6/SparseArrayProgrammingSuite/src/saps/benchmark.py", line 428, in setup
       if param.generator.cacheable and not param.generator.backend.upload_dataset(
                                            ^^^^^^^^^^^^^^^^^^^^^^^^^^^^^^^^^^^^^^^
     File "/storage/scratch1/7/wahrens6/SparseArrayProgrammingSuite/src/saps/storage.py", line 167, in upload_dataset
       _, digest, local_path = self._generate_and_cache(generator, dataset)
                               ^^^^^^^^^^^^^^^^^^^^^^^^^^^^^^^^^^^^^^^^^^^^
     File "/storage/scratch1/7/wahrens6/SparseArrayProgrammingSuite/src/saps/storage.py", line 121, in _generate_and_cache
       data = generator.generate(dataset)
              ^^^^^^^^^^^^^^^^^^^^^^^^^^^
     File "/storage/scratch1/7/wahrens6/SparseArrayProgrammingSuite/src/saps/benchmarks/snap.py", line 434, in generate
       inputs, meta = download_snap_dataset(
                      ^^^^^^^^^^^^^^^^^^^^^^
     File "/storage/scratch1/7/wahrens6/SparseArrayProgrammingSuite/src/saps/downloaders/snap.py", line 37, in download_snap_dataset
       edge_list_path = _ensure_downloaded(slug, dataset_dir)
                        ^^^^^^^^^^^^^^^^^^^^^^^^^^^^^^^^^^^^^
     File "/storage/scratch1/7/wahrens6/SparseArrayProgrammingSuite/src/saps/downloaders/snap.py", line 166, in _ensure_downloaded
       urllib.request.urlretrieve(url, tmp_path)
     File "/storage/pace-apps/spack/packages/linux-rhel9-x86_64_v3/gcc-11.3.1/python-3.12.5-5sase6atfv2x5tf7dy5x5sqfzyguhsia/lib/python3.12/urllib/request.py", line 240, in urlretrieve
       with contextlib.closing(urlopen(url, data)) as fp:
                               ^^^^^^^^^^^^^^^^^^
     File "/storage/pace-apps/spack/packages/linux-rhel9-x86_64_v3/gcc-11.3.1/python-3.12.5-5sase6atfv2x5tf7dy5x5sqfzyguhsia/lib/python3.12/urllib/request.py", line 215, in urlopen
       return opener.open(url, data, timeout)
              ^^^^^^^^^^^^^^^^^^^^^^^^^^^^^^^
     File "/storage/pace-apps/spack/packages/linux-rhel9-x86_64_v3/gcc-11.3.1/python-3.12.5-5sase6atfv2x5tf7dy5x5sqfzyguhsia/lib/python3.12/urllib/request.py", line 521, in open
       response = meth(req, response)
                  ^^^^^^^^^^^^^^^^^^^
     File "/storage/pace-apps/spack/packages/linux-rhel9-x86_64_v3/gcc-11.3.1/python-3.12.5-5sase6atfv2x5tf7dy5x5sqfzyguhsia/lib/python3.12/urllib/request.py", line 630, in http_response
       response = self.parent.error(
                  ^^^^^^^^^^^^^^^^^^
     File "/storage/pace-apps/spack/packages/linux-rhel9-x86_64_v3/gcc-11.3.1/python-3.12.5-5sase6atfv2x5tf7dy5x5sqfzyguhsia/lib/python3.12/urllib/request.py", line 559, in error
       return self._call_chain(*args)
              ^^^^^^^^^^^^^^^^^^^^^^^
     File "/storage/pace-apps/spack/packages/linux-rhel9-x86_64_v3/gcc-11.3.1/python-3.12.5-5sase6atfv2x5tf7dy5x5sqfzyguhsia/lib/python3.12/urllib/request.py", line 492, in _call_chain
       result = func(*args)
                ^^^^^^^^^^^
     File "/storage/pace-apps/spack/packages/linux-rhel9-x86_64_v3/gcc-11.3.1/python-3.12.5-5sase6atfv2x5tf7dy5x5sqfzyguhsia/lib/python3.12/urllib/request.py", line 639, in http_error_default
       raise HTTPError(req.full_url, code, msg, hdrs, fp)
   urllib.error.HTTPError: HTTP Error 404: Not Found
   
   For parameters: snap_graph.sx-stackoverflow
   INFO botocore.tokens: Loading cached SSO token for pace-uploader
   asv: skipped: NotImplementedError('dataset cached')
   
   For parameters: snap_graph.sx-mathoverflow
   INFO botocore.tokens: Loading cached SSO token for pace-uploader
   asv: skipped: NotImplementedError('dataset cached')
   
   For parameters: snap_graph.sx-superuser
   INFO botocore.tokens: Loading cached SSO token for pace-uploader
   asv: skipped: NotImplementedError('dataset cached')
   
   For parameters: snap_graph.sx-askubuntu
   INFO botocore.tokens: Loading cached SSO token for pace-uploader
   asv: skipped: NotImplementedError('dataset cached')
   
   For parameters: snap_graph.wiki-talk-temporal
   INFO botocore.tokens: Loading cached SSO token for pace-uploader
   asv: skipped: NotImplementedError('dataset cached')
   
   For parameters: snap_graph.email-Eu-core-temporal
   INFO botocore.tokens: Loading cached SSO token for pace-uploader
   asv: skipped: NotImplementedError('dataset cached')
   
   For parameters: snap_graph.CollegeMsg
   INFO botocore.tokens: Loading cached SSO token for pace-uploader
   asv: skipped: NotImplementedError('dataset cached')
   
   For parameters: snap_graph.twitter7
   Traceback (most recent call last):
     File "/storage/home/hcoda1/7/wahrens6/.cache/pypoetry/virtualenvs/saps-RkeCTkZF-py3.12/lib/python3.12/site-packages/asv_runner/server.py", line 179, in _run_server
       _run(run_args)
     File "/storage/home/hcoda1/7/wahrens6/.cache/pypoetry/virtualenvs/saps-RkeCTkZF-py3.12/lib/python3.12/site-packages/asv_runner/run.py", line 66, in _run
       skip = benchmark.do_setup()
              ^^^^^^^^^^^^^^^^^^^^
     File "/storage/home/hcoda1/7/wahrens6/.cache/pypoetry/virtualenvs/saps-RkeCTkZF-py3.12/lib/python3.12/site-packages/asv_runner/benchmarks/time.py", line 121, in do_setup
       result = Benchmark.do_setup(self)
                ^^^^^^^^^^^^^^^^^^^^^^^^
     File "/storage/home/hcoda1/7/wahrens6/.cache/pypoetry/virtualenvs/saps-RkeCTkZF-py3.12/lib/python3.12/site-packages/asv_runner/benchmarks/_base.py", line 723, in do_setup
       setup(*self._build_params())
     File "/storage/scratch1/7/wahrens6/SparseArrayProgrammingSuite/src/saps/benchmark.py", line 428, in setup
       if param.generator.cacheable and not param.generator.backend.upload_dataset(
                                            ^^^^^^^^^^^^^^^^^^^^^^^^^^^^^^^^^^^^^^^
     File "/storage/scratch1/7/wahrens6/SparseArrayProgrammingSuite/src/saps/storage.py", line 167, in upload_dataset
       _, digest, local_path = self._generate_and_cache(generator, dataset)
                               ^^^^^^^^^^^^^^^^^^^^^^^^^^^^^^^^^^^^^^^^^^^^
     File "/storage/scratch1/7/wahrens6/SparseArrayProgrammingSuite/src/saps/storage.py", line 121, in _generate_and_cache
       data = generator.generate(dataset)
              ^^^^^^^^^^^^^^^^^^^^^^^^^^^
     File "/storage/scratch1/7/wahrens6/SparseArrayProgrammingSuite/src/saps/benchmarks/snap.py", line 434, in generate
       inputs, meta = download_snap_dataset(
                      ^^^^^^^^^^^^^^^^^^^^^^
     File "/storage/scratch1/7/wahrens6/SparseArrayProgrammingSuite/src/saps/downloaders/snap.py", line 37, in download_snap_dataset
       edge_list_path = _ensure_downloaded(slug, dataset_dir)
                        ^^^^^^^^^^^^^^^^^^^^^^^^^^^^^^^^^^^^^
     File "/storage/scratch1/7/wahrens6/SparseArrayProgrammingSuite/src/saps/downloaders/snap.py", line 166, in _ensure_downloaded
       urllib.request.urlretrieve(url, tmp_path)
     File "/storage/pace-apps/spack/packages/linux-rhel9-x86_64_v3/gcc-11.3.1/python-3.12.5-5sase6atfv2x5tf7dy5x5sqfzyguhsia/lib/python3.12/urllib/request.py", line 240, in urlretrieve
       with contextlib.closing(urlopen(url, data)) as fp:
                               ^^^^^^^^^^^^^^^^^^
     File "/storage/pace-apps/spack/packages/linux-rhel9-x86_64_v3/gcc-11.3.1/python-3.12.5-5sase6atfv2x5tf7dy5x5sqfzyguhsia/lib/python3.12/urllib/request.py", line 215, in urlopen
       return opener.open(url, data, timeout)
              ^^^^^^^^^^^^^^^^^^^^^^^^^^^^^^^
     File "/storage/pace-apps/spack/packages/linux-rhel9-x86_64_v3/gcc-11.3.1/python-3.12.5-5sase6atfv2x5tf7dy5x5sqfzyguhsia/lib/python3.12/urllib/request.py", line 521, in open
       response = meth(req, response)
                  ^^^^^^^^^^^^^^^^^^^
     File "/storage/pace-apps/spack/packages/linux-rhel9-x86_64_v3/gcc-11.3.1/python-3.12.5-5sase6atfv2x5tf7dy5x5sqfzyguhsia/lib/python3.12/urllib/request.py", line 630, in http_response
       response = self.parent.error(
                  ^^^^^^^^^^^^^^^^^^
     File "/storage/pace-apps/spack/packages/linux-rhel9-x86_64_v3/gcc-11.3.1/python-3.12.5-5sase6atfv2x5tf7dy5x5sqfzyguhsia/lib/python3.12/urllib/request.py", line 559, in error
       return self._call_chain(*args)
              ^^^^^^^^^^^^^^^^^^^^^^^
     File "/storage/pace-apps/spack/packages/linux-rhel9-x86_64_v3/gcc-11.3.1/python-3.12.5-5sase6atfv2x5tf7dy5x5sqfzyguhsia/lib/python3.12/urllib/request.py", line 492, in _call_chain
       result = func(*args)
                ^^^^^^^^^^^
     File "/storage/pace-apps/spack/packages/linux-rhel9-x86_64_v3/gcc-11.3.1/python-3.12.5-5sase6atfv2x5tf7dy5x5sqfzyguhsia/lib/python3.12/urllib/request.py", line 639, in http_error_default
       raise HTTPError(req.full_url, code, msg, hdrs, fp)
   urllib.error.HTTPError: HTTP Error 404: Not Found
   
   For parameters: snap_graph.memetracker9
   Traceback (most recent call last):
     File "/storage/home/hcoda1/7/wahrens6/.cache/pypoetry/virtualenvs/saps-RkeCTkZF-py3.12/lib/python3.12/site-packages/asv_runner/server.py", line 179, in _run_server
       _run(run_args)
     File "/storage/home/hcoda1/7/wahrens6/.cache/pypoetry/virtualenvs/saps-RkeCTkZF-py3.12/lib/python3.12/site-packages/asv_runner/run.py", line 66, in _run
       skip = benchmark.do_setup()
              ^^^^^^^^^^^^^^^^^^^^
     File "/storage/home/hcoda1/7/wahrens6/.cache/pypoetry/virtualenvs/saps-RkeCTkZF-py3.12/lib/python3.12/site-packages/asv_runner/benchmarks/time.py", line 121, in do_setup
       result = Benchmark.do_setup(self)
                ^^^^^^^^^^^^^^^^^^^^^^^^
     File "/storage/home/hcoda1/7/wahrens6/.cache/pypoetry/virtualenvs/saps-RkeCTkZF-py3.12/lib/python3.12/site-packages/asv_runner/benchmarks/_base.py", line 723, in do_setup
       setup(*self._build_params())
     File "/storage/scratch1/7/wahrens6/SparseArrayProgrammingSuite/src/saps/benchmark.py", line 428, in setup
       if param.generator.cacheable and not param.generator.backend.upload_dataset(
                                            ^^^^^^^^^^^^^^^^^^^^^^^^^^^^^^^^^^^^^^^
     File "/storage/scratch1/7/wahrens6/SparseArrayProgrammingSuite/src/saps/storage.py", line 167, in upload_dataset
       _, digest, local_path = self._generate_and_cache(generator, dataset)
                               ^^^^^^^^^^^^^^^^^^^^^^^^^^^^^^^^^^^^^^^^^^^^
     File "/storage/scratch1/7/wahrens6/SparseArrayProgrammingSuite/src/saps/storage.py", line 121, in _generate_and_cache
       data = generator.generate(dataset)
              ^^^^^^^^^^^^^^^^^^^^^^^^^^^
     File "/storage/scratch1/7/wahrens6/SparseArrayProgrammingSuite/src/saps/benchmarks/snap.py", line 434, in generate
       inputs, meta = download_snap_dataset(
                      ^^^^^^^^^^^^^^^^^^^^^^
     File "/storage/scratch1/7/wahrens6/SparseArrayProgrammingSuite/src/saps/downloaders/snap.py", line 37, in download_snap_dataset
       edge_list_path = _ensure_downloaded(slug, dataset_dir)
                        ^^^^^^^^^^^^^^^^^^^^^^^^^^^^^^^^^^^^^
     File "/storage/scratch1/7/wahrens6/SparseArrayProgrammingSuite/src/saps/downloaders/snap.py", line 166, in _ensure_downloaded
       urllib.request.urlretrieve(url, tmp_path)
     File "/storage/pace-apps/spack/packages/linux-rhel9-x86_64_v3/gcc-11.3.1/python-3.12.5-5sase6atfv2x5tf7dy5x5sqfzyguhsia/lib/python3.12/urllib/request.py", line 240, in urlretrieve
       with contextlib.closing(urlopen(url, data)) as fp:
                               ^^^^^^^^^^^^^^^^^^
     File "/storage/pace-apps/spack/packages/linux-rhel9-x86_64_v3/gcc-11.3.1/python-3.12.5-5sase6atfv2x5tf7dy5x5sqfzyguhsia/lib/python3.12/urllib/request.py", line 215, in urlopen
       return opener.open(url, data, timeout)
              ^^^^^^^^^^^^^^^^^^^^^^^^^^^^^^^
     File "/storage/pace-apps/spack/packages/linux-rhel9-x86_64_v3/gcc-11.3.1/python-3.12.5-5sase6atfv2x5tf7dy5x5sqfzyguhsia/lib/python3.12/urllib/request.py", line 521, in open
       response = meth(req, response)
                  ^^^^^^^^^^^^^^^^^^^
     File "/storage/pace-apps/spack/packages/linux-rhel9-x86_64_v3/gcc-11.3.1/python-3.12.5-5sase6atfv2x5tf7dy5x5sqfzyguhsia/lib/python3.12/urllib/request.py", line 630, in http_response
       response = self.parent.error(
                  ^^^^^^^^^^^^^^^^^^
     File "/storage/pace-apps/spack/packages/linux-rhel9-x86_64_v3/gcc-11.3.1/python-3.12.5-5sase6atfv2x5tf7dy5x5sqfzyguhsia/lib/python3.12/urllib/request.py", line 559, in error
       return self._call_chain(*args)
              ^^^^^^^^^^^^^^^^^^^^^^^
     File "/storage/pace-apps/spack/packages/linux-rhel9-x86_64_v3/gcc-11.3.1/python-3.12.5-5sase6atfv2x5tf7dy5x5sqfzyguhsia/lib/python3.12/urllib/request.py", line 492, in _call_chain
       result = func(*args)
                ^^^^^^^^^^^
     File "/storage/pace-apps/spack/packages/linux-rhel9-x86_64_v3/gcc-11.3.1/python-3.12.5-5sase6atfv2x5tf7dy5x5sqfzyguhsia/lib/python3.12/urllib/request.py", line 639, in http_error_default
       raise HTTPError(req.full_url, code, msg, hdrs, fp)
   urllib.error.HTTPError: HTTP Error 404: Not Found
   
   For parameters: snap_graph.ksc-time-series
   Traceback (most recent call last):
     File "/storage/home/hcoda1/7/wahrens6/.cache/pypoetry/virtualenvs/saps-RkeCTkZF-py3.12/lib/python3.12/site-packages/asv_runner/server.py", line 179, in _run_server
       _run(run_args)
     File "/storage/home/hcoda1/7/wahrens6/.cache/pypoetry/virtualenvs/saps-RkeCTkZF-py3.12/lib/python3.12/site-packages/asv_runner/run.py", line 66, in _run
       skip = benchmark.do_setup()
              ^^^^^^^^^^^^^^^^^^^^
     File "/storage/home/hcoda1/7/wahrens6/.cache/pypoetry/virtualenvs/saps-RkeCTkZF-py3.12/lib/python3.12/site-packages/asv_runner/benchmarks/time.py", line 121, in do_setup
       result = Benchmark.do_setup(self)
                ^^^^^^^^^^^^^^^^^^^^^^^^
     File "/storage/home/hcoda1/7/wahrens6/.cache/pypoetry/virtualenvs/saps-RkeCTkZF-py3.12/lib/python3.12/site-packages/asv_runner/benchmarks/_base.py", line 723, in do_setup
       setup(*self._build_params())
     File "/storage/scratch1/7/wahrens6/SparseArrayProgrammingSuite/src/saps/benchmark.py", line 428, in setup
       if param.generator.cacheable and not param.generator.backend.upload_dataset(
                                            ^^^^^^^^^^^^^^^^^^^^^^^^^^^^^^^^^^^^^^^
     File "/storage/scratch1/7/wahrens6/SparseArrayProgrammingSuite/src/saps/storage.py", line 167, in upload_dataset
       _, digest, local_path = self._generate_and_cache(generator, dataset)
                               ^^^^^^^^^^^^^^^^^^^^^^^^^^^^^^^^^^^^^^^^^^^^
     File "/storage/scratch1/7/wahrens6/SparseArrayProgrammingSuite/src/saps/storage.py", line 121, in _generate_and_cache
       data = generator.generate(dataset)
              ^^^^^^^^^^^^^^^^^^^^^^^^^^^
     File "/storage/scratch1/7/wahrens6/SparseArrayProgrammingSuite/src/saps/benchmarks/snap.py", line 434, in generate
       inputs, meta = download_snap_dataset(
                      ^^^^^^^^^^^^^^^^^^^^^^
     File "/storage/scratch1/7/wahrens6/SparseArrayProgrammingSuite/src/saps/downloaders/snap.py", line 37, in download_snap_dataset
       edge_list_path = _ensure_downloaded(slug, dataset_dir)
                        ^^^^^^^^^^^^^^^^^^^^^^^^^^^^^^^^^^^^^
     File "/storage/scratch1/7/wahrens6/SparseArrayProgrammingSuite/src/saps/downloaders/snap.py", line 166, in _ensure_downloaded
       urllib.request.urlretrieve(url, tmp_path)
     File "/storage/pace-apps/spack/packages/linux-rhel9-x86_64_v3/gcc-11.3.1/python-3.12.5-5sase6atfv2x5tf7dy5x5sqfzyguhsia/lib/python3.12/urllib/request.py", line 240, in urlretrieve
       with contextlib.closing(urlopen(url, data)) as fp:
                               ^^^^^^^^^^^^^^^^^^
     File "/storage/pace-apps/spack/packages/linux-rhel9-x86_64_v3/gcc-11.3.1/python-3.12.5-5sase6atfv2x5tf7dy5x5sqfzyguhsia/lib/python3.12/urllib/request.py", line 215, in urlopen
       return opener.open(url, data, timeout)
              ^^^^^^^^^^^^^^^^^^^^^^^^^^^^^^^
     File "/storage/pace-apps/spack/packages/linux-rhel9-x86_64_v3/gcc-11.3.1/python-3.12.5-5sase6atfv2x5tf7dy5x5sqfzyguhsia/lib/python3.12/urllib/request.py", line 521, in open
       response = meth(req, response)
                  ^^^^^^^^^^^^^^^^^^^
     File "/storage/pace-apps/spack/packages/linux-rhel9-x86_64_v3/gcc-11.3.1/python-3.12.5-5sase6atfv2x5tf7dy5x5sqfzyguhsia/lib/python3.12/urllib/request.py", line 630, in http_response
       response = self.parent.error(
                  ^^^^^^^^^^^^^^^^^^
     File "/storage/pace-apps/spack/packages/linux-rhel9-x86_64_v3/gcc-11.3.1/python-3.12.5-5sase6atfv2x5tf7dy5x5sqfzyguhsia/lib/python3.12/urllib/request.py", line 559, in error
       return self._call_chain(*args)
              ^^^^^^^^^^^^^^^^^^^^^^^
     File "/storage/pace-apps/spack/packages/linux-rhel9-x86_64_v3/gcc-11.3.1/python-3.12.5-5sase6atfv2x5tf7dy5x5sqfzyguhsia/lib/python3.12/urllib/request.py", line 492, in _call_chain
       result = func(*args)
                ^^^^^^^^^^^
     File "/storage/pace-apps/spack/packages/linux-rhel9-x86_64_v3/gcc-11.3.1/python-3.12.5-5sase6atfv2x5tf7dy5x5sqfzyguhsia/lib/python3.12/urllib/request.py", line 639, in http_error_default
       raise HTTPError(req.full_url, code, msg, hdrs, fp)
   urllib.error.HTTPError: HTTP Error 404: Not Found
   
   For parameters: snap_graph.higgs-twitter
   Traceback (most recent call last):
     File "/storage/home/hcoda1/7/wahrens6/.cache/pypoetry/virtualenvs/saps-RkeCTkZF-py3.12/lib/python3.12/site-packages/asv_runner/server.py", line 179, in _run_server
       _run(run_args)
     File "/storage/home/hcoda1/7/wahrens6/.cache/pypoetry/virtualenvs/saps-RkeCTkZF-py3.12/lib/python3.12/site-packages/asv_runner/run.py", line 66, in _run
       skip = benchmark.do_setup()
              ^^^^^^^^^^^^^^^^^^^^
     File "/storage/home/hcoda1/7/wahrens6/.cache/pypoetry/virtualenvs/saps-RkeCTkZF-py3.12/lib/python3.12/site-packages/asv_runner/benchmarks/time.py", line 121, in do_setup
       result = Benchmark.do_setup(self)
                ^^^^^^^^^^^^^^^^^^^^^^^^
     File "/storage/home/hcoda1/7/wahrens6/.cache/pypoetry/virtualenvs/saps-RkeCTkZF-py3.12/lib/python3.12/site-packages/asv_runner/benchmarks/_base.py", line 723, in do_setup
       setup(*self._build_params())
     File "/storage/scratch1/7/wahrens6/SparseArrayProgrammingSuite/src/saps/benchmark.py", line 428, in setup
       if param.generator.cacheable and not param.generator.backend.upload_dataset(
                                            ^^^^^^^^^^^^^^^^^^^^^^^^^^^^^^^^^^^^^^^
     File "/storage/scratch1/7/wahrens6/SparseArrayProgrammingSuite/src/saps/storage.py", line 167, in upload_dataset
       _, digest, local_path = self._generate_and_cache(generator, dataset)
                               ^^^^^^^^^^^^^^^^^^^^^^^^^^^^^^^^^^^^^^^^^^^^
     File "/storage/scratch1/7/wahrens6/SparseArrayProgrammingSuite/src/saps/storage.py", line 121, in _generate_and_cache
       data = generator.generate(dataset)
              ^^^^^^^^^^^^^^^^^^^^^^^^^^^
     File "/storage/scratch1/7/wahrens6/SparseArrayProgrammingSuite/src/saps/benchmarks/snap.py", line 434, in generate
       inputs, meta = download_snap_dataset(
                      ^^^^^^^^^^^^^^^^^^^^^^
     File "/storage/scratch1/7/wahrens6/SparseArrayProgrammingSuite/src/saps/downloaders/snap.py", line 37, in download_snap_dataset
       edge_list_path = _ensure_downloaded(slug, dataset_dir)
                        ^^^^^^^^^^^^^^^^^^^^^^^^^^^^^^^^^^^^^
     File "/storage/scratch1/7/wahrens6/SparseArrayProgrammingSuite/src/saps/downloaders/snap.py", line 166, in _ensure_downloaded
       urllib.request.urlretrieve(url, tmp_path)
     File "/storage/pace-apps/spack/packages/linux-rhel9-x86_64_v3/gcc-11.3.1/python-3.12.5-5sase6atfv2x5tf7dy5x5sqfzyguhsia/lib/python3.12/urllib/request.py", line 240, in urlretrieve
       with contextlib.closing(urlopen(url, data)) as fp:
                               ^^^^^^^^^^^^^^^^^^
     File "/storage/pace-apps/spack/packages/linux-rhel9-x86_64_v3/gcc-11.3.1/python-3.12.5-5sase6atfv2x5tf7dy5x5sqfzyguhsia/lib/python3.12/urllib/request.py", line 215, in urlopen
       return opener.open(url, data, timeout)
              ^^^^^^^^^^^^^^^^^^^^^^^^^^^^^^^
     File "/storage/pace-apps/spack/packages/linux-rhel9-x86_64_v3/gcc-11.3.1/python-3.12.5-5sase6atfv2x5tf7dy5x5sqfzyguhsia/lib/python3.12/urllib/request.py", line 521, in open
       response = meth(req, response)
                  ^^^^^^^^^^^^^^^^^^^
     File "/storage/pace-apps/spack/packages/linux-rhel9-x86_64_v3/gcc-11.3.1/python-3.12.5-5sase6atfv2x5tf7dy5x5sqfzyguhsia/lib/python3.12/urllib/request.py", line 630, in http_response
       response = self.parent.error(
                  ^^^^^^^^^^^^^^^^^^
     File "/storage/pace-apps/spack/packages/linux-rhel9-x86_64_v3/gcc-11.3.1/python-3.12.5-5sase6atfv2x5tf7dy5x5sqfzyguhsia/lib/python3.12/urllib/request.py", line 559, in error
       return self._call_chain(*args)
              ^^^^^^^^^^^^^^^^^^^^^^^
     File "/storage/pace-apps/spack/packages/linux-rhel9-x86_64_v3/gcc-11.3.1/python-3.12.5-5sase6atfv2x5tf7dy5x5sqfzyguhsia/lib/python3.12/urllib/request.py", line 492, in _call_chain
       result = func(*args)
                ^^^^^^^^^^^
     File "/storage/pace-apps/spack/packages/linux-rhel9-x86_64_v3/gcc-11.3.1/python-3.12.5-5sase6atfv2x5tf7dy5x5sqfzyguhsia/lib/python3.12/urllib/request.py", line 639, in http_error_default
       raise HTTPError(req.full_url, code, msg, hdrs, fp)
   urllib.error.HTTPError: HTTP Error 404: Not Found
   
   For parameters: snap_graph.web-RedditEmbeddings
   Traceback (most recent call last):
     File "/storage/home/hcoda1/7/wahrens6/.cache/pypoetry/virtualenvs/saps-RkeCTkZF-py3.12/lib/python3.12/site-packages/asv_runner/server.py", line 179, in _run_server
       _run(run_args)
     File "/storage/home/hcoda1/7/wahrens6/.cache/pypoetry/virtualenvs/saps-RkeCTkZF-py3.12/lib/python3.12/site-packages/asv_runner/run.py", line 66, in _run
       skip = benchmark.do_setup()
              ^^^^^^^^^^^^^^^^^^^^
     File "/storage/home/hcoda1/7/wahrens6/.cache/pypoetry/virtualenvs/saps-RkeCTkZF-py3.12/lib/python3.12/site-packages/asv_runner/benchmarks/time.py", line 121, in do_setup
       result = Benchmark.do_setup(self)
                ^^^^^^^^^^^^^^^^^^^^^^^^
     File "/storage/home/hcoda1/7/wahrens6/.cache/pypoetry/virtualenvs/saps-RkeCTkZF-py3.12/lib/python3.12/site-packages/asv_runner/benchmarks/_base.py", line 723, in do_setup
       setup(*self._build_params())
     File "/storage/scratch1/7/wahrens6/SparseArrayProgrammingSuite/src/saps/benchmark.py", line 428, in setup
       if param.generator.cacheable and not param.generator.backend.upload_dataset(
                                            ^^^^^^^^^^^^^^^^^^^^^^^^^^^^^^^^^^^^^^^
     File "/storage/scratch1/7/wahrens6/SparseArrayProgrammingSuite/src/saps/storage.py", line 167, in upload_dataset
       _, digest, local_path = self._generate_and_cache(generator, dataset)
                               ^^^^^^^^^^^^^^^^^^^^^^^^^^^^^^^^^^^^^^^^^^^^
     File "/storage/scratch1/7/wahrens6/SparseArrayProgrammingSuite/src/saps/storage.py", line 121, in _generate_and_cache
       data = generator.generate(dataset)
              ^^^^^^^^^^^^^^^^^^^^^^^^^^^
     File "/storage/scratch1/7/wahrens6/SparseArrayProgrammingSuite/src/saps/benchmarks/snap.py", line 434, in generate
       inputs, meta = download_snap_dataset(
                      ^^^^^^^^^^^^^^^^^^^^^^
     File "/storage/scratch1/7/wahrens6/SparseArrayProgrammingSuite/src/saps/downloaders/snap.py", line 37, in download_snap_dataset
       edge_list_path = _ensure_downloaded(slug, dataset_dir)
                        ^^^^^^^^^^^^^^^^^^^^^^^^^^^^^^^^^^^^^
     File "/storage/scratch1/7/wahrens6/SparseArrayProgrammingSuite/src/saps/downloaders/snap.py", line 166, in _ensure_downloaded
       urllib.request.urlretrieve(url, tmp_path)
     File "/storage/pace-apps/spack/packages/linux-rhel9-x86_64_v3/gcc-11.3.1/python-3.12.5-5sase6atfv2x5tf7dy5x5sqfzyguhsia/lib/python3.12/urllib/request.py", line 240, in urlretrieve
       with contextlib.closing(urlopen(url, data)) as fp:
                               ^^^^^^^^^^^^^^^^^^
     File "/storage/pace-apps/spack/packages/linux-rhel9-x86_64_v3/gcc-11.3.1/python-3.12.5-5sase6atfv2x5tf7dy5x5sqfzyguhsia/lib/python3.12/urllib/request.py", line 215, in urlopen
       return opener.open(url, data, timeout)
              ^^^^^^^^^^^^^^^^^^^^^^^^^^^^^^^
     File "/storage/pace-apps/spack/packages/linux-rhel9-x86_64_v3/gcc-11.3.1/python-3.12.5-5sase6atfv2x5tf7dy5x5sqfzyguhsia/lib/python3.12/urllib/request.py", line 521, in open
       response = meth(req, response)
                  ^^^^^^^^^^^^^^^^^^^
     File "/storage/pace-apps/spack/packages/linux-rhel9-x86_64_v3/gcc-11.3.1/python-3.12.5-5sase6atfv2x5tf7dy5x5sqfzyguhsia/lib/python3.12/urllib/request.py", line 630, in http_response
       response = self.parent.error(
                  ^^^^^^^^^^^^^^^^^^
     File "/storage/pace-apps/spack/packages/linux-rhel9-x86_64_v3/gcc-11.3.1/python-3.12.5-5sase6atfv2x5tf7dy5x5sqfzyguhsia/lib/python3.12/urllib/request.py", line 559, in error
       return self._call_chain(*args)
              ^^^^^^^^^^^^^^^^^^^^^^^
     File "/storage/pace-apps/spack/packages/linux-rhel9-x86_64_v3/gcc-11.3.1/python-3.12.5-5sase6atfv2x5tf7dy5x5sqfzyguhsia/lib/python3.12/urllib/request.py", line 492, in _call_chain
       result = func(*args)
                ^^^^^^^^^^^
     File "/storage/pace-apps/spack/packages/linux-rhel9-x86_64_v3/gcc-11.3.1/python-3.12.5-5sase6atfv2x5tf7dy5x5sqfzyguhsia/lib/python3.12/urllib/request.py", line 639, in http_error_default
       raise HTTPError(req.full_url, code, msg, hdrs, fp)
   urllib.error.HTTPError: HTTP Error 404: Not Found
   
   For parameters: snap_graph.web-RedditPizzaRequests
   Traceback (most recent call last):
     File "/storage/home/hcoda1/7/wahrens6/.cache/pypoetry/virtualenvs/saps-RkeCTkZF-py3.12/lib/python3.12/site-packages/asv_runner/server.py", line 179, in _run_server
       _run(run_args)
     File "/storage/home/hcoda1/7/wahrens6/.cache/pypoetry/virtualenvs/saps-RkeCTkZF-py3.12/lib/python3.12/site-packages/asv_runner/run.py", line 66, in _run
       skip = benchmark.do_setup()
              ^^^^^^^^^^^^^^^^^^^^
     File "/storage/home/hcoda1/7/wahrens6/.cache/pypoetry/virtualenvs/saps-RkeCTkZF-py3.12/lib/python3.12/site-packages/asv_runner/benchmarks/time.py", line 121, in do_setup
       result = Benchmark.do_setup(self)
                ^^^^^^^^^^^^^^^^^^^^^^^^
     File "/storage/home/hcoda1/7/wahrens6/.cache/pypoetry/virtualenvs/saps-RkeCTkZF-py3.12/lib/python3.12/site-packages/asv_runner/benchmarks/_base.py", line 723, in do_setup
       setup(*self._build_params())
     File "/storage/scratch1/7/wahrens6/SparseArrayProgrammingSuite/src/saps/benchmark.py", line 428, in setup
       if param.generator.cacheable and not param.generator.backend.upload_dataset(
                                            ^^^^^^^^^^^^^^^^^^^^^^^^^^^^^^^^^^^^^^^
     File "/storage/scratch1/7/wahrens6/SparseArrayProgrammingSuite/src/saps/storage.py", line 167, in upload_dataset
       _, digest, local_path = self._generate_and_cache(generator, dataset)
                               ^^^^^^^^^^^^^^^^^^^^^^^^^^^^^^^^^^^^^^^^^^^^
     File "/storage/scratch1/7/wahrens6/SparseArrayProgrammingSuite/src/saps/storage.py", line 121, in _generate_and_cache
       data = generator.generate(dataset)
              ^^^^^^^^^^^^^^^^^^^^^^^^^^^
     File "/storage/scratch1/7/wahrens6/SparseArrayProgrammingSuite/src/saps/benchmarks/snap.py", line 434, in generate
       inputs, meta = download_snap_dataset(
                      ^^^^^^^^^^^^^^^^^^^^^^
     File "/storage/scratch1/7/wahrens6/SparseArrayProgrammingSuite/src/saps/downloaders/snap.py", line 37, in download_snap_dataset
       edge_list_path = _ensure_downloaded(slug, dataset_dir)
                        ^^^^^^^^^^^^^^^^^^^^^^^^^^^^^^^^^^^^^
     File "/storage/scratch1/7/wahrens6/SparseArrayProgrammingSuite/src/saps/downloaders/snap.py", line 166, in _ensure_downloaded
       urllib.request.urlretrieve(url, tmp_path)
     File "/storage/pace-apps/spack/packages/linux-rhel9-x86_64_v3/gcc-11.3.1/python-3.12.5-5sase6atfv2x5tf7dy5x5sqfzyguhsia/lib/python3.12/urllib/request.py", line 240, in urlretrieve
       with contextlib.closing(urlopen(url, data)) as fp:
                               ^^^^^^^^^^^^^^^^^^
     File "/storage/pace-apps/spack/packages/linux-rhel9-x86_64_v3/gcc-11.3.1/python-3.12.5-5sase6atfv2x5tf7dy5x5sqfzyguhsia/lib/python3.12/urllib/request.py", line 215, in urlopen
       return opener.open(url, data, timeout)
              ^^^^^^^^^^^^^^^^^^^^^^^^^^^^^^^
     File "/storage/pace-apps/spack/packages/linux-rhel9-x86_64_v3/gcc-11.3.1/python-3.12.5-5sase6atfv2x5tf7dy5x5sqfzyguhsia/lib/python3.12/urllib/request.py", line 521, in open
       response = meth(req, response)
                  ^^^^^^^^^^^^^^^^^^^
     File "/storage/pace-apps/spack/packages/linux-rhel9-x86_64_v3/gcc-11.3.1/python-3.12.5-5sase6atfv2x5tf7dy5x5sqfzyguhsia/lib/python3.12/urllib/request.py", line 630, in http_response
       response = self.parent.error(
                  ^^^^^^^^^^^^^^^^^^
     File "/storage/pace-apps/spack/packages/linux-rhel9-x86_64_v3/gcc-11.3.1/python-3.12.5-5sase6atfv2x5tf7dy5x5sqfzyguhsia/lib/python3.12/urllib/request.py", line 559, in error
       return self._call_chain(*args)
              ^^^^^^^^^^^^^^^^^^^^^^^
     File "/storage/pace-apps/spack/packages/linux-rhel9-x86_64_v3/gcc-11.3.1/python-3.12.5-5sase6atfv2x5tf7dy5x5sqfzyguhsia/lib/python3.12/urllib/request.py", line 492, in _call_chain
       result = func(*args)
                ^^^^^^^^^^^
     File "/storage/pace-apps/spack/packages/linux-rhel9-x86_64_v3/gcc-11.3.1/python-3.12.5-5sase6atfv2x5tf7dy5x5sqfzyguhsia/lib/python3.12/urllib/request.py", line 639, in http_error_default
       raise HTTPError(req.full_url, code, msg, hdrs, fp)
   urllib.error.HTTPError: HTTP Error 404: Not Found
   
   For parameters: snap_graph.web-Reddit
   Traceback (most recent call last):
     File "/storage/home/hcoda1/7/wahrens6/.cache/pypoetry/virtualenvs/saps-RkeCTkZF-py3.12/lib/python3.12/site-packages/asv_runner/server.py", line 179, in _run_server
       _run(run_args)
     File "/storage/home/hcoda1/7/wahrens6/.cache/pypoetry/virtualenvs/saps-RkeCTkZF-py3.12/lib/python3.12/site-packages/asv_runner/run.py", line 66, in _run
       skip = benchmark.do_setup()
              ^^^^^^^^^^^^^^^^^^^^
     File "/storage/home/hcoda1/7/wahrens6/.cache/pypoetry/virtualenvs/saps-RkeCTkZF-py3.12/lib/python3.12/site-packages/asv_runner/benchmarks/time.py", line 121, in do_setup
       result = Benchmark.do_setup(self)
                ^^^^^^^^^^^^^^^^^^^^^^^^
     File "/storage/home/hcoda1/7/wahrens6/.cache/pypoetry/virtualenvs/saps-RkeCTkZF-py3.12/lib/python3.12/site-packages/asv_runner/benchmarks/_base.py", line 723, in do_setup
       setup(*self._build_params())
     File "/storage/scratch1/7/wahrens6/SparseArrayProgrammingSuite/src/saps/benchmark.py", line 428, in setup
       if param.generator.cacheable and not param.generator.backend.upload_dataset(
                                            ^^^^^^^^^^^^^^^^^^^^^^^^^^^^^^^^^^^^^^^
     File "/storage/scratch1/7/wahrens6/SparseArrayProgrammingSuite/src/saps/storage.py", line 167, in upload_dataset
       _, digest, local_path = self._generate_and_cache(generator, dataset)
                               ^^^^^^^^^^^^^^^^^^^^^^^^^^^^^^^^^^^^^^^^^^^^
     File "/storage/scratch1/7/wahrens6/SparseArrayProgrammingSuite/src/saps/storage.py", line 121, in _generate_and_cache
       data = generator.generate(dataset)
              ^^^^^^^^^^^^^^^^^^^^^^^^^^^
     File "/storage/scratch1/7/wahrens6/SparseArrayProgrammingSuite/src/saps/benchmarks/snap.py", line 434, in generate
       inputs, meta = download_snap_dataset(
                      ^^^^^^^^^^^^^^^^^^^^^^
     File "/storage/scratch1/7/wahrens6/SparseArrayProgrammingSuite/src/saps/downloaders/snap.py", line 37, in download_snap_dataset
       edge_list_path = _ensure_downloaded(slug, dataset_dir)
                        ^^^^^^^^^^^^^^^^^^^^^^^^^^^^^^^^^^^^^
     File "/storage/scratch1/7/wahrens6/SparseArrayProgrammingSuite/src/saps/downloaders/snap.py", line 166, in _ensure_downloaded
       urllib.request.urlretrieve(url, tmp_path)
     File "/storage/pace-apps/spack/packages/linux-rhel9-x86_64_v3/gcc-11.3.1/python-3.12.5-5sase6atfv2x5tf7dy5x5sqfzyguhsia/lib/python3.12/urllib/request.py", line 240, in urlretrieve
       with contextlib.closing(urlopen(url, data)) as fp:
                               ^^^^^^^^^^^^^^^^^^
     File "/storage/pace-apps/spack/packages/linux-rhel9-x86_64_v3/gcc-11.3.1/python-3.12.5-5sase6atfv2x5tf7dy5x5sqfzyguhsia/lib/python3.12/urllib/request.py", line 215, in urlopen
       return opener.open(url, data, timeout)
              ^^^^^^^^^^^^^^^^^^^^^^^^^^^^^^^
     File "/storage/pace-apps/spack/packages/linux-rhel9-x86_64_v3/gcc-11.3.1/python-3.12.5-5sase6atfv2x5tf7dy5x5sqfzyguhsia/lib/python3.12/urllib/request.py", line 521, in open
       response = meth(req, response)
                  ^^^^^^^^^^^^^^^^^^^
     File "/storage/pace-apps/spack/packages/linux-rhel9-x86_64_v3/gcc-11.3.1/python-3.12.5-5sase6atfv2x5tf7dy5x5sqfzyguhsia/lib/python3.12/urllib/request.py", line 630, in http_response
       response = self.parent.error(
                  ^^^^^^^^^^^^^^^^^^
     File "/storage/pace-apps/spack/packages/linux-rhel9-x86_64_v3/gcc-11.3.1/python-3.12.5-5sase6atfv2x5tf7dy5x5sqfzyguhsia/lib/python3.12/urllib/request.py", line 559, in error
       return self._call_chain(*args)
              ^^^^^^^^^^^^^^^^^^^^^^^
     File "/storage/pace-apps/spack/packages/linux-rhel9-x86_64_v3/gcc-11.3.1/python-3.12.5-5sase6atfv2x5tf7dy5x5sqfzyguhsia/lib/python3.12/urllib/request.py", line 492, in _call_chain
       result = func(*args)
                ^^^^^^^^^^^
     File "/storage/pace-apps/spack/packages/linux-rhel9-x86_64_v3/gcc-11.3.1/python-3.12.5-5sase6atfv2x5tf7dy5x5sqfzyguhsia/lib/python3.12/urllib/request.py", line 639, in http_error_default
       raise HTTPError(req.full_url, code, msg, hdrs, fp)
   urllib.error.HTTPError: HTTP Error 404: Not Found
   
   For parameters: snap_graph.web-flickr
   Traceback (most recent call last):
     File "/storage/home/hcoda1/7/wahrens6/.cache/pypoetry/virtualenvs/saps-RkeCTkZF-py3.12/lib/python3.12/site-packages/asv_runner/server.py", line 179, in _run_server
       _run(run_args)
     File "/storage/home/hcoda1/7/wahrens6/.cache/pypoetry/virtualenvs/saps-RkeCTkZF-py3.12/lib/python3.12/site-packages/asv_runner/run.py", line 66, in _run
       skip = benchmark.do_setup()
              ^^^^^^^^^^^^^^^^^^^^
     File "/storage/home/hcoda1/7/wahrens6/.cache/pypoetry/virtualenvs/saps-RkeCTkZF-py3.12/lib/python3.12/site-packages/asv_runner/benchmarks/time.py", line 121, in do_setup
       result = Benchmark.do_setup(self)
                ^^^^^^^^^^^^^^^^^^^^^^^^
     File "/storage/home/hcoda1/7/wahrens6/.cache/pypoetry/virtualenvs/saps-RkeCTkZF-py3.12/lib/python3.12/site-packages/asv_runner/benchmarks/_base.py", line 723, in do_setup
       setup(*self._build_params())
     File "/storage/scratch1/7/wahrens6/SparseArrayProgrammingSuite/src/saps/benchmark.py", line 428, in setup
       if param.generator.cacheable and not param.generator.backend.upload_dataset(
                                            ^^^^^^^^^^^^^^^^^^^^^^^^^^^^^^^^^^^^^^^
     File "/storage/scratch1/7/wahrens6/SparseArrayProgrammingSuite/src/saps/storage.py", line 167, in upload_dataset
       _, digest, local_path = self._generate_and_cache(generator, dataset)
                               ^^^^^^^^^^^^^^^^^^^^^^^^^^^^^^^^^^^^^^^^^^^^
     File "/storage/scratch1/7/wahrens6/SparseArrayProgrammingSuite/src/saps/storage.py", line 121, in _generate_and_cache
       data = generator.generate(dataset)
              ^^^^^^^^^^^^^^^^^^^^^^^^^^^
     File "/storage/scratch1/7/wahrens6/SparseArrayProgrammingSuite/src/saps/benchmarks/snap.py", line 434, in generate
       inputs, meta = download_snap_dataset(
                      ^^^^^^^^^^^^^^^^^^^^^^
     File "/storage/scratch1/7/wahrens6/SparseArrayProgrammingSuite/src/saps/downloaders/snap.py", line 37, in download_snap_dataset
       edge_list_path = _ensure_downloaded(slug, dataset_dir)
                        ^^^^^^^^^^^^^^^^^^^^^^^^^^^^^^^^^^^^^
     File "/storage/scratch1/7/wahrens6/SparseArrayProgrammingSuite/src/saps/downloaders/snap.py", line 166, in _ensure_downloaded
       urllib.request.urlretrieve(url, tmp_path)
     File "/storage/pace-apps/spack/packages/linux-rhel9-x86_64_v3/gcc-11.3.1/python-3.12.5-5sase6atfv2x5tf7dy5x5sqfzyguhsia/lib/python3.12/urllib/request.py", line 240, in urlretrieve
       with contextlib.closing(urlopen(url, data)) as fp:
                               ^^^^^^^^^^^^^^^^^^
     File "/storage/pace-apps/spack/packages/linux-rhel9-x86_64_v3/gcc-11.3.1/python-3.12.5-5sase6atfv2x5tf7dy5x5sqfzyguhsia/lib/python3.12/urllib/request.py", line 215, in urlopen
       return opener.open(url, data, timeout)
              ^^^^^^^^^^^^^^^^^^^^^^^^^^^^^^^
     File "/storage/pace-apps/spack/packages/linux-rhel9-x86_64_v3/gcc-11.3.1/python-3.12.5-5sase6atfv2x5tf7dy5x5sqfzyguhsia/lib/python3.12/urllib/request.py", line 521, in open
       response = meth(req, response)
                  ^^^^^^^^^^^^^^^^^^^
     File "/storage/pace-apps/spack/packages/linux-rhel9-x86_64_v3/gcc-11.3.1/python-3.12.5-5sase6atfv2x5tf7dy5x5sqfzyguhsia/lib/python3.12/urllib/request.py", line 630, in http_response
       response = self.parent.error(
                  ^^^^^^^^^^^^^^^^^^
     File "/storage/pace-apps/spack/packages/linux-rhel9-x86_64_v3/gcc-11.3.1/python-3.12.5-5sase6atfv2x5tf7dy5x5sqfzyguhsia/lib/python3.12/urllib/request.py", line 559, in error
       return self._call_chain(*args)
              ^^^^^^^^^^^^^^^^^^^^^^^
     File "/storage/pace-apps/spack/packages/linux-rhel9-x86_64_v3/gcc-11.3.1/python-3.12.5-5sase6atfv2x5tf7dy5x5sqfzyguhsia/lib/python3.12/urllib/request.py", line 492, in _call_chain
       result = func(*args)
                ^^^^^^^^^^^
     File "/storage/pace-apps/spack/packages/linux-rhel9-x86_64_v3/gcc-11.3.1/python-3.12.5-5sase6atfv2x5tf7dy5x5sqfzyguhsia/lib/python3.12/urllib/request.py", line 639, in http_error_default
       raise HTTPError(req.full_url, code, msg, hdrs, fp)
   urllib.error.HTTPError: HTTP Error 404: Not Found
   
   For parameters: snap_graph.web-BeerAdvocate
   Traceback (most recent call last):
     File "/storage/home/hcoda1/7/wahrens6/.cache/pypoetry/virtualenvs/saps-RkeCTkZF-py3.12/lib/python3.12/site-packages/asv_runner/server.py", line 179, in _run_server
       _run(run_args)
     File "/storage/home/hcoda1/7/wahrens6/.cache/pypoetry/virtualenvs/saps-RkeCTkZF-py3.12/lib/python3.12/site-packages/asv_runner/run.py", line 66, in _run
       skip = benchmark.do_setup()
              ^^^^^^^^^^^^^^^^^^^^
     File "/storage/home/hcoda1/7/wahrens6/.cache/pypoetry/virtualenvs/saps-RkeCTkZF-py3.12/lib/python3.12/site-packages/asv_runner/benchmarks/time.py", line 121, in do_setup
       result = Benchmark.do_setup(self)
                ^^^^^^^^^^^^^^^^^^^^^^^^
     File "/storage/home/hcoda1/7/wahrens6/.cache/pypoetry/virtualenvs/saps-RkeCTkZF-py3.12/lib/python3.12/site-packages/asv_runner/benchmarks/_base.py", line 723, in do_setup
       setup(*self._build_params())
     File "/storage/scratch1/7/wahrens6/SparseArrayProgrammingSuite/src/saps/benchmark.py", line 428, in setup
       if param.generator.cacheable and not param.generator.backend.upload_dataset(
                                            ^^^^^^^^^^^^^^^^^^^^^^^^^^^^^^^^^^^^^^^
     File "/storage/scratch1/7/wahrens6/SparseArrayProgrammingSuite/src/saps/storage.py", line 167, in upload_dataset
       _, digest, local_path = self._generate_and_cache(generator, dataset)
                               ^^^^^^^^^^^^^^^^^^^^^^^^^^^^^^^^^^^^^^^^^^^^
     File "/storage/scratch1/7/wahrens6/SparseArrayProgrammingSuite/src/saps/storage.py", line 121, in _generate_and_cache
       data = generator.generate(dataset)
              ^^^^^^^^^^^^^^^^^^^^^^^^^^^
     File "/storage/scratch1/7/wahrens6/SparseArrayProgrammingSuite/src/saps/benchmarks/snap.py", line 434, in generate
       inputs, meta = download_snap_dataset(
                      ^^^^^^^^^^^^^^^^^^^^^^
     File "/storage/scratch1/7/wahrens6/SparseArrayProgrammingSuite/src/saps/downloaders/snap.py", line 37, in download_snap_dataset
       edge_list_path = _ensure_downloaded(slug, dataset_dir)
                        ^^^^^^^^^^^^^^^^^^^^^^^^^^^^^^^^^^^^^
     File "/storage/scratch1/7/wahrens6/SparseArrayProgrammingSuite/src/saps/downloaders/snap.py", line 166, in _ensure_downloaded
       urllib.request.urlretrieve(url, tmp_path)
     File "/storage/pace-apps/spack/packages/linux-rhel9-x86_64_v3/gcc-11.3.1/python-3.12.5-5sase6atfv2x5tf7dy5x5sqfzyguhsia/lib/python3.12/urllib/request.py", line 240, in urlretrieve
       with contextlib.closing(urlopen(url, data)) as fp:
                               ^^^^^^^^^^^^^^^^^^
     File "/storage/pace-apps/spack/packages/linux-rhel9-x86_64_v3/gcc-11.3.1/python-3.12.5-5sase6atfv2x5tf7dy5x5sqfzyguhsia/lib/python3.12/urllib/request.py", line 215, in urlopen
       return opener.open(url, data, timeout)
              ^^^^^^^^^^^^^^^^^^^^^^^^^^^^^^^
     File "/storage/pace-apps/spack/packages/linux-rhel9-x86_64_v3/gcc-11.3.1/python-3.12.5-5sase6atfv2x5tf7dy5x5sqfzyguhsia/lib/python3.12/urllib/request.py", line 521, in open
       response = meth(req, response)
                  ^^^^^^^^^^^^^^^^^^^
     File "/storage/pace-apps/spack/packages/linux-rhel9-x86_64_v3/gcc-11.3.1/python-3.12.5-5sase6atfv2x5tf7dy5x5sqfzyguhsia/lib/python3.12/urllib/request.py", line 630, in http_response
       response = self.parent.error(
                  ^^^^^^^^^^^^^^^^^^
     File "/storage/pace-apps/spack/packages/linux-rhel9-x86_64_v3/gcc-11.3.1/python-3.12.5-5sase6atfv2x5tf7dy5x5sqfzyguhsia/lib/python3.12/urllib/request.py", line 559, in error
       return self._call_chain(*args)
              ^^^^^^^^^^^^^^^^^^^^^^^
     File "/storage/pace-apps/spack/packages/linux-rhel9-x86_64_v3/gcc-11.3.1/python-3.12.5-5sase6atfv2x5tf7dy5x5sqfzyguhsia/lib/python3.12/urllib/request.py", line 492, in _call_chain
       result = func(*args)
                ^^^^^^^^^^^
     File "/storage/pace-apps/spack/packages/linux-rhel9-x86_64_v3/gcc-11.3.1/python-3.12.5-5sase6atfv2x5tf7dy5x5sqfzyguhsia/lib/python3.12/urllib/request.py", line 639, in http_error_default
       raise HTTPError(req.full_url, code, msg, hdrs, fp)
   urllib.error.HTTPError: HTTP Error 404: Not Found
   
   For parameters: snap_graph.web-RateBeer
   Traceback (most recent call last):
     File "/storage/home/hcoda1/7/wahrens6/.cache/pypoetry/virtualenvs/saps-RkeCTkZF-py3.12/lib/python3.12/site-packages/asv_runner/server.py", line 179, in _run_server
       _run(run_args)
     File "/storage/home/hcoda1/7/wahrens6/.cache/pypoetry/virtualenvs/saps-RkeCTkZF-py3.12/lib/python3.12/site-packages/asv_runner/run.py", line 66, in _run
       skip = benchmark.do_setup()
              ^^^^^^^^^^^^^^^^^^^^
     File "/storage/home/hcoda1/7/wahrens6/.cache/pypoetry/virtualenvs/saps-RkeCTkZF-py3.12/lib/python3.12/site-packages/asv_runner/benchmarks/time.py", line 121, in do_setup
       result = Benchmark.do_setup(self)
                ^^^^^^^^^^^^^^^^^^^^^^^^
     File "/storage/home/hcoda1/7/wahrens6/.cache/pypoetry/virtualenvs/saps-RkeCTkZF-py3.12/lib/python3.12/site-packages/asv_runner/benchmarks/_base.py", line 723, in do_setup
       setup(*self._build_params())
     File "/storage/scratch1/7/wahrens6/SparseArrayProgrammingSuite/src/saps/benchmark.py", line 428, in setup
       if param.generator.cacheable and not param.generator.backend.upload_dataset(
                                            ^^^^^^^^^^^^^^^^^^^^^^^^^^^^^^^^^^^^^^^
     File "/storage/scratch1/7/wahrens6/SparseArrayProgrammingSuite/src/saps/storage.py", line 167, in upload_dataset
       _, digest, local_path = self._generate_and_cache(generator, dataset)
                               ^^^^^^^^^^^^^^^^^^^^^^^^^^^^^^^^^^^^^^^^^^^^
     File "/storage/scratch1/7/wahrens6/SparseArrayProgrammingSuite/src/saps/storage.py", line 121, in _generate_and_cache
       data = generator.generate(dataset)
              ^^^^^^^^^^^^^^^^^^^^^^^^^^^
     File "/storage/scratch1/7/wahrens6/SparseArrayProgrammingSuite/src/saps/benchmarks/snap.py", line 434, in generate
       inputs, meta = download_snap_dataset(
                      ^^^^^^^^^^^^^^^^^^^^^^
     File "/storage/scratch1/7/wahrens6/SparseArrayProgrammingSuite/src/saps/downloaders/snap.py", line 37, in download_snap_dataset
       edge_list_path = _ensure_downloaded(slug, dataset_dir)
                        ^^^^^^^^^^^^^^^^^^^^^^^^^^^^^^^^^^^^^
     File "/storage/scratch1/7/wahrens6/SparseArrayProgrammingSuite/src/saps/downloaders/snap.py", line 166, in _ensure_downloaded
       urllib.request.urlretrieve(url, tmp_path)
     File "/storage/pace-apps/spack/packages/linux-rhel9-x86_64_v3/gcc-11.3.1/python-3.12.5-5sase6atfv2x5tf7dy5x5sqfzyguhsia/lib/python3.12/urllib/request.py", line 240, in urlretrieve
       with contextlib.closing(urlopen(url, data)) as fp:
                               ^^^^^^^^^^^^^^^^^^
     File "/storage/pace-apps/spack/packages/linux-rhel9-x86_64_v3/gcc-11.3.1/python-3.12.5-5sase6atfv2x5tf7dy5x5sqfzyguhsia/lib/python3.12/urllib/request.py", line 215, in urlopen
       return opener.open(url, data, timeout)
              ^^^^^^^^^^^^^^^^^^^^^^^^^^^^^^^
     File "/storage/pace-apps/spack/packages/linux-rhel9-x86_64_v3/gcc-11.3.1/python-3.12.5-5sase6atfv2x5tf7dy5x5sqfzyguhsia/lib/python3.12/urllib/request.py", line 521, in open
       response = meth(req, response)
                  ^^^^^^^^^^^^^^^^^^^
     File "/storage/pace-apps/spack/packages/linux-rhel9-x86_64_v3/gcc-11.3.1/python-3.12.5-5sase6atfv2x5tf7dy5x5sqfzyguhsia/lib/python3.12/urllib/request.py", line 630, in http_response
       response = self.parent.error(
                  ^^^^^^^^^^^^^^^^^^
     File "/storage/pace-apps/spack/packages/linux-rhel9-x86_64_v3/gcc-11.3.1/python-3.12.5-5sase6atfv2x5tf7dy5x5sqfzyguhsia/lib/python3.12/urllib/request.py", line 559, in error
       return self._call_chain(*args)
              ^^^^^^^^^^^^^^^^^^^^^^^
     File "/storage/pace-apps/spack/packages/linux-rhel9-x86_64_v3/gcc-11.3.1/python-3.12.5-5sase6atfv2x5tf7dy5x5sqfzyguhsia/lib/python3.12/urllib/request.py", line 492, in _call_chain
       result = func(*args)
                ^^^^^^^^^^^
     File "/storage/pace-apps/spack/packages/linux-rhel9-x86_64_v3/gcc-11.3.1/python-3.12.5-5sase6atfv2x5tf7dy5x5sqfzyguhsia/lib/python3.12/urllib/request.py", line 639, in http_error_default
       raise HTTPError(req.full_url, code, msg, hdrs, fp)
   urllib.error.HTTPError: HTTP Error 404: Not Found
   
   For parameters: snap_graph.web-CellarTracker
   Traceback (most recent call last):
     File "/storage/home/hcoda1/7/wahrens6/.cache/pypoetry/virtualenvs/saps-RkeCTkZF-py3.12/lib/python3.12/site-packages/asv_runner/server.py", line 179, in _run_server
       _run(run_args)
     File "/storage/home/hcoda1/7/wahrens6/.cache/pypoetry/virtualenvs/saps-RkeCTkZF-py3.12/lib/python3.12/site-packages/asv_runner/run.py", line 66, in _run
       skip = benchmark.do_setup()
              ^^^^^^^^^^^^^^^^^^^^
     File "/storage/home/hcoda1/7/wahrens6/.cache/pypoetry/virtualenvs/saps-RkeCTkZF-py3.12/lib/python3.12/site-packages/asv_runner/benchmarks/time.py", line 121, in do_setup
       result = Benchmark.do_setup(self)
                ^^^^^^^^^^^^^^^^^^^^^^^^
     File "/storage/home/hcoda1/7/wahrens6/.cache/pypoetry/virtualenvs/saps-RkeCTkZF-py3.12/lib/python3.12/site-packages/asv_runner/benchmarks/_base.py", line 723, in do_setup
       setup(*self._build_params())
     File "/storage/scratch1/7/wahrens6/SparseArrayProgrammingSuite/src/saps/benchmark.py", line 428, in setup
       if param.generator.cacheable and not param.generator.backend.upload_dataset(
                                            ^^^^^^^^^^^^^^^^^^^^^^^^^^^^^^^^^^^^^^^
     File "/storage/scratch1/7/wahrens6/SparseArrayProgrammingSuite/src/saps/storage.py", line 167, in upload_dataset
       _, digest, local_path = self._generate_and_cache(generator, dataset)
                               ^^^^^^^^^^^^^^^^^^^^^^^^^^^^^^^^^^^^^^^^^^^^
     File "/storage/scratch1/7/wahrens6/SparseArrayProgrammingSuite/src/saps/storage.py", line 121, in _generate_and_cache
       data = generator.generate(dataset)
              ^^^^^^^^^^^^^^^^^^^^^^^^^^^
     File "/storage/scratch1/7/wahrens6/SparseArrayProgrammingSuite/src/saps/benchmarks/snap.py", line 434, in generate
       inputs, meta = download_snap_dataset(
                      ^^^^^^^^^^^^^^^^^^^^^^
     File "/storage/scratch1/7/wahrens6/SparseArrayProgrammingSuite/src/saps/downloaders/snap.py", line 37, in download_snap_dataset
       edge_list_path = _ensure_downloaded(slug, dataset_dir)
                        ^^^^^^^^^^^^^^^^^^^^^^^^^^^^^^^^^^^^^
     File "/storage/scratch1/7/wahrens6/SparseArrayProgrammingSuite/src/saps/downloaders/snap.py", line 166, in _ensure_downloaded
       urllib.request.urlretrieve(url, tmp_path)
     File "/storage/pace-apps/spack/packages/linux-rhel9-x86_64_v3/gcc-11.3.1/python-3.12.5-5sase6atfv2x5tf7dy5x5sqfzyguhsia/lib/python3.12/urllib/request.py", line 240, in urlretrieve
       with contextlib.closing(urlopen(url, data)) as fp:
                               ^^^^^^^^^^^^^^^^^^
     File "/storage/pace-apps/spack/packages/linux-rhel9-x86_64_v3/gcc-11.3.1/python-3.12.5-5sase6atfv2x5tf7dy5x5sqfzyguhsia/lib/python3.12/urllib/request.py", line 215, in urlopen
       return opener.open(url, data, timeout)
              ^^^^^^^^^^^^^^^^^^^^^^^^^^^^^^^
     File "/storage/pace-apps/spack/packages/linux-rhel9-x86_64_v3/gcc-11.3.1/python-3.12.5-5sase6atfv2x5tf7dy5x5sqfzyguhsia/lib/python3.12/urllib/request.py", line 521, in open
       response = meth(req, response)
                  ^^^^^^^^^^^^^^^^^^^
     File "/storage/pace-apps/spack/packages/linux-rhel9-x86_64_v3/gcc-11.3.1/python-3.12.5-5sase6atfv2x5tf7dy5x5sqfzyguhsia/lib/python3.12/urllib/request.py", line 630, in http_response
       response = self.parent.error(
                  ^^^^^^^^^^^^^^^^^^
     File "/storage/pace-apps/spack/packages/linux-rhel9-x86_64_v3/gcc-11.3.1/python-3.12.5-5sase6atfv2x5tf7dy5x5sqfzyguhsia/lib/python3.12/urllib/request.py", line 559, in error
       return self._call_chain(*args)
              ^^^^^^^^^^^^^^^^^^^^^^^
     File "/storage/pace-apps/spack/packages/linux-rhel9-x86_64_v3/gcc-11.3.1/python-3.12.5-5sase6atfv2x5tf7dy5x5sqfzyguhsia/lib/python3.12/urllib/request.py", line 492, in _call_chain
       result = func(*args)
                ^^^^^^^^^^^
     File "/storage/pace-apps/spack/packages/linux-rhel9-x86_64_v3/gcc-11.3.1/python-3.12.5-5sase6atfv2x5tf7dy5x5sqfzyguhsia/lib/python3.12/urllib/request.py", line 639, in http_error_default
       raise HTTPError(req.full_url, code, msg, hdrs, fp)
   urllib.error.HTTPError: HTTP Error 404: Not Found
   
   For parameters: snap_graph.web-Amazon
   Traceback (most recent call last):
     File "/storage/home/hcoda1/7/wahrens6/.cache/pypoetry/virtualenvs/saps-RkeCTkZF-py3.12/lib/python3.12/site-packages/asv_runner/server.py", line 179, in _run_server
       _run(run_args)
     File "/storage/home/hcoda1/7/wahrens6/.cache/pypoetry/virtualenvs/saps-RkeCTkZF-py3.12/lib/python3.12/site-packages/asv_runner/run.py", line 66, in _run
       skip = benchmark.do_setup()
              ^^^^^^^^^^^^^^^^^^^^
     File "/storage/home/hcoda1/7/wahrens6/.cache/pypoetry/virtualenvs/saps-RkeCTkZF-py3.12/lib/python3.12/site-packages/asv_runner/benchmarks/time.py", line 121, in do_setup
       result = Benchmark.do_setup(self)
                ^^^^^^^^^^^^^^^^^^^^^^^^
     File "/storage/home/hcoda1/7/wahrens6/.cache/pypoetry/virtualenvs/saps-RkeCTkZF-py3.12/lib/python3.12/site-packages/asv_runner/benchmarks/_base.py", line 723, in do_setup
       setup(*self._build_params())
     File "/storage/scratch1/7/wahrens6/SparseArrayProgrammingSuite/src/saps/benchmark.py", line 428, in setup
       if param.generator.cacheable and not param.generator.backend.upload_dataset(
                                            ^^^^^^^^^^^^^^^^^^^^^^^^^^^^^^^^^^^^^^^
     File "/storage/scratch1/7/wahrens6/SparseArrayProgrammingSuite/src/saps/storage.py", line 167, in upload_dataset
       _, digest, local_path = self._generate_and_cache(generator, dataset)
                               ^^^^^^^^^^^^^^^^^^^^^^^^^^^^^^^^^^^^^^^^^^^^
     File "/storage/scratch1/7/wahrens6/SparseArrayProgrammingSuite/src/saps/storage.py", line 121, in _generate_and_cache
       data = generator.generate(dataset)
              ^^^^^^^^^^^^^^^^^^^^^^^^^^^
     File "/storage/scratch1/7/wahrens6/SparseArrayProgrammingSuite/src/saps/benchmarks/snap.py", line 434, in generate
       inputs, meta = download_snap_dataset(
                      ^^^^^^^^^^^^^^^^^^^^^^
     File "/storage/scratch1/7/wahrens6/SparseArrayProgrammingSuite/src/saps/downloaders/snap.py", line 37, in download_snap_dataset
       edge_list_path = _ensure_downloaded(slug, dataset_dir)
                        ^^^^^^^^^^^^^^^^^^^^^^^^^^^^^^^^^^^^^
     File "/storage/scratch1/7/wahrens6/SparseArrayProgrammingSuite/src/saps/downloaders/snap.py", line 166, in _ensure_downloaded
       urllib.request.urlretrieve(url, tmp_path)
     File "/storage/pace-apps/spack/packages/linux-rhel9-x86_64_v3/gcc-11.3.1/python-3.12.5-5sase6atfv2x5tf7dy5x5sqfzyguhsia/lib/python3.12/urllib/request.py", line 240, in urlretrieve
       with contextlib.closing(urlopen(url, data)) as fp:
                               ^^^^^^^^^^^^^^^^^^
     File "/storage/pace-apps/spack/packages/linux-rhel9-x86_64_v3/gcc-11.3.1/python-3.12.5-5sase6atfv2x5tf7dy5x5sqfzyguhsia/lib/python3.12/urllib/request.py", line 215, in urlopen
       return opener.open(url, data, timeout)
              ^^^^^^^^^^^^^^^^^^^^^^^^^^^^^^^
     File "/storage/pace-apps/spack/packages/linux-rhel9-x86_64_v3/gcc-11.3.1/python-3.12.5-5sase6atfv2x5tf7dy5x5sqfzyguhsia/lib/python3.12/urllib/request.py", line 521, in open
       response = meth(req, response)
                  ^^^^^^^^^^^^^^^^^^^
     File "/storage/pace-apps/spack/packages/linux-rhel9-x86_64_v3/gcc-11.3.1/python-3.12.5-5sase6atfv2x5tf7dy5x5sqfzyguhsia/lib/python3.12/urllib/request.py", line 630, in http_response
       response = self.parent.error(
                  ^^^^^^^^^^^^^^^^^^
     File "/storage/pace-apps/spack/packages/linux-rhel9-x86_64_v3/gcc-11.3.1/python-3.12.5-5sase6atfv2x5tf7dy5x5sqfzyguhsia/lib/python3.12/urllib/request.py", line 559, in error
       return self._call_chain(*args)
              ^^^^^^^^^^^^^^^^^^^^^^^
     File "/storage/pace-apps/spack/packages/linux-rhel9-x86_64_v3/gcc-11.3.1/python-3.12.5-5sase6atfv2x5tf7dy5x5sqfzyguhsia/lib/python3.12/urllib/request.py", line 492, in _call_chain
       result = func(*args)
                ^^^^^^^^^^^
     File "/storage/pace-apps/spack/packages/linux-rhel9-x86_64_v3/gcc-11.3.1/python-3.12.5-5sase6atfv2x5tf7dy5x5sqfzyguhsia/lib/python3.12/urllib/request.py", line 639, in http_error_default
       raise HTTPError(req.full_url, code, msg, hdrs, fp)
   urllib.error.HTTPError: HTTP Error 404: Not Found
   
   For parameters: snap_graph.web-FineFoods
   Traceback (most recent call last):
     File "/storage/home/hcoda1/7/wahrens6/.cache/pypoetry/virtualenvs/saps-RkeCTkZF-py3.12/lib/python3.12/site-packages/asv_runner/server.py", line 179, in _run_server
       _run(run_args)
     File "/storage/home/hcoda1/7/wahrens6/.cache/pypoetry/virtualenvs/saps-RkeCTkZF-py3.12/lib/python3.12/site-packages/asv_runner/run.py", line 66, in _run
       skip = benchmark.do_setup()
              ^^^^^^^^^^^^^^^^^^^^
     File "/storage/home/hcoda1/7/wahrens6/.cache/pypoetry/virtualenvs/saps-RkeCTkZF-py3.12/lib/python3.12/site-packages/asv_runner/benchmarks/time.py", line 121, in do_setup
       result = Benchmark.do_setup(self)
                ^^^^^^^^^^^^^^^^^^^^^^^^
     File "/storage/home/hcoda1/7/wahrens6/.cache/pypoetry/virtualenvs/saps-RkeCTkZF-py3.12/lib/python3.12/site-packages/asv_runner/benchmarks/_base.py", line 723, in do_setup
       setup(*self._build_params())
     File "/storage/scratch1/7/wahrens6/SparseArrayProgrammingSuite/src/saps/benchmark.py", line 428, in setup
       if param.generator.cacheable and not param.generator.backend.upload_dataset(
                                            ^^^^^^^^^^^^^^^^^^^^^^^^^^^^^^^^^^^^^^^
     File "/storage/scratch1/7/wahrens6/SparseArrayProgrammingSuite/src/saps/storage.py", line 167, in upload_dataset
       _, digest, local_path = self._generate_and_cache(generator, dataset)
                               ^^^^^^^^^^^^^^^^^^^^^^^^^^^^^^^^^^^^^^^^^^^^
     File "/storage/scratch1/7/wahrens6/SparseArrayProgrammingSuite/src/saps/storage.py", line 121, in _generate_and_cache
       data = generator.generate(dataset)
              ^^^^^^^^^^^^^^^^^^^^^^^^^^^
     File "/storage/scratch1/7/wahrens6/SparseArrayProgrammingSuite/src/saps/benchmarks/snap.py", line 434, in generate
       inputs, meta = download_snap_dataset(
                      ^^^^^^^^^^^^^^^^^^^^^^
     File "/storage/scratch1/7/wahrens6/SparseArrayProgrammingSuite/src/saps/downloaders/snap.py", line 37, in download_snap_dataset
       edge_list_path = _ensure_downloaded(slug, dataset_dir)
                        ^^^^^^^^^^^^^^^^^^^^^^^^^^^^^^^^^^^^^
     File "/storage/scratch1/7/wahrens6/SparseArrayProgrammingSuite/src/saps/downloaders/snap.py", line 166, in _ensure_downloaded
       urllib.request.urlretrieve(url, tmp_path)
     File "/storage/pace-apps/spack/packages/linux-rhel9-x86_64_v3/gcc-11.3.1/python-3.12.5-5sase6atfv2x5tf7dy5x5sqfzyguhsia/lib/python3.12/urllib/request.py", line 240, in urlretrieve
       with contextlib.closing(urlopen(url, data)) as fp:
                               ^^^^^^^^^^^^^^^^^^
     File "/storage/pace-apps/spack/packages/linux-rhel9-x86_64_v3/gcc-11.3.1/python-3.12.5-5sase6atfv2x5tf7dy5x5sqfzyguhsia/lib/python3.12/urllib/request.py", line 215, in urlopen
       return opener.open(url, data, timeout)
              ^^^^^^^^^^^^^^^^^^^^^^^^^^^^^^^
     File "/storage/pace-apps/spack/packages/linux-rhel9-x86_64_v3/gcc-11.3.1/python-3.12.5-5sase6atfv2x5tf7dy5x5sqfzyguhsia/lib/python3.12/urllib/request.py", line 521, in open
       response = meth(req, response)
                  ^^^^^^^^^^^^^^^^^^^
     File "/storage/pace-apps/spack/packages/linux-rhel9-x86_64_v3/gcc-11.3.1/python-3.12.5-5sase6atfv2x5tf7dy5x5sqfzyguhsia/lib/python3.12/urllib/request.py", line 630, in http_response
       response = self.parent.error(
                  ^^^^^^^^^^^^^^^^^^
     File "/storage/pace-apps/spack/packages/linux-rhel9-x86_64_v3/gcc-11.3.1/python-3.12.5-5sase6atfv2x5tf7dy5x5sqfzyguhsia/lib/python3.12/urllib/request.py", line 559, in error
       return self._call_chain(*args)
              ^^^^^^^^^^^^^^^^^^^^^^^
     File "/storage/pace-apps/spack/packages/linux-rhel9-x86_64_v3/gcc-11.3.1/python-3.12.5-5sase6atfv2x5tf7dy5x5sqfzyguhsia/lib/python3.12/urllib/request.py", line 492, in _call_chain
       result = func(*args)
                ^^^^^^^^^^^
     File "/storage/pace-apps/spack/packages/linux-rhel9-x86_64_v3/gcc-11.3.1/python-3.12.5-5sase6atfv2x5tf7dy5x5sqfzyguhsia/lib/python3.12/urllib/request.py", line 639, in http_error_default
       raise HTTPError(req.full_url, code, msg, hdrs, fp)
   urllib.error.HTTPError: HTTP Error 404: Not Found
   
   For parameters: snap_graph.web-Movies
   Traceback (most recent call last):
     File "/storage/home/hcoda1/7/wahrens6/.cache/pypoetry/virtualenvs/saps-RkeCTkZF-py3.12/lib/python3.12/site-packages/asv_runner/server.py", line 179, in _run_server
       _run(run_args)
     File "/storage/home/hcoda1/7/wahrens6/.cache/pypoetry/virtualenvs/saps-RkeCTkZF-py3.12/lib/python3.12/site-packages/asv_runner/run.py", line 66, in _run
       skip = benchmark.do_setup()
              ^^^^^^^^^^^^^^^^^^^^
     File "/storage/home/hcoda1/7/wahrens6/.cache/pypoetry/virtualenvs/saps-RkeCTkZF-py3.12/lib/python3.12/site-packages/asv_runner/benchmarks/time.py", line 121, in do_setup
       result = Benchmark.do_setup(self)
                ^^^^^^^^^^^^^^^^^^^^^^^^
     File "/storage/home/hcoda1/7/wahrens6/.cache/pypoetry/virtualenvs/saps-RkeCTkZF-py3.12/lib/python3.12/site-packages/asv_runner/benchmarks/_base.py", line 723, in do_setup
       setup(*self._build_params())
     File "/storage/scratch1/7/wahrens6/SparseArrayProgrammingSuite/src/saps/benchmark.py", line 428, in setup
       if param.generator.cacheable and not param.generator.backend.upload_dataset(
                                            ^^^^^^^^^^^^^^^^^^^^^^^^^^^^^^^^^^^^^^^
     File "/storage/scratch1/7/wahrens6/SparseArrayProgrammingSuite/src/saps/storage.py", line 167, in upload_dataset
       _, digest, local_path = self._generate_and_cache(generator, dataset)
                               ^^^^^^^^^^^^^^^^^^^^^^^^^^^^^^^^^^^^^^^^^^^^
     File "/storage/scratch1/7/wahrens6/SparseArrayProgrammingSuite/src/saps/storage.py", line 121, in _generate_and_cache
       data = generator.generate(dataset)
              ^^^^^^^^^^^^^^^^^^^^^^^^^^^
     File "/storage/scratch1/7/wahrens6/SparseArrayProgrammingSuite/src/saps/benchmarks/snap.py", line 434, in generate
       inputs, meta = download_snap_dataset(
                      ^^^^^^^^^^^^^^^^^^^^^^
     File "/storage/scratch1/7/wahrens6/SparseArrayProgrammingSuite/src/saps/downloaders/snap.py", line 37, in download_snap_dataset
       edge_list_path = _ensure_downloaded(slug, dataset_dir)
                        ^^^^^^^^^^^^^^^^^^^^^^^^^^^^^^^^^^^^^
     File "/storage/scratch1/7/wahrens6/SparseArrayProgrammingSuite/src/saps/downloaders/snap.py", line 166, in _ensure_downloaded
       urllib.request.urlretrieve(url, tmp_path)
     File "/storage/pace-apps/spack/packages/linux-rhel9-x86_64_v3/gcc-11.3.1/python-3.12.5-5sase6atfv2x5tf7dy5x5sqfzyguhsia/lib/python3.12/urllib/request.py", line 240, in urlretrieve
       with contextlib.closing(urlopen(url, data)) as fp:
                               ^^^^^^^^^^^^^^^^^^
     File "/storage/pace-apps/spack/packages/linux-rhel9-x86_64_v3/gcc-11.3.1/python-3.12.5-5sase6atfv2x5tf7dy5x5sqfzyguhsia/lib/python3.12/urllib/request.py", line 215, in urlopen
       return opener.open(url, data, timeout)
              ^^^^^^^^^^^^^^^^^^^^^^^^^^^^^^^
     File "/storage/pace-apps/spack/packages/linux-rhel9-x86_64_v3/gcc-11.3.1/python-3.12.5-5sase6atfv2x5tf7dy5x5sqfzyguhsia/lib/python3.12/urllib/request.py", line 521, in open
       response = meth(req, response)
                  ^^^^^^^^^^^^^^^^^^^
     File "/storage/pace-apps/spack/packages/linux-rhel9-x86_64_v3/gcc-11.3.1/python-3.12.5-5sase6atfv2x5tf7dy5x5sqfzyguhsia/lib/python3.12/urllib/request.py", line 630, in http_response
       response = self.parent.error(
                  ^^^^^^^^^^^^^^^^^^
     File "/storage/pace-apps/spack/packages/linux-rhel9-x86_64_v3/gcc-11.3.1/python-3.12.5-5sase6atfv2x5tf7dy5x5sqfzyguhsia/lib/python3.12/urllib/request.py", line 559, in error
       return self._call_chain(*args)
              ^^^^^^^^^^^^^^^^^^^^^^^
     File "/storage/pace-apps/spack/packages/linux-rhel9-x86_64_v3/gcc-11.3.1/python-3.12.5-5sase6atfv2x5tf7dy5x5sqfzyguhsia/lib/python3.12/urllib/request.py", line 492, in _call_chain
       result = func(*args)
                ^^^^^^^^^^^
     File "/storage/pace-apps/spack/packages/linux-rhel9-x86_64_v3/gcc-11.3.1/python-3.12.5-5sase6atfv2x5tf7dy5x5sqfzyguhsia/lib/python3.12/urllib/request.py", line 639, in http_error_default
       raise HTTPError(req.full_url, code, msg, hdrs, fp)
   urllib.error.HTTPError: HTTP Error 404: Not Found
   
   For parameters: snap_graph.Deezer Ego-nets
   Traceback (most recent call last):
     File "/storage/home/hcoda1/7/wahrens6/.cache/pypoetry/virtualenvs/saps-RkeCTkZF-py3.12/lib/python3.12/site-packages/asv_runner/server.py", line 179, in _run_server
       _run(run_args)
     File "/storage/home/hcoda1/7/wahrens6/.cache/pypoetry/virtualenvs/saps-RkeCTkZF-py3.12/lib/python3.12/site-packages/asv_runner/run.py", line 66, in _run
       skip = benchmark.do_setup()
              ^^^^^^^^^^^^^^^^^^^^
     File "/storage/home/hcoda1/7/wahrens6/.cache/pypoetry/virtualenvs/saps-RkeCTkZF-py3.12/lib/python3.12/site-packages/asv_runner/benchmarks/time.py", line 121, in do_setup
       result = Benchmark.do_setup(self)
                ^^^^^^^^^^^^^^^^^^^^^^^^
     File "/storage/home/hcoda1/7/wahrens6/.cache/pypoetry/virtualenvs/saps-RkeCTkZF-py3.12/lib/python3.12/site-packages/asv_runner/benchmarks/_base.py", line 723, in do_setup
       setup(*self._build_params())
     File "/storage/scratch1/7/wahrens6/SparseArrayProgrammingSuite/src/saps/benchmark.py", line 428, in setup
       if param.generator.cacheable and not param.generator.backend.upload_dataset(
                                            ^^^^^^^^^^^^^^^^^^^^^^^^^^^^^^^^^^^^^^^
     File "/storage/scratch1/7/wahrens6/SparseArrayProgrammingSuite/src/saps/storage.py", line 167, in upload_dataset
       _, digest, local_path = self._generate_and_cache(generator, dataset)
                               ^^^^^^^^^^^^^^^^^^^^^^^^^^^^^^^^^^^^^^^^^^^^
     File "/storage/scratch1/7/wahrens6/SparseArrayProgrammingSuite/src/saps/storage.py", line 121, in _generate_and_cache
       data = generator.generate(dataset)
              ^^^^^^^^^^^^^^^^^^^^^^^^^^^
     File "/storage/scratch1/7/wahrens6/SparseArrayProgrammingSuite/src/saps/benchmarks/snap.py", line 434, in generate
       inputs, meta = download_snap_dataset(
                      ^^^^^^^^^^^^^^^^^^^^^^
     File "/storage/scratch1/7/wahrens6/SparseArrayProgrammingSuite/src/saps/downloaders/snap.py", line 32, in download_snap_dataset
       slug = _snap_slug(dataset_name)
              ^^^^^^^^^^^^^^^^^^^^^^^^
     File "/storage/scratch1/7/wahrens6/SparseArrayProgrammingSuite/src/saps/downloaders/snap.py", line 151, in _snap_slug
       raise ValueError(f"Invalid SNAP dataset name: {dataset_name!r}")
   ValueError: Invalid SNAP dataset name: 'Deezer Ego-nets'
   
   For parameters: snap_graph.GitHub Stargazers
   Traceback (most recent call last):
     File "/storage/home/hcoda1/7/wahrens6/.cache/pypoetry/virtualenvs/saps-RkeCTkZF-py3.12/lib/python3.12/site-packages/asv_runner/server.py", line 179, in _run_server
       _run(run_args)
     File "/storage/home/hcoda1/7/wahrens6/.cache/pypoetry/virtualenvs/saps-RkeCTkZF-py3.12/lib/python3.12/site-packages/asv_runner/run.py", line 66, in _run
       skip = benchmark.do_setup()
              ^^^^^^^^^^^^^^^^^^^^
     File "/storage/home/hcoda1/7/wahrens6/.cache/pypoetry/virtualenvs/saps-RkeCTkZF-py3.12/lib/python3.12/site-packages/asv_runner/benchmarks/time.py", line 121, in do_setup
       result = Benchmark.do_setup(self)
                ^^^^^^^^^^^^^^^^^^^^^^^^
     File "/storage/home/hcoda1/7/wahrens6/.cache/pypoetry/virtualenvs/saps-RkeCTkZF-py3.12/lib/python3.12/site-packages/asv_runner/benchmarks/_base.py", line 723, in do_setup
       setup(*self._build_params())
     File "/storage/scratch1/7/wahrens6/SparseArrayProgrammingSuite/src/saps/benchmark.py", line 428, in setup
       if param.generator.cacheable and not param.generator.backend.upload_dataset(
                                            ^^^^^^^^^^^^^^^^^^^^^^^^^^^^^^^^^^^^^^^
     File "/storage/scratch1/7/wahrens6/SparseArrayProgrammingSuite/src/saps/storage.py", line 167, in upload_dataset
       _, digest, local_path = self._generate_and_cache(generator, dataset)
                               ^^^^^^^^^^^^^^^^^^^^^^^^^^^^^^^^^^^^^^^^^^^^
     File "/storage/scratch1/7/wahrens6/SparseArrayProgrammingSuite/src/saps/storage.py", line 121, in _generate_and_cache
       data = generator.generate(dataset)
              ^^^^^^^^^^^^^^^^^^^^^^^^^^^
     File "/storage/scratch1/7/wahrens6/SparseArrayProgrammingSuite/src/saps/benchmarks/snap.py", line 434, in generate
       inputs, meta = download_snap_dataset(
                      ^^^^^^^^^^^^^^^^^^^^^^
     File "/storage/scratch1/7/wahrens6/SparseArrayProgrammingSuite/src/saps/downloaders/snap.py", line 32, in download_snap_dataset
       slug = _snap_slug(dataset_name)
              ^^^^^^^^^^^^^^^^^^^^^^^^
     File "/storage/scratch1/7/wahrens6/SparseArrayProgrammingSuite/src/saps/downloaders/snap.py", line 151, in _snap_slug
       raise ValueError(f"Invalid SNAP dataset name: {dataset_name!r}")
   ValueError: Invalid SNAP dataset name: 'GitHub Stargazers'
   
   For parameters: snap_graph.Reddit Threads
   Traceback (most recent call last):
     File "/storage/home/hcoda1/7/wahrens6/.cache/pypoetry/virtualenvs/saps-RkeCTkZF-py3.12/lib/python3.12/site-packages/asv_runner/server.py", line 179, in _run_server
       _run(run_args)
     File "/storage/home/hcoda1/7/wahrens6/.cache/pypoetry/virtualenvs/saps-RkeCTkZF-py3.12/lib/python3.12/site-packages/asv_runner/run.py", line 66, in _run
       skip = benchmark.do_setup()
              ^^^^^^^^^^^^^^^^^^^^
     File "/storage/home/hcoda1/7/wahrens6/.cache/pypoetry/virtualenvs/saps-RkeCTkZF-py3.12/lib/python3.12/site-packages/asv_runner/benchmarks/time.py", line 121, in do_setup
       result = Benchmark.do_setup(self)
                ^^^^^^^^^^^^^^^^^^^^^^^^
     File "/storage/home/hcoda1/7/wahrens6/.cache/pypoetry/virtualenvs/saps-RkeCTkZF-py3.12/lib/python3.12/site-packages/asv_runner/benchmarks/_base.py", line 723, in do_setup
       setup(*self._build_params())
     File "/storage/scratch1/7/wahrens6/SparseArrayProgrammingSuite/src/saps/benchmark.py", line 428, in setup
       if param.generator.cacheable and not param.generator.backend.upload_dataset(
                                            ^^^^^^^^^^^^^^^^^^^^^^^^^^^^^^^^^^^^^^^
     File "/storage/scratch1/7/wahrens6/SparseArrayProgrammingSuite/src/saps/storage.py", line 167, in upload_dataset
       _, digest, local_path = self._generate_and_cache(generator, dataset)
                               ^^^^^^^^^^^^^^^^^^^^^^^^^^^^^^^^^^^^^^^^^^^^
     File "/storage/scratch1/7/wahrens6/SparseArrayProgrammingSuite/src/saps/storage.py", line 121, in _generate_and_cache
       data = generator.generate(dataset)
              ^^^^^^^^^^^^^^^^^^^^^^^^^^^
     File "/storage/scratch1/7/wahrens6/SparseArrayProgrammingSuite/src/saps/benchmarks/snap.py", line 434, in generate
       inputs, meta = download_snap_dataset(
                      ^^^^^^^^^^^^^^^^^^^^^^
     File "/storage/scratch1/7/wahrens6/SparseArrayProgrammingSuite/src/saps/downloaders/snap.py", line 32, in download_snap_dataset
       slug = _snap_slug(dataset_name)
              ^^^^^^^^^^^^^^^^^^^^^^^^
     File "/storage/scratch1/7/wahrens6/SparseArrayProgrammingSuite/src/saps/downloaders/snap.py", line 151, in _snap_slug
       raise ValueError(f"Invalid SNAP dataset name: {dataset_name!r}")
   ValueError: Invalid SNAP dataset name: 'Reddit Threads'
   
   For parameters: snap_graph.Ego-Nets
   Traceback (most recent call last):
     File "/storage/home/hcoda1/7/wahrens6/.cache/pypoetry/virtualenvs/saps-RkeCTkZF-py3.12/lib/python3.12/site-packages/asv_runner/server.py", line 179, in _run_server
       _run(run_args)
     File "/storage/home/hcoda1/7/wahrens6/.cache/pypoetry/virtualenvs/saps-RkeCTkZF-py3.12/lib/python3.12/site-packages/asv_runner/run.py", line 66, in _run
       skip = benchmark.do_setup()
              ^^^^^^^^^^^^^^^^^^^^
     File "/storage/home/hcoda1/7/wahrens6/.cache/pypoetry/virtualenvs/saps-RkeCTkZF-py3.12/lib/python3.12/site-packages/asv_runner/benchmarks/time.py", line 121, in do_setup
       result = Benchmark.do_setup(self)
                ^^^^^^^^^^^^^^^^^^^^^^^^
     File "/storage/home/hcoda1/7/wahrens6/.cache/pypoetry/virtualenvs/saps-RkeCTkZF-py3.12/lib/python3.12/site-packages/asv_runner/benchmarks/_base.py", line 723, in do_setup
       setup(*self._build_params())
     File "/storage/scratch1/7/wahrens6/SparseArrayProgrammingSuite/src/saps/benchmark.py", line 428, in setup
       if param.generator.cacheable and not param.generator.backend.upload_dataset(
                                            ^^^^^^^^^^^^^^^^^^^^^^^^^^^^^^^^^^^^^^^
     File "/storage/scratch1/7/wahrens6/SparseArrayProgrammingSuite/src/saps/storage.py", line 167, in upload_dataset
       _, digest, local_path = self._generate_and_cache(generator, dataset)
                               ^^^^^^^^^^^^^^^^^^^^^^^^^^^^^^^^^^^^^^^^^^^^
     File "/storage/scratch1/7/wahrens6/SparseArrayProgrammingSuite/src/saps/storage.py", line 121, in _generate_and_cache
       data = generator.generate(dataset)
              ^^^^^^^^^^^^^^^^^^^^^^^^^^^
     File "/storage/scratch1/7/wahrens6/SparseArrayProgrammingSuite/src/saps/benchmarks/snap.py", line 434, in generate
       inputs, meta = download_snap_dataset(
                      ^^^^^^^^^^^^^^^^^^^^^^
     File "/storage/scratch1/7/wahrens6/SparseArrayProgrammingSuite/src/saps/downloaders/snap.py", line 37, in download_snap_dataset
       edge_list_path = _ensure_downloaded(slug, dataset_dir)
                        ^^^^^^^^^^^^^^^^^^^^^^^^^^^^^^^^^^^^^
     File "/storage/scratch1/7/wahrens6/SparseArrayProgrammingSuite/src/saps/downloaders/snap.py", line 166, in _ensure_downloaded
       urllib.request.urlretrieve(url, tmp_path)
     File "/storage/pace-apps/spack/packages/linux-rhel9-x86_64_v3/gcc-11.3.1/python-3.12.5-5sase6atfv2x5tf7dy5x5sqfzyguhsia/lib/python3.12/urllib/request.py", line 240, in urlretrieve
       with contextlib.closing(urlopen(url, data)) as fp:
                               ^^^^^^^^^^^^^^^^^^
     File "/storage/pace-apps/spack/packages/linux-rhel9-x86_64_v3/gcc-11.3.1/python-3.12.5-5sase6atfv2x5tf7dy5x5sqfzyguhsia/lib/python3.12/urllib/request.py", line 215, in urlopen
       return opener.open(url, data, timeout)
              ^^^^^^^^^^^^^^^^^^^^^^^^^^^^^^^
     File "/storage/pace-apps/spack/packages/linux-rhel9-x86_64_v3/gcc-11.3.1/python-3.12.5-5sase6atfv2x5tf7dy5x5sqfzyguhsia/lib/python3.12/urllib/request.py", line 521, in open
       response = meth(req, response)
                  ^^^^^^^^^^^^^^^^^^^
     File "/storage/pace-apps/spack/packages/linux-rhel9-x86_64_v3/gcc-11.3.1/python-3.12.5-5sase6atfv2x5tf7dy5x5sqfzyguhsia/lib/python3.12/urllib/request.py", line 630, in http_response
       response = self.parent.error(
                  ^^^^^^^^^^^^^^^^^^
     File "/storage/pace-apps/spack/packages/linux-rhel9-x86_64_v3/gcc-11.3.1/python-3.12.5-5sase6atfv2x5tf7dy5x5sqfzyguhsia/lib/python3.12/urllib/request.py", line 559, in error
       return self._call_chain(*args)
              ^^^^^^^^^^^^^^^^^^^^^^^
     File "/storage/pace-apps/spack/packages/linux-rhel9-x86_64_v3/gcc-11.3.1/python-3.12.5-5sase6atfv2x5tf7dy5x5sqfzyguhsia/lib/python3.12/urllib/request.py", line 492, in _call_chain
       result = func(*args)
                ^^^^^^^^^^^
     File "/storage/pace-apps/spack/packages/linux-rhel9-x86_64_v3/gcc-11.3.1/python-3.12.5-5sase6atfv2x5tf7dy5x5sqfzyguhsia/lib/python3.12/urllib/request.py", line 639, in http_error_default
       raise HTTPError(req.full_url, code, msg, hdrs, fp)
   urllib.error.HTTPError: HTTP Error 404: Not Found
   
   For parameters: snap_graph.ERC20-stablecoins
   Traceback (most recent call last):
     File "/storage/home/hcoda1/7/wahrens6/.cache/pypoetry/virtualenvs/saps-RkeCTkZF-py3.12/lib/python3.12/site-packages/asv_runner/server.py", line 179, in _run_server
       _run(run_args)
     File "/storage/home/hcoda1/7/wahrens6/.cache/pypoetry/virtualenvs/saps-RkeCTkZF-py3.12/lib/python3.12/site-packages/asv_runner/run.py", line 66, in _run
       skip = benchmark.do_setup()
              ^^^^^^^^^^^^^^^^^^^^
     File "/storage/home/hcoda1/7/wahrens6/.cache/pypoetry/virtualenvs/saps-RkeCTkZF-py3.12/lib/python3.12/site-packages/asv_runner/benchmarks/time.py", line 121, in do_setup
       result = Benchmark.do_setup(self)
                ^^^^^^^^^^^^^^^^^^^^^^^^
     File "/storage/home/hcoda1/7/wahrens6/.cache/pypoetry/virtualenvs/saps-RkeCTkZF-py3.12/lib/python3.12/site-packages/asv_runner/benchmarks/_base.py", line 723, in do_setup
       setup(*self._build_params())
     File "/storage/scratch1/7/wahrens6/SparseArrayProgrammingSuite/src/saps/benchmark.py", line 428, in setup
       if param.generator.cacheable and not param.generator.backend.upload_dataset(
                                            ^^^^^^^^^^^^^^^^^^^^^^^^^^^^^^^^^^^^^^^
     File "/storage/scratch1/7/wahrens6/SparseArrayProgrammingSuite/src/saps/storage.py", line 167, in upload_dataset
       _, digest, local_path = self._generate_and_cache(generator, dataset)
                               ^^^^^^^^^^^^^^^^^^^^^^^^^^^^^^^^^^^^^^^^^^^^
     File "/storage/scratch1/7/wahrens6/SparseArrayProgrammingSuite/src/saps/storage.py", line 121, in _generate_and_cache
       data = generator.generate(dataset)
              ^^^^^^^^^^^^^^^^^^^^^^^^^^^
     File "/storage/scratch1/7/wahrens6/SparseArrayProgrammingSuite/src/saps/benchmarks/snap.py", line 434, in generate
       inputs, meta = download_snap_dataset(
                      ^^^^^^^^^^^^^^^^^^^^^^
     File "/storage/scratch1/7/wahrens6/SparseArrayProgrammingSuite/src/saps/downloaders/snap.py", line 37, in download_snap_dataset
       edge_list_path = _ensure_downloaded(slug, dataset_dir)
                        ^^^^^^^^^^^^^^^^^^^^^^^^^^^^^^^^^^^^^
     File "/storage/scratch1/7/wahrens6/SparseArrayProgrammingSuite/src/saps/downloaders/snap.py", line 166, in _ensure_downloaded
       urllib.request.urlretrieve(url, tmp_path)
     File "/storage/pace-apps/spack/packages/linux-rhel9-x86_64_v3/gcc-11.3.1/python-3.12.5-5sase6atfv2x5tf7dy5x5sqfzyguhsia/lib/python3.12/urllib/request.py", line 240, in urlretrieve
       with contextlib.closing(urlopen(url, data)) as fp:
                               ^^^^^^^^^^^^^^^^^^
     File "/storage/pace-apps/spack/packages/linux-rhel9-x86_64_v3/gcc-11.3.1/python-3.12.5-5sase6atfv2x5tf7dy5x5sqfzyguhsia/lib/python3.12/urllib/request.py", line 215, in urlopen
       return opener.open(url, data, timeout)
              ^^^^^^^^^^^^^^^^^^^^^^^^^^^^^^^
     File "/storage/pace-apps/spack/packages/linux-rhel9-x86_64_v3/gcc-11.3.1/python-3.12.5-5sase6atfv2x5tf7dy5x5sqfzyguhsia/lib/python3.12/urllib/request.py", line 521, in open
       response = meth(req, response)
                  ^^^^^^^^^^^^^^^^^^^
     File "/storage/pace-apps/spack/packages/linux-rhel9-x86_64_v3/gcc-11.3.1/python-3.12.5-5sase6atfv2x5tf7dy5x5sqfzyguhsia/lib/python3.12/urllib/request.py", line 630, in http_response
       response = self.parent.error(
                  ^^^^^^^^^^^^^^^^^^
     File "/storage/pace-apps/spack/packages/linux-rhel9-x86_64_v3/gcc-11.3.1/python-3.12.5-5sase6atfv2x5tf7dy5x5sqfzyguhsia/lib/python3.12/urllib/request.py", line 559, in error
       return self._call_chain(*args)
              ^^^^^^^^^^^^^^^^^^^^^^^
     File "/storage/pace-apps/spack/packages/linux-rhel9-x86_64_v3/gcc-11.3.1/python-3.12.5-5sase6atfv2x5tf7dy5x5sqfzyguhsia/lib/python3.12/urllib/request.py", line 492, in _call_chain
       result = func(*args)
                ^^^^^^^^^^^
     File "/storage/pace-apps/spack/packages/linux-rhel9-x86_64_v3/gcc-11.3.1/python-3.12.5-5sase6atfv2x5tf7dy5x5sqfzyguhsia/lib/python3.12/urllib/request.py", line 639, in http_error_default
       raise HTTPError(req.full_url, code, msg, hdrs, fp)
   urllib.error.HTTPError: HTTP Error 404: Not Found
   
   For parameters: snap_graph.ethereum-exchanges
   Traceback (most recent call last):
     File "/storage/home/hcoda1/7/wahrens6/.cache/pypoetry/virtualenvs/saps-RkeCTkZF-py3.12/lib/python3.12/site-packages/asv_runner/server.py", line 179, in _run_server
       _run(run_args)
     File "/storage/home/hcoda1/7/wahrens6/.cache/pypoetry/virtualenvs/saps-RkeCTkZF-py3.12/lib/python3.12/site-packages/asv_runner/run.py", line 66, in _run
       skip = benchmark.do_setup()
              ^^^^^^^^^^^^^^^^^^^^
     File "/storage/home/hcoda1/7/wahrens6/.cache/pypoetry/virtualenvs/saps-RkeCTkZF-py3.12/lib/python3.12/site-packages/asv_runner/benchmarks/time.py", line 121, in do_setup
       result = Benchmark.do_setup(self)
                ^^^^^^^^^^^^^^^^^^^^^^^^
     File "/storage/home/hcoda1/7/wahrens6/.cache/pypoetry/virtualenvs/saps-RkeCTkZF-py3.12/lib/python3.12/site-packages/asv_runner/benchmarks/_base.py", line 723, in do_setup
       setup(*self._build_params())
     File "/storage/scratch1/7/wahrens6/SparseArrayProgrammingSuite/src/saps/benchmark.py", line 428, in setup
       if param.generator.cacheable and not param.generator.backend.upload_dataset(
                                            ^^^^^^^^^^^^^^^^^^^^^^^^^^^^^^^^^^^^^^^
     File "/storage/scratch1/7/wahrens6/SparseArrayProgrammingSuite/src/saps/storage.py", line 167, in upload_dataset
       _, digest, local_path = self._generate_and_cache(generator, dataset)
                               ^^^^^^^^^^^^^^^^^^^^^^^^^^^^^^^^^^^^^^^^^^^^
     File "/storage/scratch1/7/wahrens6/SparseArrayProgrammingSuite/src/saps/storage.py", line 121, in _generate_and_cache
       data = generator.generate(dataset)
              ^^^^^^^^^^^^^^^^^^^^^^^^^^^
     File "/storage/scratch1/7/wahrens6/SparseArrayProgrammingSuite/src/saps/benchmarks/snap.py", line 434, in generate
       inputs, meta = download_snap_dataset(
                      ^^^^^^^^^^^^^^^^^^^^^^
     File "/storage/scratch1/7/wahrens6/SparseArrayProgrammingSuite/src/saps/downloaders/snap.py", line 37, in download_snap_dataset
       edge_list_path = _ensure_downloaded(slug, dataset_dir)
                        ^^^^^^^^^^^^^^^^^^^^^^^^^^^^^^^^^^^^^
     File "/storage/scratch1/7/wahrens6/SparseArrayProgrammingSuite/src/saps/downloaders/snap.py", line 166, in _ensure_downloaded
       urllib.request.urlretrieve(url, tmp_path)
     File "/storage/pace-apps/spack/packages/linux-rhel9-x86_64_v3/gcc-11.3.1/python-3.12.5-5sase6atfv2x5tf7dy5x5sqfzyguhsia/lib/python3.12/urllib/request.py", line 240, in urlretrieve
       with contextlib.closing(urlopen(url, data)) as fp:
                               ^^^^^^^^^^^^^^^^^^
     File "/storage/pace-apps/spack/packages/linux-rhel9-x86_64_v3/gcc-11.3.1/python-3.12.5-5sase6atfv2x5tf7dy5x5sqfzyguhsia/lib/python3.12/urllib/request.py", line 215, in urlopen
       return opener.open(url, data, timeout)
              ^^^^^^^^^^^^^^^^^^^^^^^^^^^^^^^
     File "/storage/pace-apps/spack/packages/linux-rhel9-x86_64_v3/gcc-11.3.1/python-3.12.5-5sase6atfv2x5tf7dy5x5sqfzyguhsia/lib/python3.12/urllib/request.py", line 521, in open
       response = meth(req, response)
                  ^^^^^^^^^^^^^^^^^^^
     File "/storage/pace-apps/spack/packages/linux-rhel9-x86_64_v3/gcc-11.3.1/python-3.12.5-5sase6atfv2x5tf7dy5x5sqfzyguhsia/lib/python3.12/urllib/request.py", line 630, in http_response
       response = self.parent.error(
                  ^^^^^^^^^^^^^^^^^^
     File "/storage/pace-apps/spack/packages/linux-rhel9-x86_64_v3/gcc-11.3.1/python-3.12.5-5sase6atfv2x5tf7dy5x5sqfzyguhsia/lib/python3.12/urllib/request.py", line 559, in error
       return self._call_chain(*args)
              ^^^^^^^^^^^^^^^^^^^^^^^
     File "/storage/pace-apps/spack/packages/linux-rhel9-x86_64_v3/gcc-11.3.1/python-3.12.5-5sase6atfv2x5tf7dy5x5sqfzyguhsia/lib/python3.12/urllib/request.py", line 492, in _call_chain
       result = func(*args)
                ^^^^^^^^^^^
     File "/storage/pace-apps/spack/packages/linux-rhel9-x86_64_v3/gcc-11.3.1/python-3.12.5-5sase6atfv2x5tf7dy5x5sqfzyguhsia/lib/python3.12/urllib/request.py", line 639, in http_error_default
       raise HTTPError(req.full_url, code, msg, hdrs, fp)
   urllib.error.HTTPError: HTTP Error 404: Not Found
   
   For parameters: snap_graph.telecom-graph
   Traceback (most recent call last):
     File "/storage/home/hcoda1/7/wahrens6/.cache/pypoetry/virtualenvs/saps-RkeCTkZF-py3.12/lib/python3.12/site-packages/asv_runner/server.py", line 179, in _run_server
       _run(run_args)
     File "/storage/home/hcoda1/7/wahrens6/.cache/pypoetry/virtualenvs/saps-RkeCTkZF-py3.12/lib/python3.12/site-packages/asv_runner/run.py", line 66, in _run
       skip = benchmark.do_setup()
              ^^^^^^^^^^^^^^^^^^^^
     File "/storage/home/hcoda1/7/wahrens6/.cache/pypoetry/virtualenvs/saps-RkeCTkZF-py3.12/lib/python3.12/site-packages/asv_runner/benchmarks/time.py", line 121, in do_setup
       result = Benchmark.do_setup(self)
                ^^^^^^^^^^^^^^^^^^^^^^^^
     File "/storage/home/hcoda1/7/wahrens6/.cache/pypoetry/virtualenvs/saps-RkeCTkZF-py3.12/lib/python3.12/site-packages/asv_runner/benchmarks/_base.py", line 723, in do_setup
       setup(*self._build_params())
     File "/storage/scratch1/7/wahrens6/SparseArrayProgrammingSuite/src/saps/benchmark.py", line 428, in setup
       if param.generator.cacheable and not param.generator.backend.upload_dataset(
                                            ^^^^^^^^^^^^^^^^^^^^^^^^^^^^^^^^^^^^^^^
     File "/storage/scratch1/7/wahrens6/SparseArrayProgrammingSuite/src/saps/storage.py", line 167, in upload_dataset
       _, digest, local_path = self._generate_and_cache(generator, dataset)
                               ^^^^^^^^^^^^^^^^^^^^^^^^^^^^^^^^^^^^^^^^^^^^
     File "/storage/scratch1/7/wahrens6/SparseArrayProgrammingSuite/src/saps/storage.py", line 121, in _generate_and_cache
       data = generator.generate(dataset)
              ^^^^^^^^^^^^^^^^^^^^^^^^^^^
     File "/storage/scratch1/7/wahrens6/SparseArrayProgrammingSuite/src/saps/benchmarks/snap.py", line 434, in generate
       inputs, meta = download_snap_dataset(
                      ^^^^^^^^^^^^^^^^^^^^^^
     File "/storage/scratch1/7/wahrens6/SparseArrayProgrammingSuite/src/saps/downloaders/snap.py", line 37, in download_snap_dataset
       edge_list_path = _ensure_downloaded(slug, dataset_dir)
                        ^^^^^^^^^^^^^^^^^^^^^^^^^^^^^^^^^^^^^
     File "/storage/scratch1/7/wahrens6/SparseArrayProgrammingSuite/src/saps/downloaders/snap.py", line 166, in _ensure_downloaded
       urllib.request.urlretrieve(url, tmp_path)
     File "/storage/pace-apps/spack/packages/linux-rhel9-x86_64_v3/gcc-11.3.1/python-3.12.5-5sase6atfv2x5tf7dy5x5sqfzyguhsia/lib/python3.12/urllib/request.py", line 240, in urlretrieve
       with contextlib.closing(urlopen(url, data)) as fp:
                               ^^^^^^^^^^^^^^^^^^
     File "/storage/pace-apps/spack/packages/linux-rhel9-x86_64_v3/gcc-11.3.1/python-3.12.5-5sase6atfv2x5tf7dy5x5sqfzyguhsia/lib/python3.12/urllib/request.py", line 215, in urlopen
       return opener.open(url, data, timeout)
              ^^^^^^^^^^^^^^^^^^^^^^^^^^^^^^^
     File "/storage/pace-apps/spack/packages/linux-rhel9-x86_64_v3/gcc-11.3.1/python-3.12.5-5sase6atfv2x5tf7dy5x5sqfzyguhsia/lib/python3.12/urllib/request.py", line 521, in open
       response = meth(req, response)
                  ^^^^^^^^^^^^^^^^^^^
     File "/storage/pace-apps/spack/packages/linux-rhel9-x86_64_v3/gcc-11.3.1/python-3.12.5-5sase6atfv2x5tf7dy5x5sqfzyguhsia/lib/python3.12/urllib/request.py", line 630, in http_response
       response = self.parent.error(
                  ^^^^^^^^^^^^^^^^^^
     File "/storage/pace-apps/spack/packages/linux-rhel9-x86_64_v3/gcc-11.3.1/python-3.12.5-5sase6atfv2x5tf7dy5x5sqfzyguhsia/lib/python3.12/urllib/request.py", line 559, in error
       return self._call_chain(*args)
              ^^^^^^^^^^^^^^^^^^^^^^^
     File "/storage/pace-apps/spack/packages/linux-rhel9-x86_64_v3/gcc-11.3.1/python-3.12.5-5sase6atfv2x5tf7dy5x5sqfzyguhsia/lib/python3.12/urllib/request.py", line 492, in _call_chain
       result = func(*args)
                ^^^^^^^^^^^
     File "/storage/pace-apps/spack/packages/linux-rhel9-x86_64_v3/gcc-11.3.1/python-3.12.5-5sase6atfv2x5tf7dy5x5sqfzyguhsia/lib/python3.12/urllib/request.py", line 639, in http_error_default
       raise HTTPError(req.full_url, code, msg, hdrs, fp)
   urllib.error.HTTPError: HTTP Error 404: Not Found
   
   For parameters: snap_graph.email-Eu-core-temporal-Dept1
   INFO botocore.tokens: Loading cached SSO token for pace-uploader
   asv: skipped: NotImplementedError('dataset cached')
   
   For parameters: snap_graph.email-Eu-core-temporal-Dept2
   INFO botocore.tokens: Loading cached SSO token for pace-uploader
   asv: skipped: NotImplementedError('dataset cached')
   
   For parameters: snap_graph.email-Eu-core-temporal-Dept3
   INFO botocore.tokens: Loading cached SSO token for pace-uploader
   asv: skipped: NotImplementedError('dataset cached')
   
   For parameters: snap_graph.email-Eu-core-temporal-Dept4
   INFO botocore.tokens: Loading cached SSO token for pace-uploader
   asv: skipped: NotImplementedError('dataset cached')
INFO:root:...ge.MRISobelEdgeBenchmark.time_mri_sobel_edge

·· ...ge.MRISobelEdgeBenchmark.time_mri_sobel_edge                 okINFO:root:===================================================== =====
                       dataset                             
----------------------------------------------------- -----
     mri_sobel_test_inputs.test_sobel_zero_image       n/a 
    mri_sobel_test_inputs.test_sobel_vertical_edge     n/a 
   mri_sobel_test_inputs.test_sobel_horizontal_edge    n/a 
 mri_sobel_test_inputs.test_sobel_generator_metadata   n/a 
             mri_sobel_inputs.mri_sobel_1              n/a 
             mri_sobel_inputs.mri_sobel_2              n/a 
             mri_sobel_inputs.mri_sobel_3              n/a 
             mri_sobel_inputs.mri_sobel_4              n/a 
===================================================== =====

·· ===================================================== =====
                          dataset                             
   ----------------------------------------------------- -----
        mri_sobel_test_inputs.test_sobel_zero_image       n/a 
       mri_sobel_test_inputs.test_sobel_vertical_edge     n/a 
      mri_sobel_test_inputs.test_sobel_horizontal_edge    n/a 
    mri_sobel_test_inputs.test_sobel_generator_metadata   n/a 
                mri_sobel_inputs.mri_sobel_1              n/a 
                mri_sobel_inputs.mri_sobel_2              n/a 
                mri_sobel_inputs.mri_sobel_3              n/a 
                mri_sobel_inputs.mri_sobel_4              n/a 
   ===================================================== =====
INFO:root:...rBenchmark.time_matrix_vector_multiplication

·· ...rBenchmark.time_matrix_vector_multiplication                 okINFO:root:=============================================== =====
                    dataset                          
----------------------------------------------- -----
          dense_matvec_generator.small           n/a 
         dense_matvec_generator.medium           n/a 
          dense_matvec_generator.large           n/a 
       dense_matvec_generator.rectangular        n/a 
      suitesparse_matvec_generator.gemat11       n/a 
      suitesparse_matvec_generator.bayer02       n/a 
      suitesparse_matvec_generator.bayer10       n/a 
     suitesparse_matvec_generator.orani678       n/a 
      suitesparse_matvec_generator.rdist1        n/a 
      suitesparse_matvec_generator.memplus       n/a 
       suitesparse_matvec_generator.wang4        n/a 
      suitesparse_matvec_generator.coater2       n/a 
     suitesparse_matvec_generator.onetone2       n/a 
       suitesparse_matvec_generator.lhr10        n/a 
     suitesparse_matvec_generator.vibrobox       n/a 
      suitesparse_matvec_generator.goodwin       n/a 
        suitesparse_matvec_generator.pwt         n/a 
     suitesparse_matvec_generator.finan512       n/a 
     suitesparse_matvec_generator.crystk02       n/a 
        suitesparse_matvec_generator.rim         n/a 
       suitesparse_matvec_generator.olafu        n/a 
       suitesparse_matvec_generator.ex11         n/a 
     suitesparse_matvec_generator.raefsky4       n/a 
     suitesparse_matvec_generator.bcsstk35       n/a 
     suitesparse_matvec_generator.raefsky3       n/a 
     suitesparse_matvec_generator.venkat01       n/a 
     suitesparse_matvec_generator.crystk03       n/a 
     suitesparse_matvec_generator.ct20stif       n/a 
      suitesparse_matvec_generator.nasasrb       n/a 
      suitesparse_matvec_generator.3dtube        n/a 
 uniform_random_matvec_generator.uniform-1e-05   n/a 
 uniform_random_matvec_generator.uniform-1e-04   n/a 
 uniform_random_matvec_generator.uniform-1e-03   n/a 
 uniform_random_matvec_generator.uniform-1e-02   n/a 
 uniform_random_matvec_generator.uniform-1e-01   n/a 
=============================================== =====

·· =============================================== =====
                       dataset                          
   ----------------------------------------------- -----
             dense_matvec_generator.small           n/a 
            dense_matvec_generator.medium           n/a 
             dense_matvec_generator.large           n/a 
          dense_matvec_generator.rectangular        n/a 
         suitesparse_matvec_generator.gemat11       n/a 
         suitesparse_matvec_generator.bayer02       n/a 
         suitesparse_matvec_generator.bayer10       n/a 
        suitesparse_matvec_generator.orani678       n/a 
         suitesparse_matvec_generator.rdist1        n/a 
         suitesparse_matvec_generator.memplus       n/a 
          suitesparse_matvec_generator.wang4        n/a 
         suitesparse_matvec_generator.coater2       n/a 
        suitesparse_matvec_generator.onetone2       n/a 
          suitesparse_matvec_generator.lhr10        n/a 
        suitesparse_matvec_generator.vibrobox       n/a 
         suitesparse_matvec_generator.goodwin       n/a 
           suitesparse_matvec_generator.pwt         n/a 
        suitesparse_matvec_generator.finan512       n/a 
        suitesparse_matvec_generator.crystk02       n/a 
           suitesparse_matvec_generator.rim         n/a 
          suitesparse_matvec_generator.olafu        n/a 
          suitesparse_matvec_generator.ex11         n/a 
        suitesparse_matvec_generator.raefsky4       n/a 
        suitesparse_matvec_generator.bcsstk35       n/a 
        suitesparse_matvec_generator.raefsky3       n/a 
        suitesparse_matvec_generator.venkat01       n/a 
        suitesparse_matvec_generator.crystk03       n/a 
        suitesparse_matvec_generator.ct20stif       n/a 
         suitesparse_matvec_generator.nasasrb       n/a 
         suitesparse_matvec_generator.3dtube        n/a 
    uniform_random_matvec_generator.uniform-1e-05   n/a 
    uniform_random_matvec_generator.uniform-1e-04   n/a 
    uniform_random_matvec_generator.uniform-1e-03   n/a 
    uniform_random_matvec_generator.uniform-1e-02   n/a 
    uniform_random_matvec_generator.uniform-1e-01   n/a 
   =============================================== =====
INFO:root:...aphBenchmark.time_subgraph_gcare_graph_shell

·· ...aphBenchmark.time_subgraph_gcare_graph_shell                 okINFO:root:============================= =====
           dataset                 
----------------------------- -----
  subgraph_gcare_graph.human   n/a 
  subgraph_gcare_graph.aids    n/a 
 subgraph_gcare_graph.lubm80   n/a 
  subgraph_gcare_graph.yago    n/a 
============================= =====

·· ============================= =====
              dataset                 
   ----------------------------- -----
     subgraph_gcare_graph.human   n/a 
     subgraph_gcare_graph.aids    n/a 
    subgraph_gcare_graph.lubm80   n/a 
     subgraph_gcare_graph.yago    n/a 
   ============================= =====
INFO:root:...atrixBenchmark.time_suitesparse_matrix_shell

·· ...atrixBenchmark.time_suitesparse_matrix_shell[2026-09-23T13:20:04.954] error: *** JOB 13483610 ON atl1-1-03-002-12-2 CANCELLED AT 2026-09-23T13:20:04 DUE to SIGNAL Terminated ***
---------------------------------------
Begin Slurm Epilog: Sep-23-2026 13:20:06
Job ID:        13483610
User ID:       wahrens6
Account:       gts-wahrens6
Job name:      dataset-upload
Resources:     cpu=24,mem=350G,node=1
Rsrc Used:     cput=3-05:01:36,vmem=0,walltime=03:12:34,mem=272382000K,energy_used=0
Partition:     cpu-medium
QOS:           inferno
Nodes:         atl1-1-03-002-12-2
---------------------------------------
